ISO-10303-21;
HEADER;
FILE_DESCRIPTION (( 'STEP AP214' ),
    '1' );
FILE_NAME ('Assem1.STEP',
    '2026-01-03T09:24:03',
    ( '' ),
    ( '' ),
    'SwSTEP 2.0',
    'SolidWorks 2025',
    '' );
FILE_SCHEMA (( 'AUTOMOTIVE_DESIGN' ));
ENDSEC;

DATA;
#1 = AXIS2_PLACEMENT_3D ( 'NONE', #4907, #9077, #525 ) ;
#2 = DIRECTION ( 'NONE',  ( 1.000000000000000000, 0.000000000000000000, 0.000000000000000000 ) ) ;
#3 = CARTESIAN_POINT ( 'NONE',  ( -14.10000000000000675, -5.500000000000000000, -22.60000000000000853 ) ) ;
#4 = DIRECTION ( 'NONE',  ( 0.000000000000000000, -1.000000000000000000, 0.000000000000000000 ) ) ;
#5 = EDGE_CURVE ( 'NONE', #8213, #3294, #9301, .T. ) ;
#6 = VECTOR ( 'NONE', #4198, 1000.000000000000000 ) ;
#7 = CARTESIAN_POINT ( 'NONE',  ( 0.000000000000000000, 32.00000000000000000, 13.00000000000000000 ) ) ;
#8 = VERTEX_POINT ( 'NONE', #9783 ) ;
#9 = LINE ( 'NONE', #7651, #8146 ) ;
#10 = ORIENTED_EDGE ( 'NONE', *, *, #10287, .F. ) ;
#11 = ORIENTED_EDGE ( 'NONE', *, *, #10296, .T. ) ;
#12 = ORIENTED_EDGE ( 'NONE', *, *, #3340, .F. ) ;
#13 = LINE ( 'NONE', #5907, #1253 ) ;
#14 = AXIS2_PLACEMENT_3D ( 'NONE', #3572, #10370, #8617 ) ;
#15 = VECTOR ( 'NONE', #5873, 1000.000000000000000 ) ;
#16 = VERTEX_POINT ( 'NONE', #5500 ) ;
#17 = LINE ( 'NONE', #5172, #818 ) ;
#18 = DIRECTION ( 'NONE',  ( 1.000000000000000000, 0.000000000000000000, -3.097720492815727659E-16 ) ) ;
#19 = DIRECTION ( 'NONE',  ( -0.000000000000000000, -1.000000000000000000, -0.000000000000000000 ) ) ;
#20 = DIRECTION ( 'NONE',  ( -0.000000000000000000, 1.000000000000000000, 0.000000000000000000 ) ) ;
#21 = LINE ( 'NONE', #2609, #3820 ) ;
#22 = EDGE_CURVE ( 'NONE', #3996, #2427, #141, .T. ) ;
#23 = ORIENTED_EDGE ( 'NONE', *, *, #5447, .F. ) ;
#24 = CARTESIAN_POINT ( 'NONE',  ( 0.000000000000000000, 32.00000000000000000, 13.00000000000000000 ) ) ;
#25 = AXIS2_PLACEMENT_3D ( 'NONE', #9802, #406, #1197 ) ;
#26 = CARTESIAN_POINT ( 'NONE',  ( -14.78197023516265496, 24.99999999999999645, -6.626758990801506193E-10 ) ) ;
#27 = ORIENTED_EDGE ( 'NONE', *, *, #2795, .F. ) ;
#28 = ORIENTED_EDGE ( 'NONE', *, *, #10475, .F. ) ;
#29 = DIRECTION ( 'NONE',  ( 0.000000000000000000, -4.613788877420475110E-15, 1.000000000000000000 ) ) ;
#30 = DIRECTION ( 'NONE',  ( 0.000000000000000000, 0.000000000000000000, -1.000000000000000000 ) ) ;
#31 = CIRCLE ( 'NONE', #9175, 20.49999999999999645 ) ;
#32 = CARTESIAN_POINT ( 'NONE',  ( 3.599158056653554816, 24.49999999999999289, 0.6221257589855474501 ) ) ;
#33 = LINE ( 'NONE', #9531, #4530 ) ;
#34 = ADVANCED_FACE ( 'NONE', ( #1234 ), #9890, .F. ) ;
#35 = EDGE_CURVE ( 'NONE', #5851, #9954, #7351, .T. ) ;
#36 = VERTEX_POINT ( 'NONE', #8989 ) ;
#37 = VECTOR ( 'NONE', #4569, 1000.000000000000000 ) ;
#38 = ADVANCED_FACE ( 'NONE', ( #10624 ), #1286, .T. ) ;
#39 = EDGE_LOOP ( 'NONE', ( #10709, #5846, #1866, #3784 ) ) ;
#40 = CARTESIAN_POINT ( 'NONE',  ( -2.759506629612533679, 32.00000000000000000, 10.17982529846127271 ) ) ;
#41 = DIRECTION ( 'NONE',  ( -0.000000000000000000, -1.000000000000000000, -0.000000000000000000 ) ) ;
#42 = DIRECTION ( 'NONE',  ( -0.000000000000000000, -1.000000000000000000, -0.000000000000000000 ) ) ;
#43 = DIRECTION ( 'NONE',  ( 0.000000000000000000, 0.000000000000000000, 1.000000000000000000 ) ) ;
#44 = CARTESIAN_POINT ( 'NONE',  ( -18.50000000000000000, -3.469446951953614189E-15, -21.60000000000000853 ) ) ;
#45 = CARTESIAN_POINT ( 'NONE',  ( 20.00000000000000000, 0.000000000000000000, -21.60000000000000853 ) ) ;
#46 = ADVANCED_FACE ( 'NONE', ( #10680 ), #1177, .F. ) ;
#47 = ORIENTED_EDGE ( 'NONE', *, *, #9024, .F. ) ;
#48 = ORIENTED_EDGE ( 'NONE', *, *, #6547, .F. ) ;
#49 = LINE ( 'NONE', #10336, #3213 ) ;
#50 = VECTOR ( 'NONE', #9424, 1000.000000000000000 ) ;
#51 = ORIENTED_EDGE ( 'NONE', *, *, #7953, .T. ) ;
#52 = DIRECTION ( 'NONE',  ( -0.000000000000000000, 1.000000000000000000, -0.000000000000000000 ) ) ;
#53 = CARTESIAN_POINT ( 'NONE',  ( -2.000000000000016875, -13.00000000000000000, 6.559999999999986287 ) ) ;
#54 = CARTESIAN_POINT ( 'NONE',  ( -34.25000000000000711, 2.000000000000000000, -29.00000000000002132 ) ) ;
#55 = UNCERTAINTY_MEASURE_WITH_UNIT (LENGTH_MEASURE( 1.000000000000000082E-05 ), #9674, 'distance_accuracy_value', 'NONE');
#56 = EDGE_CURVE ( 'NONE', #2184, #4631, #3093, .T. ) ;
#57 = VECTOR ( 'NONE', #2374, 1000.000000000000000 ) ;
#58 = CARTESIAN_POINT ( 'NONE',  ( 7.599667529665836696, 25.00000000000008527, 25.49999999999951328 ) ) ;
#59 = ORIENTED_EDGE ( 'NONE', *, *, #5110, .F. ) ;
#60 =( NAMED_UNIT ( * ) PLANE_ANGLE_UNIT ( ) SI_UNIT ( $, .RADIAN. ) );
#61 = ORIENTED_EDGE ( 'NONE', *, *, #9508, .F. ) ;
#62 = ORIENTED_EDGE ( 'NONE', *, *, #2041, .F. ) ;
#63 = CARTESIAN_POINT ( 'NONE',  ( 2.999999999999982681, -5.500000000000000000, 6.594999999999988205 ) ) ;
#64 = EDGE_CURVE ( 'NONE', #937, #2545, #3038, .T. ) ;
#65 = AXIS2_PLACEMENT_3D ( 'NONE', #3088, #10949, #6737 ) ;
#66 = ORIENTED_EDGE ( 'NONE', *, *, #4166, .F. ) ;
#67 = FACE_OUTER_BOUND ( 'NONE', #10499, .T. ) ;
#68 = CARTESIAN_POINT ( 'NONE',  ( -7.601536384991169903, 23.00000000000000000, 18.11989491965041665 ) ) ;
#69 = CARTESIAN_POINT ( 'NONE',  ( -2.249903526357135863, 24.50000000000000000, -4.500214463258199515 ) ) ;
#70 = PRODUCT ( 'Part 2', 'Part 2', '', ( #8823 ) ) ;
#71 = EDGE_CURVE ( 'NONE', #6015, #7598, #10789, .T. ) ;
#72 = CARTESIAN_POINT ( 'NONE',  ( -8.743329047513924479, 9.499999999999998224, 7.256070824894444549 ) ) ;
#73 = DIRECTION ( 'NONE',  ( 1.100068704781132848E-41, 1.000000000000000000, 2.940873454663932011E-27 ) ) ;
#74 = EDGE_LOOP ( 'NONE', ( #3719, #3923, #8888, #844, #1530 ) ) ;
#75 = CARTESIAN_POINT ( 'NONE',  ( -4.000000000000017764, -5.500000000000000000, -1.405000000000013349 ) ) ;
#76 = VECTOR ( 'NONE', #3847, 1000.000000000000000 ) ;
#77 = DIRECTION ( 'NONE',  ( 0.000000000000000000, -1.000000000000000000, 0.000000000000000000 ) ) ;
#78 = DIRECTION ( 'NONE',  ( 1.000000000000000000, -0.000000000000000000, 5.676573260471036011E-15 ) ) ;
#79 = ORIENTED_EDGE ( 'NONE', *, *, #2668, .T. ) ;
#80 = EDGE_LOOP ( 'NONE', ( #1248, #9112, #5674, #3136 ) ) ;
#81 = DIRECTION ( 'NONE',  ( -1.000000000000000000, 0.000000000000000000, 0.000000000000000000 ) ) ;
#82 = DIRECTION ( 'NONE',  ( -0.000000000000000000, 1.000000000000000000, -0.000000000000000000 ) ) ;
#83 = DIRECTION ( 'NONE',  ( 1.000000000000000000, 0.000000000000000000, 2.322494089076271146E-16 ) ) ;
#84 = CARTESIAN_POINT ( 'NONE',  ( -35.00000000000000711, 30.00000000000000000, -29.00000000000001776 ) ) ;
#85 = DIRECTION ( 'NONE',  ( 0.000000000000000000, 3.016910393003142366E-16, -1.000000000000000000 ) ) ;
#86 = ORIENTED_EDGE ( 'NONE', *, *, #1281, .T. ) ;
#87 = EDGE_LOOP ( 'NONE', ( #2988, #6308, #9875, #2907 ) ) ;
#88 = ORIENTED_EDGE ( 'NONE', *, *, #7438, .T. ) ;
#89 = DIRECTION ( 'NONE',  ( -1.000000000000000000, 0.000000000000000000, 1.445602896647339656E-16 ) ) ;
#90 = EDGE_CURVE ( 'NONE', #4414, #5701, #2039, .T. ) ;
#91 = DIRECTION ( 'NONE',  ( -1.000000000000000000, 0.000000000000000000, -0.000000000000000000 ) ) ;
#92 = ADVANCED_FACE ( 'NONE', ( #10731 ), #3721, .F. ) ;
#93 = CARTESIAN_POINT ( 'NONE',  ( -33.50000000000000000, 16.50000000000002132, 18.48421203201064600 ) ) ;
#94 = DIRECTION ( 'NONE',  ( 0.000000000000000000, -1.000000000000000000, 0.000000000000000000 ) ) ;
#95 = VECTOR ( 'NONE', #10325, 1000.000000000000000 ) ;
#96 = CARTESIAN_POINT ( 'NONE',  ( -3.601026911978597145, 32.00000000000000000, 0.6221257589855251346 ) ) ;
#97 = DIRECTION ( 'NONE',  ( -0.000000000000000000, -1.000000000000000000, -0.000000000000000000 ) ) ;
#98 = EDGE_LOOP ( 'NONE', ( #9484, #7307, #2125, #3681 ) ) ;
#99 = ORIENTED_EDGE ( 'NONE', *, *, #1984, .F. ) ;
#100 = CARTESIAN_POINT ( 'NONE',  ( -35.00000000000000000, 9.500000000000001776, 18.99999999999996092 ) ) ;
#101 = VECTOR ( 'NONE', #4260, 1000.000000000000000 ) ;
#102 = EDGE_LOOP ( 'NONE', ( #10380, #5185, #4557, #213, #2683, #9874, #8608, #5268 ) ) ;
#103 = VECTOR ( 'NONE', #5883, 1000.000000000000000 ) ;
#104 = DIRECTION ( 'NONE',  ( 0.000000000000000000, 0.000000000000000000, 1.000000000000000000 ) ) ;
#105 = EDGE_CURVE ( 'NONE', #6401, #5851, #1962, .T. ) ;
#106 = DIRECTION ( 'NONE',  ( -0.000000000000000000, 0.000000000000000000, 1.000000000000000000 ) ) ;
#107 = LINE ( 'NONE', #9556, #3158 ) ;
#108 = CIRCLE ( 'NONE', #6565, 1.000000000000000888 ) ;
#109 = CARTESIAN_POINT ( 'NONE',  ( 4.100096472055489549, 25.00000000000008527, 25.49999999999948486 ) ) ;
#110 = VECTOR ( 'NONE', #5940, 1000.000000000000000 ) ;
#111 = ORIENTED_EDGE ( 'NONE', *, *, #2689, .T. ) ;
#112 = ORIENTED_EDGE ( 'NONE', *, *, #774, .F. ) ;
#113 = ORIENTED_EDGE ( 'NONE', *, *, #1228, .T. ) ;
#114 =( NAMED_UNIT ( * ) PLANE_ANGLE_UNIT ( ) SI_UNIT ( $, .RADIAN. ) );
#115 = CARTESIAN_POINT ( 'NONE',  ( -15.27500000000000746, -13.99999999999999822, -22.60000000000000853 ) ) ;
#116 = EDGE_CURVE ( 'NONE', #1524, #8627, #4761, .T. ) ;
#117 = CIRCLE ( 'NONE', #3181, 1.000000000000000888 ) ;
#118 = ORIENTED_EDGE ( 'NONE', *, *, #6237, .T. ) ;
#119 = LINE ( 'NONE', #4499, #5652 ) ;
#120 = DIRECTION ( 'NONE',  ( -1.000000000000000000, -0.000000000000000000, -0.000000000000000000 ) ) ;
#121 = CARTESIAN_POINT ( 'NONE',  ( -3.897126922361618284, 10.50999999999999091, 6.750748237094362558 ) ) ;
#122 = DIRECTION ( 'NONE',  ( 0.7071067811865473507, 0.000000000000000000, 0.7071067811865477948 ) ) ;
#123 = AXIS2_PLACEMENT_3D ( 'NONE', #2936, #10682, #9784 ) ;
#124 = VERTEX_POINT ( 'NONE', #3768 ) ;
#125 = CARTESIAN_POINT ( 'NONE',  ( 25.00000000000000000, 3.000000000000000000, 38.24999999999999289 ) ) ;
#126 = EDGE_CURVE ( 'NONE', #3706, #4527, #8036, .T. ) ;
#127 = CARTESIAN_POINT ( 'NONE',  ( 3.000000000000000888, 9.499999999999998224, 15.53801126270789190 ) ) ;
#128 = DIRECTION ( 'NONE',  ( 0.000000000000000000, 0.000000000000000000, -1.000000000000000000 ) ) ;
#129 = ORIENTED_EDGE ( 'NONE', *, *, #3023, .T. ) ;
#130 = EDGE_CURVE ( 'NONE', #10742, #10930, #7140, .T. ) ;
#131 = EDGE_LOOP ( 'NONE', ( #2430, #4522, #1980, #10459 ) ) ;
#132 = CARTESIAN_POINT ( 'NONE',  ( -4.098455636355261333, 23.00000000000000000, 22.45905727886297498 ) ) ;
#133 = CYLINDRICAL_SURFACE ( 'NONE', #10162, 1.500000000000000222 ) ;
#134 = CARTESIAN_POINT ( 'NONE',  ( 11.06394789039919679, 23.00000000000000000, 18.55733591889012501 ) ) ;
#135 = CARTESIAN_POINT ( 'NONE',  ( -3.000000000000016875, -5.500000000000000000, 5.594999999999989093 ) ) ;
#136 = B_SPLINE_CURVE_WITH_KNOTS ( 'NONE', 2,
 ( #3468, #5293, #9695 ),
 .UNSPECIFIED., .F., .F.,
 ( 3, 3 ),
 ( 9.000000000000000000, 10.00000000000000000 ),
 .UNSPECIFIED. ) ;
#137 = PLANE ( 'NONE',  #4237 ) ;
#138 = DIRECTION ( 'NONE',  ( -1.000000000000000000, 0.000000000000000000, -0.000000000000000000 ) ) ;
#139 = ORIENTED_EDGE ( 'NONE', *, *, #7370, .T. ) ;
#140 = EDGE_CURVE ( 'NONE', #2262, #7350, #2935, .T. ) ;
#141 = CIRCLE ( 'NONE', #4443, 3.499999999999999556 ) ;
#142 = VERTEX_POINT ( 'NONE', #8876 ) ;
#143 = VERTEX_POINT ( 'NONE', #335 ) ;
#144 = CARTESIAN_POINT ( 'NONE',  ( -1.809295839777423476, 31.99999999999998579, 11.28994466532796892 ) ) ;
#145 = DIRECTION ( 'NONE',  ( -0.8056530427668259220, -2.068310563277370529E-15, 0.5923876895079394078 ) ) ;
#146 = CARTESIAN_POINT ( 'NONE',  ( 1.581279503555507837, 32.00000000000000000, 11.48414578258331531 ) ) ;
#147 = VECTOR ( 'NONE', #1635, 1000.000000000000000 ) ;
#148 = ORIENTED_EDGE ( 'NONE', *, *, #10441, .F. ) ;
#149 = FACE_OUTER_BOUND ( 'NONE', #10098, .T. ) ;
#150 = CARTESIAN_POINT ( 'NONE',  ( -25.00000000000000711, 2.000000000000001776, 37.49999999999996447 ) ) ;
#151 = CARTESIAN_POINT ( 'NONE',  ( -14.10000000000000853, -11.50000000000000000, -16.60000000000000497 ) ) ;
#152 = EDGE_CURVE ( 'NONE', #6016, #1321, #6347, .T. ) ;
#153 = ORIENTED_EDGE ( 'NONE', *, *, #2518, .F. ) ;
#154 = ORIENTED_EDGE ( 'NONE', *, *, #3154, .T. ) ;
#155 = DIRECTION ( 'NONE',  ( 0.000000000000000000, 1.000000000000000000, 0.000000000000000000 ) ) ;
#156 = EDGE_LOOP ( 'NONE', ( #7537, #6140, #2587, #7988 ) ) ;
#157 = CARTESIAN_POINT ( 'NONE',  ( 25.00000000000000711, 32.00000000000000000, -29.00000000000002132 ) ) ;
#158 = DIRECTION ( 'NONE',  ( 0.000000000000000000, 0.000000000000000000, -1.000000000000000000 ) ) ;
#159 = DIRECTION ( 'NONE',  ( 0.8056530427668268102, -0.000000000000000000, -0.5923876895079382976 ) ) ;
#160 = CARTESIAN_POINT ( 'NONE',  ( -15.27500000000000746, -13.00000000000000000, -22.60000000000000853 ) ) ;
#161 = DIRECTION ( 'NONE',  ( 1.000000000000000000, 0.000000000000000000, 0.000000000000000000 ) ) ;
#162 = EDGE_CURVE ( 'NONE', #10026, #937, #10208, .T. ) ;
#163 = EDGE_LOOP ( 'NONE', ( #9847, #1619, #6990, #8399 ) ) ;
#164 = EDGE_CURVE ( 'NONE', #8697, #1131, #10003, .T. ) ;
#165 = FACE_OUTER_BOUND ( 'NONE', #10052, .T. ) ;
#166 = VECTOR ( 'NONE', #10229, 1000.000000000000000 ) ;
#167 = ORIENTED_EDGE ( 'NONE', *, *, #4820, .F. ) ;
#168 = EDGE_LOOP ( 'NONE', ( #10853, #4413, #4331, #10244 ) ) ;
#169 = ITEM_DEFINED_TRANSFORMATION ( 'NONE', 'NONE', #7487,  #1005 ) ;
#170 = EDGE_CURVE ( 'NONE', #8384, #4810, #4873, .T. ) ;
#171 = DIRECTION ( 'NONE',  ( -0.000000000000000000, -1.000000000000000000, -0.000000000000000000 ) ) ;
#172 = ORIENTED_EDGE ( 'NONE', *, *, #272, .T. ) ;
#173 = CARTESIAN_POINT ( 'NONE',  ( -1.576085913135946814, 24.50000000000000000, 11.42771081216550755 ) ) ;
#174 = AXIS2_PLACEMENT_3D ( 'NONE', #757, #3357, #2620 ) ;
#175 = DIRECTION ( 'NONE',  ( -1.000000000000000000, 0.000000000000000000, -0.000000000000000000 ) ) ;
#176 = FACE_OUTER_BOUND ( 'NONE', #6543, .T. ) ;
#177 = DIRECTION ( 'NONE',  ( 0.000000000000000000, -1.000000000000000000, 0.000000000000000000 ) ) ;
#178 = ORIENTED_EDGE ( 'NONE', *, *, #2172, .T. ) ;
#179 = ADVANCED_FACE ( 'NONE', ( #5893 ), #8372, .T. ) ;
#180 = DIRECTION ( 'NONE',  ( -1.000000000000000000, 0.000000000000000000, -4.483001173306440485E-11 ) ) ;
#181 = CARTESIAN_POINT ( 'NONE',  ( -3.482093713828088077, 24.50000000000001421, 2.698530254056640043 ) ) ;
#182 = CIRCLE ( 'NONE', #7545, 9.249999999999994671 ) ;
#183 = DIRECTION ( 'NONE',  ( -0.000000000000000000, -1.000000000000000000, -0.000000000000000000 ) ) ;
#184 = AXIS2_PLACEMENT_3D ( 'NONE', #1978, #3661, #8931 ) ;
#185 = ORIENTED_EDGE ( 'NONE', *, *, #4616, .T. ) ;
#186 = EDGE_LOOP ( 'NONE', ( #6208, #2565, #481, #5054 ) ) ;
#187 = PLANE ( 'NONE',  #5936 ) ;
#188 = CARTESIAN_POINT ( 'NONE',  ( -3.000000000000016431, -11.50000000000000000, 5.594999999999989093 ) ) ;
#189 = LINE ( 'NONE', #4623, #8884 ) ;
#190 = FACE_OUTER_BOUND ( 'NONE', #6273, .T. ) ;
#191 = VECTOR ( 'NONE', #459, 1000.000000000000000 ) ;
#192 = CARTESIAN_POINT ( 'NONE',  ( 15.00000000000000000, -13.00000000000000000, -26.60000000000000853 ) ) ;
#193 = CARTESIAN_POINT ( 'NONE',  ( -19.81171673543281031, 28.49999999999999645, 12.01317212208040708 ) ) ;
#194 = VERTEX_POINT ( 'NONE', #10901 ) ;
#195 = EDGE_CURVE ( 'NONE', #8118, #10608, #10384, .T. ) ;
#196 = CARTESIAN_POINT ( 'NONE',  ( 7.924999999999992717, -13.00000000000000000, -17.60000000000000497 ) ) ;
#197 = ORIENTED_EDGE ( 'NONE', *, *, #3261, .T. ) ;
#198 = VECTOR ( 'NONE', #7543, 1000.000000000000000 ) ;
#199 = ORIENTED_EDGE ( 'NONE', *, *, #591, .T. ) ;
#200 = DIRECTION ( 'NONE',  ( 0.06163844014495914458, -2.934956997874774063E-27, 0.9980985435799895056 ) ) ;
#201 = VECTOR ( 'NONE', #7098, 1000.000000000000000 ) ;
#202 = VERTEX_POINT ( 'NONE', #724 ) ;
#203 = CARTESIAN_POINT ( 'NONE',  ( 2.988605851894670984, 24.50000000000000355, -0.2655010194063509577 ) ) ;
#204 = DIRECTION ( 'NONE',  ( 1.000000000000000000, 0.000000000000000000, 0.000000000000000000 ) ) ;
#205 = ADVANCED_FACE ( 'NONE', ( #667 ), #8424, .F. ) ;
#206 = ORIENTED_EDGE ( 'NONE', *, *, #567, .F. ) ;
#207 = CARTESIAN_POINT ( 'NONE',  ( -14.10000000000000675, -11.50000000000000000, -16.60000000000000497 ) ) ;
#208 = PLANE ( 'NONE',  #10522 ) ;
#209 = FACE_OUTER_BOUND ( 'NONE', #2264, .T. ) ;
#210 = EDGE_CURVE ( 'NONE', #1325, #2792, #2311, .T. ) ;
#211 = AXIS2_PLACEMENT_3D ( 'NONE', #573, #514, #3229 ) ;
#212 = ORIENTED_EDGE ( 'NONE', *, *, #7033, .T. ) ;
#213 = ORIENTED_EDGE ( 'NONE', *, *, #9851, .F. ) ;
#214 = CARTESIAN_POINT ( 'NONE',  ( 17.70476182858164549, 23.00000000000000000, 15.53801126270789190 ) ) ;
#215 = ORIENTED_EDGE ( 'NONE', *, *, #8961, .F. ) ;
#216 = DIRECTION ( 'NONE',  ( -0.000000000000000000, 1.000000000000000000, -0.000000000000000000 ) ) ;
#217 = DIRECTION ( 'NONE',  ( 0.000000000000000000, 0.000000000000000000, -1.000000000000000000 ) ) ;
#218 = VECTOR ( 'NONE', #960, 1000.000000000000000 ) ;
#219 = CARTESIAN_POINT ( 'NONE',  ( 5.800000000000000711, 9.999999999999998224, -11.54000000000000448 ) ) ;
#220 = EDGE_CURVE ( 'NONE', #2114, #10719, #10113, .T. ) ;
#221 = LINE ( 'NONE', #10619, #9442 ) ;
#222 = LINE ( 'NONE', #6448, #241 ) ;
#223 = ORIENTED_EDGE ( 'NONE', *, *, #10159, .F. ) ;
#224 = CARTESIAN_POINT ( 'NONE',  ( -33.50000000000000000, 10.49999999999999467, 0.2499999999999533706 ) ) ;
#225 = VERTEX_POINT ( 'NONE', #10957 ) ;
#226 = VECTOR ( 'NONE', #8867, 1000.000000000000000 ) ;
#227 = ORIENTED_EDGE ( 'NONE', *, *, #7451, .T. ) ;
#228 = PRODUCT_CONTEXT ( 'NONE', #1377, 'mechanical' ) ;
#229 = CARTESIAN_POINT ( 'NONE',  ( 0.000000000000000000, 32.00000000000000000, 13.00000000000000000 ) ) ;
#230 = ORIENTED_EDGE ( 'NONE', *, *, #2235, .T. ) ;
#231 = EDGE_CURVE ( 'NONE', #124, #2055, #4989, .T. ) ;
#232 = PLANE ( 'NONE',  #7641 ) ;
#233 = ADVANCED_FACE ( 'NONE', ( #5046 ), #2424, .T. ) ;
#234 = AXIS2_PLACEMENT_3D ( 'NONE', #10138, #6027, #11037 ) ;
#235 = CARTESIAN_POINT ( 'NONE',  ( -25.00000000000000000, 3.000000000000000000, 28.99999999999998934 ) ) ;
#236 = PLANE ( 'NONE',  #10618 ) ;
#237 = CARTESIAN_POINT ( 'NONE',  ( 20.00000000000000000, 0.000000000000000000, -21.60000000000000853 ) ) ;
#238 = EDGE_LOOP ( 'NONE', ( #4383, #2154, #7165, #3062, #6262, #5818 ) ) ;
#239 = LINE ( 'NONE', #6357, #7612 ) ;
#240 = DIRECTION ( 'NONE',  ( 1.000000000000000000, -0.000000000000000000, 0.000000000000000000 ) ) ;
#241 = VECTOR ( 'NONE', #5599, 1000.000000000000000 ) ;
#242 = CARTESIAN_POINT ( 'NONE',  ( 2.674825287092477577, 24.50000000000000000, 4.175286138712954731 ) ) ;
#243 = VERTEX_POINT ( 'NONE', #4153 ) ;
#244 = ORIENTED_EDGE ( 'NONE', *, *, #2221, .F. ) ;
#245 = CARTESIAN_POINT ( 'NONE',  ( -11.10000000000000675, 31.50000000000000000, -18.10000000000000497 ) ) ;
#246 = CARTESIAN_POINT ( 'NONE',  ( -25.00000000000000000, 3.000000000000000000, 37.49999999999999289 ) ) ;
#247 = EDGE_CURVE ( 'NONE', #740, #2873, #11013, .T. ) ;
#248 = PLANE ( 'NONE',  #6207 ) ;
#249 = DIRECTION ( 'NONE',  ( 1.000000000000000000, 0.000000000000000000, -0.000000000000000000 ) ) ;
#250 = CIRCLE ( 'NONE', #8326, 1.000000000000000888 ) ;
#251 = DIRECTION ( 'NONE',  ( 0.000000000000000000, -1.000000000000000000, 0.000000000000000000 ) ) ;
#252 = LINE ( 'NONE', #4517, #2388 ) ;
#253 = ORIENTED_EDGE ( 'NONE', *, *, #1302, .T. ) ;
#254 = CARTESIAN_POINT ( 'NONE',  ( -7.601536384991169903, 25.00000000000011724, 16.80050947618686052 ) ) ;
#255 = VERTEX_POINT ( 'NONE', #6685 ) ;
#256 = CARTESIAN_POINT ( 'NONE',  ( -27.50000000000000355, 16.50000000000000000, 1.749999999999954703 ) ) ;
#257 = AXIS2_PLACEMENT_3D ( 'NONE', #8652, #7703, #8594 ) ;
#258 = CARTESIAN_POINT ( 'NONE',  ( -4.219146220329037966, 9.499999999999998224, 23.06569260839445334 ) ) ;
#259 = DIRECTION ( 'NONE',  ( 0.000000000000000000, 0.000000000000000000, 1.000000000000000000 ) ) ;
#260 = EDGE_CURVE ( 'NONE', #6192, #5371, #7586, .T. ) ;
#261 = ORIENTED_EDGE ( 'NONE', *, *, #4078, .T. ) ;
#262 = DIRECTION ( 'NONE',  ( 0.000000000000000000, 0.000000000000000000, 1.000000000000000000 ) ) ;
#263 = DIRECTION ( 'NONE',  ( 1.000000000000000000, 0.000000000000000000, 0.000000000000000000 ) ) ;
#264 = CARTESIAN_POINT ( 'NONE',  ( -25.00000000000000000, 5.000000000000000000, 37.49999999999999289 ) ) ;
#265 = VERTEX_POINT ( 'NONE', #3207 ) ;
#266 = EDGE_CURVE ( 'NONE', #4537, #9900, #3380, .T. ) ;
#267 = ORIENTED_EDGE ( 'NONE', *, *, #9335, .F. ) ;
#268 = LINE ( 'NONE', #5593, #2077 ) ;
#269 = ORIENTED_EDGE ( 'NONE', *, *, #776, .F. ) ;
#270 = DIRECTION ( 'NONE',  ( -0.000000000000000000, 1.000000000000000000, -0.000000000000000000 ) ) ;
#271 = CARTESIAN_POINT ( 'NONE',  ( 2.921951066535890984, 32.00000000000002132, 9.809332590569294297 ) ) ;
#272 = EDGE_CURVE ( 'NONE', #9002, #11023, #2479, .T. ) ;
#273 = SURFACE_STYLE_USAGE ( .BOTH. , #5263 ) ;
#274 = FACE_OUTER_BOUND ( 'NONE', #9288, .T. ) ;
#275 = UNCERTAINTY_MEASURE_WITH_UNIT (LENGTH_MEASURE( 1.000000000000000082E-05 ), #507, 'distance_accuracy_value', 'NONE');
#276 = CARTESIAN_POINT ( 'NONE',  ( -15.00000000000000000, 0.000000000000000000, -26.60000000000000853 ) ) ;
#277 = ORIENTED_EDGE ( 'NONE', *, *, #5540, .T. ) ;
#278 = FACE_OUTER_BOUND ( 'NONE', #6110, .T. ) ;
#279 = EDGE_CURVE ( 'NONE', #9616, #7839, #2535, .T. ) ;
#280 = AXIS2_PLACEMENT_3D ( 'NONE', #1083, #5291, #9748 ) ;
#281 = ORIENTED_EDGE ( 'NONE', *, *, #753, .F. ) ;
#282 = DIRECTION ( 'NONE',  ( 2.168404344971008868E-17, 0.000000000000000000, 1.000000000000000000 ) ) ;
#283 = APPLICATION_PROTOCOL_DEFINITION ( 'draft international standard', 'automotive_design', 1998, #3538 ) ;
#284 = CARTESIAN_POINT ( 'NONE',  ( 13.49999999999999822, 0.5000000000000000000, -22.33097289055185897 ) ) ;
#285 = B_SPLINE_CURVE_WITH_KNOTS ( 'NONE', 2,
 ( #1802, #4211, #7643 ),
 .UNSPECIFIED., .F., .F.,
 ( 3, 3 ),
 ( 0.4999544435945628695, 0.5003907626673682607 ),
 .UNSPECIFIED. ) ;
#286 = VERTEX_POINT ( 'NONE', #8255 ) ;
#287 = CARTESIAN_POINT ( 'NONE',  ( -1.579617136008335088, 24.50000000000000000, 11.44534539468062917 ) ) ;
#288 = VECTOR ( 'NONE', #251, 1000.000000000000000 ) ;
#289 = VECTOR ( 'NONE', #421, 1000.000000000000000 ) ;
#290 = DIRECTION ( 'NONE',  ( -7.039140375027286072E-15, 0.000000000000000000, 1.000000000000000000 ) ) ;
#291 = DIRECTION ( 'NONE',  ( 0.000000000000000000, 1.000000000000000000, 0.000000000000000000 ) ) ;
#292 = CARTESIAN_POINT ( 'NONE',  ( -35.00000000000000000, 10.50000000000000711, 17.99999999999995737 ) ) ;
#293 = ORIENTED_EDGE ( 'NONE', *, *, #7175, .F. ) ;
#294 = LINE ( 'NONE', #5451, #4196 ) ;
#295 = EDGE_CURVE ( 'NONE', #651, #10026, #550, .T. ) ;
#296 = EDGE_CURVE ( 'NONE', #8782, #7539, #3150, .T. ) ;
#297 = CARTESIAN_POINT ( 'NONE',  ( -34.00000000000000711, 32.00000000000000000, -29.00000000000002132 ) ) ;
#298 = CARTESIAN_POINT ( 'NONE',  ( 0.000000000000000000, -13.00000000000000000, -18.43835307503515608 ) ) ;
#299 = VECTOR ( 'NONE', #8333, 1000.000000000000000 ) ;
#300 = VERTEX_POINT ( 'NONE', #2644 ) ;
#301 = ORIENTED_EDGE ( 'NONE', *, *, #3484, .F. ) ;
#302 = FACE_OUTER_BOUND ( 'NONE', #793, .T. ) ;
#303 = DIRECTION ( 'NONE',  ( 0.000000000000000000, 0.000000000000000000, -1.000000000000000000 ) ) ;
#304 = DIRECTION ( 'NONE',  ( 8.044731857174120111E-15, 0.000000000000000000, -1.000000000000000000 ) ) ;
#305 = CARTESIAN_POINT ( 'NONE',  ( -15.10000000000000497, -5.500000000000000000, -23.60000000000000853 ) ) ;
#306 = DIRECTION ( 'NONE',  ( 0.000000000000000000, 0.000000000000000000, -1.000000000000000000 ) ) ;
#307 = CARTESIAN_POINT ( 'NONE',  ( 25.00000000000000711, 2.000000000000000000, 28.99999999999997158 ) ) ;
#308 = ORIENTED_EDGE ( 'NONE', *, *, #9927, .F. ) ;
#309 = CARTESIAN_POINT ( 'NONE',  ( -20.19999999999999574, 0.5000000000000000000, -21.59999999999997300 ) ) ;
#310 = EDGE_CURVE ( 'NONE', #10463, #1298, #6057, .T. ) ;
#311 = EDGE_CURVE ( 'NONE', #9798, #6463, #10446, .T. ) ;
#312 = ORIENTED_EDGE ( 'NONE', *, *, #7320, .F. ) ;
#313 = ORIENTED_EDGE ( 'NONE', *, *, #2861, .T. ) ;
#314 = PLANE ( 'NONE',  #1440 ) ;
#315 = DIRECTION ( 'NONE',  ( 1.000000000000000000, 0.000000000000000000, 0.000000000000000000 ) ) ;
#316 = ORIENTED_EDGE ( 'NONE', *, *, #4203, .T. ) ;
#317 = LINE ( 'NONE', #3749, #9892 ) ;
#318 = CARTESIAN_POINT ( 'NONE',  ( 35.00000000000000000, 3.000000000000000000, -29.00000000000000355 ) ) ;
#319 = DIRECTION ( 'NONE',  ( 1.000000000000000000, 0.000000000000000000, 4.483001173306440485E-11 ) ) ;
#320 = ORIENTED_EDGE ( 'NONE', *, *, #3542, .F. ) ;
#321 = ADVANCED_FACE ( 'NONE', ( #1692 ), #938, .F. ) ;
#322 = VERTEX_POINT ( 'NONE', #2697 ) ;
#323 = LINE ( 'NONE', #9031, #9060 ) ;
#324 = ORIENTED_EDGE ( 'NONE', *, *, #9851, .T. ) ;
#325 = CARTESIAN_POINT ( 'NONE',  ( -0.2079702185871701303, 32.00000000000000000, 13.06458333644166814 ) ) ;
#326 = FACE_OUTER_BOUND ( 'NONE', #39, .T. ) ;
#327 = CARTESIAN_POINT ( 'NONE',  ( 2.999999999999983569, -11.50000000000000000, 6.594999999999988205 ) ) ;
#328 = ADVANCED_FACE ( 'NONE', ( #7695, #6961 ), #1909, .T. ) ;
#329 = CARTESIAN_POINT ( 'NONE',  ( -4.098455636355261333, 25.00000000000009592, 22.45905727886296077 ) ) ;
#330 = CARTESIAN_POINT ( 'NONE',  ( 4.502511103578837215, 26.50000000000000000, -2.736966230914735565 ) ) ;
#331 = ORIENTED_EDGE ( 'NONE', *, *, #333, .F. ) ;
#332 = PLANE ( 'NONE',  #7011 ) ;
#333 = EDGE_CURVE ( 'NONE', #1131, #1298, #3544, .T. ) ;
#334 = ORIENTED_EDGE ( 'NONE', *, *, #7412, .F. ) ;
#335 = CARTESIAN_POINT ( 'NONE',  ( 15.84405090676714600, 9.499999999999998224, 13.67730034089338709 ) ) ;
#336 = LINE ( 'NONE', #8877, #7838 ) ;
#337 = ORIENTED_EDGE ( 'NONE', *, *, #7097, .F. ) ;
#338 = VECTOR ( 'NONE', #7655, 1000.000000000000000 ) ;
#339 = EDGE_CURVE ( 'NONE', #5360, #10688, #1595, .T. ) ;
#340 = CARTESIAN_POINT ( 'NONE',  ( -25.00000000000000711, 32.00000000000000000, -38.00000000000002842 ) ) ;
#341 = LINE ( 'NONE', #7871, #2556 ) ;
#342 = CIRCLE ( 'NONE', #10760, 1.600000000000000755 ) ;
#343 = FACE_OUTER_BOUND ( 'NONE', #1758, .T. ) ;
#344 = ORIENTED_EDGE ( 'NONE', *, *, #10816, .F. ) ;
#345 = DIRECTION ( 'NONE',  ( 1.000000000000000000, -0.000000000000000000, 3.802133645976563900E-16 ) ) ;
#346 = ORIENTED_EDGE ( 'NONE', *, *, #6187, .F. ) ;
#347 = DIRECTION ( 'NONE',  ( 0.000000000000000000, 0.000000000000000000, -1.000000000000000000 ) ) ;
#348 = VERTEX_POINT ( 'NONE', #5950 ) ;
#349 = ORIENTED_EDGE ( 'NONE', *, *, #9480, .F. ) ;
#350 = CARTESIAN_POINT ( 'NONE',  ( -25.00000000000000711, 30.00000000000000000, 28.99999999999997158 ) ) ;
#351 = DIRECTION ( 'NONE',  ( 1.000000000000000000, 0.000000000000000000, 0.000000000000000000 ) ) ;
#352 = DIRECTION ( 'NONE',  ( -1.000000000000000000, 0.000000000000000000, 0.000000000000000000 ) ) ;
#353 = EDGE_CURVE ( 'NONE', #642, #7069, #49, .T. ) ;
#354 = DIRECTION ( 'NONE',  ( -0.000000000000000000, 0.000000000000000000, -1.000000000000000000 ) ) ;
#355 = CARTESIAN_POINT ( 'NONE',  ( 3.101750864123765883, 24.49999999999998934, 8.757180451233468332 ) ) ;
#356 = CARTESIAN_POINT ( 'NONE',  ( 15.27499999999998614, -13.00000000000000000, -16.60000000000000497 ) ) ;
#357 = ORIENTED_EDGE ( 'NONE', *, *, #1477, .F. ) ;
#358 = PLANE ( 'NONE',  #965 ) ;
#359 = VECTOR ( 'NONE', #5399, 1000.000000000000000 ) ;
#360 = VERTEX_POINT ( 'NONE', #6108 ) ;
#361 = VERTEX_POINT ( 'NONE', #7908 ) ;
#362 = DIRECTION ( 'NONE',  ( 0.000000000000000000, -0.000000000000000000, 1.000000000000000000 ) ) ;
#363 = CARTESIAN_POINT ( 'NONE',  ( -13.49999999999999822, 1.500000000000000000, 6.899999999999989697 ) ) ;
#364 = VECTOR ( 'NONE', #1169, 1000.000000000000000 ) ;
#365 = ORIENTED_EDGE ( 'NONE', *, *, #9026, .T. ) ;
#366 = CARTESIAN_POINT ( 'NONE',  ( -2.151452094041028218, 24.50000000000000355, 6.521835492979087157 ) ) ;
#367 = AXIS2_PLACEMENT_3D ( 'NONE', #5601, #1395, #9041 ) ;
#368 = CARTESIAN_POINT ( 'NONE',  ( 20.20000000000000284, 0.5000000000000000000, -21.59999999999996589 ) ) ;
#369 = EDGE_CURVE ( 'NONE', #977, #1529, #9549, .T. ) ;
#370 = ADVANCED_FACE ( 'NONE', ( #5101 ), #8643, .F. ) ;
#371 = DIRECTION ( 'NONE',  ( -6.462348535570528710E-27, -2.940873454663932011E-27, 1.000000000000000000 ) ) ;
#372 = EDGE_CURVE ( 'NONE', #6230, #581, #2588, .T. ) ;
#373 = ORIENTED_EDGE ( 'NONE', *, *, #4553, .F. ) ;
#374 = VECTOR ( 'NONE', #7845, 1000.000000000000000 ) ;
#375 = ORIENTED_EDGE ( 'NONE', *, *, #6407, .T. ) ;
#376 = FACE_OUTER_BOUND ( 'NONE', #2628, .T. ) ;
#377 = AXIS2_PLACEMENT_3D ( 'NONE', #4085, #2412, #7514 ) ;
#378 = CARTESIAN_POINT ( 'NONE',  ( 0.0008204178503570802583, 32.00000000000000000, 13.06458333644166814 ) ) ;
#379 = CARTESIAN_POINT ( 'NONE',  ( 6.924999999999992717, -13.00000000000000000, -16.60000000000000497 ) ) ;
#380 = PLANE ( 'NONE',  #10061 ) ;
#381 = EDGE_CURVE ( 'NONE', #10608, #3025, #9441, .T. ) ;
#382 = VECTOR ( 'NONE', #10136, 1000.000000000000000 ) ;
#383 = DIRECTION ( 'NONE',  ( -1.000000000000000000, 2.438088387897967896E-29, -6.982962677686266711E-15 ) ) ;
#384 = DIRECTION ( 'NONE',  ( 0.000000000000000000, 3.016910393003142366E-16, -1.000000000000000000 ) ) ;
#385 = ORIENTED_EDGE ( 'NONE', *, *, #10542, .F. ) ;
#386 = CARTESIAN_POINT ( 'NONE',  ( -35.00000000000000000, 16.49999999999999289, 17.99999999999995737 ) ) ;
#387 = ORIENTED_EDGE ( 'NONE', *, *, #9452, .F. ) ;
#388 = DIRECTION ( 'NONE',  ( 0.000000000000000000, 0.000000000000000000, -1.000000000000000000 ) ) ;
#389 = VECTOR ( 'NONE', #7568, 1000.000000000000000 ) ;
#390 = CARTESIAN_POINT ( 'NONE',  ( -20.00000000000000000, -13.00000000000000000, 8.399999999999987921 ) ) ;
#391 = VERTEX_POINT ( 'NONE', #100 ) ;
#392 = ADVANCED_FACE ( 'NONE', ( #886 ), #4319, .F. ) ;
#393 = FACE_BOUND ( 'NONE', #7016, .T. ) ;
#394 = AXIS2_PLACEMENT_3D ( 'NONE', #7054, #10485, #2791 ) ;
#395 = CARTESIAN_POINT ( 'NONE',  ( 35.00000000000000000, 32.00000000000000000, -29.00000000000002132 ) ) ;
#396 = VERTEX_POINT ( 'NONE', #8696 ) ;
#397 = PLANE ( 'NONE',  #6524 ) ;
#398 = EDGE_LOOP ( 'NONE', ( #8640, #7671, #4546, #10029 ) ) ;
#399 = VERTEX_POINT ( 'NONE', #8752 ) ;
#400 = ORIENTED_EDGE ( 'NONE', *, *, #7465, .T. ) ;
#401 = ADVANCED_FACE ( 'NONE', ( #838 ), #4427, .F. ) ;
#402 = DIRECTION ( 'NONE',  ( 0.000000000000000000, 1.000000000000000000, 0.000000000000000000 ) ) ;
#403 = VERTEX_POINT ( 'NONE', #3594 ) ;
#404 = VECTOR ( 'NONE', #2151, 1000.000000000000000 ) ;
#405 = ORIENTED_EDGE ( 'NONE', *, *, #10955, .F. ) ;
#406 = DIRECTION ( 'NONE',  ( -0.000000000000000000, -1.000000000000000000, -0.000000000000000000 ) ) ;
#407 = LINE ( 'NONE', #8161, #8171 ) ;
#408 = EDGE_CURVE ( 'NONE', #5734, #2082, #4570, .T. ) ;
#409 = LINE ( 'NONE', #7264, #11069 ) ;
#410 = CYLINDRICAL_SURFACE ( 'NONE', #8822, 8.999999999999998224 ) ;
#411 = CARTESIAN_POINT ( 'NONE',  ( 1.101485361694153120, 25.00000000000015277, 5.187071063562615159 ) ) ;
#412 = LINE ( 'NONE', #4626, #8660 ) ;
#413 = ORIENTED_EDGE ( 'NONE', *, *, #3810, .F. ) ;
#414 = LINE ( 'NONE', #309, #76 ) ;
#415 = AXIS2_PLACEMENT_3D ( 'NONE', #6173, #5215, #1861 ) ;
#416 = VERTEX_POINT ( 'NONE', #4535 ) ;
#417 = ORIENTED_EDGE ( 'NONE', *, *, #1859, .F. ) ;
#418 = CARTESIAN_POINT ( 'NONE',  ( -3.000000000000015543, -13.99999999999999822, -2.370000000000013429 ) ) ;
#419 = LINE ( 'NONE', #3853, #9148 ) ;
#420 = ORIENTED_EDGE ( 'NONE', *, *, #6710, .T. ) ;
#421 = DIRECTION ( 'NONE',  ( -1.000000000000000000, 0.000000000000000000, -4.483001173306440485E-11 ) ) ;
#422 = CARTESIAN_POINT ( 'NONE',  ( -2.249903526357135863, 24.50000000000000000, -4.500214463258199515 ) ) ;
#423 = ORIENTED_EDGE ( 'NONE', *, *, #5161, .T. ) ;
#424 = AXIS2_PLACEMENT_3D ( 'NONE', #1368, #3233, #4008 ) ;
#425 = ORIENTED_EDGE ( 'NONE', *, *, #3200, .F. ) ;
#426 = EDGE_CURVE ( 'NONE', #4775, #10660, #3027, .T. ) ;
#427 = EDGE_CURVE ( 'NONE', #10818, #8223, #2921, .T. ) ;
#428 = PLANE ( 'NONE',  #2605 ) ;
#429 = LINE ( 'NONE', #1276, #5519 ) ;
#430 = DIRECTION ( 'NONE',  ( -1.000000000000000000, 0.000000000000000000, -4.336808689942017736E-16 ) ) ;
#431 = DIRECTION ( 'NONE',  ( -0.000000000000000000, -1.000000000000000000, -0.000000000000000000 ) ) ;
#432 = LINE ( 'NONE', #3866, #10686 ) ;
#433 = LINE ( 'NONE', #5495, #2764 ) ;
#434 = VERTEX_POINT ( 'NONE', #6222 ) ;
#435 = CARTESIAN_POINT ( 'NONE',  ( -4.246373477178807754, 10.50999999999999091, 6.750748237078701308 ) ) ;
#436 = VECTOR ( 'NONE', #5541, 1000.000000000000000 ) ;
#437 = ORIENTED_EDGE ( 'NONE', *, *, #9741, .F. ) ;
#438 = EDGE_CURVE ( 'NONE', #10349, #3498, #2865, .T. ) ;
#439 = DIRECTION ( 'NONE',  ( -0.000000000000000000, -1.000000000000000000, -0.000000000000000000 ) ) ;
#440 = FACE_OUTER_BOUND ( 'NONE', #10511, .T. ) ;
#441 = ORIENTED_EDGE ( 'NONE', *, *, #1892, .F. ) ;
#442 = AXIS2_PLACEMENT_3D ( 'NONE', #4466, #2215, #10860 ) ;
#443 = PLANE ( 'NONE',  #2112 ) ;
#444 = VECTOR ( 'NONE', #8430, 1000.000000000000000 ) ;
#445 = CARTESIAN_POINT ( 'NONE',  ( 2.800000000000000266, 9.999999999999998224, -21.14000000000000767 ) ) ;
#446 = AXIS2_PLACEMENT_3D ( 'NONE', #11004, #5653, #6617 ) ;
#447 = ORIENTED_EDGE ( 'NONE', *, *, #4215, .T. ) ;
#448 = EDGE_LOOP ( 'NONE', ( #10010, #7705, #7274, #6105, #8057, #6999, #8988, #2375 ) ) ;
#449 = EDGE_LOOP ( 'NONE', ( #7041, #8973, #3047, #4186 ) ) ;
#450 = EDGE_CURVE ( 'NONE', #1943, #9780, #268, .T. ) ;
#451 = ORIENTED_EDGE ( 'NONE', *, *, #9884, .T. ) ;
#452 = CARTESIAN_POINT ( 'NONE',  ( 7.924999999999992717, 3.000000000000002665, -21.60000000000000853 ) ) ;
#453 = EDGE_CURVE ( 'NONE', #1487, #7723, #8129, .T. ) ;
#454 = EDGE_LOOP ( 'NONE', ( #10799, #6584, #373, #7154 ) ) ;
#455 = DIRECTION ( 'NONE',  ( 0.000000000000000000, -1.000000000000000000, 0.000000000000000000 ) ) ;
#456 = VECTOR ( 'NONE', #5350, 1000.000000000000000 ) ;
#457 = CIRCLE ( 'NONE', #2993, 5.200000000000000178 ) ;
#458 = ORIENTED_EDGE ( 'NONE', *, *, #9751, .T. ) ;
#459 = DIRECTION ( 'NONE',  ( 1.000000000000000000, -0.000000000000000000, -0.000000000000000000 ) ) ;
#460 = CARTESIAN_POINT ( 'NONE',  ( -8.743329047513924479, 9.499999999999998224, 7.256070824894444549 ) ) ;
#461 = CARTESIAN_POINT ( 'NONE',  ( 18.50000000000000000, 0.000000000000000000, -21.60000000000000853 ) ) ;
#462 = CARTESIAN_POINT ( 'NONE',  ( 15.00000000000000000, 0.000000000000000000, 13.39999999999998792 ) ) ;
#463 = CARTESIAN_POINT ( 'NONE',  ( -25.00000000000000000, 1.500000000000000000, 37.49999999999999289 ) ) ;
#464 = CARTESIAN_POINT ( 'NONE',  ( 25.00000000000000000, 3.000000000000000000, -37.50000000000000711 ) ) ;
#465 = ORIENTED_EDGE ( 'NONE', *, *, #5927, .T. ) ;
#466 = CARTESIAN_POINT ( 'NONE',  ( 14.27499999999998970, 3.000000000000002665, -17.60000000000000497 ) ) ;
#467 = VECTOR ( 'NONE', #78, 1000.000000000000000 ) ;
#468 = VECTOR ( 'NONE', #7779, 1000.000000000000000 ) ;
#469 = EDGE_CURVE ( 'NONE', #9986, #8005, #9771, .T. ) ;
#470 = ORIENTED_EDGE ( 'NONE', *, *, #8231, .F. ) ;
#471 = ORIENTED_EDGE ( 'NONE', *, *, #453, .F. ) ;
#472 = CARTESIAN_POINT ( 'NONE',  ( -15.10000000000000497, -11.50000000000000000, -23.60000000000000853 ) ) ;
#473 = FACE_OUTER_BOUND ( 'NONE', #5510, .T. ) ;
#474 =( GEOMETRIC_REPRESENTATION_CONTEXT ( 3 ) GLOBAL_UNCERTAINTY_ASSIGNED_CONTEXT ( ( #8591 ) ) GLOBAL_UNIT_ASSIGNED_CONTEXT ( ( #2600, #9342, #4278 ) ) REPRESENTATION_CONTEXT ( 'NONE', 'WORKASPACE' ) );
#475 = ORIENTED_EDGE ( 'NONE', *, *, #1850, .T. ) ;
#476 = PLANE ( 'NONE',  #9812 ) ;
#477 = CARTESIAN_POINT ( 'NONE',  ( 34.25000000000000000, 0.000000000000000000, -29.00000000000002487 ) ) ;
#478 = ADVANCED_FACE ( 'NONE', ( #7233 ), #4591, .T. ) ;
#479 = DIRECTION ( 'NONE',  ( -1.000000000000000000, 0.000000000000000000, 0.000000000000000000 ) ) ;
#480 = ORIENTED_EDGE ( 'NONE', *, *, #2378, .T. ) ;
#481 = ORIENTED_EDGE ( 'NONE', *, *, #5019, .F. ) ;
#482 = CARTESIAN_POINT ( 'NONE',  ( -3.000000000000016875, -5.500000000000000000, 5.594999999999989093 ) ) ;
#483 = CARTESIAN_POINT ( 'NONE',  ( 3.888410194209629189, 10.50999999999999091, 25.69803449973652931 ) ) ;
#484 = CARTESIAN_POINT ( 'NONE',  ( -3.571427284438406957, 32.00000000000000711, 1.221327285745251290 ) ) ;
#485 = CARTESIAN_POINT ( 'NONE',  ( -25.00000000000000711, 2.000000000000000000, 28.99999999999997158 ) ) ;
#486 = CARTESIAN_POINT ( 'NONE',  ( -1.579617136008335088, 32.00000000000000000, 11.46651120006816527 ) ) ;
#487 = DIRECTION ( 'NONE',  ( -1.000000000000000000, -0.000000000000000000, -0.000000000000000000 ) ) ;
#488 = ADVANCED_FACE ( 'NONE', ( #9877, #6333, #376, #2081, #10668 ), #428, .T. ) ;
#489 = CARTESIAN_POINT ( 'NONE',  ( 2.799999999999999378, -13.91959594928933441, 15.53801126270789190 ) ) ;
#490 = ORIENTED_EDGE ( 'NONE', *, *, #10613, .T. ) ;
#491 = LINE ( 'NONE', #3922, #10776 ) ;
#492 = ORIENTED_EDGE ( 'NONE', *, *, #6218, .F. ) ;
#493 = DIRECTION ( 'NONE',  ( 1.000000000000000000, 0.000000000000000000, 2.322494089076271146E-16 ) ) ;
#494 = LINE ( 'NONE', #2042, #6598 ) ;
#495 = ORIENTED_EDGE ( 'NONE', *, *, #6589, .T. ) ;
#496 = LINE ( 'NONE', #3156, #8170 ) ;
#497 = EDGE_CURVE ( 'NONE', #4639, #8875, #10556, .T. ) ;
#498 = EDGE_CURVE ( 'NONE', #5301, #6267, #3860, .T. ) ;
#499 = DIRECTION ( 'NONE',  ( -1.000000000000000000, 0.000000000000000000, 0.000000000000000000 ) ) ;
#500 = ORIENTED_EDGE ( 'NONE', *, *, #8999, .T. ) ;
#501 = CARTESIAN_POINT ( 'NONE',  ( -14.10000000000000675, -5.500000000000000000, -22.60000000000000853 ) ) ;
#502 = EDGE_CURVE ( 'NONE', #8746, #2287, #5824, .T. ) ;
#503 = ORIENTED_EDGE ( 'NONE', *, *, #4011, .F. ) ;
#504 = ORIENTED_EDGE ( 'NONE', *, *, #3200, .T. ) ;
#505 = ORIENTED_EDGE ( 'NONE', *, *, #3810, .T. ) ;
#506 = VECTOR ( 'NONE', #3490, 1000.000000000000000 ) ;
#507 =( LENGTH_UNIT ( ) NAMED_UNIT ( * ) SI_UNIT ( .MILLI., .METRE. ) );
#508 = ORIENTED_EDGE ( 'NONE', *, *, #6559, .T. ) ;
#509 = CARTESIAN_POINT ( 'NONE',  ( 0.000000000000000000, -2.999999999999999112, 18.33801126270789084 ) ) ;
#510 = ORIENTED_EDGE ( 'NONE', *, *, #1016, .T. ) ;
#511 = CARTESIAN_POINT ( 'NONE',  ( 14.09999999999999432, -11.50000000000000000, -16.60000000000000142 ) ) ;
#512 = PLANE ( 'NONE',  #9264 ) ;
#513 = LINE ( 'NONE', #572, #5141 ) ;
#514 = DIRECTION ( 'NONE',  ( 6.982962677686266711E-15, 3.491481338843133355E-15, -1.000000000000000000 ) ) ;
#515 = EDGE_CURVE ( 'NONE', #2055, #7128, #323, .T. ) ;
#516 = PLANE ( 'NONE',  #6936 ) ;
#517 = CARTESIAN_POINT ( 'NONE',  ( 3.101750864123765883, 24.49999999999999645, 8.757180451233468332 ) ) ;
#518 = VECTOR ( 'NONE', #8825, 1000.000000000000000 ) ;
#519 = EDGE_LOOP ( 'NONE', ( #2598, #331, #5511, #1759 ) ) ;
#520 = CARTESIAN_POINT ( 'NONE',  ( -25.00000000000000000, 5.000000000000000000, 38.24999999999999289 ) ) ;
#521 = AXIS2_PLACEMENT_3D ( 'NONE', #595, #6614, #4028 ) ;
#522 = EDGE_LOOP ( 'NONE', ( #848, #3050, #9578, #9979 ) ) ;
#523 = ORIENTED_EDGE ( 'NONE', *, *, #1731, .T. ) ;
#524 = CARTESIAN_POINT ( 'NONE',  ( -25.00000000000000000, 3.000000000000000000, 28.99999999999998934 ) ) ;
#525 = DIRECTION ( 'NONE',  ( -1.000000000000000000, 0.000000000000000000, -0.000000000000000000 ) ) ;
#526 = VERTEX_POINT ( 'NONE', #5369 ) ;
#527 = CARTESIAN_POINT ( 'NONE',  ( -7.601536384991225859, 23.00000000000000000, 25.49999999999941735 ) ) ;
#528 = LINE ( 'NONE', #3130, #2893 ) ;
#529 = EDGE_CURVE ( 'NONE', #9704, #2266, #1221, .T. ) ;
#530 = AXIS2_PLACEMENT_3D ( 'NONE', #6051, #5993, #4419 ) ;
#531 = CARTESIAN_POINT ( 'NONE',  ( -14.21914622032904774, 10.50999999999999091, -39.28468037378117117 ) ) ;
#532 = EDGE_LOOP ( 'NONE', ( #2306, #2503, #3014, #3967 ) ) ;
#533 = ORIENTED_EDGE ( 'NONE', *, *, #8301, .F. ) ;
#534 = CARTESIAN_POINT ( 'NONE',  ( -2.999999999999996447, 28.49999999999999645, -14.04445395531110741 ) ) ;
#535 = EDGE_CURVE ( 'NONE', #10585, #7837, #4642, .T. ) ;
#536 = VECTOR ( 'NONE', #6883, 1000.000000000000000 ) ;
#537 = VECTOR ( 'NONE', #3205, 1000.000000000000000 ) ;
#538 = LINE ( 'NONE', #3969, #5787 ) ;
#539 = DIRECTION ( 'NONE',  ( 0.000000000000000000, 0.000000000000000000, 1.000000000000000000 ) ) ;
#540 = CARTESIAN_POINT ( 'NONE',  ( -14.21914622032904418, 9.499999999999998224, 20.06569260839445690 ) ) ;
#541 = LINE ( 'NONE', #2357, #6743 ) ;
#542 = EDGE_CURVE ( 'NONE', #6438, #2148, #8186, .T. ) ;
#543 = PLANE ( 'NONE',  #6130 ) ;
#544 = CARTESIAN_POINT ( 'NONE',  ( 4.219146220329037966, 9.499999999999998224, 23.06569260839445334 ) ) ;
#545 = VECTOR ( 'NONE', #7492, 1000.000000000000000 ) ;
#546 = DIRECTION ( 'NONE',  ( 0.000000000000000000, 0.000000000000000000, 1.000000000000000000 ) ) ;
#547 = ORIENTED_EDGE ( 'NONE', *, *, #7114, .T. ) ;
#548 = PLANE ( 'NONE',  #5027 ) ;
#549 = ORIENTED_EDGE ( 'NONE', *, *, #6095, .T. ) ;
#550 = LINE ( 'NONE', #3982, #10736 ) ;
#551 = DIRECTION ( 'NONE',  ( 0.000000000000000000, 0.000000000000000000, -1.000000000000000000 ) ) ;
#552 = DIRECTION ( 'NONE',  ( -0.8064779581994643287, 0.000000000000000000, -0.5912641566494817313 ) ) ;
#553 = AXIS2_PLACEMENT_3D ( 'NONE', #7958, #5150, #262 ) ;
#554 = EDGE_LOOP ( 'NONE', ( #2645, #8651, #3851, #9848 ) ) ;
#555 = CARTESIAN_POINT ( 'NONE',  ( -45.97666018330589566, 10.50049802381102815, 18.98421203201065310 ) ) ;
#556 = LINE ( 'NONE', #6410, #1494 ) ;
#557 = ORIENTED_EDGE ( 'NONE', *, *, #10751, .T. ) ;
#558 = CARTESIAN_POINT ( 'NONE',  ( -25.00000000000000711, 32.00000000000000000, 38.99999999999996447 ) ) ;
#559 = VECTOR ( 'NONE', #4174, 1000.000000000000000 ) ;
#560 = EDGE_LOOP ( 'NONE', ( #7120, #2105, #10007, #9541 ) ) ;
#561 = EDGE_LOOP ( 'NONE', ( #3128, #4314, #9491, #4534 ) ) ;
#562 = EDGE_LOOP ( 'NONE', ( #5844, #1651, #2290, #1781 ) ) ;
#563 = CARTESIAN_POINT ( 'NONE',  ( -25.00000000000000000, 3.000000000000000000, 38.24999999999999289 ) ) ;
#564 = ORIENTED_EDGE ( 'NONE', *, *, #10231, .T. ) ;
#565 = ADVANCED_FACE ( 'NONE', ( #8412 ), #6672, .F. ) ;
#566 = CARTESIAN_POINT ( 'NONE',  ( -20.19999999999999574, 0.5000000000000000000, -21.59999999999997300 ) ) ;
#567 = EDGE_CURVE ( 'NONE', #2435, #10519, #1620, .T. ) ;
#568 = ORIENTED_EDGE ( 'NONE', *, *, #5127, .F. ) ;
#569 = CARTESIAN_POINT ( 'NONE',  ( -3.000000000000016875, -13.00000000000000000, 7.559999999999986287 ) ) ;
#570 = LINE ( 'NONE', #4063, #6385 ) ;
#571 = VECTOR ( 'NONE', #7633, 1000.000000000000000 ) ;
#572 = CARTESIAN_POINT ( 'NONE',  ( 25.00000000000000711, 30.00000000000000000, -39.00000000000002132 ) ) ;
#573 = CARTESIAN_POINT ( 'NONE',  ( -14.49833763245320029, 25.00000000000008882, 24.06419186098113272 ) ) ;
#574 = DIRECTION ( 'NONE',  ( 0.000000000000000000, -1.000000000000000000, 0.000000000000000000 ) ) ;
#575 = PLANE ( 'NONE',  #2571 ) ;
#576 = ORIENTED_EDGE ( 'NONE', *, *, #1676, .F. ) ;
#577 = CARTESIAN_POINT ( 'NONE',  ( 7.099999999999996980, -11.50000000000000000, -23.60000000000001208 ) ) ;
#578 = AXIS2_PLACEMENT_3D ( 'NONE', #4006, #10981, #5630 ) ;
#579 = ORIENTED_EDGE ( 'NONE', *, *, #7816, .T. ) ;
#580 = EDGE_CURVE ( 'NONE', #3660, #2917, #3137, .T. ) ;
#581 = VERTEX_POINT ( 'NONE', #9317 ) ;
#582 = CARTESIAN_POINT ( 'NONE',  ( -25.50000000000000355, 0.000000000000000000, 0.000000000000000000 ) ) ;
#583 = CARTESIAN_POINT ( 'NONE',  ( -4.246373477178807754, 10.50999999999999091, 6.750748237078701308 ) ) ;
#584 = ORIENTED_EDGE ( 'NONE', *, *, #6408, .T. ) ;
#585 = CARTESIAN_POINT ( 'NONE',  ( -14.49833763245317364, 32.00000000000000000, 19.36521081018106827 ) ) ;
#586 = LINE ( 'NONE', #10207, #4316 ) ;
#587 = AXIS2_PLACEMENT_3D ( 'NONE', #2205, #5612, #9109 ) ;
#588 = DIRECTION ( 'NONE',  ( -0.000000000000000000, 1.000000000000000000, -0.000000000000000000 ) ) ;
#589 = ORIENTED_EDGE ( 'NONE', *, *, #8173, .T. ) ;
#590 = ORIENTED_EDGE ( 'NONE', *, *, #4440, .F. ) ;
#591 = EDGE_CURVE ( 'NONE', #1312, #3066, #6183, .T. ) ;
#592 = CARTESIAN_POINT ( 'NONE',  ( -3.100088496576544728, 32.00000000000000000, 8.757180451233447016 ) ) ;
#593 = VECTOR ( 'NONE', #2583, 1000.000000000000000 ) ;
#594 = LINE ( 'NONE', #5034, #8092 ) ;
#595 = CARTESIAN_POINT ( 'NONE',  ( -25.00000000000000711, 2.000000000000000000, -29.00000000000002132 ) ) ;
#596 = DIRECTION ( 'NONE',  ( 0.000000000000000000, 1.000000000000000000, -0.000000000000000000 ) ) ;
#597 = FACE_OUTER_BOUND ( 'NONE', #6335, .T. ) ;
#598 = DIRECTION ( 'NONE',  ( 1.000000000000000000, -4.591774807899560578E-40, 1.524797561326645848E-13 ) ) ;
#599 = CARTESIAN_POINT ( 'NONE',  ( 0.000000000000000000, -5.500000000000000000, 0.000000000000000000 ) ) ;
#600 = ADVANCED_FACE ( 'NONE', ( #10042 ), #2467, .T. ) ;
#601 = VECTOR ( 'NONE', #1074, 1000.000000000000000 ) ;
#602 = FACE_BOUND ( 'NONE', #935, .T. ) ;
#603 = ORIENTED_EDGE ( 'NONE', *, *, #8847, .F. ) ;
#604 = LINE ( 'NONE', #8199, #1441 ) ;
#605 = EDGE_LOOP ( 'NONE', ( #9562, #10069, #4724, #505 ) ) ;
#606 = ADVANCED_FACE ( 'NONE', ( #9987 ), #4976, .F. ) ;
#607 = DIRECTION ( 'NONE',  ( 0.000000000000000000, -1.000000000000000000, 0.000000000000000000 ) ) ;
#608 = CARTESIAN_POINT ( 'NONE',  ( 25.00000000000000000, 1.500000000000000000, 37.49999999999999289 ) ) ;
#609 = CARTESIAN_POINT ( 'NONE',  ( 3.130077568303159641, 32.00000000000000711, -0.03953836122249493323 ) ) ;
#610 = VECTOR ( 'NONE', #7538, 1000.000000000000000 ) ;
#611 = ORIENTED_EDGE ( 'NONE', *, *, #3905, .F. ) ;
#612 = DIRECTION ( 'NONE',  ( -0.000000000000000000, -0.000000000000000000, -1.000000000000000000 ) ) ;
#613 = ADVANCED_FACE ( 'NONE', ( #6497, #4084 ), #10941, .T. ) ;
#614 = LINE ( 'NONE', #445, #5071 ) ;
#615 = VECTOR ( 'NONE', #2242, 1000.000000000000000 ) ;
#616 = VERTEX_POINT ( 'NONE', #7456 ) ;
#617 = CARTESIAN_POINT ( 'NONE',  ( -18.50000000000000000, -13.00000000000000000, 8.399999999999987921 ) ) ;
#618 = ORIENTED_EDGE ( 'NONE', *, *, #7096, .T. ) ;
#619 = EDGE_LOOP ( 'NONE', ( #568, #7899, #3206, #1054, #8317, #4694, #9075, #8670 ) ) ;
#620 = ORIENTED_EDGE ( 'NONE', *, *, #2484, .T. ) ;
#621 = CARTESIAN_POINT ( 'NONE',  ( -25.50000000000000355, 19.50000000000000355, 23.86623553487585525 ) ) ;
#622 = ORIENTED_EDGE ( 'NONE', *, *, #10569, .T. ) ;
#623 = CARTESIAN_POINT ( 'NONE',  ( 6.346119218776775206, 9.499999999999998224, -6.021333691102119801 ) ) ;
#624 = VERTEX_POINT ( 'NONE', #7512 ) ;
#625 = AXIS2_PLACEMENT_3D ( 'NONE', #4801, #5763, #8298 ) ;
#626 = DIRECTION ( 'NONE',  ( 0.000000000000000000, 0.000000000000000000, -1.000000000000000000 ) ) ;
#627 = CARTESIAN_POINT ( 'NONE',  ( 10.26313544485287643, 29.50000000000000000, 18.29275258562296003 ) ) ;
#628 = AXIS2_PLACEMENT_3D ( 'NONE', #10523, #9567, #4661 ) ;
#629 = CYLINDRICAL_SURFACE ( 'NONE', #3151, 1.500000000000001332 ) ;
#630 = DIRECTION ( 'NONE',  ( 0.000000000000000000, 0.000000000000000000, -1.000000000000000000 ) ) ;
#631 = CARTESIAN_POINT ( 'NONE',  ( 0.000000000000000000, -0.5000000000000000000, -18.43835307503515608 ) ) ;
#632 = CARTESIAN_POINT ( 'NONE',  ( 1.810944197284443336, 24.49999999999999289, 11.28994969519882119 ) ) ;
#633 = EDGE_CURVE ( 'NONE', #2895, #9201, #1610, .T. ) ;
#634 = ORIENTED_EDGE ( 'NONE', *, *, #3194, .F. ) ;
#635 = CARTESIAN_POINT ( 'NONE',  ( 6.346119218776775206, 26.50000000000000000, -6.021333691102119801 ) ) ;
#636 = VECTOR ( 'NONE', #8871, 1000.000000000000000 ) ;
#637 = AXIS2_PLACEMENT_3D ( 'NONE', #2441, #7661, #4283 ) ;
#638 = EDGE_LOOP ( 'NONE', ( #10705, #7731, #7540, #7278 ) ) ;
#639 = EDGE_LOOP ( 'NONE', ( #5483, #5634, #634, #10185, #10056, #3384, #8400, #4666, #7652, #4644, #7733, #8586, #1426, #4582, #6783, #4544, #6746 ) ) ;
#640 = CARTESIAN_POINT ( 'NONE',  ( -1.579617136008335088, 24.50000000000000000, 11.48414578258326912 ) ) ;
#641 = FACE_OUTER_BOUND ( 'NONE', #3696, .T. ) ;
#642 = VERTEX_POINT ( 'NONE', #9145 ) ;
#643 = LINE ( 'NONE', #3242, #2461 ) ;
#644 = DIRECTION ( 'NONE',  ( 0.06109926041442381717, 2.935351428327384569E-27, -0.9981316949064438226 ) ) ;
#645 = VECTOR ( 'NONE', #3177, 1000.000000000000000 ) ;
#646 = LINE ( 'NONE', #1434, #9907 ) ;
#647 = VECTOR ( 'NONE', #6102, 1000.000000000000000 ) ;
#648 = ADVANCED_FACE ( 'NONE', ( #1439 ), #9932, .F. ) ;
#649 = EDGE_CURVE ( 'NONE', #7814, #9770, #3307, .T. ) ;
#650 = VERTEX_POINT ( 'NONE', #534 ) ;
#651 = VERTEX_POINT ( 'NONE', #5644 ) ;
#652 = DIRECTION ( 'NONE',  ( -1.000000000000000000, 0.000000000000000000, -0.000000000000000000 ) ) ;
#653 = VECTOR ( 'NONE', #1940, 1000.000000000000000 ) ;
#654 = AXIS2_PLACEMENT_3D ( 'NONE', #4766, #2149, #8262 ) ;
#655 = DIRECTION ( 'NONE',  ( 0.000000000000000000, -1.000000000000000000, 0.000000000000000000 ) ) ;
#656 = FACE_OUTER_BOUND ( 'NONE', #2363, .T. ) ;
#657 = LINE ( 'NONE', #8361, #10792 ) ;
#658 = LINE ( 'NONE', #10835, #999 ) ;
#659 = PLANE ( 'NONE',  #6319 ) ;
#660 = CARTESIAN_POINT ( 'NONE',  ( -3.000000000000016875, -13.00000000000000000, 7.559999999999986287 ) ) ;
#661 = EDGE_CURVE ( 'NONE', #6892, #3593, #8467, .T. ) ;
#662 = AXIS2_PLACEMENT_3D ( 'NONE', #1121, #2657, #6069 ) ;
#663 = CARTESIAN_POINT ( 'NONE',  ( -33.50000000000000000, 17.50000000000000000, 24.99999999999995026 ) ) ;
#664 = ORIENTED_EDGE ( 'NONE', *, *, #6657, .F. ) ;
#665 = PLANE ( 'NONE',  #1973 ) ;
#666 = EDGE_LOOP ( 'NONE', ( #1374, #5045, #3673, #8886 ) ) ;
#667 = FACE_OUTER_BOUND ( 'NONE', #74, .T. ) ;
#668 = DIRECTION ( 'NONE',  ( 0.000000000000000000, -0.000000000000000000, 1.000000000000000000 ) ) ;
#669 = DIRECTION ( 'NONE',  ( 1.000000000000000000, 0.000000000000000000, 0.000000000000000000 ) ) ;
#670 = EDGE_CURVE ( 'NONE', #2545, #1607, #9259, .T. ) ;
#671 = ORIENTED_EDGE ( 'NONE', *, *, #1928, .T. ) ;
#672 = CARTESIAN_POINT ( 'NONE',  ( -1.579617136008335088, 32.00000000000000000, 11.48414578258329399 ) ) ;
#673 = ADVANCED_FACE ( 'NONE', ( #10100 ), #4195, .F. ) ;
#674 = CLOSED_SHELL ( 'NONE', ( #10005, #10103, #2257, #4888, #6356, #10246, #5231, #9063, #38, #10083, #9654, #1811, #5448, #7544, #1876, #3272, #3502, #8276, #7662, #1490, #6922, #2514, #5606, #9952, #8600, #6610, #6444, #3515, #179, #4936, #1429, #8444, #6639, #3234, #8649, #233, #8556, #3943, #9087, #6774, #7515, #10350, #1373, #2033, #8035, #7280, #8429, #6895, #6203, #8383, #1690, #5989, #7994, #6164, #2012, #10713, #1331, #3992, #3679, #6172, #2823, #5431, #4648, #9171, #8023, #5323, #7352, #1292, #1030, #9467, #7915, #5382, #1569, #2391, #1942, #8133, #10132, #6759, #5478, #9729, #5679, #2332, #648, #4974, #9056, #11007, #392, #4653, #10342, #1369, #5098, #7945, #7184, #92, #4995, #4463, #1195, #8720, #7618, #9086, #884, #1143, #5277, #10615, #7660, #1422, #6373, #9976, #9547, #6625, #3543, #9516, #4115, #5204, #10598, #8119, #9806, #2438, #2078, #4727, #8578, #10427, #958, #6835, #5784, #5590, #6792, #788, #9607, #4504, #3259, #4567, #5911, #2209, #4013, #6003, #9656, #5515, #606, #1092, #370, #2208, #565, #9766 ) ) ;
#675 = DIRECTION ( 'NONE',  ( 0.000000000000000000, 0.000000000000000000, -1.000000000000000000 ) ) ;
#676 = VERTEX_POINT ( 'NONE', #3968 ) ;
#677 = DIRECTION ( 'NONE',  ( 0.000000000000000000, 0.000000000000000000, -1.000000000000000000 ) ) ;
#678 = ORIENTED_EDGE ( 'NONE', *, *, #6784, .T. ) ;
#679 = ORIENTED_EDGE ( 'NONE', *, *, #6344, .F. ) ;
#680 = ORIENTED_EDGE ( 'NONE', *, *, #6439, .T. ) ;
#681 = ORIENTED_EDGE ( 'NONE', *, *, #1233, .T. ) ;
#682 = PLANE ( 'NONE',  #7526 ) ;
#683 = EDGE_CURVE ( 'NONE', #6642, #5203, #9203, .T. ) ;
#684 = ORIENTED_EDGE ( 'NONE', *, *, #8479, .T. ) ;
#685 = CARTESIAN_POINT ( 'NONE',  ( 7.599667529665846466, 32.00000000000000000, 24.06419186098128549 ) ) ;
#686 = CARTESIAN_POINT ( 'NONE',  ( -0.7909823162937437147, 24.50000000000000000, 12.85709812454222778 ) ) ;
#687 = DIRECTION ( 'NONE',  ( 0.000000000000000000, -1.000000000000000000, 0.000000000000000000 ) ) ;
#688 = DIRECTION ( 'NONE',  ( -1.000000000000000000, 0.000000000000000000, 0.000000000000000000 ) ) ;
#689 = DIRECTION ( 'NONE',  ( 0.000000000000000000, -0.000000000000000000, -1.000000000000000000 ) ) ;
#690 = CARTESIAN_POINT ( 'NONE',  ( 1.500000000000000222, 9.499999999999998224, -2.201678149889266134 ) ) ;
#691 = ORIENTED_EDGE ( 'NONE', *, *, #7211, .F. ) ;
#692 = CARTESIAN_POINT ( 'NONE',  ( -10.26147307730576586, 23.00000000000000000, 18.29275258562278950 ) ) ;
#693 = DIRECTION ( 'NONE',  ( 0.000000000000000000, 0.000000000000000000, 1.000000000000000000 ) ) ;
#694 = ORIENTED_EDGE ( 'NONE', *, *, #5212, .T. ) ;
#695 = VERTEX_POINT ( 'NONE', #5819 ) ;
#696 = EDGE_CURVE ( 'NONE', #10172, #4136, #1165, .T. ) ;
#697 = CARTESIAN_POINT ( 'NONE',  ( -1.578995031280153061, 24.50000000000000000, 11.45240343668181104 ) ) ;
#698 = LINE ( 'NONE', #4129, #2698 ) ;
#699 = ORIENTED_EDGE ( 'NONE', *, *, #9436, .T. ) ;
#700 = DIRECTION ( 'NONE',  ( 0.000000000000000000, -1.000000000000000000, 0.000000000000000000 ) ) ;
#701 = FACE_OUTER_BOUND ( 'NONE', #6754, .T. ) ;
#702 = B_SPLINE_CURVE_WITH_KNOTS ( 'NONE', 3,
 ( #7409, #9887, #4927, #2985, #3148, #10729, #6564, #5550, #10001, #6400, #9156, #9100, #2307, #8986 ),
 .UNSPECIFIED., .F., .F.,
 ( 4, 2, 2, 2, 2, 2, 4 ),
 ( 0.000000000000000000, 0.0009303598066717015105, 0.001395539710007551995, 0.001860719613343402587, 0.002325899516679252529, 0.002791079420015103122, 0.003721439226686804307 ),
 .UNSPECIFIED. ) ;
#703 = CARTESIAN_POINT ( 'NONE',  ( -13.49999999999999822, 0.5000000000000000000, -22.33097289055185897 ) ) ;
#704 = AXIS2_PLACEMENT_3D ( 'NONE', #10150, #5983, #8567 ) ;
#705 = EDGE_LOOP ( 'NONE', ( #8290, #5564, #9963, #9518 ) ) ;
#706 = ORIENTED_EDGE ( 'NONE', *, *, #9865, .T. ) ;
#707 = DIRECTION ( 'NONE',  ( -0.000000000000000000, 1.000000000000000000, 0.000000000000000000 ) ) ;
#708 = ADVANCED_FACE ( 'NONE', ( #5195 ), #7788, .F. ) ;
#709 = CARTESIAN_POINT ( 'NONE',  ( -7.601536384991222306, 32.00000000000000000, 25.49999999999943867 ) ) ;
#710 = EDGE_CURVE ( 'NONE', #3281, #11097, #3583, .T. ) ;
#711 = DIRECTION ( 'NONE',  ( 1.000000000000000000, -0.000000000000000000, 6.033511238739806017E-15 ) ) ;
#712 = VECTOR ( 'NONE', #8050, 1000.000000000000000 ) ;
#713 = CARTESIAN_POINT ( 'NONE',  ( 25.00000000000000711, 2.000000000000000000, 38.24999999999996447 ) ) ;
#714 = CARTESIAN_POINT ( 'NONE',  ( 18.50000000000000000, -3.469446951953614189E-15, 8.399999999999987921 ) ) ;
#715 = EDGE_CURVE ( 'NONE', #7939, #8005, #2574, .T. ) ;
#716 = LINE ( 'NONE', #10048, #1478 ) ;
#717 = LINE ( 'NONE', #192, #101 ) ;
#718 = CARTESIAN_POINT ( 'NONE',  ( -35.00000000000000000, 16.50000000000002132, 18.98421203201065666 ) ) ;
#719 = ORIENTED_EDGE ( 'NONE', *, *, #7096, .F. ) ;
#720 = CARTESIAN_POINT ( 'NONE',  ( -13.50043034469988434, 9.499999999999998224, 12.01317212208040530 ) ) ;
#721 = AXIS2_PLACEMENT_3D ( 'NONE', #7005, #5196, #5304 ) ;
#722 = AXIS2_PLACEMENT_3D ( 'NONE', #6231, #8819, #1117 ) ;
#723 = ORIENTED_EDGE ( 'NONE', *, *, #10854, .T. ) ;
#724 = CARTESIAN_POINT ( 'NONE',  ( -33.50000000000000000, 10.49999999999999467, 1.749999999999952927 ) ) ;
#725 = PLANE ( 'NONE',  #7291 ) ;
#726 = EDGE_CURVE ( 'NONE', #7882, #808, #3477, .T. ) ;
#727 = CARTESIAN_POINT ( 'NONE',  ( -2.800000000000000266, 9.999999999999998224, -21.14000000000000767 ) ) ;
#728 = ORIENTED_EDGE ( 'NONE', *, *, #1892, .T. ) ;
#729 = COLOUR_RGB ( '',0.7921568627450980005, 0.8196078431372548767, 0.9333333333333333481 ) ;
#730 = CARTESIAN_POINT ( 'NONE',  ( -1.579606886245209951, 32.00000000000000000, 11.46758001443991404 ) ) ;
#731 = DIRECTION ( 'NONE',  ( -1.000000000000000000, 0.000000000000000000, -0.000000000000000000 ) ) ;
#732 = ORIENTED_EDGE ( 'NONE', *, *, #438, .F. ) ;
#733 = DIRECTION ( 'NONE',  ( 0.000000000000000000, 0.000000000000000000, 1.000000000000000000 ) ) ;
#734 = ORIENTED_EDGE ( 'NONE', *, *, #10224, .F. ) ;
#735 = ORIENTED_EDGE ( 'NONE', *, *, #9235, .T. ) ;
#736 = ORIENTED_EDGE ( 'NONE', *, *, #4972, .T. ) ;
#737 = AXIS2_PLACEMENT_3D ( 'NONE', #485, #9882, #3917 ) ;
#738 = CARTESIAN_POINT ( 'NONE',  ( 34.00000000000000000, 29.50000000000000000, 13.00000000000000000 ) ) ;
#739 = ADVANCED_FACE ( 'NONE', ( #5247 ), #4251, .T. ) ;
#740 = VERTEX_POINT ( 'NONE', #7734 ) ;
#741 =( LENGTH_UNIT ( ) NAMED_UNIT ( * ) SI_UNIT ( .MILLI., .METRE. ) );
#742 = CARTESIAN_POINT ( 'NONE',  ( 7.924999999999992717, -13.00000000000000000, -17.60000000000000497 ) ) ;
#743 = LINE ( 'NONE', #4173, #6549 ) ;
#744 = FACE_OUTER_BOUND ( 'NONE', #3555, .T. ) ;
#745 = VECTOR ( 'NONE', #855, 1000.000000000000000 ) ;
#746 = CARTESIAN_POINT ( 'NONE',  ( -8.100000000000003197, -11.50000000000000000, -23.60000000000001208 ) ) ;
#747 = CARTESIAN_POINT ( 'NONE',  ( -19.81171673543281031, 24.50000000000000000, 15.53801126270789190 ) ) ;
#748 = EDGE_LOOP ( 'NONE', ( #2784, #10564, #4208, #2963 ) ) ;
#749 = FACE_OUTER_BOUND ( 'NONE', #10855, .T. ) ;
#750 = ADVANCED_FACE ( 'NONE', ( #2630 ), #5303, .T. ) ;
#751 = LINE ( 'NONE', #5182, #9632 ) ;
#752 = ORIENTED_EDGE ( 'NONE', *, *, #2155, .F. ) ;
#753 = EDGE_CURVE ( 'NONE', #4842, #4018, #7841, .T. ) ;
#754 = AXIS2_PLACEMENT_3D ( 'NONE', #11063, #5254, #6054 ) ;
#755 = ORIENTED_EDGE ( 'NONE', *, *, #9131, .F. ) ;
#756 = CARTESIAN_POINT ( 'NONE',  ( -13.37439034813270311, 10.50999999999999091, 19.09402330380816437 ) ) ;
#757 = CARTESIAN_POINT ( 'NONE',  ( 50.00539578651591910, 10.50999999999999091, -39.28468037378117117 ) ) ;
#758 = ORIENTED_EDGE ( 'NONE', *, *, #5245, .F. ) ;
#759 = FACE_OUTER_BOUND ( 'NONE', #8966, .T. ) ;
#760 = DIRECTION ( 'NONE',  ( 0.9996516900679560669, 7.761651750276111467E-29, -0.02639125886120532657 ) ) ;
#761 = PLANE ( 'NONE',  #4172 ) ;
#762 = CIRCLE ( 'NONE', #6139, 8.499999999999996447 ) ;
#763 = ORIENTED_EDGE ( 'NONE', *, *, #1654, .F. ) ;
#764 = EDGE_LOOP ( 'NONE', ( #809, #5949, #344, #8548 ) ) ;
#765 = DIRECTION ( 'NONE',  ( -0.000000000000000000, -1.000000000000000000, -0.000000000000000000 ) ) ;
#766 = DIRECTION ( 'NONE',  ( -0.000000000000000000, -1.000000000000000000, -0.000000000000000000 ) ) ;
#767 = CARTESIAN_POINT ( 'NONE',  ( 1.580657398827325810, 32.00000000000000000, 11.45240343668185901 ) ) ;
#768 = AXIS2_PLACEMENT_3D ( 'NONE', #7199, #2941, #2048 ) ;
#769 = CARTESIAN_POINT ( 'NONE',  ( -3.000000000000016875, -13.99999999999999822, 7.559999999999986287 ) ) ;
#770 = DIRECTION ( 'NONE',  ( 0.000000000000000000, -1.000000000000000000, 0.000000000000000000 ) ) ;
#771 = FACE_OUTER_BOUND ( 'NONE', #3124, .T. ) ;
#772 = DIRECTION ( 'NONE',  ( 0.000000000000000000, -1.000000000000000000, 0.000000000000000000 ) ) ;
#773 = CARTESIAN_POINT ( 'NONE',  ( -33.50000000000000000, 10.50049802381102815, 18.98421203201065310 ) ) ;
#774 = EDGE_CURVE ( 'NONE', #9482, #6257, #6049, .T. ) ;
#775 = EDGE_LOOP ( 'NONE', ( #2180, #480, #3748, #9715, #7086, #10714, #5343, #9401 ) ) ;
#776 = EDGE_CURVE ( 'NONE', #695, #10971, #8630, .T. ) ;
#777 = LINE ( 'NONE', #2531, #8261 ) ;
#778 = VECTOR ( 'NONE', #1115, 1000.000000000000000 ) ;
#779 = ORIENTED_EDGE ( 'NONE', *, *, #2616, .T. ) ;
#780 = CARTESIAN_POINT ( 'NONE',  ( -3.000000000000016875, -5.500000000000000000, -0.4050000000000138489 ) ) ;
#781 = FACE_OUTER_BOUND ( 'NONE', #4426, .T. ) ;
#782 = B_SPLINE_SURFACE_WITH_KNOTS ( 'NONE', 3, 1, ( 
 ( #3683, #8895 ),
 ( #7104, #8954 ),
 ( #10646, #10535 ),
 ( #6994, #2842 ) ),
 .UNSPECIFIED., .F., .F., .F.,
 ( 4, 4 ),
 ( 2, 2 ),
 ( 3.000000000000000000, 4.000000000000000000 ),
 ( 0.000000000000000000, 1.000000000000000000 ),
 .UNSPECIFIED. ) ;
#783 = DIRECTION ( 'NONE',  ( 0.000000000000000000, 1.000000000000000000, 0.000000000000000000 ) ) ;
#784 = VERTEX_POINT ( 'NONE', #10381 ) ;
#785 = AXIS2_PLACEMENT_3D ( 'NONE', #11039, #1661, #806 ) ;
#786 = CARTESIAN_POINT ( 'NONE',  ( -25.00000000000000000, 1.500000000000000000, 28.99999999999998934 ) ) ;
#787 = DIRECTION ( 'NONE',  ( 1.310214105722663983E-16, 0.000000000000000000, -1.000000000000000000 ) ) ;
#788 = ADVANCED_FACE ( 'NONE', ( #1677 ), #2743, .F. ) ;
#789 = ORIENTED_EDGE ( 'NONE', *, *, #5664, .T. ) ;
#790 = EDGE_CURVE ( 'NONE', #10251, #8495, #2685, .T. ) ;
#791 = ORIENTED_EDGE ( 'NONE', *, *, #3453, .T. ) ;
#792 = VERTEX_POINT ( 'NONE', #5990 ) ;
#793 = EDGE_LOOP ( 'NONE', ( #4249, #8387, #5917, #7948 ) ) ;
#794 = MECHANICAL_DESIGN_GEOMETRIC_PRESENTATION_REPRESENTATION (  '', ( #10847 ), #11028 ) ;
#795 = CARTESIAN_POINT ( 'NONE',  ( -14.49833763245320029, 23.00000000000000000, 24.06419186098114693 ) ) ;
#796 = ORIENTED_EDGE ( 'NONE', *, *, #71, .F. ) ;
#797 = CARTESIAN_POINT ( 'NONE',  ( 10.26313544485287643, 28.50000000000003197, 18.29275258562295647 ) ) ;
#798 = LINE ( 'NONE', #5910, #3342 ) ;
#799 = VECTOR ( 'NONE', #8024, 1000.000000000000000 ) ;
#800 = DIRECTION ( 'NONE',  ( 0.000000000000000000, 0.000000000000000000, -1.000000000000000000 ) ) ;
#801 = DIRECTION ( 'NONE',  ( -7.231381220052033417E-15, 0.000000000000000000, 1.000000000000000000 ) ) ;
#802 = CARTESIAN_POINT ( 'NONE',  ( -3.877618601942272925, 24.99999999999999645, 25.69803449914322613 ) ) ;
#803 = DIRECTION ( 'NONE',  ( -0.000000000000000000, -0.000000000000000000, 1.000000000000000000 ) ) ;
#804 = ORIENTED_EDGE ( 'NONE', *, *, #5501, .T. ) ;
#805 = EDGE_CURVE ( 'NONE', #10998, #6071, #7627, .T. ) ;
#806 = DIRECTION ( 'NONE',  ( 0.000000000000000000, 0.000000000000000000, 1.000000000000000000 ) ) ;
#807 = DIRECTION ( 'NONE',  ( -0.000000000000000000, 1.000000000000000000, -0.000000000000000000 ) ) ;
#808 = VERTEX_POINT ( 'NONE', #6785 ) ;
#809 = ORIENTED_EDGE ( 'NONE', *, *, #438, .T. ) ;
#810 = DIRECTION ( 'NONE',  ( 0.000000000000000000, 1.000000000000000000, 0.000000000000000000 ) ) ;
#811 = CARTESIAN_POINT ( 'NONE',  ( 15.27499999999998614, -13.99999999999999822, -22.60000000000000853 ) ) ;
#812 = EDGE_CURVE ( 'NONE', #9754, #2381, #10214, .T. ) ;
#813 = DIRECTION ( 'NONE',  ( 0.000000000000000000, -0.000000000000000000, 1.000000000000000000 ) ) ;
#814 = LINE ( 'NONE', #84, #2693 ) ;
#815 = DIRECTION ( 'NONE',  ( 0.000000000000000000, 0.000000000000000000, -1.000000000000000000 ) ) ;
#816 = EDGE_CURVE ( 'NONE', #8396, #4742, #7682, .T. ) ;
#817 = CIRCLE ( 'NONE', #991, 5.000000000000000888 ) ;
#818 = VECTOR ( 'NONE', #3452, 1000.000000000000000 ) ;
#819 = ORIENTED_EDGE ( 'NONE', *, *, #9876, .T. ) ;
#820 = VERTEX_POINT ( 'NONE', #8271 ) ;
#821 = CARTESIAN_POINT ( 'NONE',  ( -3.100088496576545616, 32.00000000000000000, 9.027982885241424782 ) ) ;
#822 = DIRECTION ( 'NONE',  ( -1.000000000000000000, -0.000000000000000000, -0.000000000000000000 ) ) ;
#823 = DIRECTION ( 'NONE',  ( 0.000000000000000000, 1.000000000000000000, 3.491481338843133355E-15 ) ) ;
#824 = ADVANCED_FACE ( 'NONE', ( #3693 ), #3637, .F. ) ;
#825 = VECTOR ( 'NONE', #10080, 1000.000000000000000 ) ;
#826 = DIRECTION ( 'NONE',  ( 1.000000000000000000, 0.000000000000000000, -1.239088197126290817E-16 ) ) ;
#827 = AXIS2_PLACEMENT_3D ( 'NONE', #10497, #5362, #6435 ) ;
#828 = LINE ( 'NONE', #10273, #647 ) ;
#829 = CARTESIAN_POINT ( 'NONE',  ( -33.50000000000000000, 11.99999999999999645, 3.999999999999954259 ) ) ;
#830 = CARTESIAN_POINT ( 'NONE',  ( 1.836970198721030674E-16, -11.49999999999999645, 4.094999999999985540 ) ) ;
#831 = EDGE_CURVE ( 'NONE', #8820, #6806, #9118, .T. ) ;
#832 = DIRECTION ( 'NONE',  ( 1.000000000000000000, -0.000000000000000000, 0.000000000000000000 ) ) ;
#833 = ORIENTED_EDGE ( 'NONE', *, *, #4279, .F. ) ;
#834 = CARTESIAN_POINT ( 'NONE',  ( 3.599158056653534388, 24.49999999999999289, 3.363194449977796374 ) ) ;
#835 = VECTOR ( 'NONE', #9470, 1000.000000000000000 ) ;
#836 = VECTOR ( 'NONE', #18, 1000.000000000000000 ) ;
#837 = ORIENTED_EDGE ( 'NONE', *, *, #5419, .T. ) ;
#838 = FACE_OUTER_BOUND ( 'NONE', #3072, .T. ) ;
#839 = CARTESIAN_POINT ( 'NONE',  ( -11.06228552285211464, 23.00000000000000000, 18.55733591888996514 ) ) ;
#840 = LINE ( 'NONE', #6007, #8595 ) ;
#841 = EDGE_CURVE ( 'NONE', #10116, #2324, #7952, .T. ) ;
#842 = CARTESIAN_POINT ( 'NONE',  ( -1.578323249675340323, 32.00000000000000000, 11.44345228739797093 ) ) ;
#843 = DIRECTION ( 'NONE',  ( 0.000000000000000000, 0.000000000000000000, -1.000000000000000000 ) ) ;
#844 = ORIENTED_EDGE ( 'NONE', *, *, #10676, .T. ) ;
#845 = CARTESIAN_POINT ( 'NONE',  ( 10.26313544482804119, 32.00000000000000000, 18.29275258570828200 ) ) ;
#846 = VERTEX_POINT ( 'NONE', #10805 ) ;
#847 = ORIENTED_EDGE ( 'NONE', *, *, #2890, .T. ) ;
#848 = ORIENTED_EDGE ( 'NONE', *, *, #9856, .T. ) ;
#849 = DIRECTION ( 'NONE',  ( 0.000000000000000000, -0.000000000000000000, 1.000000000000000000 ) ) ;
#850 = EDGE_LOOP ( 'NONE', ( #2974, #86 ) ) ;
#851 = ADVANCED_FACE ( 'NONE', ( #10546 ), #7116, .T. ) ;
#852 = LINE ( 'NONE', #7710, #1729 ) ;
#853 = EDGE_CURVE ( 'NONE', #9143, #3046, #3109, .T. ) ;
#854 = LINE ( 'NONE', #9462, #836 ) ;
#855 = DIRECTION ( 'NONE',  ( 0.000000000000000000, 1.000000000000000000, 3.491481338843133355E-15 ) ) ;
#856 = FACE_OUTER_BOUND ( 'NONE', #5729, .T. ) ;
#857 = DIRECTION ( 'NONE',  ( -0.000000000000000000, -1.000000000000000000, -0.000000000000000000 ) ) ;
#858 = EDGE_CURVE ( 'NONE', #8682, #10002, #3861, .T. ) ;
#859 = VERTEX_POINT ( 'NONE', #10747 ) ;
#860 = CARTESIAN_POINT ( 'NONE',  ( -14.21914622032904418, 26.50000000000000000, 20.06569260839445690 ) ) ;
#861 = VECTOR ( 'NONE', #7017, 1000.000000000000000 ) ;
#862 = LINE ( 'NONE', #4181, #2641 ) ;
#863 = VERTEX_POINT ( 'NONE', #6585 ) ;
#864 = ORIENTED_EDGE ( 'NONE', *, *, #10310, .T. ) ;
#865 = CARTESIAN_POINT ( 'NONE',  ( -13.37439034813270311, 10.50999999999999091, 19.09402330380816437 ) ) ;
#866 = DIRECTION ( 'NONE',  ( 0.000000000000000000, 0.000000000000000000, -1.000000000000000000 ) ) ;
#867 = EDGE_CURVE ( 'NONE', #2435, #5592, #3350, .T. ) ;
#868 = LINE ( 'NONE', #5079, #9449 ) ;
#869 = DIRECTION ( 'NONE',  ( 0.000000000000000000, -1.000000000000000000, 0.000000000000000000 ) ) ;
#870 = VECTOR ( 'NONE', #5834, 999.9999999999998863 ) ;
#871 = CARTESIAN_POINT ( 'NONE',  ( -15.27500000000000746, -13.99999999999999822, -16.60000000000000853 ) ) ;
#872 = EDGE_LOOP ( 'NONE', ( #2880, #3500, #7625, #5170 ) ) ;
#873 = VERTEX_POINT ( 'NONE', #8794 ) ;
#874 = CARTESIAN_POINT ( 'NONE',  ( 2.799999999999999378, -2.999999999999999112, 15.53801126270789190 ) ) ;
#875 = CARTESIAN_POINT ( 'NONE',  ( 3.362014145209423877, 24.49999999999999289, 0.4428159192691053514 ) ) ;
#876 = FACE_OUTER_BOUND ( 'NONE', #8761, .T. ) ;
#877 = ADVANCED_FACE ( 'NONE', ( #9961 ), #9703, .F. ) ;
#878 = DIRECTION ( 'NONE',  ( 0.000000000000000000, 0.000000000000000000, -1.000000000000000000 ) ) ;
#879 = LINE ( 'NONE', #150, #1905 ) ;
#880 = CIRCLE ( 'NONE', #530, 1.000000000000000888 ) ;
#881 = LINE ( 'NONE', #6790, #3635 ) ;
#882 = ORIENTED_EDGE ( 'NONE', *, *, #7211, .T. ) ;
#883 = FACE_OUTER_BOUND ( 'NONE', #9115, .T. ) ;
#884 = ADVANCED_FACE ( 'NONE', ( #8851 ), #2325, .T. ) ;
#885 = EDGE_LOOP ( 'NONE', ( #9304, #1160, #8423, #1400 ) ) ;
#886 = FACE_OUTER_BOUND ( 'NONE', #5001, .T. ) ;
#887 = AXIS2_PLACEMENT_3D ( 'NONE', #246, #3788, #6197 ) ;
#888 = EDGE_LOOP ( 'NONE', ( #465, #5755, #3005, #2097 ) ) ;
#889 = CARTESIAN_POINT ( 'NONE',  ( 1.959434878635766216E-16, -13.91959594928933441, 16.73801126270788941 ) ) ;
#890 = CARTESIAN_POINT ( 'NONE',  ( -8.871527771925517669, 23.00000000000000000, 17.83061455815271401 ) ) ;
#891 = ADVANCED_FACE ( 'NONE', ( #5735 ), #5356, .T. ) ;
#892 = CARTESIAN_POINT ( 'NONE',  ( 14.09999999999999432, -5.500000000000000000, -22.60000000000000853 ) ) ;
#893 = AXIS2_PLACEMENT_3D ( 'NONE', #3466, #2162, #4565 ) ;
#894 = DIRECTION ( 'NONE',  ( 0.000000000000000000, -1.000000000000000000, 0.000000000000000000 ) ) ;
#895 = ORIENTED_EDGE ( 'NONE', *, *, #6064, .F. ) ;
#896 = DIRECTION ( 'NONE',  ( -0.000000000000000000, -1.000000000000000000, -0.000000000000000000 ) ) ;
#897 = ORIENTED_EDGE ( 'NONE', *, *, #3298, .T. ) ;
#898 = VERTEX_POINT ( 'NONE', #7895 ) ;
#899 =( NAMED_UNIT ( * ) PLANE_ANGLE_UNIT ( ) SI_UNIT ( $, .RADIAN. ) );
#900 = FACE_OUTER_BOUND ( 'NONE', #2319, .T. ) ;
#901 = AXIS2_PLACEMENT_3D ( 'NONE', #350, #7103, #7209 ) ;
#902 = CIRCLE ( 'NONE', #184, 5.199999999999996625 ) ;
#903 = ORIENTED_EDGE ( 'NONE', *, *, #9413, .F. ) ;
#904 = CARTESIAN_POINT ( 'NONE',  ( -15.00000000000000000, 0.000000000000000000, 13.39999999999998792 ) ) ;
#905 = DIRECTION ( 'NONE',  ( 0.000000000000000000, -1.000000000000000000, -2.940873454663932011E-27 ) ) ;
#906 = CARTESIAN_POINT ( 'NONE',  ( 3.504143963082937407, 26.50000000000000000, 13.26303376504072951 ) ) ;
#907 = DIRECTION ( 'NONE',  ( -0.000000000000000000, -0.000000000000000000, 1.000000000000000000 ) ) ;
#908 = PLANE ( 'NONE',  #9916 ) ;
#909 = VERTEX_POINT ( 'NONE', #7060 ) ;
#910 = DIRECTION ( 'NONE',  ( 0.000000000000000000, 1.000000000000000000, 0.000000000000000000 ) ) ;
#911 = VECTOR ( 'NONE', #1202, 1000.000000000000000 ) ;
#912 = EDGE_CURVE ( 'NONE', #5607, #10401, #10491, .T. ) ;
#913 = EDGE_CURVE ( 'NONE', #7658, #5466, #2863, .T. ) ;
#914 = CARTESIAN_POINT ( 'NONE',  ( -6.925000000000007816, -13.00000000000000000, -16.60000000000000853 ) ) ;
#915 = CARTESIAN_POINT ( 'NONE',  ( -8.743329047513924479, 23.00000000000000000, -6.021333691102118024 ) ) ;
#916 = EDGE_LOOP ( 'NONE', ( #2038, #7808, #8992, #4763 ) ) ;
#917 = ORIENTED_EDGE ( 'NONE', *, *, #2117, .T. ) ;
#918 = CYLINDRICAL_SURFACE ( 'NONE', #14, 1.000000000000000888 ) ;
#919 = FACE_OUTER_BOUND ( 'NONE', #10422, .T. ) ;
#920 = VECTOR ( 'NONE', #10078, 1000.000000000000000 ) ;
#921 = DIRECTION ( 'NONE',  ( -1.310214105722663983E-16, -0.000000000000000000, 1.000000000000000000 ) ) ;
#922 = LINE ( 'NONE', #1671, #7546 ) ;
#923 = CARTESIAN_POINT ( 'NONE',  ( 25.00000000000000711, 32.00000000000000000, 28.99999999999997158 ) ) ;
#924 = ORIENTED_EDGE ( 'NONE', *, *, #2337, .T. ) ;
#925 = ORIENTED_EDGE ( 'NONE', *, *, #7930, .F. ) ;
#926 = EDGE_CURVE ( 'NONE', #4881, #6550, #8619, .T. ) ;
#927 = AXIS2_PLACEMENT_3D ( 'NONE', #9767, #1216, #10663 ) ;
#928 = EDGE_LOOP ( 'NONE', ( #6449, #1773 ) ) ;
#929 = CARTESIAN_POINT ( 'NONE',  ( 7.924999999999992717, -13.99999999999999822, -17.60000000000000497 ) ) ;
#930 = CARTESIAN_POINT ( 'NONE',  ( -35.00000000000000000, 17.25000000000000000, 24.99999999999995381 ) ) ;
#931 = FACE_OUTER_BOUND ( 'NONE', #519, .T. ) ;
#932 = LINE ( 'NONE', #9595, #4677 ) ;
#933 = CARTESIAN_POINT ( 'NONE',  ( -2.984766773067499379, 24.49999999999999645, -0.2730657524832748040 ) ) ;
#934 = CARTESIAN_POINT ( 'NONE',  ( -25.00000000000000000, 0.000000000000000000, -29.00000000000000355 ) ) ;
#935 = EDGE_LOOP ( 'NONE', ( #9957, #5316, #3191, #9399 ) ) ;
#936 = EDGE_CURVE ( 'NONE', #6461, #10013, #1356, .T. ) ;
#937 = VERTEX_POINT ( 'NONE', #4523 ) ;
#938 = PLANE ( 'NONE',  #8940 ) ;
#939 = AXIS2_PLACEMENT_3D ( 'NONE', #307, #1034, #4460 ) ;
#940 = ORIENTED_EDGE ( 'NONE', *, *, #2297, .T. ) ;
#941 = CARTESIAN_POINT ( 'NONE',  ( -10.26147307730576586, 29.50000000000000000, 18.29275258562281437 ) ) ;
#942 = CARTESIAN_POINT ( 'NONE',  ( -8.871527771925517669, 28.50000000000003197, 17.83061455815271401 ) ) ;
#943 = PRODUCT_DEFINITION ( 'UNKNOWN', '', #6952, #10398 ) ;
#944 = CARTESIAN_POINT ( 'NONE',  ( 35.00000000000000000, 3.000000000000000000, -29.00000000000000355 ) ) ;
#945 = B_SPLINE_CURVE_WITH_KNOTS ( 'NONE', 3,
 ( #3973, #9321, #4921, #8416, #3313, #6502, #1625, #7402, #5038, #8471, #9995, #3084, #2302, #9150, #4368, #2581 ),
 .UNSPECIFIED., .F., .F.,
 ( 4, 2, 2, 2, 2, 2, 2, 4 ),
 ( 0.000000000000000000, 0.001127754229173419734, 0.001691631343760129601, 0.002255508458346839468, 0.002819385572933549335, 0.003383262687520259202, 0.003947139802106969068, 0.004511016916693678935 ),
 .UNSPECIFIED. ) ;
#946 = VECTOR ( 'NONE', #3045, 1000.000000000000000 ) ;
#947 = DIRECTION ( 'NONE',  ( -0.000000000000000000, 1.000000000000000000, -0.000000000000000000 ) ) ;
#948 = EDGE_LOOP ( 'NONE', ( #5620, #1835, #9577, #3465, #5475, #9864 ) ) ;
#949 = CARTESIAN_POINT ( 'NONE',  ( 2.800000000000000266, 9.999999999999998224, -21.14000000000000767 ) ) ;
#950 = ADVANCED_FACE ( 'NONE', ( #4577 ), #8011, .F. ) ;
#951 = VERTEX_POINT ( 'NONE', #1707 ) ;
#952 = ORIENTED_EDGE ( 'NONE', *, *, #7513, .T. ) ;
#953 =( NAMED_UNIT ( * ) SI_UNIT ( $, .STERADIAN. ) SOLID_ANGLE_UNIT ( ) );
#954 = DIRECTION ( 'NONE',  ( -1.000000000000000000, -0.000000000000000000, -0.000000000000000000 ) ) ;
#955 = VECTOR ( 'NONE', #6317, 1000.000000000000000 ) ;
#956 = VERTEX_POINT ( 'NONE', #5117 ) ;
#957 = DIRECTION ( 'NONE',  ( 1.000000000000000000, 0.000000000000000000, 0.000000000000000000 ) ) ;
#958 = ADVANCED_FACE ( 'NONE', ( #11085 ), #2601, .F. ) ;
#959 = PLANE ( 'NONE',  #4041 ) ;
#960 = DIRECTION ( 'NONE',  ( -0.000000000000000000, -1.000000000000000000, -0.000000000000000000 ) ) ;
#961 = PRODUCT ( 'Back Part 2', 'Back Part 2', '', ( #9505 ) ) ;
#962 = LINE ( 'NONE', #10306, #5425 ) ;
#963 = ORIENTED_EDGE ( 'NONE', *, *, #9166, .T. ) ;
#964 = LINE ( 'NONE', #3461, #9583 ) ;
#965 = AXIS2_PLACEMENT_3D ( 'NONE', #2905, #3794, #7218 ) ;
#966 = EDGE_CURVE ( 'NONE', #6827, #9190, #4111, .T. ) ;
#967 = DIRECTION ( 'NONE',  ( 0.000000000000000000, 0.000000000000000000, -1.000000000000000000 ) ) ;
#968 = CARTESIAN_POINT ( 'NONE',  ( -15.00000000000000000, 0.000000000000000000, 8.399999999999987921 ) ) ;
#969 = ORIENTED_EDGE ( 'NONE', *, *, #8987, .T. ) ;
#970 = ORIENTED_EDGE ( 'NONE', *, *, #1435, .T. ) ;
#971 = LINE ( 'NONE', #4405, #4309 ) ;
#972 = DIRECTION ( 'NONE',  ( 0.000000000000000000, 0.000000000000000000, 1.000000000000000000 ) ) ;
#973 = FACE_OUTER_BOUND ( 'NONE', #10182, .T. ) ;
#974 = EDGE_CURVE ( 'NONE', #4454, #6809, #13, .T. ) ;
#975 = DIRECTION ( 'NONE',  ( -0.000000000000000000, -1.000000000000000000, -0.000000000000000000 ) ) ;
#976 = DIRECTION ( 'NONE',  ( 0.000000000000000000, 0.000000000000000000, -1.000000000000000000 ) ) ;
#977 = VERTEX_POINT ( 'NONE', #10187 ) ;
#978 = VECTOR ( 'NONE', #3809, 1000.000000000000000 ) ;
#979 = VERTEX_POINT ( 'NONE', #4280 ) ;
#980 = ORIENTED_EDGE ( 'NONE', *, *, #339, .F. ) ;
#981 = CARTESIAN_POINT ( 'NONE',  ( 25.00000000000000000, 3.000000000000000000, -29.00000000000000355 ) ) ;
#982 = ORIENTED_EDGE ( 'NONE', *, *, #5927, .F. ) ;
#983 = LINE ( 'NONE', #8743, #2532 ) ;
#984 = LINE ( 'NONE', #4255, #9142 ) ;
#985 = ORIENTED_EDGE ( 'NONE', *, *, #6386, .F. ) ;
#986 = DIRECTION ( 'NONE',  ( -0.06109926041442381717, -0.000000000000000000, 0.9981316949064438226 ) ) ;
#987 = VECTOR ( 'NONE', #7004, 1000.000000000000000 ) ;
#988 = DIRECTION ( 'NONE',  ( 0.000000000000000000, 1.000000000000000000, 3.491481338843133355E-15 ) ) ;
#989 = EDGE_CURVE ( 'NONE', #5398, #10031, #3394, .T. ) ;
#990 = ADVANCED_FACE ( 'NONE', ( #9290 ), #2437, .F. ) ;
#991 = AXIS2_PLACEMENT_3D ( 'NONE', #1058, #5375, #3550 ) ;
#992 = CARTESIAN_POINT ( 'NONE',  ( -45.97666018330589566, 16.50000000000002132, 18.98421203201065666 ) ) ;
#993 = EDGE_CURVE ( 'NONE', #6438, #6343, #8636, .T. ) ;
#994 = ORIENTED_EDGE ( 'NONE', *, *, #10397, .T. ) ;
#995 = ORIENTED_EDGE ( 'NONE', *, *, #6124, .T. ) ;
#996 = CARTESIAN_POINT ( 'NONE',  ( 2.999999999999982236, -13.99999999999999822, 7.559999999999986287 ) ) ;
#997 = VECTOR ( 'NONE', #9332, 1000.000000000000000 ) ;
#998 = ORIENTED_EDGE ( 'NONE', *, *, #4819, .T. ) ;
#999 = VECTOR ( 'NONE', #5825, 1000.000000000000000 ) ;
#1000 = CARTESIAN_POINT ( 'NONE',  ( 0.000000000000000000, -13.99999999999999822, -18.43835307503515608 ) ) ;
#1001 = LINE ( 'NONE', #2592, #3589 ) ;
#1002 = CARTESIAN_POINT ( 'NONE',  ( -2.799606528344505296, 32.00000000000000711, 4.031043438379135146 ) ) ;
#1003 = EDGE_CURVE ( 'NONE', #3066, #2010, #9234, .T. ) ;
#1004 = CARTESIAN_POINT ( 'NONE',  ( 0.000000000000000000, 32.00000000000000000, 13.00000000000000000 ) ) ;
#1005 = AXIS2_PLACEMENT_3D ( 'NONE', #2382, #5116, #3393 ) ;
#1006 = CARTESIAN_POINT ( 'NONE',  ( -4.219146220329037966, 26.50000000000000000, 20.06569260839445690 ) ) ;
#1007 = AXIS2_PLACEMENT_3D ( 'NONE', #10662, #6327, #8915 ) ;
#1008 = EDGE_LOOP ( 'NONE', ( #6148, #3276, #7454, #1080, #5549, #11081, #8944, #2340, #5904, #3463 ) ) ;
#1009 = DIRECTION ( 'NONE',  ( -0.000000000000000000, 1.000000000000000000, -0.000000000000000000 ) ) ;
#1010 = ORIENTED_EDGE ( 'NONE', *, *, #3785, .F. ) ;
#1011 = EDGE_LOOP ( 'NONE', ( #9416, #3111, #10333, #7424 ) ) ;
#1012 = PRODUCT_CONTEXT ( 'NONE', #3538, 'mechanical' ) ;
#1013 = FACE_BOUND ( 'NONE', #4651, .T. ) ;
#1014 = VERTEX_POINT ( 'NONE', #5852 ) ;
#1015 = CARTESIAN_POINT ( 'NONE',  ( -3.100088496576530517, 24.49999999999996803, 7.434263784897475524 ) ) ;
#1016 = EDGE_CURVE ( 'NONE', #808, #3717, #11029, .T. ) ;
#1017 = LINE ( 'NONE', #4554, #1920 ) ;
#1018 = FACE_OUTER_BOUND ( 'NONE', #3898, .T. ) ;
#1019 = DIRECTION ( 'NONE',  ( 9.815291161854818648E-14, -2.940873454663932011E-27, 1.000000000000000000 ) ) ;
#1020 = ORIENTED_EDGE ( 'NONE', *, *, #4720, .F. ) ;
#1021 = CARTESIAN_POINT ( 'NONE',  ( 6.346119218776774318, 9.499999999999998224, 11.64859530943569332 ) ) ;
#1022 = LINE ( 'NONE', #4399, #2726 ) ;
#1023 = EDGE_CURVE ( 'NONE', #10013, #3046, #3450, .T. ) ;
#1024 = DIRECTION ( 'NONE',  ( 0.000000000000000000, 0.000000000000000000, -1.000000000000000000 ) ) ;
#1025 = B_SPLINE_CURVE_WITH_KNOTS ( 'NONE', 3,
 ( #11014, #8314, #2480, #4097, #10114, #4990, #4154, #7696, #7588, #5951, #3322, #9219, #5103, #1516 ),
 .UNSPECIFIED., .F., .F.,
 ( 4, 2, 2, 2, 2, 2, 4 ),
 ( 0.000000000000000000, 0.0009304940717840282918, 0.001395741107676041516, 0.001860988143568054632, 0.002326235179460067314, 0.002791482215352080864, 0.003721976287136106662 ),
 .UNSPECIFIED. ) ;
#1026 = ORIENTED_EDGE ( 'NONE', *, *, #9876, .F. ) ;
#1027 = ORIENTED_EDGE ( 'NONE', *, *, #9140, .T. ) ;
#1028 = CARTESIAN_POINT ( 'NONE',  ( -19.81171673543281031, 28.49999999999999645, 27.23807268525122538 ) ) ;
#1029 = DIRECTION ( 'NONE',  ( -4.483001173306440485E-11, -0.000000000000000000, 1.000000000000000000 ) ) ;
#1030 = ADVANCED_FACE ( 'NONE', ( #1594 ), #4223, .T. ) ;
#1031 = CARTESIAN_POINT ( 'NONE',  ( -2.000000000000016875, 3.000000000000002665, 6.559999999999986287 ) ) ;
#1032 = LINE ( 'NONE', #3686, #911 ) ;
#1033 = CARTESIAN_POINT ( 'NONE',  ( 2.999999999999981792, -5.500000000000000000, 5.594999999999988205 ) ) ;
#1034 = DIRECTION ( 'NONE',  ( -0.000000000000000000, -1.000000000000000000, -0.000000000000000000 ) ) ;
#1035 = VERTEX_POINT ( 'NONE', #5059 ) ;
#1036 = CARTESIAN_POINT ( 'NONE',  ( -19.81171673543281031, 9.499999999999998224, 12.01317212208040708 ) ) ;
#1037 = AXIS2_PLACEMENT_3D ( 'NONE', #4606, #4655, #282 ) ;
#1038 = ORIENTED_EDGE ( 'NONE', *, *, #2128, .T. ) ;
#1039 = EDGE_LOOP ( 'NONE', ( #3275, #1923, #6157, #139 ) ) ;
#1040 = EDGE_CURVE ( 'NONE', #9307, #7109, #1472, .T. ) ;
#1041 = DIRECTION ( 'NONE',  ( -1.000000000000000000, -0.000000000000000000, -0.000000000000000000 ) ) ;
#1042 = CARTESIAN_POINT ( 'NONE',  ( 2.251544362057745996, 24.50000000000000000, -1.046527771142004681 ) ) ;
#1043 = CARTESIAN_POINT ( 'NONE',  ( 8.869658916609672872, 28.50000000000000000, 17.83061455812347162 ) ) ;
#1044 = VECTOR ( 'NONE', #11071, 1000.000000000000000 ) ;
#1045 = VERTEX_POINT ( 'NONE', #623 ) ;
#1046 = CARTESIAN_POINT ( 'NONE',  ( 7.099999999999996092, -5.500000000000000000, -23.60000000000000853 ) ) ;
#1047 = DIRECTION ( 'NONE',  ( -1.000000000000000000, -0.000000000000000000, -0.000000000000000000 ) ) ;
#1048 = CARTESIAN_POINT ( 'NONE',  ( -10.26147307730576586, 25.00000000000011013, 18.29275258562279660 ) ) ;
#1049 = ORIENTED_EDGE ( 'NONE', *, *, #7452, .T. ) ;
#1050 = ORIENTED_EDGE ( 'NONE', *, *, #2681, .F. ) ;
#1051 = EDGE_CURVE ( 'NONE', #7787, #7311, #2721, .T. ) ;
#1052 = EDGE_CURVE ( 'NONE', #10235, #7939, #10129, .T. ) ;
#1053 = DIRECTION ( 'NONE',  ( 1.000000000000000000, 0.000000000000000000, -1.445602896647339410E-16 ) ) ;
#1054 = ORIENTED_EDGE ( 'NONE', *, *, #10302, .F. ) ;
#1055 = DIRECTION ( 'NONE',  ( 1.000000000000000000, -0.000000000000000000, 0.000000000000000000 ) ) ;
#1056 = DIRECTION ( 'NONE',  ( 0.000000000000000000, 0.000000000000000000, 1.000000000000000000 ) ) ;
#1057 = CARTESIAN_POINT ( 'NONE',  ( -1.794917134591078156, 32.00000000000000711, 4.886203936945578086 ) ) ;
#1058 = CARTESIAN_POINT ( 'NONE',  ( -15.00000000000000000, 0.000000000000000000, 8.399999999999987921 ) ) ;
#1059 = DIRECTION ( 'NONE',  ( -1.000000000000000000, 0.000000000000000000, 0.000000000000000000 ) ) ;
#1060 = VERTEX_POINT ( 'NONE', #6643 ) ;
#1061 = LINE ( 'NONE', #4492, #8624 ) ;
#1062 = VECTOR ( 'NONE', #9664, 1000.000000000000000 ) ;
#1063 = ORIENTED_EDGE ( 'NONE', *, *, #9153, .T. ) ;
#1064 = EDGE_CURVE ( 'NONE', #6331, #7811, #1531, .T. ) ;
#1065 = ORIENTED_EDGE ( 'NONE', *, *, #3325, .T. ) ;
#1066 = DIRECTION ( 'NONE',  ( -0.000000000000000000, 0.000000000000000000, 1.000000000000000000 ) ) ;
#1067 = VERTEX_POINT ( 'NONE', #10073 ) ;
#1068 = CARTESIAN_POINT ( 'NONE',  ( -3.100088496576544728, 24.49999999999996447, 8.757180451233420371 ) ) ;
#1069 = AXIS2_PLACEMENT_3D ( 'NONE', #10315, #1776, #9365 ) ;
#1070 = PLANE ( 'NONE',  #6014 ) ;
#1071 = CARTESIAN_POINT ( 'NONE',  ( 34.25000000000000000, 0.000000000000000000, -29.00000000000002487 ) ) ;
#1072 = CARTESIAN_POINT ( 'NONE',  ( 7.099999999999996092, -5.500000000000000000, -16.60000000000000142 ) ) ;
#1073 = ORIENTED_EDGE ( 'NONE', *, *, #7763, .T. ) ;
#1074 = DIRECTION ( 'NONE',  ( -0.000000000000000000, 1.000000000000000000, -0.000000000000000000 ) ) ;
#1075 = EDGE_CURVE ( 'NONE', #4635, #977, #2384, .T. ) ;
#1076 = CARTESIAN_POINT ( 'NONE',  ( -2.261362401978850745, 24.50000000000000711, 4.567163846937778438 ) ) ;
#1077 = AXIS2_PLACEMENT_3D ( 'NONE', #6486, #1375, #4790 ) ;
#1078 = CARTESIAN_POINT ( 'NONE',  ( -2.999999999999999112, 9.499999999999998224, 15.53801126270789190 ) ) ;
#1079 = VECTOR ( 'NONE', #6287, 1000.000000000000000 ) ;
#1080 = ORIENTED_EDGE ( 'NONE', *, *, #10583, .F. ) ;
#1081 = ORIENTED_EDGE ( 'NONE', *, *, #10316, .F. ) ;
#1082 = CARTESIAN_POINT ( 'NONE',  ( -14.99999999999999645, 0.5000000000000000000, -21.60000000000001208 ) ) ;
#1083 = CARTESIAN_POINT ( 'NONE',  ( 25.00000000000000711, 2.000000000000000000, -29.00000000000002132 ) ) ;
#1084 = CARTESIAN_POINT ( 'NONE',  ( 25.00000000000000000, 3.000000000000000000, 38.99999999999999289 ) ) ;
#1085 = PLANE ( 'NONE',  #10609 ) ;
#1086 = ADVANCED_FACE ( 'NONE', ( #8388 ), #682, .F. ) ;
#1087 = CIRCLE ( 'NONE', #4315, 1.000000000000000888 ) ;
#1088 = LINE ( 'NONE', #4516, #288 ) ;
#1089 = CARTESIAN_POINT ( 'NONE',  ( -25.00000000000000000, 5.000000000000000000, 38.24999999999999289 ) ) ;
#1090 = VERTEX_POINT ( 'NONE', #7924 ) ;
#1091 = DIRECTION ( 'NONE',  ( 1.310214105722663983E-16, 0.000000000000000000, -1.000000000000000000 ) ) ;
#1092 = ADVANCED_FACE ( 'NONE', ( #5330 ), #7867, .F. ) ;
#1093 = ORIENTED_EDGE ( 'NONE', *, *, #2625, .F. ) ;
#1094 = DIRECTION ( 'NONE',  ( -0.000000000000000000, -0.000000000000000000, 1.000000000000000000 ) ) ;
#1095 = AXIS2_PLACEMENT_3D ( 'NONE', #7792, #4471, #4421 ) ;
#1096 = CARTESIAN_POINT ( 'NONE',  ( -27.50000000000000355, 10.49999999999999112, 13.24999999999995204 ) ) ;
#1097 = CARTESIAN_POINT ( 'NONE',  ( 2.799999999999999378, 23.00000000000000000, 21.13801126270789155 ) ) ;
#1098 = VERTEX_POINT ( 'NONE', #63 ) ;
#1099 = CARTESIAN_POINT ( 'NONE',  ( 34.00000000000000000, 29.50000000000000000, 28.99999999999997513 ) ) ;
#1100 = DIRECTION ( 'NONE',  ( 1.000000000000000000, -0.000000000000000000, 2.312964634635749366E-16 ) ) ;
#1101 = EDGE_CURVE ( 'NONE', #6482, #3902, #5274, .T. ) ;
#1102 = CARTESIAN_POINT ( 'NONE',  ( 1.373260321198249923, 24.50000000000000000, 12.27552364681331909 ) ) ;
#1103 = AXIS2_PLACEMENT_3D ( 'NONE', #3455, #8446, #6025 ) ;
#1104 = ORIENTED_EDGE ( 'NONE', *, *, #3132, .T. ) ;
#1105 = ORIENTED_EDGE ( 'NONE', *, *, #6933, .T. ) ;
#1106 = CARTESIAN_POINT ( 'NONE',  ( 15.00000000000000000, -13.00000000000000000, 8.399999999999987921 ) ) ;
#1107 = EDGE_LOOP ( 'NONE', ( #7786, #10474, #2551, #9214 ) ) ;
#1108 = CARTESIAN_POINT ( 'NONE',  ( -7.601536384991169903, 28.49999999999999645, 18.11989491965041665 ) ) ;
#1109 = CARTESIAN_POINT ( 'NONE',  ( -14.27500000000000568, -13.99999999999999822, -17.60000000000000853 ) ) ;
#1110 = VECTOR ( 'NONE', #6606, 1000.000000000000000 ) ;
#1111 = DIRECTION ( 'NONE',  ( 1.000000000000000000, 0.000000000000000000, 0.000000000000000000 ) ) ;
#1112 = CARTESIAN_POINT ( 'NONE',  ( -25.88422689413609490, 11.99999999999999645, 3.999999999999954259 ) ) ;
#1113 = ADVANCED_FACE ( 'NONE', ( #6921 ), #1812, .F. ) ;
#1114 = EDGE_CURVE ( 'NONE', #5275, #5638, #5221, .T. ) ;
#1115 = DIRECTION ( 'NONE',  ( 1.000000000000000000, 0.000000000000000000, 0.000000000000000000 ) ) ;
#1116 = VERTEX_POINT ( 'NONE', #6180 ) ;
#1117 = DIRECTION ( 'NONE',  ( -0.000000000000000000, 0.000000000000000000, -1.000000000000000000 ) ) ;
#1118 = VECTOR ( 'NONE', #85, 1000.000000000000000 ) ;
#1119 = ORIENTED_EDGE ( 'NONE', *, *, #812, .T. ) ;
#1120 = DIRECTION ( 'NONE',  ( 1.000000000000000000, -1.318503921650895496E-37, 4.483001173306441131E-11 ) ) ;
#1121 = CARTESIAN_POINT ( 'NONE',  ( 695.9594270195706258, 868.6231861209186036, 1305.124402200098075 ) ) ;
#1122 = CARTESIAN_POINT ( 'NONE',  ( -3.000000000000016875, -13.99999999999999822, 7.559999999999986287 ) ) ;
#1123 = ORIENTED_EDGE ( 'NONE', *, *, #7980, .T. ) ;
#1124 = CARTESIAN_POINT ( 'NONE',  ( -1.579617136008335088, 24.50000000000000000, 11.48414578258326912 ) ) ;
#1125 = CIRCLE ( 'NONE', #1303, 8.999999999999998224 ) ;
#1126 = DIRECTION ( 'NONE',  ( 0.000000000000000000, -1.000000000000000000, 0.000000000000000000 ) ) ;
#1127 = CARTESIAN_POINT ( 'NONE',  ( -13.37439034836756413, 10.50999999999999091, 24.33278622160655047 ) ) ;
#1128 = ADVANCED_FACE ( 'NONE', ( #9675 ), #9619, .F. ) ;
#1129 = ADVANCED_FACE ( 'NONE', ( #1868 ), #7088, .F. ) ;
#1130 = LINE ( 'NONE', #6984, #10104 ) ;
#1131 = VERTEX_POINT ( 'NONE', #2879 ) ;
#1132 = CARTESIAN_POINT ( 'NONE',  ( 13.38518194069547285, 10.50999999999999091, 26.19897291513763093 ) ) ;
#1133 = CARTESIAN_POINT ( 'NONE',  ( -1.099844525993681765, 32.00000000000000000, 5.187071063562624929 ) ) ;
#1134 = VECTOR ( 'NONE', #2765, 1000.000000000000000 ) ;
#1135 = CARTESIAN_POINT ( 'NONE',  ( 5.800000000000000711, -11.50000000000000000, -11.54000000000000448 ) ) ;
#1136 = VERTEX_POINT ( 'NONE', #4497 ) ;
#1137 = ORIENTED_EDGE ( 'NONE', *, *, #4108, .F. ) ;
#1138 = CARTESIAN_POINT ( 'NONE',  ( -25.00000000000000711, 0.000000000000000000, 28.99999999999997158 ) ) ;
#1139 = DIRECTION ( 'NONE',  ( 1.000000000000000000, 0.000000000000000000, 0.000000000000000000 ) ) ;
#1140 = B_SPLINE_CURVE_WITH_KNOTS ( 'NONE', 3,
 ( #7282, #6329, #8860, #2971, #3647, #6384, #1102, #4586, #9823, #5364, #2131, #10717, #8019, #3024 ),
 .UNSPECIFIED., .F., .F.,
 ( 4, 2, 2, 2, 2, 2, 4 ),
 ( 0.000000000000000000, 0.0003086755272100225002, 0.0006173510544200450003, 0.0009260265816300675005, 0.001234702108840090001, 0.001852053163260131098, 0.002469404217680172195 ),
 .UNSPECIFIED. ) ;
#1141 = DIRECTION ( 'NONE',  ( 0.000000000000000000, 0.000000000000000000, -1.000000000000000000 ) ) ;
#1142 = CARTESIAN_POINT ( 'NONE',  ( -2.999999999999996447, 29.09999999999999787, -20.04445395531110918 ) ) ;
#1143 = ADVANCED_FACE ( 'NONE', ( #1927, #8766, #1013, #7142 ), #3558, .T. ) ;
#1144 = CARTESIAN_POINT ( 'NONE',  ( -27.50000000000000355, 10.49999999999999467, 0.2499999999999533706 ) ) ;
#1145 = CARTESIAN_POINT ( 'NONE',  ( -33.50000000000000000, 10.00049802381102992, 18.98421203201065666 ) ) ;
#1146 = VERTEX_POINT ( 'NONE', #7981 ) ;
#1147 = CARTESIAN_POINT ( 'NONE',  ( -34.00000000000000000, 29.50000000000000000, 28.99999999999997158 ) ) ;
#1148 = ORIENTED_EDGE ( 'NONE', *, *, #3390, .T. ) ;
#1149 = DIRECTION ( 'NONE',  ( 0.7071067811865473507, 0.000000000000000000, 0.7071067811865477948 ) ) ;
#1150 = EDGE_CURVE ( 'NONE', #4877, #9954, #8657, .T. ) ;
#1151 = VERTEX_POINT ( 'NONE', #10353 ) ;
#1152 = CARTESIAN_POINT ( 'NONE',  ( 3.000000000000003553, 28.49999999999999645, -20.04445395531110918 ) ) ;
#1153 = CARTESIAN_POINT ( 'NONE',  ( 10.26313544484813711, 29.49999999999983302, 18.29275258568430118 ) ) ;
#1154 = ORIENTED_EDGE ( 'NONE', *, *, #5963, .T. ) ;
#1155 = CARTESIAN_POINT ( 'NONE',  ( -2.464352664495141454, 24.50000000000000355, 6.871664641509036109 ) ) ;
#1156 = CARTESIAN_POINT ( 'NONE',  ( 0.000000000000000000, 32.00000000000000000, -7.499999999999998224 ) ) ;
#1157 = EDGE_CURVE ( 'NONE', #434, #7385, #1983, .T. ) ;
#1158 = CARTESIAN_POINT ( 'NONE',  ( 34.25000000000000000, 2.000000000000000000, -29.00000000000002487 ) ) ;
#1159 = AXIS2_PLACEMENT_3D ( 'NONE', #4859, #10888, #7572 ) ;
#1160 = ORIENTED_EDGE ( 'NONE', *, *, #9281, .T. ) ;
#1161 = ORIENTED_EDGE ( 'NONE', *, *, #6407, .F. ) ;
#1162 = DIRECTION ( 'NONE',  ( 0.000000000000000000, 0.000000000000000000, 1.000000000000000000 ) ) ;
#1163 = EDGE_CURVE ( 'NONE', #3797, #7597, #6125, .T. ) ;
#1164 = EDGE_LOOP ( 'NONE', ( #6068, #1809, #3771, #3410 ) ) ;
#1165 = B_SPLINE_CURVE_WITH_KNOTS ( 'NONE', 3,
 ( #592, #821, #9536, #5146, #4363, #10269, #40, #6893, #6153, #1785, #144, #6094 ),
 .UNSPECIFIED., .F., .F.,
 ( 4, 2, 2, 2, 2, 4 ),
 ( 0.000000000000000000, 0.0008011018375349936421, 0.001201652756302487753, 0.001602203675069982297, 0.002403305512604969867, 0.003204407350139958088 ),
 .UNSPECIFIED. ) ;
#1166 = CARTESIAN_POINT ( 'NONE',  ( -14.49833763245320561, 32.00000000000000000, 24.06419186098116825 ) ) ;
#1167 = CARTESIAN_POINT ( 'NONE',  ( -25.00000000000000711, 29.50000000000000000, 37.99999999999996447 ) ) ;
#1168 = CIRCLE ( 'NONE', #1745, 1.000000000000000888 ) ;
#1169 = DIRECTION ( 'NONE',  ( -4.336808689942013792E-16, -0.000000000000000000, 1.000000000000000000 ) ) ;
#1170 = DIRECTION ( 'NONE',  ( -0.000000000000000000, -1.000000000000000000, -0.000000000000000000 ) ) ;
#1171 = LINE ( 'NONE', #9669, #778 ) ;
#1172 = ORIENTED_EDGE ( 'NONE', *, *, #670, .F. ) ;
#1173 = CARTESIAN_POINT ( 'NONE',  ( -7.925000000000006928, -13.00000000000000000, -21.60000000000000853 ) ) ;
#1174 = VECTOR ( 'NONE', #6857, 1000.000000000000000 ) ;
#1175 = VECTOR ( 'NONE', #1029, 1000.000000000000000 ) ;
#1176 = ORIENTED_EDGE ( 'NONE', *, *, #3223, .F. ) ;
#1177 = PLANE ( 'NONE',  #1037 ) ;
#1178 = EDGE_CURVE ( 'NONE', #225, #6221, #2687, .T. ) ;
#1179 = CARTESIAN_POINT ( 'NONE',  ( 25.00000000000000000, 3.000000000000000000, -39.00000000000000711 ) ) ;
#1180 = ORIENTED_EDGE ( 'NONE', *, *, #7244, .T. ) ;
#1181 = CARTESIAN_POINT ( 'NONE',  ( -12.05359021688597032, 32.00000000000000000, 19.36521081018108603 ) ) ;
#1182 = VECTOR ( 'NONE', #8365, 1000.000000000000000 ) ;
#1183 = AXIS2_PLACEMENT_3D ( 'NONE', #2843, #1201, #1887 ) ;
#1184 = DIRECTION ( 'NONE',  ( 0.000000000000000000, 0.000000000000000000, -1.000000000000000000 ) ) ;
#1185 = CARTESIAN_POINT ( 'NONE',  ( -25.88422689413609490, 11.99999999999999645, 10.99999999999995381 ) ) ;
#1186 = PLANE ( 'NONE',  #1680 ) ;
#1187 = EDGE_LOOP ( 'NONE', ( #3744, #7059, #4671, #8626 ) ) ;
#1188 = DIRECTION ( 'NONE',  ( 1.196361017915039486E-16, 0.000000000000000000, 1.000000000000000000 ) ) ;
#1189 = ORIENTED_EDGE ( 'NONE', *, *, #6680, .F. ) ;
#1190 = CARTESIAN_POINT ( 'NONE',  ( 3.504143963082937407, 10.50999999999999091, 13.26303376504072951 ) ) ;
#1191 = AXIS2_PLACEMENT_3D ( 'NONE', #2728, #10529, #4400 ) ;
#1192 = AXIS2_PLACEMENT_3D ( 'NONE', #10358, #7765, #800 ) ;
#1193 = ORIENTED_EDGE ( 'NONE', *, *, #4037, .T. ) ;
#1194 = ADVANCED_FACE ( 'NONE', ( #900 ), #2658, .F. ) ;
#1195 = ADVANCED_FACE ( 'NONE', ( #7813 ), #6978, .F. ) ;
#1196 = EDGE_LOOP ( 'NONE', ( #10448, #6881, #3224, #4219 ) ) ;
#1197 = DIRECTION ( 'NONE',  ( 0.000000000000000000, 0.000000000000000000, -1.000000000000000000 ) ) ;
#1198 = PLANE ( 'NONE',  #887 ) ;
#1199 = EDGE_CURVE ( 'NONE', #3593, #2768, #8256, .T. ) ;
#1200 = AXIS2_PLACEMENT_3D ( 'NONE', #1288, #2096, #8144 ) ;
#1201 = DIRECTION ( 'NONE',  ( 1.000000000000000000, 0.000000000000000000, 0.000000000000000000 ) ) ;
#1202 = DIRECTION ( 'NONE',  ( -0.000000000000000000, -0.000000000000000000, -1.000000000000000000 ) ) ;
#1203 = CARTESIAN_POINT ( 'NONE',  ( 3.101750864123772988, 24.49999999999999289, 7.434263784897523486 ) ) ;
#1204 = CARTESIAN_POINT ( 'NONE',  ( 4.219146220329037966, 9.499999999999998224, 20.06569260839445690 ) ) ;
#1205 = EDGE_LOOP ( 'NONE', ( #7381, #5563, #8228, #1299, #3886 ) ) ;
#1206 = DIRECTION ( 'NONE',  ( 0.000000000000000000, -1.000000000000000000, 0.000000000000000000 ) ) ;
#1207 = ORIENTED_EDGE ( 'NONE', *, *, #4604, .T. ) ;
#1208 = EDGE_CURVE ( 'NONE', #1298, #2752, #8037, .T. ) ;
#1209 = ORIENTED_EDGE ( 'NONE', *, *, #5865, .T. ) ;
#1210 = DIRECTION ( 'NONE',  ( 0.000000000000000000, 0.000000000000000000, 1.000000000000000000 ) ) ;
#1211 = LINE ( 'NONE', #6266, #1424 ) ;
#1212 = VERTEX_POINT ( 'NONE', #3095 ) ;
#1213 = CARTESIAN_POINT ( 'NONE',  ( -1.388800003767827196, 24.50000000000000355, 5.982912990399190889 ) ) ;
#1214 = VECTOR ( 'NONE', #7075, 1000.000000000000000 ) ;
#1215 = DIRECTION ( 'NONE',  ( -0.000000000000000000, -1.000000000000000000, -0.000000000000000000 ) ) ;
#1216 = DIRECTION ( 'NONE',  ( 0.000000000000000000, 0.000000000000000000, -1.000000000000000000 ) ) ;
#1217 = VECTOR ( 'NONE', #2189, 1000.000000000000000 ) ;
#1218 = ORIENTED_EDGE ( 'NONE', *, *, #2970, .T. ) ;
#1219 = ORIENTED_EDGE ( 'NONE', *, *, #7070, .F. ) ;
#1220 = EDGE_CURVE ( 'NONE', #2465, #7638, #3925, .T. ) ;
#1221 = LINE ( 'NONE', #8808, #10852 ) ;
#1222 = VECTOR ( 'NONE', #6165, 1000.000000000000000 ) ;
#1223 = ORIENTED_EDGE ( 'NONE', *, *, #469, .F. ) ;
#1224 = CARTESIAN_POINT ( 'NONE',  ( -25.00000000000000711, 30.00000000000000000, 28.99999999999997158 ) ) ;
#1225 = CARTESIAN_POINT ( 'NONE',  ( 15.84405090676714600, 9.499999999999998224, 13.67730034089338709 ) ) ;
#1226 = DIRECTION ( 'NONE',  ( -1.000000000000000000, 0.000000000000000000, -0.000000000000000000 ) ) ;
#1227 = CARTESIAN_POINT ( 'NONE',  ( -3.601026911978597145, 32.00000000000000000, 1.758059867859523395 ) ) ;
#1228 = EDGE_CURVE ( 'NONE', #6806, #10683, #4762, .T. ) ;
#1229 = CARTESIAN_POINT ( 'NONE',  ( -27.50000000000000355, 10.49999999999999112, 14.74999999999995204 ) ) ;
#1230 = ORIENTED_EDGE ( 'NONE', *, *, #8804, .F. ) ;
#1231 = LINE ( 'NONE', #6973, #1079 ) ;
#1232 = VERTEX_POINT ( 'NONE', #6404 ) ;
#1233 = EDGE_CURVE ( 'NONE', #10012, #1351, #9946, .T. ) ;
#1234 = FACE_OUTER_BOUND ( 'NONE', #916, .T. ) ;
#1235 = CARTESIAN_POINT ( 'NONE',  ( -5.301418384264150241, 23.00000000000000000, 21.57711283463899932 ) ) ;
#1236 = ORIENTED_EDGE ( 'NONE', *, *, #696, .F. ) ;
#1237 = FACE_OUTER_BOUND ( 'NONE', #6248, .T. ) ;
#1238 = CIRCLE ( 'NONE', #5184, 9.999999999999994671 ) ;
#1239 = DIRECTION ( 'NONE',  ( 0.000000000000000000, 1.000000000000000000, 0.000000000000000000 ) ) ;
#1240 = ORIENTED_EDGE ( 'NONE', *, *, #1475, .F. ) ;
#1241 = DIRECTION ( 'NONE',  ( 0.000000000000000000, -1.000000000000000000, 0.000000000000000000 ) ) ;
#1242 = VERTEX_POINT ( 'NONE', #1235 ) ;
#1243 = ORIENTED_EDGE ( 'NONE', *, *, #10636, .F. ) ;
#1244 = ORIENTED_EDGE ( 'NONE', *, *, #3905, .T. ) ;
#1245 = CARTESIAN_POINT ( 'NONE',  ( -25.00000000000000711, 2.000000000000000000, -38.25000000000002842 ) ) ;
#1246 = ORIENTED_EDGE ( 'NONE', *, *, #10849, .F. ) ;
#1247 = AXIS2_PLACEMENT_3D ( 'NONE', #4580, #8014, #7118 ) ;
#1248 = ORIENTED_EDGE ( 'NONE', *, *, #5942, .F. ) ;
#1249 = DIRECTION ( 'NONE',  ( -0.000000000000000000, -0.000000000000000000, -1.000000000000000000 ) ) ;
#1250 = DIRECTION ( 'NONE',  ( -0.000000000000000000, -1.000000000000000000, -0.000000000000000000 ) ) ;
#1251 = CARTESIAN_POINT ( 'NONE',  ( -33.50000000000000000, 1.500000000000000000, 28.99999999999998934 ) ) ;
#1252 = DIRECTION ( 'NONE',  ( 0.000000000000000000, 0.000000000000000000, -1.000000000000000000 ) ) ;
#1253 = VECTOR ( 'NONE', #2549, 1000.000000000000000 ) ;
#1254 = CARTESIAN_POINT ( 'NONE',  ( 1.539885159248137736, 32.00000000000000711, 11.90045641352208072 ) ) ;
#1255 = DIRECTION ( 'NONE',  ( 1.000000000000000000, 0.000000000000000000, -2.748605226541390308E-16 ) ) ;
#1256 = EDGE_CURVE ( 'NONE', #792, #300, #494, .T. ) ;
#1257 = EDGE_CURVE ( 'NONE', #4775, #3801, #7414, .T. ) ;
#1258 = VERTEX_POINT ( 'NONE', #5663 ) ;
#1259 = LINE ( 'NONE', #8006, #1509 ) ;
#1260 = AXIS2_PLACEMENT_3D ( 'NONE', #1898, #1841, #9429 ) ;
#1261 = VECTOR ( 'NONE', #7331, 1000.000000000000000 ) ;
#1262 = ORIENTED_EDGE ( 'NONE', *, *, #3850, .F. ) ;
#1263 = ORIENTED_EDGE ( 'NONE', *, *, #10880, .T. ) ;
#1264 = PLANE ( 'NONE',  #3952 ) ;
#1265 = CARTESIAN_POINT ( 'NONE',  ( -25.00000000000000711, 32.00000000000000000, 37.99999999999996447 ) ) ;
#1266 = VECTOR ( 'NONE', #10671, 1000.000000000000000 ) ;
#1267 = ORIENTED_EDGE ( 'NONE', *, *, #7173, .F. ) ;
#1268 = CARTESIAN_POINT ( 'NONE',  ( -7.601536384991169903, 32.00000000000000000, 16.80050947618687118 ) ) ;
#1269 = DIRECTION ( 'NONE',  ( 0.000000000000000000, 0.000000000000000000, -1.000000000000000000 ) ) ;
#1270 = EDGE_CURVE ( 'NONE', #8921, #1686, #9105, .T. ) ;
#1271 = VECTOR ( 'NONE', #10298, 1000.000000000000000 ) ;
#1272 = ORIENTED_EDGE ( 'NONE', *, *, #9599, .F. ) ;
#1273 = VECTOR ( 'NONE', #3802, 1000.000000000000000 ) ;
#1274 = ORIENTED_EDGE ( 'NONE', *, *, #9275, .F. ) ;
#1275 = CARTESIAN_POINT ( 'NONE',  ( -2.759622205317462829, 24.49999999999999645, 10.17963129075055839 ) ) ;
#1276 = CARTESIAN_POINT ( 'NONE',  ( -8.743329047513924479, 26.50000000000000000, -6.021333691102118024 ) ) ;
#1277 = CARTESIAN_POINT ( 'NONE',  ( 20.20000000000000284, 0.5000000000000000000, -21.59999999999996589 ) ) ;
#1278 = LINE ( 'NONE', #5651, #8081 ) ;
#1279 = VECTOR ( 'NONE', #9967, 1000.000000000000000 ) ;
#1280 = FACE_OUTER_BOUND ( 'NONE', #8779, .T. ) ;
#1281 = EDGE_CURVE ( 'NONE', #11012, #3517, #5536, .T. ) ;
#1282 = DIRECTION ( 'NONE',  ( -0.000000000000000000, -1.000000000000000000, -0.000000000000000000 ) ) ;
#1283 = VERTEX_POINT ( 'NONE', #9045 ) ;
#1284 = CARTESIAN_POINT ( 'NONE',  ( 3.000000000000000888, 9.499999999999998224, 15.53801126270789190 ) ) ;
#1285 = EDGE_LOOP ( 'NONE', ( #5191, #2132, #10188, #5143 ) ) ;
#1286 = PLANE ( 'NONE',  #6239 ) ;
#1287 = VECTOR ( 'NONE', #9266, 1000.000000000000000 ) ;
#1288 = CARTESIAN_POINT ( 'NONE',  ( -25.00000000000000711, 30.00000000000000000, -29.00000000000002132 ) ) ;
#1289 = PRODUCT_DEFINITION ( 'UNKNOWN', '', #7127, #2650 ) ;
#1290 = VERTEX_POINT ( 'NONE', #8990 ) ;
#1291 = CARTESIAN_POINT ( 'NONE',  ( -4.098455636355261333, 25.00000000000009592, 22.45905727886296077 ) ) ;
#1292 = ADVANCED_FACE ( 'NONE', ( #440 ), #6455, .F. ) ;
#1293 = VECTOR ( 'NONE', #9860, 1000.000000000000000 ) ;
#1294 = DIRECTION ( 'NONE',  ( 0.000000000000000000, 1.000000000000000000, -0.000000000000000000 ) ) ;
#1295 = ORIENTED_EDGE ( 'NONE', *, *, #1064, .F. ) ;
#1296 = FILL_AREA_STYLE ('',( #1465 ) ) ;
#1297 = ORIENTED_EDGE ( 'NONE', *, *, #9268, .T. ) ;
#1298 = VERTEX_POINT ( 'NONE', #10732 ) ;
#1299 = ORIENTED_EDGE ( 'NONE', *, *, #1518, .F. ) ;
#1300 = CARTESIAN_POINT ( 'NONE',  ( 5.299549528938837462, 23.00000000000000000, 16.80050947618696355 ) ) ;
#1301 = ORIENTED_EDGE ( 'NONE', *, *, #3340, .T. ) ;
#1302 = EDGE_CURVE ( 'NONE', #10938, #8, #10845, .T. ) ;
#1303 = AXIS2_PLACEMENT_3D ( 'NONE', #3497, #5900, #6749 ) ;
#1304 = ORIENTED_EDGE ( 'NONE', *, *, #8896, .F. ) ;
#1305 = DIRECTION ( 'NONE',  ( 0.000000000000000000, 1.000000000000000000, -0.000000000000000000 ) ) ;
#1306 = DIRECTION ( 'NONE',  ( 1.000000000000000000, -0.000000000000000000, -0.000000000000000000 ) ) ;
#1307 = FACE_OUTER_BOUND ( 'NONE', #9844, .T. ) ;
#1308 = CARTESIAN_POINT ( 'NONE',  ( -33.50000000000000000, 17.00000000000011724, 7.843441091614861172E-14 ) ) ;
#1309 = UNCERTAINTY_MEASURE_WITH_UNIT (LENGTH_MEASURE( 1.000000000000000082E-05 ), #741, 'distance_accuracy_value', 'NONE');
#1310 = CARTESIAN_POINT ( 'NONE',  ( 1.581279503555507837, 32.00000000000000000, 11.48414578258331531 ) ) ;
#1311 = CARTESIAN_POINT ( 'NONE',  ( 2.561702149317947264, 24.49999999999999645, 10.52715727297114512 ) ) ;
#1312 = VERTEX_POINT ( 'NONE', #3984 ) ;
#1313 = DIRECTION ( 'NONE',  ( 0.000000000000000000, -1.000000000000000000, 0.000000000000000000 ) ) ;
#1314 = AXIS2_PLACEMENT_3D ( 'NONE', #9645, #1206, #8058 ) ;
#1315 = ORIENTED_EDGE ( 'NONE', *, *, #10183, .F. ) ;
#1316 = VERTEX_POINT ( 'NONE', #5441 ) ;
#1317 = EDGE_CURVE ( 'NONE', #1340, #1014, #336, .T. ) ;
#1318 = CARTESIAN_POINT ( 'NONE',  ( 14.50000000000021494, 32.00000000000000000, 24.06419186098135299 ) ) ;
#1319 = LINE ( 'NONE', #583, #1987 ) ;
#1320 = VECTOR ( 'NONE', #6412, 1000.000000000000000 ) ;
#1321 = VERTEX_POINT ( 'NONE', #10626 ) ;
#1322 = CARTESIAN_POINT ( 'NONE',  ( -2.799999999999999378, -13.91959594928933441, 15.53801126270789190 ) ) ;
#1323 = CARTESIAN_POINT ( 'NONE',  ( -27.50000000000000355, 18.00000000000000000, 0.2499999999999529543 ) ) ;
#1324 = CARTESIAN_POINT ( 'NONE',  ( 1.226982282539574099E-10, 26.50000000000000000, -2.736966231116581660 ) ) ;
#1325 = VERTEX_POINT ( 'NONE', #3040 ) ;
#1326 = AXIS2_PLACEMENT_3D ( 'NONE', #5671, #3162, #10965 ) ;
#1327 = EDGE_LOOP ( 'NONE', ( #10549, #1883, #3434, #8658 ) ) ;
#1328 = DIRECTION ( 'NONE',  ( 0.000000000000000000, -0.000000000000000000, -1.000000000000000000 ) ) ;
#1329 = ADVANCED_FACE ( 'NONE', ( #3823, #5605 ), #2147, .T. ) ;
#1330 = DIRECTION ( 'NONE',  ( 1.000000000000000000, -1.318393914780417174E-37, 4.483001173306440485E-11 ) ) ;
#1331 = ADVANCED_FACE ( 'NONE', ( #9840 ), #2990, .T. ) ;
#1332 = LINE ( 'NONE', #3252, #6991 ) ;
#1333 = DIRECTION ( 'NONE',  ( 1.000000000000000000, 0.000000000000000000, 0.000000000000000000 ) ) ;
#1334 = EDGE_CURVE ( 'NONE', #9917, #1242, #9891, .T. ) ;
#1335 = CARTESIAN_POINT ( 'NONE',  ( -19.81171673543281031, 24.99999999999999645, 15.53801126270789190 ) ) ;
#1336 = CARTESIAN_POINT ( 'NONE',  ( -34.00000000000000000, 32.00000000000000000, 28.99999999999997158 ) ) ;
#1337 = ORIENTED_EDGE ( 'NONE', *, *, #1753, .T. ) ;
#1338 = CARTESIAN_POINT ( 'NONE',  ( -2.000000000000016875, -13.99999999999999822, 6.559999999999986287 ) ) ;
#1339 = AXIS2_PLACEMENT_3D ( 'NONE', #3080, #5030, #2351 ) ;
#1340 = VERTEX_POINT ( 'NONE', #8374 ) ;
#1341 = CARTESIAN_POINT ( 'NONE',  ( 11.09999999999999076, -11.49999999999999645, -19.60000000000000497 ) ) ;
#1342 = CARTESIAN_POINT ( 'NONE',  ( 7.599667529665836696, 32.00000000000000000, 25.49999999999952749 ) ) ;
#1343 = EDGE_CURVE ( 'NONE', #7874, #4639, #1636, .T. ) ;
#1344 = ORIENTED_EDGE ( 'NONE', *, *, #6408, .F. ) ;
#1345 = CARTESIAN_POINT ( 'NONE',  ( 2.562233326286126989, 26.50000000000000000, -2.736966231001714878 ) ) ;
#1346 = VECTOR ( 'NONE', #5955, 1000.000000000000000 ) ;
#1347 = DIRECTION ( 'NONE',  ( -0.000000000000000000, -0.000000000000000000, 1.000000000000000000 ) ) ;
#1348 = VECTOR ( 'NONE', #3142, 1000.000000000000000 ) ;
#1349 = ORIENTED_EDGE ( 'NONE', *, *, #4137, .T. ) ;
#1350 = CARTESIAN_POINT ( 'NONE',  ( -25.00000000000000711, 32.00000000000000000, 28.99999999999997158 ) ) ;
#1351 = VERTEX_POINT ( 'NONE', #5894 ) ;
#1352 = ORIENTED_EDGE ( 'NONE', *, *, #10053, .T. ) ;
#1353 = VERTEX_POINT ( 'NONE', #3152 ) ;
#1354 = CARTESIAN_POINT ( 'NONE',  ( -2.553044450121756626, 10.50999999999999091, -4.768333691879734104 ) ) ;
#1355 = ORIENTED_EDGE ( 'NONE', *, *, #10262, .F. ) ;
#1356 = LINE ( 'NONE', #1953, #8795 ) ;
#1357 = EDGE_CURVE ( 'NONE', #5386, #2673, #3208, .T. ) ;
#1358 = VECTOR ( 'NONE', #8164, 1000.000000000000000 ) ;
#1359 = VECTOR ( 'NONE', #10588, 1000.000000000000000 ) ;
#1360 = ORIENTED_EDGE ( 'NONE', *, *, #10501, .T. ) ;
#1361 = LINE ( 'NONE', #10918, #3781 ) ;
#1362 = LINE ( 'NONE', #7263, #9973 ) ;
#1363 = CARTESIAN_POINT ( 'NONE',  ( -11.10000000000000675, -12.99999999999999822, -18.10000000000000497 ) ) ;
#1364 = LINE ( 'NONE', #8220, #9897 ) ;
#1365 = DIRECTION ( 'NONE',  ( 0.000000000000000000, 2.891205793294675861E-16, -1.000000000000000000 ) ) ;
#1366 = CARTESIAN_POINT ( 'NONE',  ( -8.743329047513924479, 9.499999999999998224, -6.021333691102118024 ) ) ;
#1367 = ORIENTED_EDGE ( 'NONE', *, *, #1704, .T. ) ;
#1368 = CARTESIAN_POINT ( 'NONE',  ( 2.562233326286126989, 10.50999999999999091, -2.736966231001714878 ) ) ;
#1369 = ADVANCED_FACE ( 'NONE', ( #6569 ), #725, .F. ) ;
#1370 = VECTOR ( 'NONE', #7670, 1000.000000000000000 ) ;
#1371 = VECTOR ( 'NONE', #8219, 1000.000000000000000 ) ;
#1372 = ORIENTED_EDGE ( 'NONE', *, *, #3237, .T. ) ;
#1373 = ADVANCED_FACE ( 'NONE', ( #6799 ), #4897, .T. ) ;
#1374 = ORIENTED_EDGE ( 'NONE', *, *, #2640, .T. ) ;
#1375 = DIRECTION ( 'NONE',  ( -1.000000000000000000, 0.000000000000000000, -0.000000000000000000 ) ) ;
#1376 = PLANE ( 'NONE',  #9872 ) ;
#1377 = APPLICATION_CONTEXT ( 'automotive_design' ) ;
#1378 = ORIENTED_EDGE ( 'NONE', *, *, #10379, .F. ) ;
#1379 = DIRECTION ( 'NONE',  ( -0.000000000000000000, 0.000000000000000000, 1.000000000000000000 ) ) ;
#1380 = CARTESIAN_POINT ( 'NONE',  ( -3.100088496576544728, 24.49999999999996447, 8.757180451233420371 ) ) ;
#1381 = DIRECTION ( 'NONE',  ( 0.000000000000000000, 0.000000000000000000, 1.000000000000000000 ) ) ;
#1382 = ORIENTED_EDGE ( 'NONE', *, *, #11086, .F. ) ;
#1383 = ORIENTED_EDGE ( 'NONE', *, *, #10516, .F. ) ;
#1384 = CARTESIAN_POINT ( 'NONE',  ( -10.26147307730576586, 28.50000000000003197, 18.29275258562281081 ) ) ;
#1385 = DIRECTION ( 'NONE',  ( 0.000000000000000000, 0.000000000000000000, -1.000000000000000000 ) ) ;
#1386 = CARTESIAN_POINT ( 'NONE',  ( 34.25000000000000000, 5.000000000000000000, 28.99999999999999289 ) ) ;
#1387 = CARTESIAN_POINT ( 'NONE',  ( 2.800000000000000266, -11.50000000000000000, -21.14000000000000767 ) ) ;
#1388 = DIRECTION ( 'NONE',  ( 0.000000000000000000, 0.000000000000000000, -1.000000000000000000 ) ) ;
#1389 = DIRECTION ( 'NONE',  ( 1.000000000000000000, 0.000000000000000000, 4.527464464641961669E-15 ) ) ;
#1390 = CARTESIAN_POINT ( 'NONE',  ( 15.00000000000000000, 0.000000000000000000, -26.60000000000000853 ) ) ;
#1391 = FACE_OUTER_BOUND ( 'NONE', #2507, .T. ) ;
#1392 = EDGE_CURVE ( 'NONE', #5638, #3108, #10058, .T. ) ;
#1393 = VERTEX_POINT ( 'NONE', #11073 ) ;
#1394 = EDGE_CURVE ( 'NONE', #1146, #10172, #1025, .T. ) ;
#1395 = DIRECTION ( 'NONE',  ( -0.05267505413556723692, -2.936534719685215728E-27, 0.9986117056553137639 ) ) ;
#1396 = VERTEX_POINT ( 'NONE', #1693 ) ;
#1397 = CARTESIAN_POINT ( 'NONE',  ( 2.251544362057745996, 32.00000000000000000, -1.046527771141987362 ) ) ;
#1398 = CARTESIAN_POINT ( 'NONE',  ( 0.000000000000000000, 29.09999999999999787, -17.04445395531110563 ) ) ;
#1399 = CARTESIAN_POINT ( 'NONE',  ( -5.301418384264117378, 32.00000000000000000, 16.80050947618687118 ) ) ;
#1400 = ORIENTED_EDGE ( 'NONE', *, *, #649, .T. ) ;
#1401 = VECTOR ( 'NONE', #4813, 1000.000000000000000 ) ;
#1402 = CARTESIAN_POINT ( 'NONE',  ( 3.101750864123765883, 24.49999999999999645, 8.757180451233468332 ) ) ;
#1403 = CARTESIAN_POINT ( 'NONE',  ( 25.00000000000000000, 5.000000000000000000, -37.50000000000000711 ) ) ;
#1404 = ORIENTED_EDGE ( 'NONE', *, *, #1726, .F. ) ;
#1405 = ADVANCED_FACE ( 'NONE', ( #781 ), #4210, .F. ) ;
#1406 = DIRECTION ( 'NONE',  ( -0.000000000000000000, -1.000000000000000000, -0.000000000000000000 ) ) ;
#1407 = ORIENTED_EDGE ( 'NONE', *, *, #633, .T. ) ;
#1408 = VERTEX_POINT ( 'NONE', #608 ) ;
#1409 = ORIENTED_EDGE ( 'NONE', *, *, #9204, .F. ) ;
#1410 = CYLINDRICAL_SURFACE ( 'NONE', #9272, 5.200000000000000178 ) ;
#1411 = ORIENTED_EDGE ( 'NONE', *, *, #4526, .T. ) ;
#1412 = CARTESIAN_POINT ( 'NONE',  ( 8.099999999999996092, -5.500000000000000000, -22.60000000000001208 ) ) ;
#1413 = EDGE_LOOP ( 'NONE', ( #4240, #5988, #4055, #679, #1526, #1473 ) ) ;
#1414 = CARTESIAN_POINT ( 'NONE',  ( 0.000000000000000000, 24.99999999999999645, 0.000000000000000000 ) ) ;
#1415 = CARTESIAN_POINT ( 'NONE',  ( -14.10000000000000675, -5.500000000000000000, -16.60000000000000497 ) ) ;
#1416 = VECTOR ( 'NONE', #7803, 1000.000000000000000 ) ;
#1417 = CARTESIAN_POINT ( 'NONE',  ( 4.100096472055509977, 32.00000000000000000, 22.45905727886303538 ) ) ;
#1418 = CARTESIAN_POINT ( 'NONE',  ( 14.99999999999996447, 0.5000000000000000000, -26.80000000000000426 ) ) ;
#1419 = PLANE ( 'NONE',  #7647 ) ;
#1420 = CARTESIAN_POINT ( 'NONE',  ( 2.760575807377035673, 24.50000000000000000, 10.17949929624260541 ) ) ;
#1421 = ORIENTED_EDGE ( 'NONE', *, *, #4689, .T. ) ;
#1422 = ADVANCED_FACE ( 'NONE', ( #5047, #10228 ), #6744, .F. ) ;
#1423 = DIRECTION ( 'NONE',  ( 0.000000000000000000, 0.000000000000000000, -1.000000000000000000 ) ) ;
#1424 = VECTOR ( 'NONE', #259, 1000.000000000000000 ) ;
#1425 = ORIENTED_EDGE ( 'NONE', *, *, #8310, .T. ) ;
#1426 = ORIENTED_EDGE ( 'NONE', *, *, #1766, .F. ) ;
#1427 = DIRECTION ( 'NONE',  ( -5.782411586589355667E-16, 0.000000000000000000, 1.000000000000000000 ) ) ;
#1428 = CARTESIAN_POINT ( 'NONE',  ( -4.000000000000014211, -11.50000000000000000, 6.594999999999988205 ) ) ;
#1429 = ADVANCED_FACE ( 'NONE', ( #9160 ), #5986, .T. ) ;
#1430 = VERTEX_POINT ( 'NONE', #8645 ) ;
#1431 = DIRECTION ( 'NONE',  ( 0.000000000000000000, 0.000000000000000000, -1.000000000000000000 ) ) ;
#1432 = CARTESIAN_POINT ( 'NONE',  ( -8.100000000000001421, -5.500000000000000000, -22.60000000000000853 ) ) ;
#1433 = AXIS2_PLACEMENT_3D ( 'NONE', #1096, #8062, #362 ) ;
#1434 = CARTESIAN_POINT ( 'NONE',  ( 17.70476182858164549, 23.00000000000000000, 15.53801126270789190 ) ) ;
#1435 = EDGE_CURVE ( 'NONE', #3797, #4602, #3596, .T. ) ;
#1436 = VERTEX_POINT ( 'NONE', #8698 ) ;
#1437 = AXIS2_PLACEMENT_3D ( 'NONE', #5621, #2011, #9647 ) ;
#1438 = EDGE_LOOP ( 'NONE', ( #6621, #3089, #4657, #9078 ) ) ;
#1439 = FACE_OUTER_BOUND ( 'NONE', #7130, .T. ) ;
#1440 = AXIS2_PLACEMENT_3D ( 'NONE', #7954, #2177, #10599 ) ;
#1441 = VECTOR ( 'NONE', #2364, 1000.000000000000000 ) ;
#1442 = CARTESIAN_POINT ( 'NONE',  ( -3.000000000000015543, -13.99999999999999822, -2.370000000000013429 ) ) ;
#1443 = DIRECTION ( 'NONE',  ( 0.000000000000000000, -0.000000000000000000, -1.000000000000000000 ) ) ;
#1444 = ADVANCED_FACE ( 'NONE', ( #10392 ), #8755, .F. ) ;
#1445 = DIRECTION ( 'NONE',  ( -1.000000000000000000, 0.000000000000000000, 0.000000000000000000 ) ) ;
#1446 = DIRECTION ( 'NONE',  ( -4.483001173306440485E-11, 0.000000000000000000, 1.000000000000000000 ) ) ;
#1447 = DIRECTION ( 'NONE',  ( 0.000000000000000000, -1.000000000000000000, 0.000000000000000000 ) ) ;
#1448 = DIRECTION ( 'NONE',  ( 2.168404344971008868E-17, 0.000000000000000000, -1.000000000000000000 ) ) ;
#1449 = AXIS2_PLACEMENT_3D ( 'NONE', #9237, #4062, #626 ) ;
#1450 = LINE ( 'NONE', #4650, #3301 ) ;
#1451 = ORIENTED_EDGE ( 'NONE', *, *, #5245, .T. ) ;
#1452 = CARTESIAN_POINT ( 'NONE',  ( -8.100000000000001421, -11.50000000000000000, -23.60000000000000853 ) ) ;
#1453 = ORIENTED_EDGE ( 'NONE', *, *, #4658, .T. ) ;
#1454 = B_SPLINE_CURVE_WITH_KNOTS ( 'NONE', 3,
 ( #6326, #6268, #7225, #8858, #9709, #2074, #3697, #1155, #7170, #366, #5476, #10661, #7121, #1213, #4636, #10604 ),
 .UNSPECIFIED., .F., .F.,
 ( 4, 2, 2, 2, 2, 2, 2, 4 ),
 ( 0.000000000000000000, 0.0009304979224201534622, 0.001395746883630229977, 0.001860995844840306491, 0.002326244806050382571, 0.002791493767260459519, 0.003256742728470536467, 0.003721991689680612982 ),
 .UNSPECIFIED. ) ;
#1455 = DIRECTION ( 'NONE',  ( 0.000000000000000000, -1.000000000000000000, -3.491481338843133355E-15 ) ) ;
#1456 = CARTESIAN_POINT ( 'NONE',  ( 3.101750864123759222, 24.49999999999999289, 9.893114560107481026 ) ) ;
#1457 = LINE ( 'NONE', #1637, #3872 ) ;
#1458 = AXIS2_PLACEMENT_3D ( 'NONE', #3312, #5767, #826 ) ;
#1459 = VERTEX_POINT ( 'NONE', #2759 ) ;
#1460 = EDGE_CURVE ( 'NONE', #5750, #784, #5315, .T. ) ;
#1461 = EDGE_CURVE ( 'NONE', #7149, #8312, #7854, .T. ) ;
#1462 = CARTESIAN_POINT ( 'NONE',  ( -13.37439034813270311, 10.50999999999999091, 19.09402330380816437 ) ) ;
#1463 = CARTESIAN_POINT ( 'NONE',  ( 0.000000000000000000, -9.999999999999998224, -18.43835307503515608 ) ) ;
#1464 = ORIENTED_EDGE ( 'NONE', *, *, #6977, .T. ) ;
#1465 = FILL_AREA_STYLE_COLOUR ( '', #2068 ) ;
#1466 = VECTOR ( 'NONE', #10467, 1000.000000000000000 ) ;
#1467 = ORIENTED_EDGE ( 'NONE', *, *, #3971, .T. ) ;
#1468 = ORIENTED_EDGE ( 'NONE', *, *, #6724, .F. ) ;
#1469 = ORIENTED_EDGE ( 'NONE', *, *, #10960, .T. ) ;
#1470 = DIRECTION ( 'NONE',  ( 0.000000000000000000, 1.000000000000000000, -0.000000000000000000 ) ) ;
#1471 = ORIENTED_EDGE ( 'NONE', *, *, #498, .T. ) ;
#1472 = LINE ( 'NONE', #4889, #9721 ) ;
#1473 = ORIENTED_EDGE ( 'NONE', *, *, #5577, .T. ) ;
#1474 = DIRECTION ( 'NONE',  ( -0.000000000000000000, 1.000000000000000000, 3.491481338843133355E-15 ) ) ;
#1475 = EDGE_CURVE ( 'NONE', #2082, #10172, #3492, .T. ) ;
#1476 = CARTESIAN_POINT ( 'NONE',  ( -14.49833763245317364, 23.00000000000000000, 19.36521081018106827 ) ) ;
#1477 = EDGE_CURVE ( 'NONE', #8070, #10911, #7910, .T. ) ;
#1478 = VECTOR ( 'NONE', #8473, 1000.000000000000000 ) ;
#1479 = CARTESIAN_POINT ( 'NONE',  ( 1.580485307102377002, 24.50000000000000000, 11.44872285135580192 ) ) ;
#1480 = DIRECTION ( 'NONE',  ( 0.9986117056600364306, 1.548879083594880142E-28, -0.05267505404603460561 ) ) ;
#1481 = CARTESIAN_POINT ( 'NONE',  ( -27.50000000000000355, 18.00000000000000000, 14.74999999999995204 ) ) ;
#1482 = LINE ( 'NONE', #1366, #10995 ) ;
#1483 = VERTEX_POINT ( 'NONE', #9604 ) ;
#1484 = FACE_OUTER_BOUND ( 'NONE', #7072, .T. ) ;
#1485 = VECTOR ( 'NONE', #9310, 1000.000000000000000 ) ;
#1486 = ORIENTED_EDGE ( 'NONE', *, *, #10787, .T. ) ;
#1487 = VERTEX_POINT ( 'NONE', #7802 ) ;
#1488 = LINE ( 'NONE', #756, #7720 ) ;
#1489 = CARTESIAN_POINT ( 'NONE',  ( -13.49999999999999822, 1.500000000000000000, -22.33097289055185897 ) ) ;
#1490 = ADVANCED_FACE ( 'NONE', ( #1913 ), #1694, .T. ) ;
#1491 = ORIENTED_EDGE ( 'NONE', *, *, #8136, .F. ) ;
#1492 = DIRECTION ( 'NONE',  ( 0.000000000000000000, -0.000000000000000000, -1.000000000000000000 ) ) ;
#1493 = DIRECTION ( 'NONE',  ( 0.000000000000000000, -1.000000000000000000, 0.000000000000000000 ) ) ;
#1494 = VECTOR ( 'NONE', #7420, 1000.000000000000000 ) ;
#1495 = CARTESIAN_POINT ( 'NONE',  ( 2.999999999999982236, -5.500000000000000000, -0.4050000000000142930 ) ) ;
#1496 = PRODUCT_DEFINITION_SHAPE ( 'NONE', 'NONE',  #11121 ) ;
#1497 = EDGE_LOOP ( 'NONE', ( #346, #8284, #8272, #7162 ) ) ;
#1498 = ADVANCED_FACE ( 'NONE', ( #3654 ), #9551, .F. ) ;
#1499 = ORIENTED_EDGE ( 'NONE', *, *, #5110, .T. ) ;
#1500 = CARTESIAN_POINT ( 'NONE',  ( -25.00000000000000000, 5.000000000000000000, -38.25000000000000711 ) ) ;
#1501 = AXIS2_PLACEMENT_3D ( 'NONE', #10897, #8139, #3034 ) ;
#1502 = CARTESIAN_POINT ( 'NONE',  ( -4.219146220329037966, 26.50000000000000000, 23.06569260839445334 ) ) ;
#1503 = CARTESIAN_POINT ( 'NONE',  ( -2.999999999999996447, 28.49999999999999645, -20.04445395531110918 ) ) ;
#1504 = EDGE_CURVE ( 'NONE', #3335, #9002, #7019, .T. ) ;
#1505 = CARTESIAN_POINT ( 'NONE',  ( 1.341007019589327998, 24.99999999999999645, 25.42276095177527395 ) ) ;
#1506 = DIRECTION ( 'NONE',  ( 0.000000000000000000, 0.000000000000000000, 1.000000000000000000 ) ) ;
#1507 = CARTESIAN_POINT ( 'NONE',  ( 20.19999999999999574, 0.5000000000000000000, 8.399999999999952394 ) ) ;
#1508 = LINE ( 'NONE', #4923, #1182 ) ;
#1509 = VECTOR ( 'NONE', #8115, 1000.000000000000000 ) ;
#1510 = DIRECTION ( 'NONE',  ( -0.000000000000000000, 1.000000000000000000, -0.000000000000000000 ) ) ;
#1511 = VERTEX_POINT ( 'NONE', #10505 ) ;
#1512 = DIRECTION ( 'NONE',  ( 1.000000000000000000, -2.438088387897967896E-29, 6.982962677686266711E-15 ) ) ;
#1513 = EDGE_CURVE ( 'NONE', #6642, #4537, #5513, .T. ) ;
#1514 = ORIENTED_EDGE ( 'NONE', *, *, #2746, .F. ) ;
#1515 = DIRECTION ( 'NONE',  ( 0.000000000000000000, 0.000000000000000000, -1.000000000000000000 ) ) ;
#1516 = CARTESIAN_POINT ( 'NONE',  ( -3.100088496576544728, 32.00000000000000000, 8.757180451233447016 ) ) ;
#1517 = LINE ( 'NONE', #3211, #997 ) ;
#1518 = EDGE_CURVE ( 'NONE', #2624, #6461, #5320, .T. ) ;
#1519 = PRESENTATION_LAYER_ASSIGNMENT (  '', '', ( #10847 ) ) ;
#1520 = EDGE_LOOP ( 'NONE', ( #7241, #3582, #2821, #3134 ) ) ;
#1521 = PLANE ( 'NONE',  #7809 ) ;
#1522 = CARTESIAN_POINT ( 'NONE',  ( 10.26313544485287643, 23.00000000000000000, 18.29275258562293516 ) ) ;
#1523 = AXIS2_PLACEMENT_3D ( 'NONE', #7852, #3650, #1053 ) ;
#1524 = VERTEX_POINT ( 'NONE', #4377 ) ;
#1525 = CARTESIAN_POINT ( 'NONE',  ( -25.00000000000000711, 30.00000000000000000, -37.50000000000002132 ) ) ;
#1526 = ORIENTED_EDGE ( 'NONE', *, *, #5954, .T. ) ;
#1527 = EDGE_CURVE ( 'NONE', #7614, #4768, #6224, .T. ) ;
#1528 = ORIENTED_EDGE ( 'NONE', *, *, #10030, .F. ) ;
#1529 = VERTEX_POINT ( 'NONE', #6854 ) ;
#1530 = ORIENTED_EDGE ( 'NONE', *, *, #7864, .F. ) ;
#1531 = LINE ( 'NONE', #795, #338 ) ;
#1532 = VERTEX_POINT ( 'NONE', #1801 ) ;
#1533 = VECTOR ( 'NONE', #1041, 1000.000000000000000 ) ;
#1534 = DIRECTION ( 'NONE',  ( 1.000000000000000000, 0.000000000000000000, 1.005588344291908176E-14 ) ) ;
#1535 = CARTESIAN_POINT ( 'NONE',  ( -1.262940208036819056, 24.49999999999999645, 12.45709140835428030 ) ) ;
#1536 = AXIS2_PLACEMENT_3D ( 'NONE', #5493, #6447, #8928 ) ;
#1537 = DIRECTION ( 'NONE',  ( 0.000000000000000000, 1.000000000000000000, 0.000000000000000000 ) ) ;
#1538 = LINE ( 'NONE', #5175, #382 ) ;
#1539 = LINE ( 'NONE', #2392, #825 ) ;
#1540 = CARTESIAN_POINT ( 'NONE',  ( -2.799999999999999378, 23.00000000000000000, 21.13801126270789155 ) ) ;
#1541 = ORIENTED_EDGE ( 'NONE', *, *, #8485, .T. ) ;
#1542 = DIRECTION ( 'NONE',  ( 0.000000000000000000, -1.000000000000000000, 0.000000000000000000 ) ) ;
#1543 = EDGE_CURVE ( 'NONE', #8857, #2269, #4538, .T. ) ;
#1544 = EDGE_CURVE ( 'NONE', #6822, #7614, #5210, .T. ) ;
#1545 = CYLINDRICAL_SURFACE ( 'NONE', #1918, 8.500000000000000000 ) ;
#1546 = VECTOR ( 'NONE', #1658, 999.9999999999998863 ) ;
#1547 = VECTOR ( 'NONE', #9693, 1000.000000000000000 ) ;
#1548 = VERTEX_POINT ( 'NONE', #1749 ) ;
#1549 = ADVANCED_BREP_SHAPE_REPRESENTATION ( '', ( #6405, #1005 ), #2648 ) ;
#1550 = EDGE_CURVE ( 'NONE', #5592, #361, #5159, .T. ) ;
#1551 = VERTEX_POINT ( 'NONE', #2646 ) ;
#1552 = CARTESIAN_POINT ( 'NONE',  ( -8.100000000000001421, -5.500000000000000000, -22.60000000000000853 ) ) ;
#1553 = CARTESIAN_POINT ( 'NONE',  ( 17.70476182858164549, 23.00000000000000000, 15.53801126270789190 ) ) ;
#1554 = ORIENTED_EDGE ( 'NONE', *, *, #260, .T. ) ;
#1555 = CARTESIAN_POINT ( 'NONE',  ( 3.000000000000003553, 29.09999999999999787, -20.04445395531110918 ) ) ;
#1556 = CARTESIAN_POINT ( 'NONE',  ( 0.000000000000000000, -11.49999999999999645, 2.594999999999985985 ) ) ;
#1557 = AXIS2_PLACEMENT_3D ( 'NONE', #5837, #9278, #2481 ) ;
#1558 = DIRECTION ( 'NONE',  ( 0.000000000000000000, 0.000000000000000000, 1.000000000000000000 ) ) ;
#1559 = VECTOR ( 'NONE', #7739, 1000.000000000000227 ) ;
#1560 = VERTEX_POINT ( 'NONE', #6393 ) ;
#1561 = ADVANCED_FACE ( 'NONE', ( #3914 ), #2027, .T. ) ;
#1562 = ORIENTED_EDGE ( 'NONE', *, *, #8568, .T. ) ;
#1563 = DIRECTION ( 'NONE',  ( 1.000000000000000000, 0.000000000000000000, 1.982784115446821362E-15 ) ) ;
#1564 = VECTOR ( 'NONE', #7310, 1000.000000000000000 ) ;
#1565 = CARTESIAN_POINT ( 'NONE',  ( 14.50000000000021494, 25.00000000000008882, 24.06419186098133522 ) ) ;
#1566 = CARTESIAN_POINT ( 'NONE',  ( -25.00000000000000711, 29.50000000000000000, 28.99999999999997158 ) ) ;
#1567 = DIRECTION ( 'NONE',  ( 0.000000000000000000, 1.000000000000000000, -0.000000000000000000 ) ) ;
#1568 = FACE_OUTER_BOUND ( 'NONE', #7547, .T. ) ;
#1569 = ADVANCED_FACE ( 'NONE', ( #7339 ), #3811, .T. ) ;
#1570 = CARTESIAN_POINT ( 'NONE',  ( -14.99999999999999645, 0.5000000000000000000, 13.59999999999999076 ) ) ;
#1571 = DIRECTION ( 'NONE',  ( -2.168404344971008868E-17, -2.940873454663932011E-27, 1.000000000000000000 ) ) ;
#1572 = EDGE_CURVE ( 'NONE', #3537, #10971, #8155, .T. ) ;
#1573 = CARTESIAN_POINT ( 'NONE',  ( -1.576085913135946814, 24.50000000000000000, 11.42771081216550755 ) ) ;
#1574 = EDGE_LOOP ( 'NONE', ( #7620, #7203, #4164, #10503 ) ) ;
#1575 = CARTESIAN_POINT ( 'NONE',  ( 8.099999999999996092, -5.500000000000000000, -22.60000000000001208 ) ) ;
#1576 = EDGE_CURVE ( 'NONE', #6119, #9922, #429, .T. ) ;
#1577 = EDGE_LOOP ( 'NONE', ( #7430, #7541, #10728, #4915 ) ) ;
#1578 = CARTESIAN_POINT ( 'NONE',  ( -2.249903526357135863, 25.00000000000018829, -4.500214463258211950 ) ) ;
#1579 = CARTESIAN_POINT ( 'NONE',  ( 3.101750864123759222, 32.00000000000001421, 9.893114560107507671 ) ) ;
#1580 = DIRECTION ( 'NONE',  ( 0.7071067811865465735, 0.000000000000000000, 0.7071067811865485719 ) ) ;
#1581 = EDGE_LOOP ( 'NONE', ( #2017, #1814, #3642, #8043, #9742, #680 ) ) ;
#1582 = EDGE_CURVE ( 'NONE', #1283, #676, #7181, .T. ) ;
#1583 = VECTOR ( 'NONE', #10340, 999.9999999999998863 ) ;
#1584 = FACE_OUTER_BOUND ( 'NONE', #3017, .T. ) ;
#1585 = CLOSED_SHELL ( 'NONE', ( #613, #2555, #3927, #9928, #5811, #7780, #708, #4326, #8516, #6797, #6421, #9839, #950, #9071, #4189, #7475, #4890, #6729, #11084, #3494, #851, #9788, #1561, #4795, #600, #9639, #9717, #8947, #6249, #4958, #739, #7583, #5485, #5136, #9450, #9653, #5967, #2138, #2541, #3378, #6939, #2718, #891, #10642, #7023, #7840, #10066, #7755, #46, #1405, #2072, #1891, #1128, #10096, #8323, #5368, #4305, #1799, #10480, #7795, #1086 ) ) ;
#1586 = CARTESIAN_POINT ( 'NONE',  ( 4.502511103578837215, 10.50999999999999091, -2.736966230914735565 ) ) ;
#1587 = ORIENTED_EDGE ( 'NONE', *, *, #8207, .F. ) ;
#1588 = LINE ( 'NONE', #5902, #9591 ) ;
#1589 = EDGE_CURVE ( 'NONE', #1705, #16, #6498, .T. ) ;
#1590 = VERTEX_POINT ( 'NONE', #10614 ) ;
#1591 = ORIENTED_EDGE ( 'NONE', *, *, #5060, .T. ) ;
#1592 = EDGE_LOOP ( 'NONE', ( #6889, #980, #7602, #11075, #8832, #8969, #6213, #903 ) ) ;
#1593 = CARTESIAN_POINT ( 'NONE',  ( 695.9594270195614172, 871.6231861209186036, 1305.124402200102850 ) ) ;
#1594 = FACE_OUTER_BOUND ( 'NONE', #885, .T. ) ;
#1595 = CIRCLE ( 'NONE', #10743, 8.500000000000000000 ) ;
#1596 = ORIENTED_EDGE ( 'NONE', *, *, #10262, .T. ) ;
#1597 = LINE ( 'NONE', #8160, #7906 ) ;
#1598 = CARTESIAN_POINT ( 'NONE',  ( -18.50000000000000000, -13.00000000000000000, -21.60000000000000853 ) ) ;
#1599 = LINE ( 'NONE', #5009, #9090 ) ;
#1600 = CARTESIAN_POINT ( 'NONE',  ( 7.599667529665836696, 32.00000000000000000, 25.49999999999952749 ) ) ;
#1601 = FACE_OUTER_BOUND ( 'NONE', #8410, .T. ) ;
#1602 = CARTESIAN_POINT ( 'NONE',  ( 50.00539578651591910, 10.50999999999999091, -39.28468037378117117 ) ) ;
#1603 = VERTEX_POINT ( 'NONE', #5594 ) ;
#1604 = FACE_OUTER_BOUND ( 'NONE', #2229, .T. ) ;
#1605 = LINE ( 'NONE', #9415, #4070 ) ;
#1606 = ORIENTED_EDGE ( 'NONE', *, *, #7439, .T. ) ;
#1607 = VERTEX_POINT ( 'NONE', #5542 ) ;
#1608 = CARTESIAN_POINT ( 'NONE',  ( 33.50000000000000711, 30.00000000000000000, -29.00000000000002132 ) ) ;
#1609 = CARTESIAN_POINT ( 'NONE',  ( 3.902784574711857246, 26.50000000000000000, 6.750748237444033961 ) ) ;
#1610 = B_SPLINE_CURVE_WITH_KNOTS ( 'NONE', 2,
 ( #10831, #3249, #1384 ),
 .UNSPECIFIED., .F., .F.,
 ( 3, 3 ),
 ( 9.000000000000000000, 10.00000000000000000 ),
 .UNSPECIFIED. ) ;
#1611 = ORIENTED_EDGE ( 'NONE', *, *, #7266, .F. ) ;
#1612 = CARTESIAN_POINT ( 'NONE',  ( 3.599158056653554816, 32.00000000000000711, 0.6221257589855736514 ) ) ;
#1613 = EDGE_CURVE ( 'NONE', #1151, #7723, #8189, .T. ) ;
#1614 = PLANE ( 'NONE',  #8801 ) ;
#1615 = EDGE_CURVE ( 'NONE', #2904, #2777, #5435, .T. ) ;
#1616 = DIRECTION ( 'NONE',  ( 0.000000000000000000, -1.000000000000000000, 0.000000000000000000 ) ) ;
#1617 = VECTOR ( 'NONE', #10158, 1000.000000000000000 ) ;
#1618 = ORIENTED_EDGE ( 'NONE', *, *, #1648, .T. ) ;
#1619 = ORIENTED_EDGE ( 'NONE', *, *, #1178, .F. ) ;
#1620 = LINE ( 'NONE', #10156, #9603 ) ;
#1621 = CARTESIAN_POINT ( 'NONE',  ( -14.27500000000000568, -13.00000000000000000, -17.60000000000000853 ) ) ;
#1622 = CARTESIAN_POINT ( 'NONE',  ( 1.581115718853668639, 32.00000000000000000, 11.46297966177923300 ) ) ;
#1623 = AXIS2_PLACEMENT_3D ( 'NONE', #2578, #5249, #6787 ) ;
#1624 = DIRECTION ( 'NONE',  ( -0.000000000000000000, 1.000000000000000000, -0.000000000000000000 ) ) ;
#1625 = CARTESIAN_POINT ( 'NONE',  ( 2.795644634101584813, 32.00000000000000000, 4.034604252371991606 ) ) ;
#1626 = EDGE_CURVE ( 'NONE', #3891, #7839, #4645, .T. ) ;
#1627 = LINE ( 'NONE', #3143, #8294 ) ;
#1628 = DIRECTION ( 'NONE',  ( -1.000000000000000000, -0.000000000000000000, -0.000000000000000000 ) ) ;
#1629 = CARTESIAN_POINT ( 'NONE',  ( 4.219146220329037966, 9.499999999999998224, 20.06569260839445690 ) ) ;
#1630 = VERTEX_POINT ( 'NONE', #2923 ) ;
#1631 = CARTESIAN_POINT ( 'NONE',  ( -8.743329047513924479, 9.499999999999998224, -6.021333691102118024 ) ) ;
#1632 = VECTOR ( 'NONE', #3422, 1000.000000000000000 ) ;
#1633 = VECTOR ( 'NONE', #2195, 1000.000000000000114 ) ;
#1634 = ORIENTED_EDGE ( 'NONE', *, *, #1613, .T. ) ;
#1635 = DIRECTION ( 'NONE',  ( -0.000000000000000000, -1.000000000000000000, -0.000000000000000000 ) ) ;
#1636 = LINE ( 'NONE', #10004, #1926 ) ;
#1637 = CARTESIAN_POINT ( 'NONE',  ( -4.098455636355254228, 32.00000000000000000, 22.45905727886295722 ) ) ;
#1638 = VERTEX_POINT ( 'NONE', #483 ) ;
#1639 = EDGE_CURVE ( 'NONE', #1045, #9922, #3081, .T. ) ;
#1640 = VECTOR ( 'NONE', #10863, 1000.000000000000000 ) ;
#1641 = DIRECTION ( 'NONE',  ( 0.000000000000000000, 0.000000000000000000, -1.000000000000000000 ) ) ;
#1642 = CARTESIAN_POINT ( 'NONE',  ( -15.10000000000000497, -5.500000000000000000, -23.60000000000000853 ) ) ;
#1643 = EDGE_LOOP ( 'NONE', ( #5018, #11108, #3780, #2696 ) ) ;
#1644 = SURFACE_STYLE_FILL_AREA ( #7754 ) ;
#1645 = ORIENTED_EDGE ( 'NONE', *, *, #4944, .T. ) ;
#1646 = ORIENTED_EDGE ( 'NONE', *, *, #9198, .F. ) ;
#1647 = EDGE_LOOP ( 'NONE', ( #2343, #3793, #9850, #5579 ) ) ;
#1648 = EDGE_CURVE ( 'NONE', #7561, #4759, #9091, .T. ) ;
#1649 = VECTOR ( 'NONE', #6134, 1000.000000000000000 ) ;
#1650 = DIRECTION ( 'NONE',  ( -0.000000000000000000, -1.000000000000000000, -0.000000000000000000 ) ) ;
#1651 = ORIENTED_EDGE ( 'NONE', *, *, #1220, .F. ) ;
#1652 = DIRECTION ( 'NONE',  ( 0.000000000000000000, 1.000000000000000000, 3.491481338843133355E-15 ) ) ;
#1653 = DIRECTION ( 'NONE',  ( -1.000000000000000000, 0.000000000000000000, 0.000000000000000000 ) ) ;
#1654 = EDGE_CURVE ( 'NONE', #10013, #10773, #3708, .T. ) ;
#1655 = CARTESIAN_POINT ( 'NONE',  ( 5.800000000000000711, 9.999999999999998224, -11.54000000000000448 ) ) ;
#1656 = DIRECTION ( 'NONE',  ( -1.000000000000000000, 0.000000000000000000, 0.000000000000000000 ) ) ;
#1657 = AXIS2_PLACEMENT_3D ( 'NONE', #11034, #2444, #9351 ) ;
#1658 = DIRECTION ( 'NONE',  ( -0.2982749931359467976, -0.000000000000000000, -0.9544799780350298191 ) ) ;
#1659 = LINE ( 'NONE', #8663, #4366 ) ;
#1660 = ORIENTED_EDGE ( 'NONE', *, *, #8678, .T. ) ;
#1661 = DIRECTION ( 'NONE',  ( 0.000000000000000000, 1.000000000000000000, 0.000000000000000000 ) ) ;
#1662 = EDGE_CURVE ( 'NONE', #9795, #9236, #3563, .T. ) ;
#1663 = CARTESIAN_POINT ( 'NONE',  ( -2.800000000000000266, 9.999999999999998224, -15.54000000000000448 ) ) ;
#1664 = EDGE_LOOP ( 'NONE', ( #8799, #5251, #791, #5075 ) ) ;
#1665 = VECTOR ( 'NONE', #371, 1000.000000000000000 ) ;
#1666 = ORIENTED_EDGE ( 'NONE', *, *, #6933, .F. ) ;
#1667 = LINE ( 'NONE', #6084, #10055 ) ;
#1668 = FACE_BOUND ( 'NONE', #6528, .T. ) ;
#1669 = EDGE_LOOP ( 'NONE', ( #6713, #3607, #8751, #3849 ) ) ;
#1670 = CARTESIAN_POINT ( 'NONE',  ( 15.09999999999999609, -11.50000000000000000, -23.60000000000000853 ) ) ;
#1671 = CARTESIAN_POINT ( 'NONE',  ( 0.0008204178503570802583, 25.00000000000012790, 13.06458333644164327 ) ) ;
#1672 = PLANE ( 'NONE',  #9560 ) ;
#1673 = ORIENTED_EDGE ( 'NONE', *, *, #7338, .F. ) ;
#1674 = AXIS2_PLACEMENT_3D ( 'NONE', #1502, #9376, #5880 ) ;
#1675 = EDGE_LOOP ( 'NONE', ( #1666, #3097, #1315, #9550 ) ) ;
#1676 = EDGE_CURVE ( 'NONE', #8449, #8166, #9720, .T. ) ;
#1677 = FACE_OUTER_BOUND ( 'NONE', #8499, .T. ) ;
#1678 = CARTESIAN_POINT ( 'NONE',  ( -25.00000000000000711, 0.000000000000000000, -39.00000000000002842 ) ) ;
#1679 = FACE_OUTER_BOUND ( 'NONE', #7027, .T. ) ;
#1680 = AXIS2_PLACEMENT_3D ( 'NONE', #3564, #2104, #1019 ) ;
#1681 = LINE ( 'NONE', #7575, #2013 ) ;
#1682 = CARTESIAN_POINT ( 'NONE',  ( -2.249903526357163841, 24.50000000000000000, -1.050058994014420710 ) ) ;
#1683 = PLANE ( 'NONE',  #5959 ) ;
#1684 = CARTESIAN_POINT ( 'NONE',  ( -19.81171673543281031, 24.99999999999999645, 27.23807268525122538 ) ) ;
#1685 = DIRECTION ( 'NONE',  ( 0.000000000000000000, 0.000000000000000000, -1.000000000000000000 ) ) ;
#1686 = VERTEX_POINT ( 'NONE', #1166 ) ;
#1687 = CARTESIAN_POINT ( 'NONE',  ( -27.50000000000000355, 10.49999999999999467, 0.2499999999999533706 ) ) ;
#1688 = AXIS2_PLACEMENT_3D ( 'NONE', #7860, #2032, #8031 ) ;
#1689 = EDGE_LOOP ( 'NONE', ( #3936, #3149, #9956, #3104 ) ) ;
#1690 = ADVANCED_FACE ( 'NONE', ( #8924 ), #4595, .T. ) ;
#1691 = EDGE_CURVE ( 'NONE', #5219, #9896, #3309, .T. ) ;
#1692 = FACE_OUTER_BOUND ( 'NONE', #87, .T. ) ;
#1693 = CARTESIAN_POINT ( 'NONE',  ( -8.100000000000003197, -11.50000000000000000, -22.60000000000000853 ) ) ;
#1694 = B_SPLINE_SURFACE_WITH_KNOTS ( 'NONE', 2, 1, ( 
 ( #9662, #941 ),
 ( #4321, #6111 ),
 ( #1108, #9496 ) ),
 .UNSPECIFIED., .F., .F., .F.,
 ( 3, 3 ),
 ( 2, 2 ),
 ( 9.000000000000000000, 10.00000000000000000 ),
 ( 0.000000000000000000, 1.000000000000000000 ),
 .UNSPECIFIED. ) ;
#1695 = CARTESIAN_POINT ( 'NONE',  ( -15.00000000000000000, -13.00000000000000000, -26.60000000000000853 ) ) ;
#1696 = EDGE_CURVE ( 'NONE', #5383, #6811, #10942, .T. ) ;
#1697 = CIRCLE ( 'NONE', #2593, 9.250000000000001776 ) ;
#1698 = DIRECTION ( 'NONE',  ( -0.000000000000000000, -1.000000000000000000, -0.000000000000000000 ) ) ;
#1699 = DIRECTION ( 'NONE',  ( 0.000000000000000000, 0.000000000000000000, -1.000000000000000000 ) ) ;
#1700 = ORIENTED_EDGE ( 'NONE', *, *, #9258, .T. ) ;
#1701 = CARTESIAN_POINT ( 'NONE',  ( 20.00000000000000000, -13.00000000000000000, 8.399999999999987921 ) ) ;
#1702 = ORIENTED_EDGE ( 'NONE', *, *, #2898, .T. ) ;
#1703 = ORIENTED_EDGE ( 'NONE', *, *, #6484, .F. ) ;
#1704 = EDGE_CURVE ( 'NONE', #956, #6387, #4918, .T. ) ;
#1705 = VERTEX_POINT ( 'NONE', #4802 ) ;
#1706 = VECTOR ( 'NONE', #10527, 1000.000000000000000 ) ;
#1707 = CARTESIAN_POINT ( 'NONE',  ( -19.81171673543281031, 24.99999999999999645, 27.23807268525122538 ) ) ;
#1708 = EDGE_LOOP ( 'NONE', ( #2317, #5329, #9646, #8227, #5633, #9481, #6018, #6426, #9801, #8570, #3786, #301 ) ) ;
#1709 = CARTESIAN_POINT ( 'NONE',  ( -5.301418384264150241, 32.00000000000000000, 21.57711283463900287 ) ) ;
#1710 = CARTESIAN_POINT ( 'NONE',  ( 20.00000000000000000, -13.00000000000000000, -21.60000000000000853 ) ) ;
#1711 = CARTESIAN_POINT ( 'NONE',  ( 13.49999999999999822, 1.500000000000000000, -22.33097289055185897 ) ) ;
#1712 = DIRECTION ( 'NONE',  ( -0.000000000000000000, -1.000000000000000000, -0.000000000000000000 ) ) ;
#1713 = CARTESIAN_POINT ( 'NONE',  ( 2.449293598294706907E-16, -9.999999999999998224, -16.43835307503515608 ) ) ;
#1714 = ORIENTED_EDGE ( 'NONE', *, *, #5102, .F. ) ;
#1715 = DIRECTION ( 'NONE',  ( -0.000000000000000000, -1.000000000000000000, -0.000000000000000000 ) ) ;
#1716 = EDGE_CURVE ( 'NONE', #8449, #2056, #4861, .T. ) ;
#1717 = DIRECTION ( 'NONE',  ( -0.000000000000000000, -0.000000000000000000, 1.000000000000000000 ) ) ;
#1718 = ORIENTED_EDGE ( 'NONE', *, *, #381, .T. ) ;
#1719 = VECTOR ( 'NONE', #4457, 1000.000000000000000 ) ;
#1720 = ORIENTED_EDGE ( 'NONE', *, *, #6977, .F. ) ;
#1721 = FACE_OUTER_BOUND ( 'NONE', #1327, .T. ) ;
#1722 = SHAPE_REPRESENTATION ( 'Part 2', ( #1005 ), #2648 ) ;
#1723 = LINE ( 'NONE', #5135, #4821 ) ;
#1724 = LINE ( 'NONE', #7621, #6566 ) ;
#1725 = DIRECTION ( 'NONE',  ( -0.000000000000000000, -1.000000000000000000, 0.000000000000000000 ) ) ;
#1726 = EDGE_CURVE ( 'NONE', #3504, #8266, #6673, .T. ) ;
#1727 = CARTESIAN_POINT ( 'NONE',  ( -2.799999999999999378, -13.91959594928933441, 21.13801126270789155 ) ) ;
#1728 = VECTOR ( 'NONE', #4101, 1000.000000000000000 ) ;
#1729 = VECTOR ( 'NONE', #1763, 1000.000000000000000 ) ;
#1730 = ORIENTED_EDGE ( 'NONE', *, *, #7406, .F. ) ;
#1731 = EDGE_CURVE ( 'NONE', #10820, #8601, #10633, .T. ) ;
#1732 = VERTEX_POINT ( 'NONE', #6613 ) ;
#1733 = CARTESIAN_POINT ( 'NONE',  ( -34.25000000000000000, 0.000000000000000000, 28.99999999999997158 ) ) ;
#1734 = CARTESIAN_POINT ( 'NONE',  ( 3.599158056653548154, 24.50000000000000000, 1.758059867859545600 ) ) ;
#1735 = CARTESIAN_POINT ( 'NONE',  ( -13.37439034845122521, 24.99999999999999645, 26.19897291411961859 ) ) ;
#1736 = CIRCLE ( 'NONE', #8007, 3.500000000000001332 ) ;
#1737 = CARTESIAN_POINT ( 'NONE',  ( 25.00000000000000000, 3.000000000000000000, 28.99999999999998934 ) ) ;
#1738 = AXIS2_PLACEMENT_3D ( 'NONE', #10824, #2458, #5814 ) ;
#1739 = CARTESIAN_POINT ( 'NONE',  ( -3.601026911978597145, 24.50000000000000000, 1.758059867859497194 ) ) ;
#1740 = CARTESIAN_POINT ( 'NONE',  ( 35.00000000000000000, 30.00000000000000000, 28.99999999999997158 ) ) ;
#1741 = LINE ( 'NONE', #4984, #593 ) ;
#1742 = ORIENTED_EDGE ( 'NONE', *, *, #9011, .F. ) ;
#1743 = PLANE ( 'NONE',  #7188 ) ;
#1744 = VECTOR ( 'NONE', #8327, 1000.000000000000000 ) ;
#1745 = AXIS2_PLACEMENT_3D ( 'NONE', #5969, #5064, #3454 ) ;
#1746 = ORIENTED_EDGE ( 'NONE', *, *, #5646, .F. ) ;
#1747 = CARTESIAN_POINT ( 'NONE',  ( 25.00000000000000000, 5.000000000000000000, 28.99999999999998934 ) ) ;
#1748 = ORIENTED_EDGE ( 'NONE', *, *, #6697, .F. ) ;
#1749 = CARTESIAN_POINT ( 'NONE',  ( 25.00000000000000000, 5.000000000000000000, -37.50000000000000711 ) ) ;
#1750 = CARTESIAN_POINT ( 'NONE',  ( -2.000000000000015987, -13.99999999999999822, -1.370000000000013651 ) ) ;
#1751 =( GEOMETRIC_REPRESENTATION_CONTEXT ( 3 ) GLOBAL_UNCERTAINTY_ASSIGNED_CONTEXT ( ( #4325 ) ) GLOBAL_UNIT_ASSIGNED_CONTEXT ( ( #4222, #899, #6701 ) ) REPRESENTATION_CONTEXT ( 'NONE', 'WORKASPACE' ) );
#1752 = LINE ( 'NONE', #892, #8534 ) ;
#1753 = EDGE_CURVE ( 'NONE', #2273, #651, #8994, .T. ) ;
#1754 = EDGE_CURVE ( 'NONE', #6550, #4881, #6667, .T. ) ;
#1755 = CYLINDRICAL_SURFACE ( 'NONE', #2938, 1.000000000000000888 ) ;
#1756 = ORIENTED_EDGE ( 'NONE', *, *, #5033, .F. ) ;
#1757 = CARTESIAN_POINT ( 'NONE',  ( -4.219146220329037966, 10.50999999999999091, 20.06569260839445690 ) ) ;
#1758 = EDGE_LOOP ( 'NONE', ( #5085, #6083, #5906, #9634 ) ) ;
#1759 = ORIENTED_EDGE ( 'NONE', *, *, #4720, .T. ) ;
#1760 = ORIENTED_EDGE ( 'NONE', *, *, #9622, .F. ) ;
#1761 = DIRECTION ( 'NONE',  ( 0.000000000000000000, 1.000000000000000000, 0.000000000000000000 ) ) ;
#1762 = VERTEX_POINT ( 'NONE', #10101 ) ;
#1763 = DIRECTION ( 'NONE',  ( 0.000000000000000000, 1.000000000000000000, 0.000000000000000000 ) ) ;
#1764 = DIRECTION ( 'NONE',  ( -1.000000000000000000, 0.000000000000000000, 0.000000000000000000 ) ) ;
#1765 = CYLINDRICAL_SURFACE ( 'NONE', #10625, 9.250000000000005329 ) ;
#1766 = EDGE_CURVE ( 'NONE', #2447, #3335, #594, .T. ) ;
#1767 = DIRECTION ( 'NONE',  ( 0.000000000000000000, 0.000000000000000000, -1.000000000000000000 ) ) ;
#1768 = CARTESIAN_POINT ( 'NONE',  ( -8.743329047513924479, 9.499999999999998224, 7.256070824894444549 ) ) ;
#1769 = ORIENTED_EDGE ( 'NONE', *, *, #195, .F. ) ;
#1770 = LINE ( 'NONE', #1820, #7071 ) ;
#1771 = CARTESIAN_POINT ( 'NONE',  ( -1.099844525993681765, 24.50000000000000000, 5.860867144937103035 ) ) ;
#1772 = DIRECTION ( 'NONE',  ( -0.000000000000000000, -1.000000000000000000, -0.000000000000000000 ) ) ;
#1773 = ORIENTED_EDGE ( 'NONE', *, *, #6047, .T. ) ;
#1774 = VERTEX_POINT ( 'NONE', #5764 ) ;
#1775 = FACE_OUTER_BOUND ( 'NONE', #1825, .T. ) ;
#1776 = DIRECTION ( 'NONE',  ( -1.000000000000000000, 0.000000000000000000, 0.000000000000000000 ) ) ;
#1777 = DIRECTION ( 'NONE',  ( -0.000000000000000000, -1.000000000000000000, -2.891205793294675861E-16 ) ) ;
#1778 = DIRECTION ( 'NONE',  ( 0.000000000000000000, -0.000000000000000000, -1.000000000000000000 ) ) ;
#1779 = EDGE_CURVE ( 'NONE', #9472, #5638, #8413, .T. ) ;
#1780 = LINE ( 'NONE', #6998, #4879 ) ;
#1781 = ORIENTED_EDGE ( 'NONE', *, *, #10997, .T. ) ;
#1782 = PRODUCT ( 'Back Part 1', 'Back Part 1', '', ( #7812 ) ) ;
#1783 = ORIENTED_EDGE ( 'NONE', *, *, #5864, .F. ) ;
#1784 = VERTEX_POINT ( 'NONE', #2468 ) ;
#1785 = CARTESIAN_POINT ( 'NONE',  ( -2.019344049127788310, 32.00000000000000000, 11.12548237521775008 ) ) ;
#1786 = PRODUCT_DEFINITION ( 'UNKNOWN', '', #1929, #3551 ) ;
#1787 = VECTOR ( 'NONE', #6209, 1000.000000000000000 ) ;
#1788 = VERTEX_POINT ( 'NONE', #3251 ) ;
#1789 = DIRECTION ( 'NONE',  ( -0.000000000000000000, -0.000000000000000000, 1.000000000000000000 ) ) ;
#1790 = DIRECTION ( 'NONE',  ( 0.000000000000000000, 0.000000000000000000, 1.000000000000000000 ) ) ;
#1791 = LINE ( 'NONE', #7900, #4857 ) ;
#1792 = CARTESIAN_POINT ( 'NONE',  ( -2.249903526357163841, 24.50000000000000000, -1.050058994014420710 ) ) ;
#1793 = EDGE_CURVE ( 'NONE', #10099, #1774, #10157, .T. ) ;
#1794 = CIRCLE ( 'NONE', #5008, 10.00000000000000533 ) ;
#1795 = CARTESIAN_POINT ( 'NONE',  ( 34.25000000000000000, 2.000000000000000000, -29.00000000000002487 ) ) ;
#1796 = ORIENTED_EDGE ( 'NONE', *, *, #2890, .F. ) ;
#1797 = VERTEX_POINT ( 'NONE', #1621 ) ;
#1798 = DIRECTION ( 'NONE',  ( 0.000000000000000000, 1.000000000000000000, 0.000000000000000000 ) ) ;
#1799 = ADVANCED_FACE ( 'NONE', ( #4140 ), #11000, .F. ) ;
#1800 = ORIENTED_EDGE ( 'NONE', *, *, #5501, .F. ) ;
#1801 = CARTESIAN_POINT ( 'NONE',  ( -14.99999999999995737, 0.000000000000000000, -26.80000000000001137 ) ) ;
#1802 = CARTESIAN_POINT ( 'NONE',  ( 7.599667515478469859, 23.00000000000000000, 18.11989492295154491 ) ) ;
#1803 = LINE ( 'NONE', #5266, #5650 ) ;
#1804 = AXIS2_PLACEMENT_3D ( 'NONE', #2576, #8687, #3584 ) ;
#1805 = LINE ( 'NONE', #3603, #7417 ) ;
#1806 = AXIS2_PLACEMENT_3D ( 'NONE', #720, #3377, #9271 ) ;
#1807 = ORIENTED_EDGE ( 'NONE', *, *, #7133, .T. ) ;
#1808 = CARTESIAN_POINT ( 'NONE',  ( -25.00000000000000000, 5.000000000000000000, -37.50000000000000711 ) ) ;
#1809 = ORIENTED_EDGE ( 'NONE', *, *, #1257, .F. ) ;
#1810 = ORIENTED_EDGE ( 'NONE', *, *, #2550, .F. ) ;
#1811 = ADVANCED_FACE ( 'NONE', ( #8468 ), #3368, .T. ) ;
#1812 = PLANE ( 'NONE',  #10590 ) ;
#1813 = AXIS2_PLACEMENT_3D ( 'NONE', #2139, #4751, #5545 ) ;
#1814 = ORIENTED_EDGE ( 'NONE', *, *, #3438, .T. ) ;
#1815 = CARTESIAN_POINT ( 'NONE',  ( -45.97666018330589566, 17.00000000000002842, 18.98421203201066021 ) ) ;
#1816 = CARTESIAN_POINT ( 'NONE',  ( 25.00000000000000711, 30.00000000000000000, -29.00000000000002132 ) ) ;
#1817 = LINE ( 'NONE', #8662, #218 ) ;
#1818 = DIRECTION ( 'NONE',  ( 1.000000000000000000, -1.318503921650895287E-37, 4.483001173306440485E-11 ) ) ;
#1819 = ORIENTED_EDGE ( 'NONE', *, *, #1676, .T. ) ;
#1820 = CARTESIAN_POINT ( 'NONE',  ( -3.494955088444204439, 10.50999999999999091, 13.26303376472695916 ) ) ;
#1821 = VECTOR ( 'NONE', #8525, 1000.000000000000000 ) ;
#1822 = DIRECTION ( 'NONE',  ( 0.000000000000000000, 0.000000000000000000, 1.000000000000000000 ) ) ;
#1823 = DIRECTION ( 'NONE',  ( -1.000000000000000000, 0.000000000000000000, -0.000000000000000000 ) ) ;
#1824 = AXIS2_PLACEMENT_3D ( 'NONE', #2354, #10043, #9318 ) ;
#1825 = EDGE_LOOP ( 'NONE', ( #8376, #8324, #10813, #9919 ) ) ;
#1826 = EDGE_CURVE ( 'NONE', #7658, #7255, #10215, .T. ) ;
#1827 = EDGE_CURVE ( 'NONE', #1060, #9772, #538, .T. ) ;
#1828 = ORIENTED_EDGE ( 'NONE', *, *, #5727, .F. ) ;
#1829 = CARTESIAN_POINT ( 'NONE',  ( 35.00000000000000000, 0.000000000000000000, 28.99999999999997158 ) ) ;
#1830 = CARTESIAN_POINT ( 'NONE',  ( 2.799999999999999378, -2.999999999999999112, 15.53801126270789190 ) ) ;
#1831 = AXIS2_PLACEMENT_3D ( 'NONE', #3737, #354, #7052 ) ;
#1832 = LINE ( 'NONE', #9529, #4758 ) ;
#1833 =( LENGTH_UNIT ( ) NAMED_UNIT ( * ) SI_UNIT ( .MILLI., .METRE. ) );
#1834 = CARTESIAN_POINT ( 'NONE',  ( 2.510525938252074087E-15, 32.00000000000000000, 33.49999999999999289 ) ) ;
#1835 = ORIENTED_EDGE ( 'NONE', *, *, #10198, .T. ) ;
#1836 = ORIENTED_EDGE ( 'NONE', *, *, #6582, .T. ) ;
#1837 = AXIS2_PLACEMENT_3D ( 'NONE', #4797, #5699, #1558 ) ;
#1838 = VERTEX_POINT ( 'NONE', #7398 ) ;
#1839 = EDGE_CURVE ( 'NONE', #3991, #8486, #9991, .T. ) ;
#1840 = CARTESIAN_POINT ( 'NONE',  ( 2.999999999999981792, -11.50000000000000000, 5.594999999999988205 ) ) ;
#1841 = DIRECTION ( 'NONE',  ( 0.000000000000000000, 0.000000000000000000, 1.000000000000000000 ) ) ;
#1842 = DIRECTION ( 'NONE',  ( -0.000000000000000000, -1.000000000000000000, -0.000000000000000000 ) ) ;
#1843 = ORIENTED_EDGE ( 'NONE', *, *, #3210, .T. ) ;
#1844 = LINE ( 'NONE', #5252, #9185 ) ;
#1845 = CARTESIAN_POINT ( 'NONE',  ( 2.251544362057770421, 32.00000000000000000, -4.500214463258173758 ) ) ;
#1846 = CIRCLE ( 'NONE', #5968, 8.999999999999994671 ) ;
#1847 = DIRECTION ( 'NONE',  ( 0.000000000000000000, 1.000000000000000000, 3.491481338843133355E-15 ) ) ;
#1848 = ORIENTED_EDGE ( 'NONE', *, *, #10237, .T. ) ;
#1849 = ORIENTED_EDGE ( 'NONE', *, *, #1550, .T. ) ;
#1850 = EDGE_CURVE ( 'NONE', #1784, #5301, #9146, .T. ) ;
#1851 = CARTESIAN_POINT ( 'NONE',  ( 17.70476182858164549, 23.00000000000000000, 15.53801126270789190 ) ) ;
#1852 = VECTOR ( 'NONE', #8263, 1000.000000000000000 ) ;
#1853 = VERTEX_POINT ( 'NONE', #10270 ) ;
#1854 = CARTESIAN_POINT ( 'NONE',  ( -33.50000000000000000, 17.25000000000000000, 24.99999999999995381 ) ) ;
#1855 = DIRECTION ( 'NONE',  ( 0.000000000000000000, -1.000000000000000000, 0.000000000000000000 ) ) ;
#1856 = CARTESIAN_POINT ( 'NONE',  ( 7.599667515478469859, 28.49999999999999645, 18.11989492295154491 ) ) ;
#1857 = DIRECTION ( 'NONE',  ( 0.000000000000000000, 0.000000000000000000, 1.000000000000000000 ) ) ;
#1858 = PRODUCT_DEFINITION_CONTEXT ( 'detailed design', #2754, 'design' ) ;
#1859 = EDGE_CURVE ( 'NONE', #7300, #3260, #10382, .T. ) ;
#1860 = AXIS2_PLACEMENT_3D ( 'NONE', #9885, #2088, #5548 ) ;
#1861 = DIRECTION ( 'NONE',  ( 0.000000000000000000, 0.000000000000000000, -1.000000000000000000 ) ) ;
#1862 = ORIENTED_EDGE ( 'NONE', *, *, #3358, .F. ) ;
#1863 = FACE_OUTER_BOUND ( 'NONE', #1520, .T. ) ;
#1864 = ORIENTED_EDGE ( 'NONE', *, *, #2780, .F. ) ;
#1865 = EDGE_CURVE ( 'NONE', #8478, #5017, #6154, .T. ) ;
#1866 = ORIENTED_EDGE ( 'NONE', *, *, #7035, .F. ) ;
#1867 = APPLICATION_PROTOCOL_DEFINITION ( 'draft international standard', 'automotive_design', 1998, #8910 ) ;
#1868 = FACE_OUTER_BOUND ( 'NONE', #6669, .T. ) ;
#1869 = VECTOR ( 'NONE', #1715, 1000.000000000000000 ) ;
#1870 = ORIENTED_EDGE ( 'NONE', *, *, #2612, .T. ) ;
#1871 = DIRECTION ( 'NONE',  ( 0.000000000000000000, -1.000000000000000000, 0.000000000000000000 ) ) ;
#1872 = LINE ( 'NONE', #7091, #2617 ) ;
#1873 = DIRECTION ( 'NONE',  ( 1.000000000000000000, 0.000000000000000000, 0.000000000000000000 ) ) ;
#1874 = PRODUCT_DEFINITION_SHAPE ( 'NONE', 'NONE',  #4449 ) ;
#1875 = LINE ( 'NONE', #292, #7592 ) ;
#1876 = ADVANCED_FACE ( 'NONE', ( #6096 ), #9592, .T. ) ;
#1877 = B_SPLINE_CURVE_WITH_KNOTS ( 'NONE', 3,
 ( #2389, #2220, #4117, #7550, #1479, #8162, #5740, #6473, #3114, #4895 ),
 .UNSPECIFIED., .F., .F.,
 ( 4, 3, 3, 4 ),
 ( 0.000000000000000000, 1.589967664655935153E-05, 3.177322124006977784E-05, 5.660053884828755065E-05 ),
 .UNSPECIFIED. ) ;
#1878 = ORIENTED_EDGE ( 'NONE', *, *, #6821, .F. ) ;
#1879 = LINE ( 'NONE', #75, #8686 ) ;
#1880 = VECTOR ( 'NONE', #10814, 1000.000000000000000 ) ;
#1881 = CARTESIAN_POINT ( 'NONE',  ( -3.120270278148117526, 24.49999999999999645, 3.566613137585274984 ) ) ;
#1882 = CARTESIAN_POINT ( 'NONE',  ( 3.292055172662508244, 24.50000000000000000, 3.228621550437320575 ) ) ;
#1883 = ORIENTED_EDGE ( 'NONE', *, *, #7480, .F. ) ;
#1884 = ORIENTED_EDGE ( 'NONE', *, *, #3210, .F. ) ;
#1885 = DIRECTION ( 'NONE',  ( -8.673617379884035472E-16, 0.000000000000000000, -1.000000000000000000 ) ) ;
#1886 = DIRECTION ( 'NONE',  ( -0.000000000000000000, -1.000000000000000000, -0.000000000000000000 ) ) ;
#1887 = DIRECTION ( 'NONE',  ( 0.000000000000000000, 0.000000000000000000, -1.000000000000000000 ) ) ;
#1888 = CARTESIAN_POINT ( 'NONE',  ( -13.37439034836756413, 10.50999999999999091, 24.33278622160655047 ) ) ;
#1889 = CARTESIAN_POINT ( 'NONE',  ( -35.00000000000000000, 17.00000000000011724, 7.843441091614861172E-14 ) ) ;
#1890 = PLANE ( 'NONE',  #2396 ) ;
#1891 = ADVANCED_FACE ( 'NONE', ( #9538 ), #8632, .F. ) ;
#1892 = EDGE_CURVE ( 'NONE', #9228, #2984, #4486, .T. ) ;
#1893 = EDGE_LOOP ( 'NONE', ( #755, #7047, #5849, #589 ) ) ;
#1894 = VECTOR ( 'NONE', #7965, 1000.000000000000000 ) ;
#1895 = ORIENTED_EDGE ( 'NONE', *, *, #6657, .T. ) ;
#1896 = ORIENTED_EDGE ( 'NONE', *, *, #7396, .T. ) ;
#1897 = DIRECTION ( 'NONE',  ( 1.000000000000000000, -0.000000000000000000, 3.802133645976563900E-16 ) ) ;
#1898 = CARTESIAN_POINT ( 'NONE',  ( -14.27500000000000568, 3.000000000000002665, -17.60000000000000853 ) ) ;
#1899 = LINE ( 'NONE', #5305, #4124 ) ;
#1900 = ORIENTED_EDGE ( 'NONE', *, *, #4245, .F. ) ;
#1901 = CARTESIAN_POINT ( 'NONE',  ( 2.999999999999982681, -5.500000000000000000, -1.405000000000014238 ) ) ;
#1902 = FACE_OUTER_BOUND ( 'NONE', #7074, .T. ) ;
#1903 = AXIS2_PLACEMENT_3D ( 'NONE', #6575, #5559, #6459 ) ;
#1904 = DIRECTION ( 'NONE',  ( 0.7071067811865474617, 0.000000000000000000, -0.7071067811865476838 ) ) ;
#1905 = VECTOR ( 'NONE', #4423, 1000.000000000000000 ) ;
#1906 = EDGE_CURVE ( 'NONE', #5714, #8544, #182, .T. ) ;
#1907 = ORIENTED_EDGE ( 'NONE', *, *, #2830, .F. ) ;
#1908 = ORIENTED_EDGE ( 'NONE', *, *, #1954, .T. ) ;
#1909 = PLANE ( 'NONE',  #5891 ) ;
#1910 = VECTOR ( 'NONE', #11036, 1000.000000000000000 ) ;
#1911 = ORIENTED_EDGE ( 'NONE', *, *, #6114, .F. ) ;
#1912 = VECTOR ( 'NONE', #921, 1000.000000000000000 ) ;
#1913 = FACE_OUTER_BOUND ( 'NONE', #9657, .T. ) ;
#1914 = FACE_OUTER_BOUND ( 'NONE', #10438, .T. ) ;
#1915 = CARTESIAN_POINT ( 'NONE',  ( -3.121567404665261503, 32.00000000000000711, 3.564363223914125633 ) ) ;
#1916 = DIRECTION ( 'NONE',  ( 0.7071067811865473507, 0.000000000000000000, 0.7071067811865477948 ) ) ;
#1917 = ADVANCED_FACE ( 'NONE', ( #5992 ), #7842, .F. ) ;
#1918 = AXIS2_PLACEMENT_3D ( 'NONE', #3293, #1772, #7774 ) ;
#1919 = CARTESIAN_POINT ( 'NONE',  ( -14.99999999999995737, 0.000000000000000000, -26.80000000000001137 ) ) ;
#1920 = VECTOR ( 'NONE', #120, 1000.000000000000000 ) ;
#1921 = ORIENTED_EDGE ( 'NONE', *, *, #5727, .T. ) ;
#1922 = CARTESIAN_POINT ( 'NONE',  ( 1.836970198721030181E-16, 31.50000000000000000, 4.094999999999985540 ) ) ;
#1923 = ORIENTED_EDGE ( 'NONE', *, *, #1461, .F. ) ;
#1924 = ORIENTED_EDGE ( 'NONE', *, *, #8369, .T. ) ;
#1925 = DIRECTION ( 'NONE',  ( -6.982962677686266711E-15, 0.000000000000000000, -1.000000000000000000 ) ) ;
#1926 = VECTOR ( 'NONE', #5778, 1000.000000000000000 ) ;
#1927 = FACE_OUTER_BOUND ( 'NONE', #928, .T. ) ;
#1928 = EDGE_CURVE ( 'NONE', #909, #1483, #6098, .T. ) ;
#1929 = PRODUCT_DEFINITION_FORMATION_WITH_SPECIFIED_SOURCE ( 'ANY', '', #1782, .NOT_KNOWN. ) ;
#1930 = ORIENTED_EDGE ( 'NONE', *, *, #105, .F. ) ;
#1931 = CARTESIAN_POINT ( 'NONE',  ( -35.00000000000000000, 0.000000000000000000, 28.99999999999997158 ) ) ;
#1932 = DIRECTION ( 'NONE',  ( 0.7071067811865465735, 0.000000000000000000, 0.7071067811865485719 ) ) ;
#1933 = DIRECTION ( 'NONE',  ( -0.000000000000000000, -1.000000000000000000, -0.000000000000000000 ) ) ;
#1934 = EDGE_CURVE ( 'NONE', #4909, #3498, #983, .T. ) ;
#1935 = DIRECTION ( 'NONE',  ( 0.000000000000000000, 0.000000000000000000, -1.000000000000000000 ) ) ;
#1936 = AXIS2_PLACEMENT_3D ( 'NONE', #2270, #9903, #10017 ) ;
#1937 = EDGE_LOOP ( 'NONE', ( #2864, #5499, #3221, #6381, #10000, #3396, #897, #490 ) ) ;
#1938 = LINE ( 'NONE', #6245, #7079 ) ;
#1939 = FACE_OUTER_BOUND ( 'NONE', #7702, .T. ) ;
#1940 = DIRECTION ( 'NONE',  ( -0.000000000000000000, 1.000000000000000000, -0.000000000000000000 ) ) ;
#1941 = ORIENTED_EDGE ( 'NONE', *, *, #753, .T. ) ;
#1942 = ADVANCED_FACE ( 'NONE', ( #5147 ), #4417, .F. ) ;
#1943 = VERTEX_POINT ( 'NONE', #6210 ) ;
#1944 = DIRECTION ( 'NONE',  ( -0.000000000000000000, 0.000000000000000000, 1.000000000000000000 ) ) ;
#1945 = CYLINDRICAL_SURFACE ( 'NONE', #280, 9.249999999999998224 ) ;
#1946 = LINE ( 'NONE', #9749, #7649 ) ;
#1947 = CARTESIAN_POINT ( 'NONE',  ( 3.902784574711857246, 10.50999999999999091, 6.750748237444033961 ) ) ;
#1948 = CARTESIAN_POINT ( 'NONE',  ( 2.465439427226200575, 32.00000000000000000, 6.872332982650574351 ) ) ;
#1949 = DIRECTION ( 'NONE',  ( 0.000000000000000000, -1.000000000000000000, 0.000000000000000000 ) ) ;
#1950 = ORIENTED_EDGE ( 'NONE', *, *, #9540, .F. ) ;
#1951 = PLANE ( 'NONE',  #3667 ) ;
#1952 = ORIENTED_EDGE ( 'NONE', *, *, #2175, .F. ) ;
#1953 = CARTESIAN_POINT ( 'NONE',  ( 2.800000000000000266, 9.999999999999998224, -15.54000000000000448 ) ) ;
#1954 = EDGE_CURVE ( 'NONE', #5051, #1212, #9391, .T. ) ;
#1955 = DIRECTION ( 'NONE',  ( 0.000000000000000000, 0.000000000000000000, -1.000000000000000000 ) ) ;
#1956 = EDGE_CURVE ( 'NONE', #1732, #8486, #10493, .T. ) ;
#1957 = LINE ( 'NONE', #3641, #4832 ) ;
#1958 = ORIENTED_EDGE ( 'NONE', *, *, #2296, .T. ) ;
#1959 = CARTESIAN_POINT ( 'NONE',  ( -35.00000000000000000, 0.000000000000000000, -29.00000000000000000 ) ) ;
#1960 = CARTESIAN_POINT ( 'NONE',  ( -6.925000000000007816, -13.99999999999999822, -16.60000000000000853 ) ) ;
#1961 = LINE ( 'NONE', #8803, #2199 ) ;
#1962 = B_SPLINE_CURVE_WITH_KNOTS ( 'NONE', 2,
 ( #8087, #5604, #9043 ),
 .UNSPECIFIED., .F., .F.,
 ( 3, 3 ),
 ( 0.4996092373326300184, 0.5000455564054365754 ),
 .UNSPECIFIED. ) ;
#1963 = ORIENTED_EDGE ( 'NONE', *, *, #1827, .F. ) ;
#1964 = APPLICATION_CONTEXT ( 'automotive_design' ) ;
#1965 = EDGE_LOOP ( 'NONE', ( #1756, #59, #7571, #10391 ) ) ;
#1966 = VECTOR ( 'NONE', #1789, 1000.000000000000000 ) ;
#1967 = CARTESIAN_POINT ( 'NONE',  ( -3.000000000000015543, -13.00000000000000000, -2.370000000000013429 ) ) ;
#1968 = ORIENTED_EDGE ( 'NONE', *, *, #8932, .F. ) ;
#1969 = EDGE_CURVE ( 'NONE', #1524, #3831, #4254, .T. ) ;
#1970 = CARTESIAN_POINT ( 'NONE',  ( 2.999999999999982236, -13.99999999999999822, 7.559999999999986287 ) ) ;
#1971 = EDGE_CURVE ( 'NONE', #1436, #10998, #5736, .T. ) ;
#1972 = CARTESIAN_POINT ( 'NONE',  ( 4.252031129529060927, 26.50000000000000000, 6.750748237459688106 ) ) ;
#1973 = AXIS2_PLACEMENT_3D ( 'NONE', #4094, #6739, #7525 ) ;
#1974 = CARTESIAN_POINT ( 'NONE',  ( -1.099844525993681765, 32.00000000000000000, 5.187071063562624929 ) ) ;
#1975 = CARTESIAN_POINT ( 'NONE',  ( -3.000000000000016875, -5.500000000000000000, 5.594999999999989093 ) ) ;
#1976 = FACE_OUTER_BOUND ( 'NONE', #4943, .T. ) ;
#1977 = ORIENTED_EDGE ( 'NONE', *, *, #2882, .T. ) ;
#1978 = CARTESIAN_POINT ( 'NONE',  ( 15.00000000000000355, 0.000000000000000000, -21.60000000000000853 ) ) ;
#1979 = VECTOR ( 'NONE', #5821, 1000.000000000000000 ) ;
#1980 = ORIENTED_EDGE ( 'NONE', *, *, #1984, .T. ) ;
#1981 = VERTEX_POINT ( 'NONE', #6896 ) ;
#1982 = ITEM_DEFINED_TRANSFORMATION ( 'NONE', 'NONE', #4253,  #1005 ) ;
#1983 = LINE ( 'NONE', #7760, #518 ) ;
#1984 = EDGE_CURVE ( 'NONE', #8213, #6837, #4307, .T. ) ;
#1985 = EDGE_LOOP ( 'NONE', ( #48, #7992, #6046, #10555 ) ) ;
#1986 = CARTESIAN_POINT ( 'NONE',  ( -1.579617136008335088, 32.00000000000000000, 11.44534539468065582 ) ) ;
#1987 = VECTOR ( 'NONE', #10712, 1000.000000000000000 ) ;
#1988 = FACE_OUTER_BOUND ( 'NONE', #7373, .T. ) ;
#1989 = LINE ( 'NONE', #5389, #5769 ) ;
#1990 = LINE ( 'NONE', #8831, #10654 ) ;
#1991 = ORIENTED_EDGE ( 'NONE', *, *, #9166, .F. ) ;
#1992 = LINE ( 'NONE', #7989, #2771 ) ;
#1993 = EDGE_CURVE ( 'NONE', #1283, #6121, #2170, .T. ) ;
#1994 = DIRECTION ( 'NONE',  ( 0.000000000000000000, 1.000000000000000000, 0.000000000000000000 ) ) ;
#1995 = VECTOR ( 'NONE', #4297, 1000.000000000000000 ) ;
#1996 = CARTESIAN_POINT ( 'NONE',  ( 1.283030129714414214, 24.50000000000000355, 5.128765049247370200 ) ) ;
#1997 = AXIS2_PLACEMENT_3D ( 'NONE', #7083, #2767, #3765 ) ;
#1998 = VERTEX_POINT ( 'NONE', #3018 ) ;
#1999 = EDGE_CURVE ( 'NONE', #8930, #6466, #3694, .T. ) ;
#2000 = ORIENTED_EDGE ( 'NONE', *, *, #7825, .F. ) ;
#2001 = CARTESIAN_POINT ( 'NONE',  ( 17.70476182858164549, 9.499999999999998224, 27.23807268525122538 ) ) ;
#2002 = CARTESIAN_POINT ( 'NONE',  ( -8.743329047513924479, 23.00000000000000000, 7.256070824894444549 ) ) ;
#2003 = CARTESIAN_POINT ( 'NONE',  ( 14.99999999999996447, 0.000000000000000000, -26.80000000000000426 ) ) ;
#2004 = DIRECTION ( 'NONE',  ( -0.000000000000000000, 0.000000000000000000, 1.000000000000000000 ) ) ;
#2005 = CARTESIAN_POINT ( 'NONE',  ( 2.642717322385687684, 32.00000000000001421, 7.128664200415792962 ) ) ;
#2006 = DIRECTION ( 'NONE',  ( 1.000000000000000000, 0.000000000000000000, 0.000000000000000000 ) ) ;
#2007 = EDGE_LOOP ( 'NONE', ( #691, #7229, #4755, #4397, #6415, #6740, #7058, #7297 ) ) ;
#2008 = FACE_OUTER_BOUND ( 'NONE', #4830, .T. ) ;
#2009 = EDGE_CURVE ( 'NONE', #6466, #243, #10711, .T. ) ;
#2010 = VERTEX_POINT ( 'NONE', #7222 ) ;
#2011 = DIRECTION ( 'NONE',  ( 0.000000000000000000, -1.000000000000000000, 0.000000000000000000 ) ) ;
#2012 = ADVANCED_FACE ( 'NONE', ( #5584 ), #10657, .T. ) ;
#2013 = VECTOR ( 'NONE', #1567, 1000.000000000000000 ) ;
#2014 = VERTEX_POINT ( 'NONE', #4685 ) ;
#2015 = DIRECTION ( 'NONE',  ( 0.000000000000000000, -1.000000000000000000, 0.000000000000000000 ) ) ;
#2016 = CYLINDRICAL_SURFACE ( 'NONE', #3766, 8.500000000000000000 ) ;
#2017 = ORIENTED_EDGE ( 'NONE', *, *, #6263, .T. ) ;
#2018 = CARTESIAN_POINT ( 'NONE',  ( -25.88422689413609490, 14.99999999999999645, 3.999999999999954259 ) ) ;
#2019 = CARTESIAN_POINT ( 'NONE',  ( -8.559852887680040883E-10, 24.99999999999999645, 19.09402330440773810 ) ) ;
#2020 = LINE ( 'NONE', #2860, #8647 ) ;
#2021 = VECTOR ( 'NONE', #9909, 1000.000000000000000 ) ;
#2022 = ADVANCED_FACE ( 'NONE', ( #6378, #9816 ), #1264, .F. ) ;
#2023 = ORIENTED_EDGE ( 'NONE', *, *, #7856, .F. ) ;
#2024 = ORIENTED_EDGE ( 'NONE', *, *, #7084, .F. ) ;
#2025 = CARTESIAN_POINT ( 'NONE',  ( -3.100088496576546060, 24.50000000000001421, 9.027369547968589814 ) ) ;
#2026 = ORIENTED_EDGE ( 'NONE', *, *, #2616, .F. ) ;
#2027 = PLANE ( 'NONE',  #9663 ) ;
#2028 = LINE ( 'NONE', #4596, #7881 ) ;
#2029 = VECTOR ( 'NONE', #7520, 1000.000000000000114 ) ;
#2030 = CARTESIAN_POINT ( 'NONE',  ( 0.0008204178503570802583, 32.00000000000000000, 13.06458333644166814 ) ) ;
#2031 = CARTESIAN_POINT ( 'NONE',  ( -14.27500000000000568, -13.00000000000000000, -21.60000000000000853 ) ) ;
#2032 = DIRECTION ( 'NONE',  ( 0.000000000000000000, -0.000000000000000000, 1.000000000000000000 ) ) ;
#2033 = ADVANCED_FACE ( 'NONE', ( #5473 ), #2499, .T. ) ;
#2034 = ORIENTED_EDGE ( 'NONE', *, *, #4179, .T. ) ;
#2035 = ADVANCED_FACE ( 'NONE', ( #4736 ), #5532, .T. ) ;
#2036 = LINE ( 'NONE', #1922, #6834 ) ;
#2037 = VECTOR ( 'NONE', #3578, 1000.000000000000000 ) ;
#2038 = ORIENTED_EDGE ( 'NONE', *, *, #7624, .T. ) ;
#2039 = LINE ( 'NONE', #7978, #2485 ) ;
#2040 = VECTOR ( 'NONE', #10436, 1000.000000000000000 ) ;
#2041 = EDGE_CURVE ( 'NONE', #1784, #7654, #8013, .T. ) ;
#2042 = CARTESIAN_POINT ( 'NONE',  ( 33.50000000000000000, 28.49999999999999645, 28.99999999999997158 ) ) ;
#2043 = EDGE_LOOP ( 'NONE', ( #8893, #9451, #1219, #2233 ) ) ;
#2044 = LINE ( 'NONE', #4391, #11051 ) ;
#2045 = CIRCLE ( 'NONE', #6334, 5.200000000000000178 ) ;
#2046 = CARTESIAN_POINT ( 'NONE',  ( 13.49999999999999822, 0.5000000000000000000, -22.33097289055185897 ) ) ;
#2047 = PLANE ( 'NONE',  #5050 ) ;
#2048 = DIRECTION ( 'NONE',  ( 0.000000000000000000, -0.000000000000000000, 1.000000000000000000 ) ) ;
#2049 = VERTEX_POINT ( 'NONE', #3852 ) ;
#2050 = ADVANCED_FACE ( 'NONE', ( #9867, #8967 ), #314, .T. ) ;
#2051 = LINE ( 'NONE', #7253, #9038 ) ;
#2052 = ORIENTED_EDGE ( 'NONE', *, *, #4361, .T. ) ;
#2053 = AXIS2_PLACEMENT_3D ( 'NONE', #718, #832, #4205 ) ;
#2054 = CARTESIAN_POINT ( 'NONE',  ( -14.10000000000000675, -5.500000000000000000, -16.60000000000000497 ) ) ;
#2055 = VERTEX_POINT ( 'NONE', #2910 ) ;
#2056 = VERTEX_POINT ( 'NONE', #1318 ) ;
#2057 = LINE ( 'NONE', #3942, #4850 ) ;
#2058 = CARTESIAN_POINT ( 'NONE',  ( 14.09999999999999432, -5.500000000000000000, -16.60000000000000142 ) ) ;
#2059 = FACE_OUTER_BOUND ( 'NONE', #8805, .T. ) ;
#2060 = PLANE ( 'NONE',  #5953 ) ;
#2061 = AXIS2_PLACEMENT_3D ( 'NONE', #7441, #4786, #3291 ) ;
#2062 = CARTESIAN_POINT ( 'NONE',  ( 2.269200476419590107, 24.49999999999999645, 6.305370589921496460 ) ) ;
#2063 = CARTESIAN_POINT ( 'NONE',  ( -2.799999999999999378, -2.999999999999999112, 15.53801126270789190 ) ) ;
#2064 = ORIENTED_EDGE ( 'NONE', *, *, #8417, .F. ) ;
#2065 = EDGE_CURVE ( 'NONE', #10545, #1762, #2853, .T. ) ;
#2066 = DIRECTION ( 'NONE',  ( -0.000000000000000000, 1.000000000000000000, -0.000000000000000000 ) ) ;
#2067 = ORIENTED_EDGE ( 'NONE', *, *, #9011, .T. ) ;
#2068 = COLOUR_RGB ( '',0.7921568627450980005, 0.8196078431372548767, 0.9333333333333333481 ) ;
#2069 = ORIENTED_EDGE ( 'NONE', *, *, #1317, .F. ) ;
#2070 = DIRECTION ( 'NONE',  ( 0.000000000000000000, -0.000000000000000000, -1.000000000000000000 ) ) ;
#2071 = CYLINDRICAL_SURFACE ( 'NONE', #3424, 1.600000000000000755 ) ;
#2072 = ADVANCED_FACE ( 'NONE', ( #9648 ), #7327, .F. ) ;
#2073 = ORIENTED_EDGE ( 'NONE', *, *, #1826, .T. ) ;
#2074 = CARTESIAN_POINT ( 'NONE',  ( -2.719786377652908538, 24.50000000000000711, 7.262061649453808165 ) ) ;
#2075 = CARTESIAN_POINT ( 'NONE',  ( 8.099999999999996092, -5.500000000000000000, -16.60000000000000142 ) ) ;
#2076 = DIRECTION ( 'NONE',  ( 0.000000000000000000, 1.000000000000000000, 3.491481338843133355E-15 ) ) ;
#2077 = VECTOR ( 'NONE', #1162, 1000.000000000000000 ) ;
#2078 = ADVANCED_FACE ( 'NONE', ( #5357 ), #8796, .F. ) ;
#2079 = ORIENTED_EDGE ( 'NONE', *, *, #936, .F. ) ;
#2080 = ORIENTED_EDGE ( 'NONE', *, *, #3471, .F. ) ;
#2081 = FACE_BOUND ( 'NONE', #7015, .T. ) ;
#2082 = VERTEX_POINT ( 'NONE', #4524 ) ;
#2083 = DIRECTION ( 'NONE',  ( 0.000000000000000000, 0.000000000000000000, -1.000000000000000000 ) ) ;
#2084 = CARTESIAN_POINT ( 'NONE',  ( 2.999999999999982236, -5.500000000000000000, -0.4050000000000142930 ) ) ;
#2085 = VECTOR ( 'NONE', #8828, 1000.000000000000000 ) ;
#2086 = CARTESIAN_POINT ( 'NONE',  ( -6.925000000000007816, -13.99999999999999822, -16.60000000000000853 ) ) ;
#2087 = FACE_OUTER_BOUND ( 'NONE', #10788, .T. ) ;
#2088 = DIRECTION ( 'NONE',  ( -0.000000000000000000, 1.000000000000000000, -0.000000000000000000 ) ) ;
#2089 = EDGE_LOOP ( 'NONE', ( #7383, #9898, #6346, #495 ) ) ;
#2090 = DIRECTION ( 'NONE',  ( 6.982962677686266711E-15, 3.491481338843133355E-15, -1.000000000000000000 ) ) ;
#2091 = VECTOR ( 'NONE', #3214, 1000.000000000000000 ) ;
#2092 = VECTOR ( 'NONE', #3612, 1000.000000000000000 ) ;
#2093 = VERTEX_POINT ( 'NONE', #258 ) ;
#2094 = CARTESIAN_POINT ( 'NONE',  ( -27.50000000000000355, 10.49999999999999467, 0.2499999999999533706 ) ) ;
#2095 = ADVANCED_BREP_SHAPE_REPRESENTATION ( '', ( #7040, #1005 ), #474 ) ;
#2096 = DIRECTION ( 'NONE',  ( -0.000000000000000000, -1.000000000000000000, -0.000000000000000000 ) ) ;
#2097 = ORIENTED_EDGE ( 'NONE', *, *, #8198, .F. ) ;
#2098 = EDGE_CURVE ( 'NONE', #2148, #9525, #3602, .T. ) ;
#2099 = ADVANCED_FACE ( 'NONE', ( #10876, #4906 ), #10931, .F. ) ;
#2100 = VECTOR ( 'NONE', #11064, 1000.000000000000000 ) ;
#2101 = VECTOR ( 'NONE', #9765, 1000.000000000000000 ) ;
#2102 = FACE_OUTER_BOUND ( 'NONE', #8152, .T. ) ;
#2103 = FACE_OUTER_BOUND ( 'NONE', #10878, .T. ) ;
#2104 = DIRECTION ( 'NONE',  ( 1.000000000000000000, 2.984653625134714376E-40, -9.815291161854818648E-14 ) ) ;
#2105 = ORIENTED_EDGE ( 'NONE', *, *, #1392, .T. ) ;
#2106 = DIRECTION ( 'NONE',  ( 0.000000000000000000, -0.000000000000000000, -1.000000000000000000 ) ) ;
#2107 = ORIENTED_EDGE ( 'NONE', *, *, #5432, .F. ) ;
#2108 = ORIENTED_EDGE ( 'NONE', *, *, #7370, .F. ) ;
#2109 = ORIENTED_EDGE ( 'NONE', *, *, #2128, .F. ) ;
#2110 = LINE ( 'NONE', #5512, #8015 ) ;
#2111 = AXIS2_PLACEMENT_3D ( 'NONE', #8398, #2505, #10985 ) ;
#2112 = AXIS2_PLACEMENT_3D ( 'NONE', #8319, #3987, #9108 ) ;
#2113 = ORIENTED_EDGE ( 'NONE', *, *, #10274, .T. ) ;
#2114 = VERTEX_POINT ( 'NONE', #3296 ) ;
#2115 = CARTESIAN_POINT ( 'NONE',  ( -35.00000000000000000, 3.000000000000000000, 28.99999999999998934 ) ) ;
#2116 = DIRECTION ( 'NONE',  ( -0.000000000000000000, 1.000000000000000000, -0.000000000000000000 ) ) ;
#2117 = EDGE_CURVE ( 'NONE', #3187, #5734, #7361, .T. ) ;
#2118 = DIRECTION ( 'NONE',  ( 0.000000000000000000, -1.000000000000000000, 0.000000000000000000 ) ) ;
#2119 = CARTESIAN_POINT ( 'NONE',  ( 4.219146220329037966, 9.499999999999998224, 20.06569260839445690 ) ) ;
#2120 = CARTESIAN_POINT ( 'NONE',  ( 14.09999999999999432, -5.500000000000000000, -22.60000000000000853 ) ) ;
#2121 = DIRECTION ( 'NONE',  ( 1.000000000000000000, 0.000000000000000000, 0.000000000000000000 ) ) ;
#2122 = ORIENTED_EDGE ( 'NONE', *, *, #4342, .F. ) ;
#2123 = DIRECTION ( 'NONE',  ( 0.000000000000000000, 0.000000000000000000, 1.000000000000000000 ) ) ;
#2124 = ORIENTED_EDGE ( 'NONE', *, *, #2466, .T. ) ;
#2125 = ORIENTED_EDGE ( 'NONE', *, *, #8539, .T. ) ;
#2126 = CARTESIAN_POINT ( 'NONE',  ( -25.00000000000000000, 3.000000000000000000, -37.50000000000000711 ) ) ;
#2127 = CARTESIAN_POINT ( 'NONE',  ( -34.25000000000000000, 5.000000000000000000, -29.00000000000000355 ) ) ;
#2128 = EDGE_CURVE ( 'NONE', #8338, #10967, #2341, .T. ) ;
#2129 = ORIENTED_EDGE ( 'NONE', *, *, #1527, .F. ) ;
#2130 = CARTESIAN_POINT ( 'NONE',  ( 13.49999999999999822, 0.5000000000000000000, -22.33097289055185897 ) ) ;
#2131 = CARTESIAN_POINT ( 'NONE',  ( 0.7970729297474065111, 24.50000000000000000, 12.86519324688181420 ) ) ;
#2132 = ORIENTED_EDGE ( 'NONE', *, *, #2185, .F. ) ;
#2133 = PRODUCT_RELATED_PRODUCT_CATEGORY ( 'part', '', ( #5083 ) ) ;
#2134 = VERTEX_POINT ( 'NONE', #6600 ) ;
#2135 = DIRECTION ( 'NONE',  ( -0.000000000000000000, -1.000000000000000000, -0.000000000000000000 ) ) ;
#2136 = CARTESIAN_POINT ( 'NONE',  ( -15.00000000000000000, -13.00000000000000000, 11.89999999999998792 ) ) ;
#2137 = CARTESIAN_POINT ( 'NONE',  ( 2.999999999999982236, -13.00000000000000000, 7.559999999999986287 ) ) ;
#2138 = ADVANCED_FACE ( 'NONE', ( #4965 ), #2455, .T. ) ;
#2139 = CARTESIAN_POINT ( 'NONE',  ( 14.99999999999999645, 0.000000000000000000, 8.399999999999989697 ) ) ;
#2140 = LINE ( 'NONE', #544, #7995 ) ;
#2141 = LINE ( 'NONE', #2249, #7601 ) ;
#2142 = ORIENTED_EDGE ( 'NONE', *, *, #4137, .F. ) ;
#2143 = DIRECTION ( 'NONE',  ( 1.000000000000000000, 0.000000000000000000, 4.483001173306440485E-11 ) ) ;
#2144 = EDGE_CURVE ( 'NONE', #265, #4620, #9193, .T. ) ;
#2145 = ORIENTED_EDGE ( 'NONE', *, *, #5781, .T. ) ;
#2146 = DIRECTION ( 'NONE',  ( 7.231381220052052350E-15, 0.000000000000000000, -1.000000000000000000 ) ) ;
#2147 = PLANE ( 'NONE',  #123 ) ;
#2148 = VERTEX_POINT ( 'NONE', #10088 ) ;
#2149 = DIRECTION ( 'NONE',  ( -4.483001173306440485E-11, -2.940873454663932011E-27, 1.000000000000000000 ) ) ;
#2150 = CIRCLE ( 'NONE', #3409, 5.200000000000000178 ) ;
#2151 = DIRECTION ( 'NONE',  ( -0.000000000000000000, 1.000000000000000000, -0.000000000000000000 ) ) ;
#2152 = EDGE_LOOP ( 'NONE', ( #2506, #2385, #8441, #2423, #6430, #10793, #9385, #2314 ) ) ;
#2153 = DIRECTION ( 'NONE',  ( -0.000000000000000000, -0.000000000000000000, -1.000000000000000000 ) ) ;
#2154 = ORIENTED_EDGE ( 'NONE', *, *, #3567, .T. ) ;
#2155 = EDGE_CURVE ( 'NONE', #300, #10608, #5869, .T. ) ;
#2156 = ORIENTED_EDGE ( 'NONE', *, *, #8861, .T. ) ;
#2157 = VERTEX_POINT ( 'NONE', #5809 ) ;
#2158 = PLANE ( 'NONE',  #6573 ) ;
#2159 = ORIENTED_EDGE ( 'NONE', *, *, #926, .F. ) ;
#2160 = VECTOR ( 'NONE', #351, 1000.000000000000000 ) ;
#2161 = ORIENTED_EDGE ( 'NONE', *, *, #2098, .T. ) ;
#2162 = DIRECTION ( 'NONE',  ( 1.724440263185883865E-16, 0.000000000000000000, 1.000000000000000000 ) ) ;
#2163 = CARTESIAN_POINT ( 'NONE',  ( -33.50000000000000000, 11.99999999999999645, 10.99999999999995381 ) ) ;
#2164 = DIRECTION ( 'NONE',  ( -0.000000000000000000, -1.000000000000000000, -0.000000000000000000 ) ) ;
#2165 = CARTESIAN_POINT ( 'NONE',  ( 2.999999999999982236, -5.500000000000000000, -0.4050000000000142930 ) ) ;
#2166 = CARTESIAN_POINT ( 'NONE',  ( 0.9638814166138246486, 31.99999999999999289, 12.74173163049445279 ) ) ;
#2167 = CYLINDRICAL_SURFACE ( 'NONE', #578, 5.199999999999999289 ) ;
#2168 = ORIENTED_EDGE ( 'NONE', *, *, #3469, .F. ) ;
#2169 = FACE_OUTER_BOUND ( 'NONE', #8177, .T. ) ;
#2170 = CIRCLE ( 'NONE', #7898, 3.500000000000001332 ) ;
#2171 = CIRCLE ( 'NONE', #10062, 1.500000000000000222 ) ;
#2172 = EDGE_CURVE ( 'NONE', #9754, #4437, #1488, .T. ) ;
#2173 = EDGE_CURVE ( 'NONE', #2489, #9503, #10242, .T. ) ;
#2174 = VERTEX_POINT ( 'NONE', #4074 ) ;
#2175 = EDGE_CURVE ( 'NONE', #1603, #2295, #9076, .T. ) ;
#2176 = VERTEX_POINT ( 'NONE', #10821 ) ;
#2177 = DIRECTION ( 'NONE',  ( 0.000000000000000000, 1.000000000000000000, -0.000000000000000000 ) ) ;
#2178 = CARTESIAN_POINT ( 'NONE',  ( -20.19999999999999574, 0.000000000000000000, -21.59999999999997655 ) ) ;
#2179 = VECTOR ( 'NONE', #1534, 1000.000000000000000 ) ;
#2180 = ORIENTED_EDGE ( 'NONE', *, *, #3092, .F. ) ;
#2181 = DIRECTION ( 'NONE',  ( 1.000000000000000000, 0.000000000000000000, -0.000000000000000000 ) ) ;
#2182 = CARTESIAN_POINT ( 'NONE',  ( -2.999999999999996447, 28.49999999999999645, -14.04445395531110741 ) ) ;
#2183 = LINE ( 'NONE', #1324, #5410 ) ;
#2184 = VERTEX_POINT ( 'NONE', #11043 ) ;
#2185 = EDGE_CURVE ( 'NONE', #6919, #1396, #5694, .T. ) ;
#2186 = AXIS2_PLACEMENT_3D ( 'NONE', #1046, #43, #6214 ) ;
#2187 = ORIENTED_EDGE ( 'NONE', *, *, #989, .F. ) ;
#2188 = CARTESIAN_POINT ( 'NONE',  ( -2.920766955871769266, 24.49999999999999645, 9.809603735839640848 ) ) ;
#2189 = DIRECTION ( 'NONE',  ( 0.000000000000000000, 1.000000000000000000, 3.491481338843133355E-15 ) ) ;
#2190 = CARTESIAN_POINT ( 'NONE',  ( 2.400538549699616997, 32.00000000000000000, 10.74018598397164581 ) ) ;
#2191 = VECTOR ( 'NONE', #688, 1000.000000000000000 ) ;
#2192 = FACE_OUTER_BOUND ( 'NONE', #3877, .T. ) ;
#2193 = CARTESIAN_POINT ( 'NONE',  ( -25.00000000000000711, 2.000000000000000000, 28.99999999999997158 ) ) ;
#2194 = ORIENTED_EDGE ( 'NONE', *, *, #7864, .T. ) ;
#2195 = DIRECTION ( 'NONE',  ( -0.9986117056553137639, 0.000000000000000000, -0.05267505413556723692 ) ) ;
#2196 = EDGE_CURVE ( 'NONE', #5411, #391, #5930, .T. ) ;
#2197 = ORIENTED_EDGE ( 'NONE', *, *, #130, .F. ) ;
#2198 = DIRECTION ( 'NONE',  ( 1.000000000000000000, 0.000000000000000000, 3.212450881438532980E-17 ) ) ;
#2199 = VECTOR ( 'NONE', #4531, 1000.000000000000000 ) ;
#2200 = DIRECTION ( 'NONE',  ( 0.000000000000000000, 0.000000000000000000, 1.000000000000000000 ) ) ;
#2201 = ORIENTED_EDGE ( 'NONE', *, *, #3638, .F. ) ;
#2202 = EDGE_CURVE ( 'NONE', #8930, #9704, #8229, .T. ) ;
#2203 = DIRECTION ( 'NONE',  ( 0.000000000000000000, 0.000000000000000000, -1.000000000000000000 ) ) ;
#2204 = CIRCLE ( 'NONE', #7227, 0.2504980238110278146 ) ;
#2205 = CARTESIAN_POINT ( 'NONE',  ( -2.553044450212822891, 10.50999999999999091, -2.736966231231034552 ) ) ;
#2206 = VERTEX_POINT ( 'NONE', #3125 ) ;
#2207 = CARTESIAN_POINT ( 'NONE',  ( -8.100000000000001421, -11.50000000000000000, -22.60000000000000853 ) ) ;
#2208 = ADVANCED_FACE ( 'NONE', ( #6541 ), #8287, .T. ) ;
#2209 = ADVANCED_FACE ( 'NONE', ( #10203 ), #9473, .T. ) ;
#2210 = ORIENTED_EDGE ( 'NONE', *, *, #6624, .F. ) ;
#2211 = VERTEX_POINT ( 'NONE', #7883 ) ;
#2212 = ORIENTED_EDGE ( 'NONE', *, *, #1691, .F. ) ;
#2213 = LINE ( 'NONE', #3995, #2992 ) ;
#2214 = ORIENTED_EDGE ( 'NONE', *, *, #5838, .T. ) ;
#2215 = DIRECTION ( 'NONE',  ( -0.000000000000000000, -1.000000000000000000, 0.000000000000000000 ) ) ;
#2216 = AXIS2_PLACEMENT_3D ( 'NONE', #7872, #6354, #5506 ) ;
#2217 = ORIENTED_EDGE ( 'NONE', *, *, #5033, .T. ) ;
#2218 = PLANE ( 'NONE',  #5032 ) ;
#2219 = DIRECTION ( 'NONE',  ( -1.000000000000000000, 0.000000000000000000, -0.000000000000000000 ) ) ;
#2220 = CARTESIAN_POINT ( 'NONE',  ( 1.578788895264913617, 24.50000000000000000, 11.43290753986362596 ) ) ;
#2221 = EDGE_CURVE ( 'NONE', #4877, #434, #3411, .T. ) ;
#2222 = DIRECTION ( 'NONE',  ( -0.000000000000000000, 1.000000000000000000, 3.491481338843133355E-15 ) ) ;
#2223 = LINE ( 'NONE', #1481, #7111 ) ;
#2224 = LINE ( 'NONE', #464, #10817 ) ;
#2225 = ORIENTED_EDGE ( 'NONE', *, *, #5766, .T. ) ;
#2226 = CARTESIAN_POINT ( 'NONE',  ( -11.79563415722433639, 23.00000000000000000, 19.12671248289443326 ) ) ;
#2227 = AXIS2_PLACEMENT_3D ( 'NONE', #3203, #9941, #9834 ) ;
#2228 = ORIENTED_EDGE ( 'NONE', *, *, #427, .T. ) ;
#2229 = EDGE_LOOP ( 'NONE', ( #1344, #2937, #230, #6536 ) ) ;
#2230 = DIRECTION ( 'NONE',  ( -0.000000000000000000, -1.000000000000000000, -0.000000000000000000 ) ) ;
#2231 = CARTESIAN_POINT ( 'NONE',  ( -25.00000000000000000, 3.000000000000000000, -29.00000000000000355 ) ) ;
#2232 = VECTOR ( 'NONE', #9972, 1000.000000000000000 ) ;
#2233 = ORIENTED_EDGE ( 'NONE', *, *, #10147, .T. ) ;
#2234 = DIRECTION ( 'NONE',  ( 0.000000000000000000, 1.000000000000000000, 3.491481338843133355E-15 ) ) ;
#2235 = EDGE_CURVE ( 'NONE', #6306, #2560, #6038, .T. ) ;
#2236 = CARTESIAN_POINT ( 'NONE',  ( -35.00000000000000000, 1.068921942992014665E-14, 18.48421203201065666 ) ) ;
#2237 = EDGE_CURVE ( 'NONE', #3932, #9754, #6993, .T. ) ;
#2238 = PLANE ( 'NONE',  #8109 ) ;
#2239 = ORIENTED_EDGE ( 'NONE', *, *, #2310, .T. ) ;
#2240 =( GEOMETRIC_REPRESENTATION_CONTEXT ( 3 ) GLOBAL_UNCERTAINTY_ASSIGNED_CONTEXT ( ( #3456 ) ) GLOBAL_UNIT_ASSIGNED_CONTEXT ( ( #3883, #4824, #7422 ) ) REPRESENTATION_CONTEXT ( 'NONE', 'WORKASPACE' ) );
#2241 = ORIENTED_EDGE ( 'NONE', *, *, #3184, .T. ) ;
#2242 = DIRECTION ( 'NONE',  ( -1.000000000000000000, 0.000000000000000000, 0.000000000000000000 ) ) ;
#2243 = CARTESIAN_POINT ( 'NONE',  ( 6.346119218776775206, 9.499999999999998224, -6.021333691102119801 ) ) ;
#2244 = CARTESIAN_POINT ( 'NONE',  ( -2.000000000000016875, -13.99999999999999822, 6.559999999999986287 ) ) ;
#2245 = CARTESIAN_POINT ( 'NONE',  ( 4.219146220329037966, 10.50999999999999091, 23.06569260839445334 ) ) ;
#2246 = PLANE ( 'NONE',  #10153 ) ;
#2247 = ADVANCED_FACE ( 'NONE', ( #1775 ), #5923, .F. ) ;
#2248 = CARTESIAN_POINT ( 'NONE',  ( 14.50000000000021494, 25.00000000000008882, 24.06419186098133522 ) ) ;
#2249 = CARTESIAN_POINT ( 'NONE',  ( 6.924999999999992717, -13.00000000000000000, -16.60000000000000497 ) ) ;
#2250 = EDGE_LOOP ( 'NONE', ( #4112, #5472, #5717, #7260 ) ) ;
#2251 = CARTESIAN_POINT ( 'NONE',  ( -0.8839448284088664565, 24.99999999999999645, 16.75779298737433010 ) ) ;
#2252 = EDGE_LOOP ( 'NONE', ( #5848, #167, #7115, #7224 ) ) ;
#2253 = CARTESIAN_POINT ( 'NONE',  ( -7.601536384991179673, 32.00000000000000000, 18.11989491965043797 ) ) ;
#2254 = DIRECTION ( 'NONE',  ( -0.000000000000000000, -1.000000000000000000, -0.000000000000000000 ) ) ;
#2255 = CARTESIAN_POINT ( 'NONE',  ( -2.999999999999996447, 29.09999999999999787, -20.04445395531110918 ) ) ;
#2256 = ORIENTED_EDGE ( 'NONE', *, *, #6228, .F. ) ;
#2257 = ADVANCED_FACE ( 'NONE', ( #5979 ), #918, .F. ) ;
#2258 = FACE_OUTER_BOUND ( 'NONE', #2824, .T. ) ;
#2259 = CIRCLE ( 'NONE', #4047, 9.250000000000001776 ) ;
#2260 = PLANE ( 'NONE',  #587 ) ;
#2261 = AXIS2_PLACEMENT_3D ( 'NONE', #4953, #8500, #4171 ) ;
#2262 = VERTEX_POINT ( 'NONE', #5186 ) ;
#2263 = CARTESIAN_POINT ( 'NONE',  ( 6.346119218776774318, 24.50000000000000000, 11.64859530943569332 ) ) ;
#2264 = EDGE_LOOP ( 'NONE', ( #6850, #8906, #1367, #2862, #9144, #10388, #6796, #2918 ) ) ;
#2265 = VERTEX_POINT ( 'NONE', #9579 ) ;
#2266 = VERTEX_POINT ( 'NONE', #6829 ) ;
#2267 = EDGE_CURVE ( 'NONE', #360, #5194, #8074, .T. ) ;
#2268 = DIRECTION ( 'NONE',  ( 0.000000000000000000, 0.000000000000000000, -1.000000000000000000 ) ) ;
#2269 = VERTEX_POINT ( 'NONE', #9364 ) ;
#2270 = CARTESIAN_POINT ( 'NONE',  ( 2.999999999999982681, -5.500000000000000000, 6.594999999999988205 ) ) ;
#2271 = AXIS2_PLACEMENT_3D ( 'NONE', #6929, #10249, #1767 ) ;
#2272 = AXIS2_PLACEMENT_3D ( 'NONE', #3300, #9138, #1431 ) ;
#2273 = VERTEX_POINT ( 'NONE', #4455 ) ;
#2274 = DIRECTION ( 'NONE',  ( 0.000000000000000000, -0.000000000000000000, -1.000000000000000000 ) ) ;
#2275 = PLANE ( 'NONE',  #5288 ) ;
#2276 = EDGE_CURVE ( 'NONE', #1242, #10939, #2674, .T. ) ;
#2277 = LINE ( 'NONE', #1417, #8353 ) ;
#2278 = DIRECTION ( 'NONE',  ( -0.000000000000000000, -1.000000000000000000, -0.000000000000000000 ) ) ;
#2279 = LINE ( 'NONE', #9969, #4937 ) ;
#2280 = DIRECTION ( 'NONE',  ( -0.000000000000000000, -1.000000000000000000, -0.000000000000000000 ) ) ;
#2281 = VERTEX_POINT ( 'NONE', #7777 ) ;
#2282 = PLANE ( 'NONE',  #424 ) ;
#2283 = CIRCLE ( 'NONE', #8378, 2.000000000000001776 ) ;
#2284 = VECTOR ( 'NONE', #2443, 1000.000000000000000 ) ;
#2285 = EDGE_CURVE ( 'NONE', #6960, #1788, #5290, .T. ) ;
#2286 = EDGE_LOOP ( 'NONE', ( #1924, #227, #8939, #199, #2680, #1451, #3571, #8616 ) ) ;
#2287 = VERTEX_POINT ( 'NONE', #1829 ) ;
#2288 = DIRECTION ( 'NONE',  ( 0.000000000000000000, -1.000000000000000000, 0.000000000000000000 ) ) ;
#2289 = DIRECTION ( 'NONE',  ( -0.000000000000000000, 0.000000000000000000, 1.000000000000000000 ) ) ;
#2290 = ORIENTED_EDGE ( 'NONE', *, *, #10613, .F. ) ;
#2291 = FACE_OUTER_BOUND ( 'NONE', #6509, .T. ) ;
#2292 = LINE ( 'NONE', #2182, #4488 ) ;
#2293 = PLANE ( 'NONE',  #1837 ) ;
#2294 = ORIENTED_EDGE ( 'NONE', *, *, #7063, .T. ) ;
#2295 = VERTEX_POINT ( 'NONE', #7673 ) ;
#2296 = EDGE_CURVE ( 'NONE', #7814, #8118, #11101, .T. ) ;
#2297 = EDGE_CURVE ( 'NONE', #2639, #399, #1667, .T. ) ;
#2298 = CARTESIAN_POINT ( 'NONE',  ( -25.50000000000000355, 19.50000000000000355, 23.86623553487585525 ) ) ;
#2299 = CARTESIAN_POINT ( 'NONE',  ( -25.00000000000000711, 30.00000000000000000, -39.00000000000002842 ) ) ;
#2300 = LINE ( 'NONE', #10891, #1617 ) ;
#2301 = FACE_OUTER_BOUND ( 'NONE', #9841, .T. ) ;
#2302 = CARTESIAN_POINT ( 'NONE',  ( 3.525430201599102809, 32.00000000000000000, 2.511656204874905374 ) ) ;
#2303 = CARTESIAN_POINT ( 'NONE',  ( 6.346119218776775206, 23.00000000000000000, -6.021333691102119801 ) ) ;
#2304 = DIRECTION ( 'NONE',  ( 0.000000000000000000, 0.000000000000000000, -1.000000000000000000 ) ) ;
#2305 = DIRECTION ( 'NONE',  ( -0.000000000000000000, 1.000000000000000000, -0.000000000000000000 ) ) ;
#2306 = ORIENTED_EDGE ( 'NONE', *, *, #591, .F. ) ;
#2307 = CARTESIAN_POINT ( 'NONE',  ( 3.101750864123767659, 24.50000000000000000, 8.442565384272487705 ) ) ;
#2308 = EDGE_LOOP ( 'NONE', ( #2370, #8330, #8511, #2742 ) ) ;
#2309 = EDGE_CURVE ( 'NONE', #1098, #10235, #5237, .T. ) ;
#2310 = EDGE_CURVE ( 'NONE', #7128, #1981, #971, .T. ) ;
#2311 = LINE ( 'NONE', #7528, #8039 ) ;
#2312 = CARTESIAN_POINT ( 'NONE',  ( 2.491430667064947535, 32.00000000000000711, 10.88795047701373875 ) ) ;
#2313 = CARTESIAN_POINT ( 'NONE',  ( 15.84405090676714600, 28.49999999999999645, 13.67730034089338709 ) ) ;
#2314 = ORIENTED_EDGE ( 'NONE', *, *, #10562, .F. ) ;
#2315 = DIRECTION ( 'NONE',  ( 0.000000000000000000, 0.000000000000000000, -1.000000000000000000 ) ) ;
#2316 = LINE ( 'NONE', #7304, #10289 ) ;
#2317 = ORIENTED_EDGE ( 'NONE', *, *, #126, .F. ) ;
#2318 = DIRECTION ( 'NONE',  ( 0.000000000000000000, 0.000000000000000000, -1.000000000000000000 ) ) ;
#2319 = EDGE_LOOP ( 'NONE', ( #10912, #1172, #8684, #8206 ) ) ;
#2320 = EDGE_LOOP ( 'NONE', ( #5961, #6828, #61, #917 ) ) ;
#2321 = ADVANCED_FACE ( 'NONE', ( #1721 ), #7830, .F. ) ;
#2322 = VERTEX_POINT ( 'NONE', #1028 ) ;
#2323 = FACE_OUTER_BOUND ( 'NONE', #7744, .T. ) ;
#2324 = VERTEX_POINT ( 'NONE', #10314 ) ;
#2325 = PLANE ( 'NONE',  #4993 ) ;
#2326 = ORIENTED_EDGE ( 'NONE', *, *, #2276, .T. ) ;
#2327 = CARTESIAN_POINT ( 'NONE',  ( -5.301418384264122707, 25.00000000000011724, 16.80050947618687118 ) ) ;
#2328 = FACE_OUTER_BOUND ( 'NONE', #9217, .T. ) ;
#2329 = VECTOR ( 'NONE', #7969, 1000.000000000000000 ) ;
#2330 = FACE_OUTER_BOUND ( 'NONE', #9314, .T. ) ;
#2331 = FACE_OUTER_BOUND ( 'NONE', #7243, .T. ) ;
#2332 = ADVANCED_FACE ( 'NONE', ( #3356 ), #6776, .F. ) ;
#2333 = DIRECTION ( 'NONE',  ( -1.000000000000000000, 0.000000000000000000, 1.445602896647339163E-16 ) ) ;
#2334 = DIRECTION ( 'NONE',  ( 1.000000000000000000, 0.000000000000000000, -1.724440263185883619E-16 ) ) ;
#2335 = ORIENTED_EDGE ( 'NONE', *, *, #10237, .F. ) ;
#2336 = CARTESIAN_POINT ( 'NONE',  ( -7.601536384991179673, 32.00000000000000000, 18.11989491965043797 ) ) ;
#2337 = EDGE_CURVE ( 'NONE', #6121, #3996, #6251, .T. ) ;
#2338 = VECTOR ( 'NONE', #2567, 1000.000000000000000 ) ;
#2339 = ORIENTED_EDGE ( 'NONE', *, *, #498, .F. ) ;
#2340 = ORIENTED_EDGE ( 'NONE', *, *, #3431, .F. ) ;
#2341 = LINE ( 'NONE', #9920, #9707 ) ;
#2342 = FACE_BOUND ( 'NONE', #6699, .T. ) ;
#2343 = ORIENTED_EDGE ( 'NONE', *, *, #4245, .T. ) ;
#2344 = DIRECTION ( 'NONE',  ( 0.000000000000000000, 0.000000000000000000, -1.000000000000000000 ) ) ;
#2345 = LINE ( 'NONE', #8406, #8075 ) ;
#2346 = EDGE_CURVE ( 'NONE', #9958, #10938, #7262, .T. ) ;
#2347 = VECTOR ( 'NONE', #822, 1000.000000000000000 ) ;
#2348 = DIRECTION ( 'NONE',  ( -0.000000000000000000, 1.000000000000000000, -0.000000000000000000 ) ) ;
#2349 = ORIENTED_EDGE ( 'NONE', *, *, #670, .T. ) ;
#2350 = ORIENTED_EDGE ( 'NONE', *, *, #4491, .T. ) ;
#2351 = DIRECTION ( 'NONE',  ( -1.000000000000000000, 4.591774807899560578E-40, -1.524797561326645848E-13 ) ) ;
#2352 = VECTOR ( 'NONE', #3656, 1000.000000000000000 ) ;
#2353 = VECTOR ( 'NONE', #7508, 1000.000000000000000 ) ;
#2354 = CARTESIAN_POINT ( 'NONE',  ( 0.000000000000000000, -12.99999999999999822, 2.594999999999985985 ) ) ;
#2355 = DIRECTION ( 'NONE',  ( 4.483001173306440485E-11, 0.000000000000000000, -1.000000000000000000 ) ) ;
#2356 = CARTESIAN_POINT ( 'NONE',  ( 25.00000000000000000, 3.000000000000000000, 37.49999999999999289 ) ) ;
#2357 = CARTESIAN_POINT ( 'NONE',  ( -13.37439034727672471, 24.99999999999999645, -5.995740761909989288E-10 ) ) ;
#2358 = CARTESIAN_POINT ( 'NONE',  ( -14.27500000000000568, 3.000000000000002665, -21.60000000000000853 ) ) ;
#2359 = CARTESIAN_POINT ( 'NONE',  ( 33.50000000000000000, 5.000000000000000000, 28.99999999999998934 ) ) ;
#2360 = EDGE_CURVE ( 'NONE', #9228, #9236, #7998, .T. ) ;
#2361 = VECTOR ( 'NONE', #5037, 1000.000000000000114 ) ;
#2362 = CARTESIAN_POINT ( 'NONE',  ( -25.50000000000000355, 19.50000000000000355, 19.86623553487585170 ) ) ;
#2363 = EDGE_LOOP ( 'NONE', ( #7585, #5732, #9373, #10739 ) ) ;
#2364 = DIRECTION ( 'NONE',  ( -1.000000000000000000, 0.000000000000000000, 1.239088197126290817E-16 ) ) ;
#2365 = ORIENTED_EDGE ( 'NONE', *, *, #1626, .F. ) ;
#2366 = DIRECTION ( 'NONE',  ( 0.000000000000000000, 1.000000000000000000, 0.000000000000000000 ) ) ;
#2367 = DIRECTION ( 'NONE',  ( 2.748605226541390308E-16, 0.000000000000000000, 1.000000000000000000 ) ) ;
#2368 = DIRECTION ( 'NONE',  ( -1.000000000000000000, -0.000000000000000000, -0.000000000000000000 ) ) ;
#2369 = VECTOR ( 'NONE', #6145, 1000.000000000000000 ) ;
#2370 = ORIENTED_EDGE ( 'NONE', *, *, #6344, .T. ) ;
#2371 = DIRECTION ( 'NONE',  ( -1.000000000000000000, -0.000000000000000000, -0.000000000000000000 ) ) ;
#2372 = ADVANCED_FACE ( 'NONE', ( #3682 ), #3787, .T. ) ;
#2373 = EDGE_CURVE ( 'NONE', #255, #1090, #5459, .T. ) ;
#2374 = DIRECTION ( 'NONE',  ( 1.000000000000000000, 0.000000000000000000, -0.000000000000000000 ) ) ;
#2375 = ORIENTED_EDGE ( 'NONE', *, *, #5471, .F. ) ;
#2376 = CARTESIAN_POINT ( 'NONE',  ( 17.70476182858164549, 24.99999999999999645, 27.23807268525122538 ) ) ;
#2377 = VECTOR ( 'NONE', #1847, 1000.000000000000000 ) ;
#2378 = EDGE_CURVE ( 'NONE', #10294, #7964, #2896, .T. ) ;
#2379 = ORIENTED_EDGE ( 'NONE', *, *, #9281, .F. ) ;
#2380 = ORIENTED_EDGE ( 'NONE', *, *, #1163, .F. ) ;
#2381 = VERTEX_POINT ( 'NONE', #8783 ) ;
#2382 = CARTESIAN_POINT ( 'NONE',  ( 0.000000000000000000, 0.000000000000000000, 0.000000000000000000 ) ) ;
#2383 = ORIENTED_EDGE ( 'NONE', *, *, #9913, .F. ) ;
#2384 = LINE ( 'NONE', #5792, #4643 ) ;
#2385 = ORIENTED_EDGE ( 'NONE', *, *, #10569, .F. ) ;
#2386 = FACE_OUTER_BOUND ( 'NONE', #9405, .T. ) ;
#2387 = CARTESIAN_POINT ( 'NONE',  ( -2.800000000000000266, 9.999999999999998224, -15.54000000000000448 ) ) ;
#2388 = VECTOR ( 'NONE', #7947, 1000.000000000000000 ) ;
#2389 = CARTESIAN_POINT ( 'NONE',  ( 1.577748280683119564, 24.50000000000000000, 11.42771081216552886 ) ) ;
#2390 = CARTESIAN_POINT ( 'NONE',  ( 7.924999999999992717, -13.00000000000000000, -21.60000000000000853 ) ) ;
#2391 = ADVANCED_FACE ( 'NONE', ( #302 ), #4725, .F. ) ;
#2392 = CARTESIAN_POINT ( 'NONE',  ( 3.888410194208734350, 10.50999999999999091, 16.59988183274022333 ) ) ;
#2393 = FACE_OUTER_BOUND ( 'NONE', #2599, .T. ) ;
#2394 = EDGE_LOOP ( 'NONE', ( #1246, #6223, #185, #10950 ) ) ;
#2395 = DIRECTION ( 'NONE',  ( 0.000000000000000000, 0.000000000000000000, -1.000000000000000000 ) ) ;
#2396 = AXIS2_PLACEMENT_3D ( 'NONE', #1089, #6256, #6371 ) ;
#2397 = ORIENTED_EDGE ( 'NONE', *, *, #2285, .F. ) ;
#2398 = ORIENTED_EDGE ( 'NONE', *, *, #3067, .F. ) ;
#2399 = DIRECTION ( 'NONE',  ( 0.000000000000000000, -1.000000000000000000, 0.000000000000000000 ) ) ;
#2400 = CARTESIAN_POINT ( 'NONE',  ( -8.871527771929127226, 32.00000000000000000, 17.83061455813134089 ) ) ;
#2401 = ORIENTED_EDGE ( 'NONE', *, *, #3506, .F. ) ;
#2402 = PLANE ( 'NONE',  #1738 ) ;
#2403 = CARTESIAN_POINT ( 'NONE',  ( -3.100088496576544728, 32.00000000000000711, 9.896645782979833328 ) ) ;
#2404 = ADVANCED_FACE ( 'NONE', ( #10534 ), #5570, .F. ) ;
#2405 = AXIS2_PLACEMENT_3D ( 'NONE', #10907, #1294, #3989 ) ;
#2406 = LINE ( 'NONE', #703, #9745 ) ;
#2407 = EDGE_LOOP ( 'NONE', ( #11082, #8654, #3964, #4220 ) ) ;
#2408 = ORIENTED_EDGE ( 'NONE', *, *, #2175, .T. ) ;
#2409 = DIRECTION ( 'NONE',  ( 0.000000000000000000, -1.000000000000000000, 0.000000000000000000 ) ) ;
#2410 = EDGE_CURVE ( 'NONE', #5307, #7069, #1087, .T. ) ;
#2411 = VECTOR ( 'NONE', #3659, 1000.000000000000000 ) ;
#2412 = DIRECTION ( 'NONE',  ( 0.000000000000000000, 1.000000000000000000, 0.000000000000000000 ) ) ;
#2413 = LINE ( 'NONE', #7458, #4814 ) ;
#2414 = LINE ( 'NONE', #6616, #2548 ) ;
#2415 = DIRECTION ( 'NONE',  ( 0.000000000000000000, 0.000000000000000000, -1.000000000000000000 ) ) ;
#2416 = EDGE_CURVE ( 'NONE', #4454, #2667, #6309, .T. ) ;
#2417 = DIRECTION ( 'NONE',  ( -0.000000000000000000, -1.000000000000000000, -0.000000000000000000 ) ) ;
#2418 = PLANE ( 'NONE',  #9623 ) ;
#2419 = AXIS2_PLACEMENT_3D ( 'NONE', #24, #11095, #8506 ) ;
#2420 = CARTESIAN_POINT ( 'NONE',  ( 13.49999999999999822, 0.5000000000000000000, -22.33097289055185897 ) ) ;
#2421 = ORIENTED_EDGE ( 'NONE', *, *, #6514, .F. ) ;
#2422 = LINE ( 'NONE', #5830, #3246 ) ;
#2423 = ORIENTED_EDGE ( 'NONE', *, *, #5553, .F. ) ;
#2424 = PLANE ( 'NONE',  #11105 ) ;
#2425 = CARTESIAN_POINT ( 'NONE',  ( -4.098455636355274656, 32.00000000000000000, 25.49999999999944578 ) ) ;
#2426 = CARTESIAN_POINT ( 'NONE',  ( -13.49999999999999822, 0.5000000000000000000, -22.33097289055185897 ) ) ;
#2427 = VERTEX_POINT ( 'NONE', #9007 ) ;
#2428 = LINE ( 'NONE', #5899, #5287 ) ;
#2429 = DIRECTION ( 'NONE',  ( 0.000000000000000000, 0.000000000000000000, 1.000000000000000000 ) ) ;
#2430 = ORIENTED_EDGE ( 'NONE', *, *, #3770, .F. ) ;
#2431 = CARTESIAN_POINT ( 'NONE',  ( -2.800000000000000266, 9.999999999999998224, -21.14000000000000767 ) ) ;
#2432 = ORIENTED_EDGE ( 'NONE', *, *, #10516, .T. ) ;
#2433 = ORIENTED_EDGE ( 'NONE', *, *, #8824, .T. ) ;
#2434 = ORIENTED_EDGE ( 'NONE', *, *, #4357, .F. ) ;
#2435 = VERTEX_POINT ( 'NONE', #8840 ) ;
#2436 = EDGE_CURVE ( 'NONE', #9136, #2560, #8806, .T. ) ;
#2437 = PLANE ( 'NONE',  #10256 ) ;
#2438 = ADVANCED_FACE ( 'NONE', ( #6419 ), #187, .F. ) ;
#2439 = ORIENTED_EDGE ( 'NONE', *, *, #3720, .F. ) ;
#2440 = CARTESIAN_POINT ( 'NONE',  ( 15.00000000000000000, -13.00000000000000000, 13.39999999999998792 ) ) ;
#2441 = CARTESIAN_POINT ( 'NONE',  ( -4.219146220329037966, 26.50000000000000000, 20.06569260839445690 ) ) ;
#2442 = AXIS2_PLACEMENT_3D ( 'NONE', #6062, #4, #6690 ) ;
#2443 = DIRECTION ( 'NONE',  ( 0.000000000000000000, 0.000000000000000000, -1.000000000000000000 ) ) ;
#2444 = DIRECTION ( 'NONE',  ( -1.000000000000000000, 0.000000000000000000, 0.000000000000000000 ) ) ;
#2445 = DIRECTION ( 'NONE',  ( 0.000000000000000000, 1.000000000000000000, 0.000000000000000000 ) ) ;
#2446 = CARTESIAN_POINT ( 'NONE',  ( -14.27500000000000568, -13.00000000000000000, -17.60000000000000853 ) ) ;
#2447 = VERTEX_POINT ( 'NONE', #3839 ) ;
#2448 = CYLINDRICAL_SURFACE ( 'NONE', #4379, 0.2500000000000002220 ) ;
#2449 = CARTESIAN_POINT ( 'NONE',  ( -34.25000000000000000, 5.000000000000000000, -29.00000000000000355 ) ) ;
#2450 = VECTOR ( 'NONE', #2368, 1000.000000000000000 ) ;
#2451 = AXIS2_PLACEMENT_3D ( 'NONE', #3254, #10047, #6733 ) ;
#2452 = ORIENTED_EDGE ( 'NONE', *, *, #9153, .F. ) ;
#2453 = EDGE_CURVE ( 'NONE', #5386, #10016, #3624, .T. ) ;
#2454 = ORIENTED_EDGE ( 'NONE', *, *, #3928, .T. ) ;
#2455 = PLANE ( 'NONE',  #5025 ) ;
#2456 = CARTESIAN_POINT ( 'NONE',  ( -19.81171673543281031, 23.00000000000000000, 27.23807268525122538 ) ) ;
#2457 = VERTEX_POINT ( 'NONE', #9854 ) ;
#2458 = DIRECTION ( 'NONE',  ( 0.000000000000000000, 0.000000000000000000, -1.000000000000000000 ) ) ;
#2459 = DIRECTION ( 'NONE',  ( -0.000000000000000000, -1.000000000000000000, -0.000000000000000000 ) ) ;
#2460 = LINE ( 'NONE', #7509, #6686 ) ;
#2461 = VECTOR ( 'NONE', #3129, 1000.000000000000000 ) ;
#2462 = VECTOR ( 'NONE', #6964, 1000.000000000000000 ) ;
#2463 = ORIENTED_EDGE ( 'NONE', *, *, #913, .T. ) ;
#2464 = VECTOR ( 'NONE', #6687, 1000.000000000000000 ) ;
#2465 = VERTEX_POINT ( 'NONE', #2115 ) ;
#2466 = EDGE_CURVE ( 'NONE', #863, #4039, #10586, .T. ) ;
#2467 = PLANE ( 'NONE',  #1339 ) ;
#2468 = CARTESIAN_POINT ( 'NONE',  ( -3.000000000000015543, -13.99999999999999822, -2.370000000000013429 ) ) ;
#2469 = CARTESIAN_POINT ( 'NONE',  ( -2.249903526357163841, 32.00000000000000000, -1.050058994014394509 ) ) ;
#2470 = CARTESIAN_POINT ( 'NONE',  ( -7.601536384991169903, 28.49999999999999645, 18.11989491965041665 ) ) ;
#2471 = DIRECTION ( 'NONE',  ( 0.000000000000000000, 1.000000000000000000, 0.000000000000000000 ) ) ;
#2472 = LINE ( 'NONE', #1507, #1287 ) ;
#2473 = CARTESIAN_POINT ( 'NONE',  ( 6.924999999999993605, -13.00000000000000000, -22.60000000000000853 ) ) ;
#2474 = LINE ( 'NONE', #2420, #5984 ) ;
#2475 = EDGE_LOOP ( 'NONE', ( #8343, #9944, #385, #2109 ) ) ;
#2476 = FACE_OUTER_BOUND ( 'NONE', #6090, .T. ) ;
#2477 = VERTEX_POINT ( 'NONE', #10478 ) ;
#2478 = EDGE_CURVE ( 'NONE', #6496, #2269, #9747, .T. ) ;
#2479 = LINE ( 'NONE', #6798, #3395 ) ;
#2480 = CARTESIAN_POINT ( 'NONE',  ( -1.664219844423725059, 32.00000000000001421, 6.124822450183920353 ) ) ;
#2481 = DIRECTION ( 'NONE',  ( 1.000000000000000000, 0.000000000000000000, -0.000000000000000000 ) ) ;
#2482 = VERTEX_POINT ( 'NONE', #7940 ) ;
#2483 = LINE ( 'NONE', #5840, #10513 ) ;
#2484 = EDGE_CURVE ( 'NONE', #2724, #7939, #2057, .T. ) ;
#2485 = VECTOR ( 'NONE', #4547, 1000.000000000000000 ) ;
#2486 = DIRECTION ( 'NONE',  ( -0.000000000000000000, 1.000000000000000000, -0.000000000000000000 ) ) ;
#2487 = ORIENTED_EDGE ( 'NONE', *, *, #5929, .T. ) ;
#2488 = DIRECTION ( 'NONE',  ( 1.000000000000000000, 0.000000000000000000, 0.000000000000000000 ) ) ;
#2489 = VERTEX_POINT ( 'NONE', #3225 ) ;
#2490 = EDGE_LOOP ( 'NONE', ( #9659, #1796, #4663, #9018 ) ) ;
#2491 = VERTEX_POINT ( 'NONE', #5738 ) ;
#2492 =( LENGTH_UNIT ( ) NAMED_UNIT ( * ) SI_UNIT ( .MILLI., .METRE. ) );
#2493 = CARTESIAN_POINT ( 'NONE',  ( -27.50000000000000355, 10.49999999999999467, 1.749999999999952927 ) ) ;
#2494 = VERTEX_POINT ( 'NONE', #3112 ) ;
#2495 =( NAMED_UNIT ( * ) PLANE_ANGLE_UNIT ( ) SI_UNIT ( $, .RADIAN. ) );
#2496 = DIRECTION ( 'NONE',  ( -1.000000000000000000, 0.000000000000000000, -0.000000000000000000 ) ) ;
#2497 = CYLINDRICAL_SURFACE ( 'NONE', #5469, 1.500000000000001332 ) ;
#2498 = CARTESIAN_POINT ( 'NONE',  ( -25.00000000000000000, 3.000000000000000000, 38.99999999999999289 ) ) ;
#2499 = B_SPLINE_SURFACE_WITH_KNOTS ( 'NONE', 3, 1, ( 
 ( #5414, #9760 ),
 ( #10547, #4579 ),
 ( #8907, #8120 ),
 ( #7166, #3746 ) ),
 .UNSPECIFIED., .F., .F., .F.,
 ( 4, 4 ),
 ( 2, 2 ),
 ( 4.000000000000000000, 5.000000000000000000 ),
 ( 0.000000000000000000, 1.000000000000000000 ),
 .UNSPECIFIED. ) ;
#2500 = CARTESIAN_POINT ( 'NONE',  ( -7.925000000000006928, 3.000000000000002665, -21.60000000000000853 ) ) ;
#2501 = PLANE ( 'NONE',  #11002 ) ;
#2502 = EDGE_CURVE ( 'NONE', #581, #9772, #9905, .T. ) ;
#2503 = ORIENTED_EDGE ( 'NONE', *, *, #10334, .F. ) ;
#2504 = FACE_OUTER_BOUND ( 'NONE', #4812, .T. ) ;
#2505 = DIRECTION ( 'NONE',  ( 0.000000000000000000, 0.000000000000000000, 1.000000000000000000 ) ) ;
#2506 = ORIENTED_EDGE ( 'NONE', *, *, #1731, .F. ) ;
#2507 = EDGE_LOOP ( 'NONE', ( #2656, #6863, #6363, #9673 ) ) ;
#2508 = CARTESIAN_POINT ( 'NONE',  ( 25.00000000000000711, 30.00000000000000000, -37.50000000000002842 ) ) ;
#2509 = CARTESIAN_POINT ( 'NONE',  ( -2.800000000000000266, -20.91959594928933797, -21.14000000000000767 ) ) ;
#2510 = ORIENTED_EDGE ( 'NONE', *, *, #3223, .T. ) ;
#2511 = CARTESIAN_POINT ( 'NONE',  ( 2.251544362057745996, 32.00000000000001421, -1.046527771141978480 ) ) ;
#2512 = LINE ( 'NONE', #6041, #10605 ) ;
#2513 = DIRECTION ( 'NONE',  ( 0.000000000000000000, 0.000000000000000000, -1.000000000000000000 ) ) ;
#2514 = ADVANCED_FACE ( 'NONE', ( #5624 ), #2218, .T. ) ;
#2515 = EDGE_CURVE ( 'NONE', #10557, #4454, #4778, .T. ) ;
#2516 = CIRCLE ( 'NONE', #3227, 9.249999999999994671 ) ;
#2517 = ORIENTED_EDGE ( 'NONE', *, *, #10176, .T. ) ;
#2518 = EDGE_CURVE ( 'NONE', #2768, #2056, #5681, .T. ) ;
#2519 = ORIENTED_EDGE ( 'NONE', *, *, #5847, .T. ) ;
#2520 = CARTESIAN_POINT ( 'NONE',  ( -33.50000000000000000, 14.99999999999999645, 10.99999999999995381 ) ) ;
#2521 = CARTESIAN_POINT ( 'NONE',  ( -25.00000000000000711, 32.00000000000000000, 37.99999999999996447 ) ) ;
#2522 = CARTESIAN_POINT ( 'NONE',  ( 1.577748280683119564, 32.00000000000000000, 11.42771081216555373 ) ) ;
#2523 = VECTOR ( 'NONE', #9194, 1000.000000000000000 ) ;
#2524 = DIRECTION ( 'NONE',  ( 1.000000000000000000, 0.000000000000000000, -7.228014483236697048E-17 ) ) ;
#2525 = DIRECTION ( 'NONE',  ( -1.000000000000000000, -0.000000000000000000, -0.000000000000000000 ) ) ;
#2526 = CARTESIAN_POINT ( 'NONE',  ( -25.00000000000000711, 0.000000000000000000, -29.00000000000002132 ) ) ;
#2527 = DIRECTION ( 'NONE',  ( 0.000000000000000000, 0.000000000000000000, -1.000000000000000000 ) ) ;
#2528 = EDGE_CURVE ( 'NONE', #8185, #3902, #9061, .T. ) ;
#2529 = CARTESIAN_POINT ( 'NONE',  ( 3.504143963082937407, 10.50999999999999091, 13.26303376504072951 ) ) ;
#2530 = EDGE_LOOP ( 'NONE', ( #10068, #3279, #3559, #5726 ) ) ;
#2531 = CARTESIAN_POINT ( 'NONE',  ( 3.888410194207107207, 24.99999999999999645, -3.816587821286719642E-13 ) ) ;
#2532 = VECTOR ( 'NONE', #6050, 1000.000000000000000 ) ;
#2533 = VECTOR ( 'NONE', #2459, 1000.000000000000000 ) ;
#2534 = ORIENTED_EDGE ( 'NONE', *, *, #3087, .T. ) ;
#2535 = LINE ( 'NONE', #1397, #1401 ) ;
#2536 = CARTESIAN_POINT ( 'NONE',  ( -12.05359021688597032, 22.99999999999999645, 19.36521081018106116 ) ) ;
#2537 = DIRECTION ( 'NONE',  ( -0.000000000000000000, 0.000000000000000000, 1.000000000000000000 ) ) ;
#2538 = APPLICATION_CONTEXT ( 'automotive_design' ) ;
#2539 = VECTOR ( 'NONE', #7155, 1000.000000000000000 ) ;
#2540 = CARTESIAN_POINT ( 'NONE',  ( -1.577126527717740867, 32.00000000000000000, 11.43290753986362773 ) ) ;
#2541 = ADVANCED_FACE ( 'NONE', ( #4893 ), #7548, .T. ) ;
#2542 = LINE ( 'NONE', #1586, #4536 ) ;
#2543 = ORIENTED_EDGE ( 'NONE', *, *, #2155, .T. ) ;
#2544 = CARTESIAN_POINT ( 'NONE',  ( 0.000000000000000000, -11.49999999999999645, 1.094999999999985540 ) ) ;
#2545 = VERTEX_POINT ( 'NONE', #6529 ) ;
#2546 = ORIENTED_EDGE ( 'NONE', *, *, #3157, .T. ) ;
#2547 = ORIENTED_EDGE ( 'NONE', *, *, #10928, .T. ) ;
#2548 = VECTOR ( 'NONE', #1445, 1000.000000000000000 ) ;
#2549 = DIRECTION ( 'NONE',  ( -1.000000000000000000, -0.000000000000000000, -0.000000000000000000 ) ) ;
#2550 = EDGE_CURVE ( 'NONE', #5289, #6906, #6294, .T. ) ;
#2551 = ORIENTED_EDGE ( 'NONE', *, *, #3325, .F. ) ;
#2552 = CARTESIAN_POINT ( 'NONE',  ( -2.000000000000015987, -13.00000000000000000, -1.370000000000013651 ) ) ;
#2553 = DIRECTION ( 'NONE',  ( 0.000000000000000000, 0.000000000000000000, 1.000000000000000000 ) ) ;
#2554 = DIRECTION ( 'NONE',  ( 0.000000000000000000, 0.000000000000000000, -1.000000000000000000 ) ) ;
#2555 = ADVANCED_FACE ( 'NONE', ( #6646, #10807, #9964 ), #10075, .F. ) ;
#2556 = VECTOR ( 'NONE', #2720, 1000.000000000000000 ) ;
#2557 = CARTESIAN_POINT ( 'NONE',  ( 17.70476182858164549, 9.499999999999998224, 15.53801126270789190 ) ) ;
#2558 = DIRECTION ( 'NONE',  ( -0.000000000000000000, 1.000000000000000000, -0.000000000000000000 ) ) ;
#2559 = B_SPLINE_CURVE_WITH_KNOTS ( 'NONE', 3,
 ( #3483, #9543, #3588, #2636, #7793, #9380 ),
 .UNSPECIFIED., .F., .F.,
 ( 4, 2, 4 ),
 ( 0.000000000000000000, 0.001050468926853751232, 0.002100937853707502464 ),
 .UNSPECIFIED. ) ;
#2560 = VERTEX_POINT ( 'NONE', #8273 ) ;
#2561 = DIRECTION ( 'NONE',  ( 0.000000000000000000, 0.000000000000000000, 1.000000000000000000 ) ) ;
#2562 = CARTESIAN_POINT ( 'NONE',  ( 18.50000000000000000, -11.50000000000000000, 8.399999999999987921 ) ) ;
#2563 = VERTEX_POINT ( 'NONE', #569 ) ;
#2564 = VECTOR ( 'NONE', #10895, 1000.000000000000000 ) ;
#2565 = ORIENTED_EDGE ( 'NONE', *, *, #1233, .F. ) ;
#2566 = DIRECTION ( 'NONE',  ( 1.000000000000000000, 0.000000000000000000, 3.212450881438532364E-17 ) ) ;
#2567 = DIRECTION ( 'NONE',  ( 0.000000000000000000, 1.000000000000000000, 0.000000000000000000 ) ) ;
#2568 = CARTESIAN_POINT ( 'NONE',  ( -33.50000000000000000, 10.50049802381102815, 18.48421203201064955 ) ) ;
#2569 = DIRECTION ( 'NONE',  ( 0.000000000000000000, 0.000000000000000000, -1.000000000000000000 ) ) ;
#2570 = DIRECTION ( 'NONE',  ( 0.000000000000000000, 1.000000000000000000, 2.940873454663932011E-27 ) ) ;
#2571 = AXIS2_PLACEMENT_3D ( 'NONE', #5802, #9970, #10081 ) ;
#2572 = VERTEX_POINT ( 'NONE', #10975 ) ;
#2573 = ORIENTED_EDGE ( 'NONE', *, *, #90, .T. ) ;
#2574 = LINE ( 'NONE', #1840, #9610 ) ;
#2575 = EDGE_CURVE ( 'NONE', #7874, #10515, #8390, .T. ) ;
#2576 = CARTESIAN_POINT ( 'NONE',  ( -11.10000000000000675, -11.49999999999999645, -19.60000000000000497 ) ) ;
#2577 = EDGE_CURVE ( 'NONE', #5466, #5775, #3173, .T. ) ;
#2578 = CARTESIAN_POINT ( 'NONE',  ( 13.38518194069521527, 10.50999999999999091, 16.09894341733712508 ) ) ;
#2579 = CIRCLE ( 'NONE', #3481, 20.49999999999999645 ) ;
#2580 = CARTESIAN_POINT ( 'NONE',  ( -2.000000000000016875, -13.99999999999999822, 6.559999999999986287 ) ) ;
#2581 = CARTESIAN_POINT ( 'NONE',  ( 3.599158056653548154, 32.00000000000000000, 1.758059867859572023 ) ) ;
#2582 = LINE ( 'NONE', #9434, #6493 ) ;
#2583 = DIRECTION ( 'NONE',  ( -1.000000000000000000, 0.000000000000000000, 0.000000000000000000 ) ) ;
#2584 = ORIENTED_EDGE ( 'NONE', *, *, #6002, .F. ) ;
#2585 = CARTESIAN_POINT ( 'NONE',  ( 1.101485361694153120, 32.00000000000000000, 5.187071063562639139 ) ) ;
#2586 = AXIS2_PLACEMENT_3D ( 'NONE', #773, #9435, #3317 ) ;
#2587 = ORIENTED_EDGE ( 'NONE', *, *, #3857, .F. ) ;
#2588 = LINE ( 'NONE', #4375, #9492 ) ;
#2589 = CARTESIAN_POINT ( 'NONE',  ( -14.27500000000000568, -13.99999999999999822, -21.60000000000000853 ) ) ;
#2590 = PRODUCT_DEFINITION_SHAPE ( 'NONE', 'NONE',  #1289 ) ;
#2591 = EDGE_CURVE ( 'NONE', #2273, #6036, #1361, .T. ) ;
#2592 = CARTESIAN_POINT ( 'NONE',  ( -33.50000000000000000, 14.99999999999999645, 10.99999999999995381 ) ) ;
#2593 = AXIS2_PLACEMENT_3D ( 'NONE', #3778, #10690, #9793 ) ;
#2594 = CARTESIAN_POINT ( 'NONE',  ( 7.599667529665894428, 32.00000000000000000, 16.80050947618696355 ) ) ;
#2595 = CARTESIAN_POINT ( 'NONE',  ( 25.00000000000000711, 29.50000000000000000, -38.00000000000002132 ) ) ;
#2596 = ORIENTED_EDGE ( 'NONE', *, *, #5654, .F. ) ;
#2597 = ORIENTED_EDGE ( 'NONE', *, *, #5689, .F. ) ;
#2598 = ORIENTED_EDGE ( 'NONE', *, *, #310, .T. ) ;
#2599 = EDGE_LOOP ( 'NONE', ( #7501, #10698, #6860, #4735 ) ) ;
#2600 =( LENGTH_UNIT ( ) NAMED_UNIT ( * ) SI_UNIT ( .MILLI., .METRE. ) );
#2601 = PLANE ( 'NONE',  #8071 ) ;
#2602 = ADVANCED_FACE ( 'NONE', ( #2386 ), #5795, .F. ) ;
#2603 = VERTEX_POINT ( 'NONE', #10131 ) ;
#2604 = PLANE ( 'NONE',  #2261 ) ;
#2605 = AXIS2_PLACEMENT_3D ( 'NONE', #1106, #10721, #1328 ) ;
#2606 = DIRECTION ( 'NONE',  ( 0.000000000000000000, 0.000000000000000000, 1.000000000000000000 ) ) ;
#2607 = CARTESIAN_POINT ( 'NONE',  ( 0.000000000000000000, 31.50000000000000000, 1.094999999999985540 ) ) ;
#2608 = CARTESIAN_POINT ( 'NONE',  ( 7.099999999999996092, -5.500000000000000000, -23.60000000000000853 ) ) ;
#2609 = CARTESIAN_POINT ( 'NONE',  ( 2.562233326377193254, 10.50999999999999091, -4.768333691650413542 ) ) ;
#2610 = ORIENTED_EDGE ( 'NONE', *, *, #5404, .T. ) ;
#2611 = DIRECTION ( 'NONE',  ( -1.000000000000000000, 0.000000000000000000, 1.196361017915039486E-16 ) ) ;
#2612 = EDGE_CURVE ( 'NONE', #1603, #3504, #6471, .T. ) ;
#2613 = CARTESIAN_POINT ( 'NONE',  ( -46.31370849898476649, 9.500000000000000000, 24.99999999999994671 ) ) ;
#2614 = CARTESIAN_POINT ( 'NONE',  ( -13.50043034469988434, 9.499999999999998224, 12.01317212208040530 ) ) ;
#2615 = VERTEX_POINT ( 'NONE', #9292 ) ;
#2616 = EDGE_CURVE ( 'NONE', #5051, #9616, #1597, .T. ) ;
#2617 = VECTOR ( 'NONE', #7984, 1000.000000000000000 ) ;
#2618 = VERTEX_POINT ( 'NONE', #511 ) ;
#2619 = CARTESIAN_POINT ( 'NONE',  ( 7.599667529665884658, 23.00000000000000000, 18.11989491965051968 ) ) ;
#2620 = DIRECTION ( 'NONE',  ( -1.000000000000000000, 1.318503921650895287E-37, -4.483001173306440485E-11 ) ) ;
#2621 = LINE ( 'NONE', #5023, #6761 ) ;
#2622 = CARTESIAN_POINT ( 'NONE',  ( 0.000000000000000000, -5.500000000000000000, 0.000000000000000000 ) ) ;
#2623 = CARTESIAN_POINT ( 'NONE',  ( 7.099999999999996092, -5.500000000000000000, -16.60000000000000142 ) ) ;
#2624 = VERTEX_POINT ( 'NONE', #219 ) ;
#2625 = EDGE_CURVE ( 'NONE', #8232, #2049, #11031, .T. ) ;
#2626 = AXIS2_PLACEMENT_3D ( 'NONE', #1004, #7858, #4485 ) ;
#2627 = VECTOR ( 'NONE', #1250, 1000.000000000000000 ) ;
#2628 = EDGE_LOOP ( 'NONE', ( #2432, #2408, #4578, #706, #7801, #6250, #6029, #11066 ) ) ;
#2629 = VERTEX_POINT ( 'NONE', #8700 ) ;
#2630 = FACE_OUTER_BOUND ( 'NONE', #1164, .T. ) ;
#2631 = DIRECTION ( 'NONE',  ( 0.000000000000000000, -1.000000000000000000, 0.000000000000000000 ) ) ;
#2632 = CARTESIAN_POINT ( 'NONE',  ( -25.00000000000000000, 3.000000000000000000, 38.99999999999999289 ) ) ;
#2633 = AXIS2_PLACEMENT_3D ( 'NONE', #2500, #5914, #7714 ) ;
#2634 = LINE ( 'NONE', #6158, #2908 ) ;
#2635 = VECTOR ( 'NONE', #1215, 1000.000000000000000 ) ;
#2636 = CARTESIAN_POINT ( 'NONE',  ( 10.91402400899246850, 32.00000000000000000, 18.55258812566868798 ) ) ;
#2637 = LINE ( 'NONE', #1048, #2377 ) ;
#2638 = EDGE_CURVE ( 'NONE', #1151, #10034, #8758, .T. ) ;
#2639 = VERTEX_POINT ( 'NONE', #3397 ) ;
#2640 = EDGE_CURVE ( 'NONE', #6671, #7109, #10452, .T. ) ;
#2641 = VECTOR ( 'NONE', #1717, 1000.000000000000000 ) ;
#2642 = VECTOR ( 'NONE', #3773, 1000.000000000000000 ) ;
#2643 = ORIENTED_EDGE ( 'NONE', *, *, #2780, .T. ) ;
#2644 = CARTESIAN_POINT ( 'NONE',  ( 33.50000000000000711, 28.49999999999999645, -29.00000000000002132 ) ) ;
#2645 = ORIENTED_EDGE ( 'NONE', *, *, #3638, .T. ) ;
#2646 = CARTESIAN_POINT ( 'NONE',  ( -20.19999999999999574, 0.5000000000000000000, 8.399999999999952394 ) ) ;
#2647 = DIRECTION ( 'NONE',  ( -0.000000000000000000, -1.000000000000000000, -0.000000000000000000 ) ) ;
#2648 =( GEOMETRIC_REPRESENTATION_CONTEXT ( 3 ) GLOBAL_UNCERTAINTY_ASSIGNED_CONTEXT ( ( #6010 ) ) GLOBAL_UNIT_ASSIGNED_CONTEXT ( ( #2492, #4109, #10186 ) ) REPRESENTATION_CONTEXT ( 'NONE', 'WORKASPACE' ) );
#2649 = LINE ( 'NONE', #2594, #10152 ) ;
#2650 = PRODUCT_DEFINITION_CONTEXT ( 'detailed design', #8910, 'design' ) ;
#2651 = DIRECTION ( 'NONE',  ( -1.000000000000000000, 0.000000000000000000, -0.000000000000000000 ) ) ;
#2652 = ADVANCED_FACE ( 'NONE', ( #7603 ), #5006, .F. ) ;
#2653 = ORIENTED_EDGE ( 'NONE', *, *, #6596, .T. ) ;
#2654 = EDGE_CURVE ( 'NONE', #10445, #1146, #7078, .T. ) ;
#2655 = ORIENTED_EDGE ( 'NONE', *, *, #3600, .F. ) ;
#2656 = ORIENTED_EDGE ( 'NONE', *, *, #2202, .T. ) ;
#2657 = DIRECTION ( 'NONE',  ( -6.982962677686266711E-15, 0.000000000000000000, -1.000000000000000000 ) ) ;
#2658 = PLANE ( 'NONE',  #3042 ) ;
#2659 = ORIENTED_EDGE ( 'NONE', *, *, #3000, .F. ) ;
#2660 = CARTESIAN_POINT ( 'NONE',  ( -0.9627787222411331447, 24.50000000000000355, 12.74247560013450986 ) ) ;
#2661 = AXIS2_PLACEMENT_3D ( 'NONE', #2989, #7298, #6454 ) ;
#2662 = CYLINDRICAL_SURFACE ( 'NONE', #7478, 8.499999999999996447 ) ;
#2663 = CARTESIAN_POINT ( 'NONE',  ( -1.500000000000000222, 9.499999999999998224, -2.201678149889266134 ) ) ;
#2664 = VECTOR ( 'NONE', #2254, 1000.000000000000000 ) ;
#2665 = CARTESIAN_POINT ( 'NONE',  ( -7.601536384981955052, 32.00000000000000000, 18.11989491965854171 ) ) ;
#2666 = FACE_BOUND ( 'NONE', #1965, .T. ) ;
#2667 = VERTEX_POINT ( 'NONE', #7659 ) ;
#2668 = EDGE_CURVE ( 'NONE', #10110, #2176, #6289, .T. ) ;
#2669 = DIRECTION ( 'NONE',  ( -1.000000000000000000, -0.000000000000000000, -0.000000000000000000 ) ) ;
#2670 = DIRECTION ( 'NONE',  ( 1.000000000000000000, -2.438088387897967896E-29, 6.982962677686266711E-15 ) ) ;
#2671 = CARTESIAN_POINT ( 'NONE',  ( 2.408180051710192338, 24.49999999999999645, 4.441184550857568247 ) ) ;
#2672 = EDGE_LOOP ( 'NONE', ( #10582, #2294, #3220, #5817 ) ) ;
#2673 = VERTEX_POINT ( 'NONE', #10189 ) ;
#2674 = LINE ( 'NONE', #132, #6283 ) ;
#2675 = CARTESIAN_POINT ( 'NONE',  ( 7.599667515476915547, 28.50000000000003197, 18.11989492295201742 ) ) ;
#2676 = PRODUCT_DEFINITION ( 'UNKNOWN', '', #11076, #6912 ) ;
#2677 = CARTESIAN_POINT ( 'NONE',  ( 8.374824250234464529, 23.00000000000000000, 13.67730034089338531 ) ) ;
#2678 = CARTESIAN_POINT ( 'NONE',  ( 13.38518194069886746, 24.99999999999999645, 1.734224774150385734E-12 ) ) ;
#2679 = CARTESIAN_POINT ( 'NONE',  ( -18.50000000000000000, -13.00000000000000000, 8.399999999999987921 ) ) ;
#2680 = ORIENTED_EDGE ( 'NONE', *, *, #1003, .T. ) ;
#2681 = EDGE_CURVE ( 'NONE', #3825, #9456, #5468, .T. ) ;
#2682 = B_SPLINE_SURFACE_WITH_KNOTS ( 'NONE', 2, 1, ( 
 ( #8745, #7277 ),
 ( #1043, #9817 ),
 ( #9761, #8121 ) ),
 .UNSPECIFIED., .F., .F., .F.,
 ( 3, 3 ),
 ( 2, 2 ),
 ( 7.000000000000000000, 8.000000000000000000 ),
 ( 0.000000000000000000, 1.000000000000000000 ),
 .UNSPECIFIED. ) ;
#2683 = ORIENTED_EDGE ( 'NONE', *, *, #1906, .F. ) ;
#2684 = EDGE_LOOP ( 'NONE', ( #8454, #2434, #5416, #5965 ) ) ;
#2685 = LINE ( 'NONE', #11110, #1533 ) ;
#2686 = CARTESIAN_POINT ( 'NONE',  ( -6.925000000000007816, -13.00000000000000000, -16.60000000000000853 ) ) ;
#2687 = CIRCLE ( 'NONE', #8240, 2.000000000000001776 ) ;
#2688 = CARTESIAN_POINT ( 'NONE',  ( -14.21914622032904418, 9.499999999999998224, 23.06569260839445334 ) ) ;
#2689 = EDGE_CURVE ( 'NONE', #9172, #7385, #7493, .T. ) ;
#2690 = EDGE_LOOP ( 'NONE', ( #6355, #6163, #6220, #6808 ) ) ;
#2691 = CARTESIAN_POINT ( 'NONE',  ( 13.49999999999999822, 1.500000000000000000, -22.33097289055185897 ) ) ;
#2692 = CARTESIAN_POINT ( 'NONE',  ( 5.299549528938804599, 32.00000000000000000, 21.57711283463909524 ) ) ;
#2693 = VECTOR ( 'NONE', #10373, 1000.000000000000000 ) ;
#2694 = CARTESIAN_POINT ( 'NONE',  ( -33.50000000000000000, 14.99999999999999645, 3.999999999999954259 ) ) ;
#2695 = ORIENTED_EDGE ( 'NONE', *, *, #8485, .F. ) ;
#2696 = ORIENTED_EDGE ( 'NONE', *, *, #9992, .T. ) ;
#2697 = CARTESIAN_POINT ( 'NONE',  ( -25.00000000000000711, 2.000000000000000000, 38.24999999999996447 ) ) ;
#2698 = VECTOR ( 'NONE', #8288, 1000.000000000000000 ) ;
#2699 = VERTEX_POINT ( 'NONE', #2762 ) ;
#2700 = CARTESIAN_POINT ( 'NONE',  ( 6.924999999999993605, -13.99999999999999822, -22.60000000000000853 ) ) ;
#2701 = FACE_OUTER_BOUND ( 'NONE', #3912, .T. ) ;
#2702 = CARTESIAN_POINT ( 'NONE',  ( -3.293061665296744156, 32.00000000000000000, 3.229340832516108151 ) ) ;
#2703 = EDGE_CURVE ( 'NONE', #300, #7814, #7557, .T. ) ;
#2704 = MANIFOLD_SOLID_BREP ( 'Boss-Extrude16', #674 ) ;
#2705 = CARTESIAN_POINT ( 'NONE',  ( 8.374824250234464529, 9.499999999999998224, 13.67730034089338531 ) ) ;
#2706 = AXIS2_PLACEMENT_3D ( 'NONE', #930, #91, #3530 ) ;
#2707 = DIRECTION ( 'NONE',  ( 0.000000000000000000, -1.000000000000000000, -3.491481338843133355E-15 ) ) ;
#2708 = COLOUR_RGB ( '',0.7921568627450980005, 0.8196078431372548767, 0.9333333333333333481 ) ;
#2709 = ORIENTED_EDGE ( 'NONE', *, *, #8642, .F. ) ;
#2710 = CARTESIAN_POINT ( 'NONE',  ( -3.877618601534404963, 24.99999999999999645, 16.59988183214694857 ) ) ;
#2711 = ORIENTED_EDGE ( 'NONE', *, *, #162, .T. ) ;
#2712 = ORIENTED_EDGE ( 'NONE', *, *, #1639, .F. ) ;
#2713 = CARTESIAN_POINT ( 'NONE',  ( 25.00000000000000000, 5.000000000000000000, -38.25000000000000711 ) ) ;
#2714 = VECTOR ( 'NONE', #10724, 1000.000000000000000 ) ;
#2715 = ORIENTED_EDGE ( 'NONE', *, *, #726, .T. ) ;
#2716 = EDGE_CURVE ( 'NONE', #6837, #2494, #3959, .T. ) ;
#2717 = CARTESIAN_POINT ( 'NONE',  ( 14.50000000000021494, 23.00000000000000000, 24.06419186098134588 ) ) ;
#2718 = ADVANCED_FACE ( 'NONE', ( #4700 ), #380, .T. ) ;
#2719 = PLANE ( 'NONE',  #654 ) ;
#2720 = DIRECTION ( 'NONE',  ( 0.000000000000000000, 0.000000000000000000, -1.000000000000000000 ) ) ;
#2721 = CIRCLE ( 'NONE', #7020, 5.000000000000000888 ) ;
#2722 = FACE_BOUND ( 'NONE', #2848, .T. ) ;
#2723 = EDGE_CURVE ( 'NONE', #9958, #4900, #1278, .T. ) ;
#2724 = VERTEX_POINT ( 'NONE', #327 ) ;
#2725 = CARTESIAN_POINT ( 'NONE',  ( 2.999999999999982681, -5.500000000000000000, -1.405000000000014238 ) ) ;
#2726 = VECTOR ( 'NONE', #7878, 1000.000000000000000 ) ;
#2727 = DIRECTION ( 'NONE',  ( -0.000000000000000000, -1.000000000000000000, -0.000000000000000000 ) ) ;
#2728 = CARTESIAN_POINT ( 'NONE',  ( -25.00000000000000000, 5.000000000000000000, 28.99999999999998934 ) ) ;
#2729 = VERTEX_POINT ( 'NONE', #3760 ) ;
#2730 = EDGE_LOOP ( 'NONE', ( #9400, #293, #4410, #5156 ) ) ;
#2731 = CARTESIAN_POINT ( 'NONE',  ( -3.000000000000016875, -5.500000000000000000, -0.4050000000000138489 ) ) ;
#2732 = CARTESIAN_POINT ( 'NONE',  ( -15.27500000000000746, -13.00000000000000000, -22.60000000000000853 ) ) ;
#2733 = EDGE_CURVE ( 'NONE', #6496, #5005, #5491, .T. ) ;
#2734 = AXIS2_PLACEMENT_3D ( 'NONE', #1947, #9805, #5523 ) ;
#2735 = CARTESIAN_POINT ( 'NONE',  ( 3.073522612991555381, 24.49999999999999645, -0.3903447404358124095 ) ) ;
#2736 = CARTESIAN_POINT ( 'NONE',  ( 4.100096472055509977, 32.00000000000000000, 22.45905727886303538 ) ) ;
#2737 = DIRECTION ( 'NONE',  ( 1.000000000000000000, 0.000000000000000000, 0.000000000000000000 ) ) ;
#2738 = DIRECTION ( 'NONE',  ( 0.000000000000000000, 0.000000000000000000, -1.000000000000000000 ) ) ;
#2739 = EDGE_LOOP ( 'NONE', ( #4328, #8154, #1209, #8286 ) ) ;
#2740 = ORIENTED_EDGE ( 'NONE', *, *, #5463, .T. ) ;
#2741 = VECTOR ( 'NONE', #2417, 1000.000000000000000 ) ;
#2742 = ORIENTED_EDGE ( 'NONE', *, *, #10882, .T. ) ;
#2743 = CYLINDRICAL_SURFACE ( 'NONE', #6914, 1.000000000000000888 ) ;
#2744 = CARTESIAN_POINT ( 'NONE',  ( 25.00000000000000711, 0.000000000000000000, 28.99999999999997158 ) ) ;
#2745 = DIRECTION ( 'NONE',  ( -1.000000000000000000, 0.000000000000000000, -1.524797561326645848E-13 ) ) ;
#2746 = EDGE_CURVE ( 'NONE', #5236, #5028, #3972, .T. ) ;
#2747 = ORIENTED_EDGE ( 'NONE', *, *, #3390, .F. ) ;
#2748 = CARTESIAN_POINT ( 'NONE',  ( -33.50000000000000000, 30.00000000000000000, 28.99999999999997158 ) ) ;
#2749 = LINE ( 'NONE', #5310, #7827 ) ;
#2750 = VECTOR ( 'NONE', #9911, 1000.000000000000000 ) ;
#2751 = CARTESIAN_POINT ( 'NONE',  ( -8.743329047513924479, 24.50000000000000000, 7.256070824894444549 ) ) ;
#2752 = VERTEX_POINT ( 'NONE', #7237 ) ;
#2753 = EDGE_CURVE ( 'NONE', #2322, #1014, #8981, .T. ) ;
#2754 = APPLICATION_CONTEXT ( 'automotive_design' ) ;
#2755 = ORIENTED_EDGE ( 'NONE', *, *, #8629, .T. ) ;
#2756 = CARTESIAN_POINT ( 'NONE',  ( 17.70476182858164549, 24.50000000000000000, 15.53801126270789190 ) ) ;
#2757 = VECTOR ( 'NONE', #9738, 1000.000000000000000 ) ;
#2758 = EDGE_LOOP ( 'NONE', ( #1746, #7582, #6506, #3392 ) ) ;
#2759 = CARTESIAN_POINT ( 'NONE',  ( -25.00000000000000000, 3.000000000000000000, 38.99999999999999289 ) ) ;
#2760 = PLANE ( 'NONE',  #9863 ) ;
#2761 = EDGE_CURVE ( 'NONE', #4072, #8209, #3865, .T. ) ;
#2762 = CARTESIAN_POINT ( 'NONE',  ( -35.00000000000000000, 16.50000000000002132, 18.48421203201064600 ) ) ;
#2763 = DIRECTION ( 'NONE',  ( 0.000000000000000000, 0.000000000000000000, 1.000000000000000000 ) ) ;
#2764 = VECTOR ( 'NONE', #3867, 1000.000000000000000 ) ;
#2765 = DIRECTION ( 'NONE',  ( -0.000000000000000000, -1.000000000000000000, -2.891205793294675861E-16 ) ) ;
#2766 = EDGE_LOOP ( 'NONE', ( #2034, #6522, #8297, #4847 ) ) ;
#2767 = DIRECTION ( 'NONE',  ( 1.000000000000000000, 0.000000000000000000, 0.000000000000000000 ) ) ;
#2768 = VERTEX_POINT ( 'NONE', #8135 ) ;
#2769 = ORIENTED_EDGE ( 'NONE', *, *, #6103, .F. ) ;
#2770 = DIRECTION ( 'NONE',  ( -0.000000000000000000, 0.000000000000000000, 1.000000000000000000 ) ) ;
#2771 = VECTOR ( 'NONE', #345, 1000.000000000000000 ) ;
#2772 = ORIENTED_EDGE ( 'NONE', *, *, #9375, .T. ) ;
#2773 = CARTESIAN_POINT ( 'NONE',  ( -1.579617136008335088, 24.50000000000000000, 11.48414578258326912 ) ) ;
#2774 = DIRECTION ( 'NONE',  ( 0.000000000000000000, 2.940873454663932011E-27, -1.000000000000000000 ) ) ;
#2775 = CARTESIAN_POINT ( 'NONE',  ( -25.00000000000000000, 1.500000000000000000, 37.49999999999999289 ) ) ;
#2776 = FACE_BOUND ( 'NONE', #639, .T. ) ;
#2777 = VERTEX_POINT ( 'NONE', #2030 ) ;
#2778 = DIRECTION ( 'NONE',  ( 0.000000000000000000, 0.000000000000000000, 1.000000000000000000 ) ) ;
#2779 = CIRCLE ( 'NONE', #3135, 8.499999999999992895 ) ;
#2780 = EDGE_CURVE ( 'NONE', #6012, #2273, #3140, .T. ) ;
#2781 = EDGE_CURVE ( 'NONE', #7951, #9728, #9831, .T. ) ;
#2782 = CARTESIAN_POINT ( 'NONE',  ( -3.292122310765841053, 24.49999999999998934, 3.231456317864767058 ) ) ;
#2783 = LINE ( 'NONE', #10473, #6391 ) ;
#2784 = ORIENTED_EDGE ( 'NONE', *, *, #8642, .T. ) ;
#2785 = EDGE_LOOP ( 'NONE', ( #6272, #4121, #6377, #2256 ) ) ;
#2786 = CARTESIAN_POINT ( 'NONE',  ( -7.925000000000006928, 3.000000000000002665, -21.60000000000000853 ) ) ;
#2787 = PLANE ( 'NONE',  #6270 ) ;
#2788 = CARTESIAN_POINT ( 'NONE',  ( -10.59509337391225436, 32.00000000000000000, 18.40297860747429937 ) ) ;
#2789 = DIRECTION ( 'NONE',  ( 0.000000000000000000, 0.000000000000000000, -1.000000000000000000 ) ) ;
#2790 = LINE ( 'NONE', #6200, #456 ) ;
#2791 = DIRECTION ( 'NONE',  ( -1.000000000000000000, 0.000000000000000000, 0.000000000000000000 ) ) ;
#2792 = VERTEX_POINT ( 'NONE', #1387 ) ;
#2793 = DIRECTION ( 'NONE',  ( 0.000000000000000000, 0.000000000000000000, 1.000000000000000000 ) ) ;
#2794 = ORIENTED_EDGE ( 'NONE', *, *, #9716, .T. ) ;
#2795 = EDGE_CURVE ( 'NONE', #6232, #9029, #6655, .T. ) ;
#2796 = ORIENTED_EDGE ( 'NONE', *, *, #7750, .F. ) ;
#2797 = CARTESIAN_POINT ( 'NONE',  ( -4.000000000000017764, -5.500000000000000000, -1.405000000000013349 ) ) ;
#2798 = DIRECTION ( 'NONE',  ( 1.000000000000000000, 0.000000000000000000, -0.000000000000000000 ) ) ;
#2799 = FACE_OUTER_BOUND ( 'NONE', #764, .T. ) ;
#2800 = ORIENTED_EDGE ( 'NONE', *, *, #5142, .T. ) ;
#2801 = FACE_OUTER_BOUND ( 'NONE', #9746, .T. ) ;
#2802 = CARTESIAN_POINT ( 'NONE',  ( -6.925000000000007816, -13.99999999999999822, -22.60000000000000853 ) ) ;
#2803 = AXIS2_PLACEMENT_3D ( 'NONE', #2705, #7134, #7080 ) ;
#2804 = DIRECTION ( 'NONE',  ( 0.000000000000000000, -1.000000000000000000, 0.000000000000000000 ) ) ;
#2805 = VECTOR ( 'NONE', #11032, 1000.000000000000000 ) ;
#2806 = ORIENTED_EDGE ( 'NONE', *, *, #8879, .F. ) ;
#2807 = EDGE_CURVE ( 'NONE', #2381, #142, #4804, .T. ) ;
#2808 = ORIENTED_EDGE ( 'NONE', *, *, #8196, .T. ) ;
#2809 = CARTESIAN_POINT ( 'NONE',  ( -3.100088496576544728, 24.49999999999996447, 8.757180451233420371 ) ) ;
#2810 = VECTOR ( 'NONE', #9514, 1000.000000000000000 ) ;
#2811 = ORIENTED_EDGE ( 'NONE', *, *, #6650, .T. ) ;
#2812 = AXIS2_PLACEMENT_3D ( 'NONE', #3685, #2953, #8733 ) ;
#2813 = CARTESIAN_POINT ( 'NONE',  ( 2.800000000000000266, 9.999999999999998224, -21.14000000000000767 ) ) ;
#2814 = DIRECTION ( 'NONE',  ( -0.000000000000000000, 1.000000000000000000, -0.000000000000000000 ) ) ;
#2815 = CARTESIAN_POINT ( 'NONE',  ( -25.00000000000000711, 0.000000000000000000, -38.25000000000002842 ) ) ;
#2816 = EDGE_CURVE ( 'NONE', #9307, #1393, #3250, .T. ) ;
#2817 = LINE ( 'NONE', #1112, #9790 ) ;
#2818 = CIRCLE ( 'NONE', #10530, 3.500000000000001332 ) ;
#2819 = LINE ( 'NONE', #2872, #6704 ) ;
#2820 = AXIS2_PLACEMENT_3D ( 'NONE', #1655, #11033, #8501 ) ;
#2821 = ORIENTED_EDGE ( 'NONE', *, *, #1114, .F. ) ;
#2822 = PLANE ( 'NONE',  #722 ) ;
#2823 = ADVANCED_FACE ( 'NONE', ( #3031 ), #8191, .F. ) ;
#2824 = EDGE_LOOP ( 'NONE', ( #437, #3605, #4110, #4503 ) ) ;
#2825 = VERTEX_POINT ( 'NONE', #10780 ) ;
#2826 = APPLICATION_PROTOCOL_DEFINITION ( 'draft international standard', 'automotive_design', 1998, #9641 ) ;
#2827 = CARTESIAN_POINT ( 'NONE',  ( 7.599667529665898869, 25.00000000000011724, 16.80050947618696355 ) ) ;
#2828 = ORIENTED_EDGE ( 'NONE', *, *, #7980, .F. ) ;
#2829 = DIRECTION ( 'NONE',  ( 0.000000000000000000, -0.000000000000000000, 1.000000000000000000 ) ) ;
#2830 = EDGE_CURVE ( 'NONE', #36, #9819, #9366, .T. ) ;
#2831 = PLANE ( 'NONE',  #4765 ) ;
#2832 = DIRECTION ( 'NONE',  ( 1.000000000000000000, 0.000000000000000000, 1.445602896647337931E-16 ) ) ;
#2833 = CARTESIAN_POINT ( 'NONE',  ( -46.31370849898476649, 17.50000000000000000, 18.99999999999996092 ) ) ;
#2834 = VERTEX_POINT ( 'NONE', #2245 ) ;
#2835 = LINE ( 'NONE', #6189, #4024 ) ;
#2836 = EDGE_CURVE ( 'NONE', #7511, #8185, #8246, .T. ) ;
#2837 = CARTESIAN_POINT ( 'NONE',  ( -1.463453552045667738, 24.50000000000000000, 5.071176018771335059 ) ) ;
#2838 = CARTESIAN_POINT ( 'NONE',  ( 4.252031129529060927, 10.50999999999999091, 6.750748237459688106 ) ) ;
#2839 = VERTEX_POINT ( 'NONE', #7183 ) ;
#2840 = EDGE_LOOP ( 'NONE', ( #8032, #9084, #10087, #10433, #7599, #8254, #7799, #3333 ) ) ;
#2841 = DIRECTION ( 'NONE',  ( 0.000000000000000000, 1.000000000000000000, 0.000000000000000000 ) ) ;
#2842 = CARTESIAN_POINT ( 'NONE',  ( 0.0008204178503570802583, 32.00000000000000000, 13.06458333644166814 ) ) ;
#2843 = CARTESIAN_POINT ( 'NONE',  ( 34.25000000000000000, 2.000000000000000000, -29.00000000000002487 ) ) ;
#2844 = ADVANCED_FACE ( 'NONE', ( #6338 ), #9775, .F. ) ;
#2845 = DIRECTION ( 'NONE',  ( 1.000000000000000000, 0.000000000000000000, 0.000000000000000000 ) ) ;
#2846 = PLANE ( 'NONE',  #8180 ) ;
#2847 = DIRECTION ( 'NONE',  ( -0.000000000000000000, -1.000000000000000000, -0.000000000000000000 ) ) ;
#2848 = EDGE_LOOP ( 'NONE', ( #719, #2108, #2398, #5450 ) ) ;
#2849 = DIRECTION ( 'NONE',  ( 0.000000000000000000, 0.000000000000000000, -1.000000000000000000 ) ) ;
#2850 = ORIENTED_EDGE ( 'NONE', *, *, #7272, .F. ) ;
#2851 = DIRECTION ( 'NONE',  ( 0.000000000000000000, 0.000000000000000000, -1.000000000000000000 ) ) ;
#2852 = EDGE_LOOP ( 'NONE', ( #9809, #312, #2769, #732, #10444, #4654, #8016, #3723 ) ) ;
#2853 = LINE ( 'NONE', #472, #10775 ) ;
#2854 = FACE_OUTER_BOUND ( 'NONE', #2672, .T. ) ;
#2855 = VERTEX_POINT ( 'NONE', #7460 ) ;
#2856 = DIRECTION ( 'NONE',  ( -0.000000000000000000, -1.000000000000000000, -0.000000000000000000 ) ) ;
#2857 = CARTESIAN_POINT ( 'NONE',  ( 25.00000000000000711, 0.000000000000000000, 38.99999999999996447 ) ) ;
#2858 = EDGE_CURVE ( 'NONE', #124, #3541, #6788, .T. ) ;
#2859 = EDGE_CURVE ( 'NONE', #6482, #5234, #2414, .T. ) ;
#2860 = CARTESIAN_POINT ( 'NONE',  ( 8.099999999999996092, -5.500000000000000000, -16.60000000000000142 ) ) ;
#2861 = EDGE_CURVE ( 'NONE', #909, #784, #9263, .T. ) ;
#2862 = ORIENTED_EDGE ( 'NONE', *, *, #6847, .T. ) ;
#2863 = CIRCLE ( 'NONE', #7354, 8.999999999999994671 ) ;
#2864 = ORIENTED_EDGE ( 'NONE', *, *, #7556, .T. ) ;
#2865 = LINE ( 'NONE', #9718, #1894 ) ;
#2866 = ORIENTED_EDGE ( 'NONE', *, *, #8961, .T. ) ;
#2867 = DIRECTION ( 'NONE',  ( 0.000000000000000000, 0.000000000000000000, -1.000000000000000000 ) ) ;
#2868 = DIRECTION ( 'NONE',  ( 0.000000000000000000, -1.000000000000000000, 0.000000000000000000 ) ) ;
#2869 = VECTOR ( 'NONE', #4862, 1000.000000000000000 ) ;
#2870 = EDGE_CURVE ( 'NONE', #3756, #9896, #9379, .T. ) ;
#2871 = DIRECTION ( 'NONE',  ( -1.000000000000000000, -0.000000000000000000, -0.000000000000000000 ) ) ;
#2872 = CARTESIAN_POINT ( 'NONE',  ( -4.219146220329037966, 9.499999999999998224, 23.06569260839445334 ) ) ;
#2873 = VERTEX_POINT ( 'NONE', #4087 ) ;
#2874 = CARTESIAN_POINT ( 'NONE',  ( 34.00000000000000000, 32.00000000000000000, 28.99999999999997513 ) ) ;
#2875 = VECTOR ( 'NONE', #30, 1000.000000000000000 ) ;
#2876 = VERTEX_POINT ( 'NONE', #6732 ) ;
#2877 = CARTESIAN_POINT ( 'NONE',  ( 4.100096472055489549, 23.00000000000000000, 25.49999999999949907 ) ) ;
#2878 = SHAPE_DEFINITION_REPRESENTATION ( #6890, #9028 ) ;
#2879 = CARTESIAN_POINT ( 'NONE',  ( 13.38518194069521527, 10.50999999999999091, 16.09894341733712508 ) ) ;
#2880 = ORIENTED_EDGE ( 'NONE', *, *, #10765, .T. ) ;
#2881 = FACE_OUTER_BOUND ( 'NONE', #3460, .T. ) ;
#2882 = EDGE_CURVE ( 'NONE', #4823, #322, #10161, .T. ) ;
#2883 = VECTOR ( 'NONE', #3519, 1000.000000000000000 ) ;
#2884 = LINE ( 'NONE', #7927, #2085 ) ;
#2885 = LINE ( 'NONE', #10524, #5220 ) ;
#2886 = LINE ( 'NONE', #237, #2757 ) ;
#2887 = ORIENTED_EDGE ( 'NONE', *, *, #9889, .T. ) ;
#2888 = DIRECTION ( 'NONE',  ( 0.9986117056576805373, -1.549125602627761484E-28, 0.05267505409069801747 ) ) ;
#2889 = ORIENTED_EDGE ( 'NONE', *, *, #6095, .F. ) ;
#2890 = EDGE_CURVE ( 'NONE', #2427, #10002, #1681, .T. ) ;
#2891 = VECTOR ( 'NONE', #1111, 1000.000000000000000 ) ;
#2892 = DIRECTION ( 'NONE',  ( -4.908688302946797091E-17, 0.000000000000000000, 1.000000000000000000 ) ) ;
#2893 = VECTOR ( 'NONE', #3962, 1000.000000000000000 ) ;
#2894 = ORIENTED_EDGE ( 'NONE', *, *, #5635, .F. ) ;
#2895 = VERTEX_POINT ( 'NONE', #2470 ) ;
#2896 = LINE ( 'NONE', #4672, #9163 ) ;
#2897 = DIRECTION ( 'NONE',  ( 0.000000000000000000, 1.000000000000000000, 3.491481338843133355E-15 ) ) ;
#2898 = EDGE_CURVE ( 'NONE', #10070, #2211, #9320, .T. ) ;
#2899 = CARTESIAN_POINT ( 'NONE',  ( 14.50000000000024691, 32.00000000000000000, 19.36521081018125656 ) ) ;
#2900 = CARTESIAN_POINT ( 'NONE',  ( 4.219146220329037966, 26.50000000000000000, 23.06569260839445334 ) ) ;
#2901 = VECTOR ( 'NONE', #2926, 1000.000000000000000 ) ;
#2902 = FACE_OUTER_BOUND ( 'NONE', #7590, .T. ) ;
#2903 = LINE ( 'NONE', #8958, #2932 ) ;
#2904 = VERTEX_POINT ( 'NONE', #7631 ) ;
#2905 = CARTESIAN_POINT ( 'NONE',  ( 15.84405090676714600, 9.499999999999998224, 13.67730034089338709 ) ) ;
#2906 = VECTOR ( 'NONE', #3280, 1000.000000000000000 ) ;
#2907 = ORIENTED_EDGE ( 'NONE', *, *, #7930, .T. ) ;
#2908 = VECTOR ( 'NONE', #5361, 1000.000000000000000 ) ;
#2909 = ORIENTED_EDGE ( 'NONE', *, *, #5355, .T. ) ;
#2910 = CARTESIAN_POINT ( 'NONE',  ( -3.000000000000016431, -11.50000000000000000, -0.4050000000000134048 ) ) ;
#2911 = DIRECTION ( 'NONE',  ( 0.000000000000000000, 0.000000000000000000, 1.000000000000000000 ) ) ;
#2912 = EDGE_LOOP ( 'NONE', ( #9251, #2212, #6580, #417 ) ) ;
#2913 = LINE ( 'NONE', #10550, #7741 ) ;
#2914 = FACE_OUTER_BOUND ( 'NONE', #7395, .T. ) ;
#2915 = DIRECTION ( 'NONE',  ( 1.000000000000000000, 0.000000000000000000, -0.000000000000000000 ) ) ;
#2916 = VECTOR ( 'NONE', #3790, 1000.000000000000000 ) ;
#2917 = VERTEX_POINT ( 'NONE', #5823 ) ;
#2918 = ORIENTED_EDGE ( 'NONE', *, *, #8080, .T. ) ;
#2919 = ADVANCED_FACE ( 'NONE', ( #4920 ), #8303, .F. ) ;
#2920 = EDGE_CURVE ( 'NONE', #6325, #5100, #4142, .T. ) ;
#2921 = LINE ( 'NONE', #5424, #8159 ) ;
#2922 = ORIENTED_EDGE ( 'NONE', *, *, #8693, .T. ) ;
#2923 = CARTESIAN_POINT ( 'NONE',  ( -35.00000000000000000, 17.50000000000000000, 18.99999999999996092 ) ) ;
#2924 = CARTESIAN_POINT ( 'NONE',  ( 1.810372994690540693, 32.00000000000000000, 11.29028713467247691 ) ) ;
#2925 = VECTOR ( 'NONE', #5537, 1000.000000000000000 ) ;
#2926 = DIRECTION ( 'NONE',  ( 0.000000000000000000, 0.000000000000000000, -1.000000000000000000 ) ) ;
#2927 = VECTOR ( 'NONE', #5820, 1000.000000000000000 ) ;
#2928 = LINE ( 'NONE', #3599, #7640 ) ;
#2929 = PLANE ( 'NONE',  #7064 ) ;
#2930 = ORIENTED_EDGE ( 'NONE', *, *, #4701, .T. ) ;
#2931 = CARTESIAN_POINT ( 'NONE',  ( -15.10000000000000497, -5.500000000000000000, -16.60000000000000497 ) ) ;
#2932 = VECTOR ( 'NONE', #2847, 1000.000000000000000 ) ;
#2933 = ORIENTED_EDGE ( 'NONE', *, *, #966, .F. ) ;
#2934 = EDGE_CURVE ( 'NONE', #10910, #1060, #657, .T. ) ;
#2935 = LINE ( 'NONE', #10567, #10916 ) ;
#2936 = CARTESIAN_POINT ( 'NONE',  ( 0.000000000000000000, -9.999999999999998224, -18.43835307503515608 ) ) ;
#2937 = ORIENTED_EDGE ( 'NONE', *, *, #8342, .T. ) ;
#2938 = AXIS2_PLACEMENT_3D ( 'NONE', #5956, #894, #843 ) ;
#2939 = DIRECTION ( 'NONE',  ( 0.000000000000000000, 0.000000000000000000, -1.000000000000000000 ) ) ;
#2940 = CARTESIAN_POINT ( 'NONE',  ( -14.49833763245320561, 32.00000000000000000, 24.06419186098116825 ) ) ;
#2941 = DIRECTION ( 'NONE',  ( -0.000000000000000000, 1.000000000000000000, 0.000000000000000000 ) ) ;
#2942 = VERTEX_POINT ( 'NONE', #5090 ) ;
#2943 = FACE_OUTER_BOUND ( 'NONE', #8140, .T. ) ;
#2944 = ORIENTED_EDGE ( 'NONE', *, *, #11109, .F. ) ;
#2945 = EDGE_CURVE ( 'NONE', #7524, #10517, #11113, .T. ) ;
#2946 = ORIENTED_EDGE ( 'NONE', *, *, #6520, .F. ) ;
#2947 = VECTOR ( 'NONE', #10839, 1000.000000000000000 ) ;
#2948 = FACE_OUTER_BOUND ( 'NONE', #6947, .T. ) ;
#2949 = ORIENTED_EDGE ( 'NONE', *, *, #7804, .T. ) ;
#2950 = ORIENTED_EDGE ( 'NONE', *, *, #5347, .F. ) ;
#2951 = DIRECTION ( 'NONE',  ( 1.000000000000000000, 0.000000000000000000, 0.000000000000000000 ) ) ;
#2952 = CARTESIAN_POINT ( 'NONE',  ( 18.50000000000000000, -13.00000000000000000, 8.399999999999987921 ) ) ;
#2953 = DIRECTION ( 'NONE',  ( -1.000000000000000000, 0.000000000000000000, 0.000000000000000000 ) ) ;
#2954 = CARTESIAN_POINT ( 'NONE',  ( -3.897126922361618284, 10.50999999999999091, 6.750748237094362558 ) ) ;
#2955 = EDGE_CURVE ( 'NONE', #3046, #3818, #3253, .T. ) ;
#2956 = VECTOR ( 'NONE', #8167, 1000.000000000000000 ) ;
#2957 = CARTESIAN_POINT ( 'NONE',  ( 0.1051743278194317704, 32.00000000000000711, 13.06458333644166991 ) ) ;
#2958 = CARTESIAN_POINT ( 'NONE',  ( -3.897126922361618284, 26.50000000000000000, 6.750748237094362558 ) ) ;
#2959 = EDGE_CURVE ( 'NONE', #4404, #1590, #4863, .T. ) ;
#2960 = EDGE_LOOP ( 'NONE', ( #2239, #10886, #3570, #10014 ) ) ;
#2961 = FACE_OUTER_BOUND ( 'NONE', #5285, .T. ) ;
#2962 = EDGE_CURVE ( 'NONE', #7200, #5307, #3425, .T. ) ;
#2963 = ORIENTED_EDGE ( 'NONE', *, *, #912, .T. ) ;
#2964 = AXIS2_PLACEMENT_3D ( 'NONE', #10181, #6861, #733 ) ;
#2965 = ORIENTED_EDGE ( 'NONE', *, *, #3645, .T. ) ;
#2966 = DIRECTION ( 'NONE',  ( 0.000000000000000000, 0.000000000000000000, -1.000000000000000000 ) ) ;
#2967 = CARTESIAN_POINT ( 'NONE',  ( 7.599667515476986601, 32.00000000000000000, 18.11989492294209114 ) ) ;
#2968 = ORIENTED_EDGE ( 'NONE', *, *, #7630, .F. ) ;
#2969 = DIRECTION ( 'NONE',  ( -4.483001173306440485E-11, -2.940873454663932011E-27, 1.000000000000000000 ) ) ;
#2970 = EDGE_CURVE ( 'NONE', #3417, #9819, #4979, .T. ) ;
#2971 = CARTESIAN_POINT ( 'NONE',  ( 1.531423178240785665, 24.50000000000001421, 11.89312296962122772 ) ) ;
#2972 = VECTOR ( 'NONE', #9660, 1000.000000000000000 ) ;
#2973 = ORIENTED_EDGE ( 'NONE', *, *, #9425, .T. ) ;
#2974 = ORIENTED_EDGE ( 'NONE', *, *, #6433, .T. ) ;
#2975 = DIRECTION ( 'NONE',  ( 0.000000000000000000, 0.000000000000000000, 1.000000000000000000 ) ) ;
#2976 = AXIS2_PLACEMENT_3D ( 'NONE', #566, #7312, #6261 ) ;
#2977 = CARTESIAN_POINT ( 'NONE',  ( 2.251544362057766868, 25.00000000000018829, -4.500214463258177311 ) ) ;
#2978 = CARTESIAN_POINT ( 'NONE',  ( 1.577748280683119564, 32.00000000000000000, 11.42771081216555373 ) ) ;
#2979 = AXIS2_PLACEMENT_3D ( 'NONE', #4649, #8194, #3816 ) ;
#2980 = CARTESIAN_POINT ( 'NONE',  ( -33.50000000000000000, 11.99999999999999645, 10.99999999999995381 ) ) ;
#2981 = CARTESIAN_POINT ( 'NONE',  ( -1.500000000000000222, 9.499999999999998224, -2.201678149889266134 ) ) ;
#2982 = ADVANCED_FACE ( 'NONE', ( #2301 ), #11059, .F. ) ;
#2983 = DIRECTION ( 'NONE',  ( 0.000000000000000000, 0.000000000000000000, -1.000000000000000000 ) ) ;
#2984 = VERTEX_POINT ( 'NONE', #4029 ) ;
#2985 = CARTESIAN_POINT ( 'NONE',  ( 2.034685949678085137, 24.50000000000001066, 6.415197732586026547 ) ) ;
#2986 = VECTOR ( 'NONE', #2527, 1000.000000000000000 ) ;
#2987 = VECTOR ( 'NONE', #3944, 1000.000000000000000 ) ;
#2988 = ORIENTED_EDGE ( 'NONE', *, *, #7231, .T. ) ;
#2989 = CARTESIAN_POINT ( 'NONE',  ( 17.70476182858164549, 24.50000000000000000, 15.53801126270789190 ) ) ;
#2990 = CYLINDRICAL_SURFACE ( 'NONE', #1200, 9.999999999999998224 ) ;
#2991 = ORIENTED_EDGE ( 'NONE', *, *, #22, .T. ) ;
#2992 = VECTOR ( 'NONE', #10803, 1000.000000000000000 ) ;
#2993 = AXIS2_PLACEMENT_3D ( 'NONE', #6664, #6603, #4910 ) ;
#2994 = FACE_OUTER_BOUND ( 'NONE', #5058, .T. ) ;
#2995 = EDGE_CURVE ( 'NONE', #3941, #1408, #10892, .T. ) ;
#2996 = EDGE_CURVE ( 'NONE', #7925, #3649, #6052, .T. ) ;
#2997 = LINE ( 'NONE', #9843, #404 ) ;
#2998 = ORIENTED_EDGE ( 'NONE', *, *, #279, .T. ) ;
#2999 = FACE_OUTER_BOUND ( 'NONE', #4498, .T. ) ;
#3000 = EDGE_CURVE ( 'NONE', #3831, #8597, #1791, .T. ) ;
#3001 = EDGE_LOOP ( 'NONE', ( #1660, #5591, #4885, #10313 ) ) ;
#3002 = ORIENTED_EDGE ( 'NONE', *, *, #4711, .T. ) ;
#3003 = EDGE_LOOP ( 'NONE', ( #1896, #1467, #4390, #8918 ) ) ;
#3004 = DIRECTION ( 'NONE',  ( -1.000000000000000000, 0.000000000000000000, 0.000000000000000000 ) ) ;
#3005 = ORIENTED_EDGE ( 'NONE', *, *, #8196, .F. ) ;
#3006 = ORIENTED_EDGE ( 'NONE', *, *, #8598, .F. ) ;
#3007 = DIRECTION ( 'NONE',  ( -0.000000000000000000, -1.000000000000000000, -0.000000000000000000 ) ) ;
#3008 = CARTESIAN_POINT ( 'NONE',  ( -1.500000000000001332, 10.50999999999999091, -39.28468037378117117 ) ) ;
#3009 = CARTESIAN_POINT ( 'NONE',  ( 2.449293598294705428E-16, -13.00000000000000000, -16.43835307503515608 ) ) ;
#3010 = PLANE ( 'NONE',  #8464 ) ;
#3011 = ADVANCED_FACE ( 'NONE', ( #2801 ), #3482, .F. ) ;
#3012 = CARTESIAN_POINT ( 'NONE',  ( 1.045178806595971066, 31.99999999999999289, 12.67500535258102090 ) ) ;
#3013 = DIRECTION ( 'NONE',  ( -0.000000000000000000, -0.000000000000000000, -1.000000000000000000 ) ) ;
#3014 = ORIENTED_EDGE ( 'NONE', *, *, #4430, .F. ) ;
#3015 = DIRECTION ( 'NONE',  ( -0.000000000000000000, -1.000000000000000000, -0.000000000000000000 ) ) ;
#3016 = ORIENTED_EDGE ( 'NONE', *, *, #1460, .F. ) ;
#3017 = EDGE_LOOP ( 'NONE', ( #1895, #8901, #3733, #1554 ) ) ;
#3018 = CARTESIAN_POINT ( 'NONE',  ( 14.50000000000024869, 23.00000000000000000, 19.36521081018127077 ) ) ;
#3019 = DIRECTION ( 'NONE',  ( -1.000000000000000000, 0.000000000000000000, -0.000000000000000000 ) ) ;
#3020 = ORIENTED_EDGE ( 'NONE', *, *, #8776, .F. ) ;
#3021 = LINE ( 'NONE', #6269, #10346 ) ;
#3022 = CARTESIAN_POINT ( 'NONE',  ( -7.601536384991169903, 25.00000000000011724, 16.80050947618686052 ) ) ;
#3023 = EDGE_CURVE ( 'NONE', #1353, #6331, #6899, .T. ) ;
#3024 = CARTESIAN_POINT ( 'NONE',  ( 0.0008204178503570802583, 24.50000000000000000, 13.06458333644164149 ) ) ;
#3025 = VERTEX_POINT ( 'NONE', #9542 ) ;
#3026 = ORIENTED_EDGE ( 'NONE', *, *, #2959, .T. ) ;
#3027 = LINE ( 'NONE', #4696, #8518 ) ;
#3028 = EDGE_CURVE ( 'NONE', #3241, #4012, #9651, .T. ) ;
#3029 = CARTESIAN_POINT ( 'NONE',  ( -0.7959165628219013744, 32.00000000000000000, 12.86584915335362389 ) ) ;
#3030 = CARTESIAN_POINT ( 'NONE',  ( 2.964340232293553701, 32.00000000000000711, 9.682957755854589621 ) ) ;
#3031 = FACE_OUTER_BOUND ( 'NONE', #8012, .T. ) ;
#3032 = EDGE_CURVE ( 'NONE', #9456, #6640, #9488, .T. ) ;
#3033 = CARTESIAN_POINT ( 'NONE',  ( 50.00539578651591910, 10.50999999999999091, 20.06569260839445690 ) ) ;
#3034 = DIRECTION ( 'NONE',  ( 0.000000000000000000, -0.000000000000000000, -1.000000000000000000 ) ) ;
#3035 = ORIENTED_EDGE ( 'NONE', *, *, #10335, .T. ) ;
#3036 = CARTESIAN_POINT ( 'NONE',  ( 17.70476182858164549, 23.00000000000000000, 15.53801126270789190 ) ) ;
#3037 = EDGE_LOOP ( 'NONE', ( #8060, #10082, #3271, #316 ) ) ;
#3038 = LINE ( 'NONE', #8937, #7313 ) ;
#3039 = ADVANCED_FACE ( 'NONE', ( #149 ), #3643, .F. ) ;
#3040 = CARTESIAN_POINT ( 'NONE',  ( -2.800000000000000266, -11.50000000000000000, -21.14000000000000767 ) ) ;
#3041 = ORIENTED_EDGE ( 'NONE', *, *, #3857, .T. ) ;
#3042 = AXIS2_PLACEMENT_3D ( 'NONE', #2713, #9506, #4388 ) ;
#3043 = CARTESIAN_POINT ( 'NONE',  ( 3.000000000000000000, 29.09999999999999787, -14.04445395531110563 ) ) ;
#3044 = CIRCLE ( 'NONE', #11115, 8.999999999999994671 ) ;
#3045 = DIRECTION ( 'NONE',  ( -9.815291161854818648E-14, 2.940873454663932011E-27, -1.000000000000000000 ) ) ;
#3046 = VERTEX_POINT ( 'NONE', #7066 ) ;
#3047 = ORIENTED_EDGE ( 'NONE', *, *, #8855, .F. ) ;
#3048 = ORIENTED_EDGE ( 'NONE', *, *, #8452, .F. ) ;
#3049 = ORIENTED_EDGE ( 'NONE', *, *, #2995, .F. ) ;
#3050 = ORIENTED_EDGE ( 'NONE', *, *, #4203, .F. ) ;
#3051 = ADVANCED_FACE ( 'NONE', ( #10496 ), #7738, .F. ) ;
#3052 = DIRECTION ( 'NONE',  ( 0.000000000000000000, 0.000000000000000000, -1.000000000000000000 ) ) ;
#3053 = EDGE_CURVE ( 'NONE', #10519, #361, #5393, .T. ) ;
#3054 = AXIS2_PLACEMENT_3D ( 'NONE', #3126, #3019, #2289 ) ;
#3055 = ORIENTED_EDGE ( 'NONE', *, *, #8855, .T. ) ;
#3056 = CARTESIAN_POINT ( 'NONE',  ( 0.000000000000000000, 31.50000000000000000, 2.594999999999985985 ) ) ;
#3057 = DIRECTION ( 'NONE',  ( -2.168404344971008868E-17, 2.940873454663932011E-27, -1.000000000000000000 ) ) ;
#3058 = CARTESIAN_POINT ( 'NONE',  ( 25.00000000000000000, 1.500000000000000000, 28.99999999999998934 ) ) ;
#3059 = CARTESIAN_POINT ( 'NONE',  ( 35.00000000000000000, 0.000000000000000000, 28.99999999999997158 ) ) ;
#3060 = CARTESIAN_POINT ( 'NONE',  ( 15.00000000000000000, -13.00000000000000000, -25.10000000000000853 ) ) ;
#3061 = LINE ( 'NONE', #5177, #3646 ) ;
#3062 = ORIENTED_EDGE ( 'NONE', *, *, #8355, .F. ) ;
#3063 = DIRECTION ( 'NONE',  ( 0.000000000000000000, -1.000000000000000000, 0.000000000000000000 ) ) ;
#3064 = VECTOR ( 'NONE', #9249, 1000.000000000000000 ) ;
#3065 = VECTOR ( 'NONE', #4756, 1000.000000000000000 ) ;
#3066 = VERTEX_POINT ( 'NONE', #1099 ) ;
#3067 = EDGE_CURVE ( 'NONE', #9785, #6682, #8634, .T. ) ;
#3068 = VERTEX_POINT ( 'NONE', #2691 ) ;
#3069 = DIRECTION ( 'NONE',  ( -1.000000000000000000, 0.000000000000000000, 0.000000000000000000 ) ) ;
#3070 = LINE ( 'NONE', #10877, #2523 ) ;
#3071 = VECTOR ( 'NONE', #4952, 1000.000000000000000 ) ;
#3072 = EDGE_LOOP ( 'NONE', ( #10019, #1223, #5977, #7907 ) ) ;
#3073 = CARTESIAN_POINT ( 'NONE',  ( -14.27500000000000568, -13.99999999999999822, -21.60000000000000853 ) ) ;
#3074 = CARTESIAN_POINT ( 'NONE',  ( 13.38518194069547285, 10.50999999999999091, 26.19897291513763093 ) ) ;
#3075 = CARTESIAN_POINT ( 'NONE',  ( -6.925000000000007816, -13.99999999999999822, -16.60000000000000853 ) ) ;
#3076 = VERTEX_POINT ( 'NONE', #1959 ) ;
#3077 = CIRCLE ( 'NONE', #5754, 10.00000000000000178 ) ;
#3078 = ORIENTED_EDGE ( 'NONE', *, *, #4475, .T. ) ;
#3079 = EDGE_CURVE ( 'NONE', #6257, #10998, #10328, .T. ) ;
#3080 = CARTESIAN_POINT ( 'NONE',  ( 13.38518194069569134, 10.50999999999999091, 19.09402330482620513 ) ) ;
#3081 = LINE ( 'NONE', #2243, #8935 ) ;
#3082 = FACE_OUTER_BOUND ( 'NONE', #9367, .T. ) ;
#3083 = DIRECTION ( 'NONE',  ( 0.000000000000000000, -1.000000000000000000, -2.940873454663932011E-27 ) ) ;
#3084 = CARTESIAN_POINT ( 'NONE',  ( 3.480605318703575701, 32.00000000000000711, 2.698135688507283358 ) ) ;
#3085 = VECTOR ( 'NONE', #3344, 1000.000000000000000 ) ;
#3086 = CARTESIAN_POINT ( 'NONE',  ( -27.50000000000000355, 16.50000000000000000, 1.749999999999954703 ) ) ;
#3087 = EDGE_CURVE ( 'NONE', #5947, #820, #2634, .T. ) ;
#3088 = CARTESIAN_POINT ( 'NONE',  ( -5.301418384264150241, 25.00000000000009948, 21.57711283463898511 ) ) ;
#3089 = ORIENTED_EDGE ( 'NONE', *, *, #7272, .T. ) ;
#3090 = CARTESIAN_POINT ( 'NONE',  ( -15.10000000000000497, -5.500000000000000000, -16.60000000000000497 ) ) ;
#3091 = ORIENTED_EDGE ( 'NONE', *, *, #9599, .T. ) ;
#3092 = EDGE_CURVE ( 'NONE', #10294, #10251, #932, .T. ) ;
#3093 = LINE ( 'NONE', #9730, #10756 ) ;
#3094 = VECTOR ( 'NONE', #5152, 1000.000000000000000 ) ;
#3095 = CARTESIAN_POINT ( 'NONE',  ( 3.599158056653548154, 24.50000000000000000, 1.758059867859545600 ) ) ;
#3096 = CARTESIAN_POINT ( 'NONE',  ( 3.450153736967684015, 31.99999999999999289, 0.6944698600476016948 ) ) ;
#3097 = ORIENTED_EDGE ( 'NONE', *, *, #7610, .T. ) ;
#3098 = PLANE ( 'NONE',  #1903 ) ;
#3099 = EDGE_CURVE ( 'NONE', #5788, #4437, #1844, .T. ) ;
#3100 = VECTOR ( 'NONE', #3511, 1000.000000000000000 ) ;
#3101 = LINE ( 'NONE', #7481, #57 ) ;
#3102 = EDGE_LOOP ( 'NONE', ( #10766, #4680, #4276, #6470 ) ) ;
#3103 = CARTESIAN_POINT ( 'NONE',  ( -4.098455636355274656, 23.00000000000000000, 25.49999999999944222 ) ) ;
#3104 = ORIENTED_EDGE ( 'NONE', *, *, #4440, .T. ) ;
#3105 = VERTEX_POINT ( 'NONE', #1901 ) ;
#3106 = EDGE_LOOP ( 'NONE', ( #1274, #6468, #6778, #10740 ) ) ;
#3107 = CARTESIAN_POINT ( 'NONE',  ( 14.99999999999999645, 0.5000000000000000000, 8.399999999999989697 ) ) ;
#3108 = VERTEX_POINT ( 'NONE', #4528 ) ;
#3109 = LINE ( 'NONE', #3168, #7271 ) ;
#3110 = VECTOR ( 'NONE', #499, 1000.000000000000000 ) ;
#3111 = ORIENTED_EDGE ( 'NONE', *, *, #10053, .F. ) ;
#3112 = CARTESIAN_POINT ( 'NONE',  ( 11.09999999999999076, -12.99999999999999822, -18.10000000000000497 ) ) ;
#3113 = LINE ( 'NONE', #3008, #10339 ) ;
#3114 = CARTESIAN_POINT ( 'NONE',  ( 1.581279503555507837, 24.50000000000000000, 11.47586458442107471 ) ) ;
#3115 = LINE ( 'NONE', #1418, #7570 ) ;
#3116 = DIRECTION ( 'NONE',  ( -1.000000000000000000, 1.318503921650895496E-37, -4.483001173306441131E-11 ) ) ;
#3117 = CARTESIAN_POINT ( 'NONE',  ( 13.38518194069569134, 10.50999999999999091, 19.09402330482620513 ) ) ;
#3118 = EDGE_CURVE ( 'NONE', #4435, #4414, #4332, .T. ) ;
#3119 = ADVANCED_FACE ( 'NONE', ( #5994 ), #9431, .F. ) ;
#3120 = ORIENTED_EDGE ( 'NONE', *, *, #9425, .F. ) ;
#3121 = LINE ( 'NONE', #466, #6894 ) ;
#3122 = CIRCLE ( 'NONE', #2586, 0.5000000000000004441 ) ;
#3123 = ORIENTED_EDGE ( 'NONE', *, *, #2310, .F. ) ;
#3124 = EDGE_LOOP ( 'NONE', ( #779, #2998, #2365, #9173 ) ) ;
#3125 = CARTESIAN_POINT ( 'NONE',  ( -33.50000000000000711, 16.49999999999999289, 17.99999999999995737 ) ) ;
#3126 = CARTESIAN_POINT ( 'NONE',  ( 17.70476182858164549, 9.499999999999998224, 27.23807268525122538 ) ) ;
#3127 = VECTOR ( 'NONE', #5392, 1000.000000000000000 ) ;
#3128 = ORIENTED_EDGE ( 'NONE', *, *, #6948, .T. ) ;
#3129 = DIRECTION ( 'NONE',  ( 0.000000000000000000, 1.000000000000000000, 2.940873454663932011E-27 ) ) ;
#3130 = CARTESIAN_POINT ( 'NONE',  ( -19.81171673543281031, 26.50000000000000000, 15.53801126270789190 ) ) ;
#3131 = CARTESIAN_POINT ( 'NONE',  ( 12.05172136156067175, 25.00000000000010658, 19.36521081018124235 ) ) ;
#3132 = EDGE_CURVE ( 'NONE', #4018, #4759, #4310, .T. ) ;
#3133 = EDGE_CURVE ( 'NONE', #873, #10898, #8913, .T. ) ;
#3134 = ORIENTED_EDGE ( 'NONE', *, *, #8926, .T. ) ;
#3135 = AXIS2_PLACEMENT_3D ( 'NONE', #3388, #6807, #5165 ) ;
#3136 = ORIENTED_EDGE ( 'NONE', *, *, #5264, .T. ) ;
#3137 = LINE ( 'NONE', #10999, #10504 ) ;
#3138 = DIRECTION ( 'NONE',  ( 0.000000000000000000, 0.000000000000000000, -1.000000000000000000 ) ) ;
#3139 = LINE ( 'NONE', #1503, #2869 ) ;
#3140 = LINE ( 'NONE', #6395, #5205 ) ;
#3141 = AXIS2_PLACEMENT_3D ( 'NONE', #214, #6905, #10390 ) ;
#3142 = DIRECTION ( 'NONE',  ( 7.014232593669911010E-15, 0.000000000000000000, -1.000000000000000000 ) ) ;
#3143 = CARTESIAN_POINT ( 'NONE',  ( -15.27500000000000746, -13.99999999999999822, -16.60000000000000853 ) ) ;
#3144 = DIRECTION ( 'NONE',  ( 0.000000000000000000, 1.000000000000000000, 3.491481338843133355E-15 ) ) ;
#3145 = EDGE_CURVE ( 'NONE', #5790, #7269, #317, .T. ) ;
#3146 = CARTESIAN_POINT ( 'NONE',  ( -10.26147307730576586, 23.00000000000000000, 18.29275258562278950 ) ) ;
#3147 = ORIENTED_EDGE ( 'NONE', *, *, #776, .T. ) ;
#3148 = CARTESIAN_POINT ( 'NONE',  ( 2.151076857424866873, 24.50000000000000355, 6.521494186171805651 ) ) ;
#3149 = ORIENTED_EDGE ( 'NONE', *, *, #8310, .F. ) ;
#3150 = LINE ( 'NONE', #8313, #9130 ) ;
#3151 = AXIS2_PLACEMENT_3D ( 'NONE', #9064, #10922, #4002 ) ;
#3152 = CARTESIAN_POINT ( 'NONE',  ( -7.601536384991225859, 23.00000000000000000, 25.49999999999941735 ) ) ;
#3153 = CARTESIAN_POINT ( 'NONE',  ( -2.800000000000000266, 9.999999999999998224, -21.14000000000000767 ) ) ;
#3154 = EDGE_CURVE ( 'NONE', #2082, #10445, #1454, .T. ) ;
#3155 = EDGE_LOOP ( 'NONE', ( #7394, #4212, #7491, #1349 ) ) ;
#3156 = CARTESIAN_POINT ( 'NONE',  ( 8.099999999999996092, -11.50000000000000000, -22.60000000000001208 ) ) ;
#3157 = EDGE_CURVE ( 'NONE', #6401, #3403, #2913, .T. ) ;
#3158 = VECTOR ( 'NONE', #5324, 1000.000000000000000 ) ;
#3159 = PLANE ( 'NONE',  #7950 ) ;
#3160 = VECTOR ( 'NONE', #3840, 1000.000000000000000 ) ;
#3161 = ORIENTED_EDGE ( 'NONE', *, *, #9553, .T. ) ;
#3162 = DIRECTION ( 'NONE',  ( 1.000000000000000000, -0.000000000000000000, 0.000000000000000000 ) ) ;
#3163 = ORIENTED_EDGE ( 'NONE', *, *, #790, .T. ) ;
#3164 = EDGE_LOOP ( 'NONE', ( #324, #6150, #4127, #10875 ) ) ;
#3165 = ORIENTED_EDGE ( 'NONE', *, *, #2453, .F. ) ;
#3166 = CARTESIAN_POINT ( 'NONE',  ( 25.00000000000000000, 3.000000000000000000, 28.99999999999998934 ) ) ;
#3167 = ORIENTED_EDGE ( 'NONE', *, *, #1662, .T. ) ;
#3168 = CARTESIAN_POINT ( 'NONE',  ( -2.800000000000000266, -0.5000000000000000000, -15.54000000000000448 ) ) ;
#3169 = EDGE_CURVE ( 'NONE', #225, #8964, #4583, .T. ) ;
#3170 = VECTOR ( 'NONE', #6736, 1000.000000000000000 ) ;
#3171 = VECTOR ( 'NONE', #1047, 1000.000000000000000 ) ;
#3172 = ORIENTED_EDGE ( 'NONE', *, *, #6124, .F. ) ;
#3173 = LINE ( 'NONE', #6587, #545 ) ;
#3174 = DIRECTION ( 'NONE',  ( -1.000000000000000000, 0.000000000000000000, 0.000000000000000000 ) ) ;
#3175 = LINE ( 'NONE', #10752, #7122 ) ;
#3176 = CARTESIAN_POINT ( 'NONE',  ( -13.37439034845122521, 10.50999999999999091, 26.19897291411961859 ) ) ;
#3177 = DIRECTION ( 'NONE',  ( -0.000000000000000000, 1.000000000000000000, -0.000000000000000000 ) ) ;
#3178 = FACE_BOUND ( 'NONE', #4057, .T. ) ;
#3179 = ORIENTED_EDGE ( 'NONE', *, *, #8055, .T. ) ;
#3180 = PLANE ( 'NONE',  #8138 ) ;
#3181 = AXIS2_PLACEMENT_3D ( 'NONE', #8212, #402, #4722 ) ;
#3182 = ORIENTED_EDGE ( 'NONE', *, *, #11055, .F. ) ;
#3183 = EDGE_LOOP ( 'NONE', ( #2397, #3981, #10130, #5677 ) ) ;
#3184 = EDGE_CURVE ( 'NONE', #3991, #9279, #9686, .T. ) ;
#3185 = CARTESIAN_POINT ( 'NONE',  ( -1.576085913135946814, 24.50000000000000000, 11.42771081216550755 ) ) ;
#3186 = DIRECTION ( 'NONE',  ( -0.000000000000000000, -1.000000000000000000, -0.000000000000000000 ) ) ;
#3187 = VERTEX_POINT ( 'NONE', #9630 ) ;
#3188 = DIRECTION ( 'NONE',  ( 1.295630333478932463E-13, 2.940873454663932011E-27, -1.000000000000000000 ) ) ;
#3189 = CARTESIAN_POINT ( 'NONE',  ( 4.100096472055489549, 32.00000000000000000, 25.49999999999952038 ) ) ;
#3190 = LINE ( 'NONE', #10038, #3474 ) ;
#3191 = ORIENTED_EDGE ( 'NONE', *, *, #10139, .T. ) ;
#3192 = ORIENTED_EDGE ( 'NONE', *, *, #6307, .F. ) ;
#3193 = CARTESIAN_POINT ( 'NONE',  ( -25.00000000000000711, 28.49999999999999645, -37.50000000000003553 ) ) ;
#3194 = EDGE_CURVE ( 'NONE', #11052, #4161, #5875, .T. ) ;
#3195 = DIRECTION ( 'NONE',  ( -1.000000000000000000, 0.000000000000000000, 0.000000000000000000 ) ) ;
#3196 = ADVANCED_FACE ( 'NONE', ( #1939 ), #3676, .F. ) ;
#3197 = PLANE ( 'NONE',  #521 ) ;
#3198 = CARTESIAN_POINT ( 'NONE',  ( -33.50000000000000000, 18.00000000000000000, 14.74999999999995204 ) ) ;
#3199 = PLANE ( 'NONE',  #10514 ) ;
#3200 = EDGE_CURVE ( 'NONE', #2176, #1146, #5339, .T. ) ;
#3201 = CARTESIAN_POINT ( 'NONE',  ( -35.00000000000000000, 30.00000000000000000, 28.99999999999997158 ) ) ;
#3202 = CARTESIAN_POINT ( 'NONE',  ( 34.25000000000000000, 5.000000000000000000, -29.00000000000000355 ) ) ;
#3203 = CARTESIAN_POINT ( 'NONE',  ( 50.00539578651591910, 10.50999999999999091, -39.28468037378117117 ) ) ;
#3204 = EDGE_LOOP ( 'NONE', ( #10389, #10202, #118, #3147 ) ) ;
#3205 = DIRECTION ( 'NONE',  ( 1.000000000000000000, -0.000000000000000000, -0.000000000000000000 ) ) ;
#3206 = ORIENTED_EDGE ( 'NONE', *, *, #4037, .F. ) ;
#3207 = CARTESIAN_POINT ( 'NONE',  ( 1.999999999999983125, -13.00000000000000000, -1.370000000000013651 ) ) ;
#3208 = LINE ( 'NONE', #6628, #8917 ) ;
#3209 = B_SPLINE_SURFACE_WITH_KNOTS ( 'NONE', 2, 1, ( 
 ( #10371, #2675 ),
 ( #6085, #8673 ),
 ( #7563, #6720 ) ),
 .UNSPECIFIED., .F., .F., .F.,
 ( 3, 3 ),
 ( 2, 2 ),
 ( 0.4999544435945628695, 0.5003907626673682607 ),
 ( 0.000000000000000000, 1.000000000000000000 ),
 .UNSPECIFIED. ) ;
#3210 = EDGE_CURVE ( 'NONE', #5701, #4303, #31, .T. ) ;
#3211 = CARTESIAN_POINT ( 'NONE',  ( -19.81171673543281031, 24.50000000000000000, 15.53801126270789190 ) ) ;
#3212 = ORIENTED_EDGE ( 'NONE', *, *, #5314, .T. ) ;
#3213 = VECTOR ( 'NONE', #5208, 1000.000000000000000 ) ;
#3214 = DIRECTION ( 'NONE',  ( -0.000000000000000000, -1.000000000000000000, 0.000000000000000000 ) ) ;
#3215 = FACE_OUTER_BOUND ( 'NONE', #2394, .T. ) ;
#3216 = EDGE_LOOP ( 'NONE', ( #7844, #10806, #5760, #7082 ) ) ;
#3217 = DIRECTION ( 'NONE',  ( 1.000000000000000000, 0.000000000000000000, 0.000000000000000000 ) ) ;
#3218 = ORIENTED_EDGE ( 'NONE', *, *, #5367, .F. ) ;
#3219 = ORIENTED_EDGE ( 'NONE', *, *, #3347, .F. ) ;
#3220 = ORIENTED_EDGE ( 'NONE', *, *, #567, .T. ) ;
#3221 = ORIENTED_EDGE ( 'NONE', *, *, #2267, .T. ) ;
#3222 = CARTESIAN_POINT ( 'NONE',  ( 2.999999999999981792, -5.500000000000000000, 5.594999999999988205 ) ) ;
#3223 = EDGE_CURVE ( 'NONE', #2381, #5788, #1022, .T. ) ;
#3224 = ORIENTED_EDGE ( 'NONE', *, *, #10475, .T. ) ;
#3225 = CARTESIAN_POINT ( 'NONE',  ( -20.19999999999999574, 0.5000000000000000000, -21.59999999999997655 ) ) ;
#3226 = CARTESIAN_POINT ( 'NONE',  ( 8.869658916609672872, 29.49999999999983658, 17.83061455812347518 ) ) ;
#3227 = AXIS2_PLACEMENT_3D ( 'NONE', #7748, #1855, #158 ) ;
#3228 = CARTESIAN_POINT ( 'NONE',  ( 7.599667515478469859, 32.00000000000000000, 18.11989492295154491 ) ) ;
#3229 = DIRECTION ( 'NONE',  ( 0.000000000000000000, -1.000000000000000000, -3.491481338843133355E-15 ) ) ;
#3230 = CARTESIAN_POINT ( 'NONE',  ( -5.301418384264150241, 32.00000000000000000, 21.57711283463900287 ) ) ;
#3231 = CARTESIAN_POINT ( 'NONE',  ( 2.020842370902055762, 24.49999999999999645, 11.12536262652418273 ) ) ;
#3232 = EDGE_LOOP ( 'NONE', ( #8034, #1878, #9768, #1486 ) ) ;
#3233 = DIRECTION ( 'NONE',  ( -1.000000000000000000, 1.318393914780417174E-37, -4.483001173306440485E-11 ) ) ;
#3234 = ADVANCED_FACE ( 'NONE', ( #8777 ), #8315, .T. ) ;
#3235 = VECTOR ( 'NONE', #6211, 1000.000000000000000 ) ;
#3236 = ORIENTED_EDGE ( 'NONE', *, *, #7412, .T. ) ;
#3237 = EDGE_CURVE ( 'NONE', #6738, #5257, #7990, .T. ) ;
#3238 = VERTEX_POINT ( 'NONE', #127 ) ;
#3239 = DIRECTION ( 'NONE',  ( 0.000000000000000000, 1.000000000000000000, 2.940873454663932011E-27 ) ) ;
#3240 = CARTESIAN_POINT ( 'NONE',  ( 3.000000000000000888, 9.499999999999998224, 15.53801126270789190 ) ) ;
#3241 = VERTEX_POINT ( 'NONE', #7151 ) ;
#3242 = CARTESIAN_POINT ( 'NONE',  ( 3.888410194209629189, 10.50999999999999091, 25.69803449973652931 ) ) ;
#3243 = CARTESIAN_POINT ( 'NONE',  ( -1.576085913135946814, 24.49999999999995737, 11.42771081216550755 ) ) ;
#3244 = VECTOR ( 'NONE', #1885, 1000.000000000000000 ) ;
#3245 = DIRECTION ( 'NONE',  ( -0.000000000000000000, -0.000000000000000000, 1.000000000000000000 ) ) ;
#3246 = VECTOR ( 'NONE', #5889, 1000.000000000000000 ) ;
#3247 = ORIENTED_EDGE ( 'NONE', *, *, #10117, .T. ) ;
#3248 = ORIENTED_EDGE ( 'NONE', *, *, #1696, .T. ) ;
#3249 = CARTESIAN_POINT ( 'NONE',  ( -8.871527771934950124, 28.50000000000003553, 17.83061455812334728 ) ) ;
#3250 = CIRCLE ( 'NONE', #7024, 9.249999999999998224 ) ;
#3251 = CARTESIAN_POINT ( 'NONE',  ( -13.50043034469988434, 28.49999999999999645, 12.01317212208039997 ) ) ;
#3252 = CARTESIAN_POINT ( 'NONE',  ( 7.599667529665836696, 23.00000000000000000, 25.49999999999952749 ) ) ;
#3253 = LINE ( 'NONE', #11003, #10260 ) ;
#3254 = CARTESIAN_POINT ( 'NONE',  ( -25.00000000000000711, 28.49999999999999645, -29.00000000000002132 ) ) ;
#3255 = DIRECTION ( 'NONE',  ( -0.000000000000000000, 1.000000000000000000, -0.000000000000000000 ) ) ;
#3256 = LINE ( 'NONE', #2120, #3532 ) ;
#3257 = AXIS2_PLACEMENT_3D ( 'NONE', #1737, #8576, #878 ) ;
#3258 = PLANE ( 'NONE',  #3658 ) ;
#3259 = ADVANCED_FACE ( 'NONE', ( #7772 ), #3568, .F. ) ;
#3260 = VERTEX_POINT ( 'NONE', #914 ) ;
#3261 = EDGE_CURVE ( 'NONE', #10445, #11052, #9469, .T. ) ;
#3262 = LINE ( 'NONE', #5044, #3953 ) ;
#3263 = EDGE_LOOP ( 'NONE', ( #4234, #10758, #4687, #2335 ) ) ;
#3264 = CARTESIAN_POINT ( 'NONE',  ( -19.81171673543281031, 26.50000000000000000, 12.01317212208040708 ) ) ;
#3265 = CARTESIAN_POINT ( 'NONE',  ( -25.00000000000000711, 32.00000000000000000, 28.99999999999997158 ) ) ;
#3266 = LINE ( 'NONE', #2255, #5841 ) ;
#3267 = VECTOR ( 'NONE', #1252, 1000.000000000000000 ) ;
#3268 = ORIENTED_EDGE ( 'NONE', *, *, #140, .T. ) ;
#3269 = DIRECTION ( 'NONE',  ( -1.000000000000000000, 0.000000000000000000, 0.000000000000000000 ) ) ;
#3270 = CARTESIAN_POINT ( 'NONE',  ( -20.19999999999999574, 0.5000000000000000000, 8.399999999999952394 ) ) ;
#3271 = ORIENTED_EDGE ( 'NONE', *, *, #831, .F. ) ;
#3272 = ADVANCED_FACE ( 'NONE', ( #7043 ), #8610, .T. ) ;
#3273 = DIRECTION ( 'NONE',  ( 0.000000000000000000, -1.000000000000000000, 0.000000000000000000 ) ) ;
#3274 = VECTOR ( 'NONE', #97, 1000.000000000000000 ) ;
#3275 = ORIENTED_EDGE ( 'NONE', *, *, #3485, .F. ) ;
#3276 = ORIENTED_EDGE ( 'NONE', *, *, #1704, .F. ) ;
#3277 = VERTEX_POINT ( 'NONE', #9574 ) ;
#3278 = DIRECTION ( 'NONE',  ( 0.000000000000000000, 0.000000000000000000, 1.000000000000000000 ) ) ;
#3279 = ORIENTED_EDGE ( 'NONE', *, *, #7244, .F. ) ;
#3280 = DIRECTION ( 'NONE',  ( -1.000000000000000000, 0.000000000000000000, 0.000000000000000000 ) ) ;
#3281 = VERTEX_POINT ( 'NONE', #3575 ) ;
#3282 = DIRECTION ( 'NONE',  ( -0.000000000000000000, -1.000000000000000000, -0.000000000000000000 ) ) ;
#3283 = CARTESIAN_POINT ( 'NONE',  ( 25.00000000000000711, 30.00000000000000000, 37.49999999999996447 ) ) ;
#3284 = CIRCLE ( 'NONE', #8116, 1.500000000000001332 ) ;
#3285 = DIRECTION ( 'NONE',  ( 2.312964634635748873E-16, 0.000000000000000000, -1.000000000000000000 ) ) ;
#3286 = CARTESIAN_POINT ( 'NONE',  ( -4.246373477178807754, 26.50000000000000000, 6.750748237078701308 ) ) ;
#3287 = LINE ( 'NONE', #3060, #6206 ) ;
#3288 = LINE ( 'NONE', #2446, #10826 ) ;
#3289 = VERTEX_POINT ( 'NONE', #2119 ) ;
#3290 = ADVANCED_FACE ( 'NONE', ( #190 ), #1085, .F. ) ;
#3291 = DIRECTION ( 'NONE',  ( -1.000000000000000000, 0.000000000000000000, -0.000000000000000000 ) ) ;
#3292 = VECTOR ( 'NONE', #787, 1000.000000000000000 ) ;
#3293 = CARTESIAN_POINT ( 'NONE',  ( -25.00000000000000000, 3.000000000000000000, 28.99999999999998934 ) ) ;
#3294 = VERTEX_POINT ( 'NONE', #8956 ) ;
#3295 = EDGE_LOOP ( 'NONE', ( #758, #6521, #7853, #5209 ) ) ;
#3296 = CARTESIAN_POINT ( 'NONE',  ( 14.21914622032904418, 10.50999999999999091, 23.06569260839445334 ) ) ;
#3297 = CARTESIAN_POINT ( 'NONE',  ( 2.999999999999980904, -11.50000000000000000, 5.594999999999989093 ) ) ;
#3298 = EDGE_CURVE ( 'NONE', #10660, #10408, #3077, .T. ) ;
#3299 = ORIENTED_EDGE ( 'NONE', *, *, #2237, .T. ) ;
#3300 = CARTESIAN_POINT ( 'NONE',  ( 15.00000000000000355, 0.5000000000000000000, -21.60000000000000853 ) ) ;
#3301 = VECTOR ( 'NONE', #1282, 1000.000000000000000 ) ;
#3302 = DIRECTION ( 'NONE',  ( 0.000000000000000000, -2.940873454663932011E-27, 1.000000000000000000 ) ) ;
#3303 = EDGE_CURVE ( 'NONE', #4012, #403, #1032, .T. ) ;
#3304 = B_SPLINE_SURFACE_WITH_KNOTS ( 'NONE', 3, 1, ( 
 ( #4207, #4263 ),
 ( #834, #4149 ),
 ( #11067, #3430 ),
 ( #7584, #2585 ) ),
 .UNSPECIFIED., .F., .F., .F.,
 ( 4, 4 ),
 ( 2, 2 ),
 ( 8.000000000000000000, 9.000000000000000000 ),
 ( 0.000000000000000000, 1.000000000000000000 ),
 .UNSPECIFIED. ) ;
#3305 = ORIENTED_EDGE ( 'NONE', *, *, #3601, .T. ) ;
#3306 = ORIENTED_EDGE ( 'NONE', *, *, #6909, .F. ) ;
#3307 = LINE ( 'NONE', #3193, #615 ) ;
#3308 = VECTOR ( 'NONE', #2669, 1000.000000000000000 ) ;
#3309 = LINE ( 'NONE', #8358, #9918 ) ;
#3310 = CARTESIAN_POINT ( 'NONE',  ( 2.562233326377193254, 10.50999999999999091, -4.768333691650413542 ) ) ;
#3311 = ADVANCED_FACE ( 'NONE', ( #3628 ), #4624, .F. ) ;
#3312 = CARTESIAN_POINT ( 'NONE',  ( 2.999999999999982681, -5.500000000000000000, -1.405000000000014238 ) ) ;
#3313 = CARTESIAN_POINT ( 'NONE',  ( 2.406422463806137113, 32.00000000000001421, 4.442749684920114461 ) ) ;
#3314 = CARTESIAN_POINT ( 'NONE',  ( -4.219146220329037966, 9.499999999999998224, 20.06569260839445690 ) ) ;
#3315 = DIRECTION ( 'NONE',  ( -1.000000000000000000, 0.000000000000000000, -0.000000000000000000 ) ) ;
#3316 = VECTOR ( 'NONE', #4998, 1000.000000000000000 ) ;
#3317 = DIRECTION ( 'NONE',  ( 0.000000000000000000, 0.000000000000000000, -1.000000000000000000 ) ) ;
#3318 = ORIENTED_EDGE ( 'NONE', *, *, #10374, .F. ) ;
#3319 = DIRECTION ( 'NONE',  ( -0.000000000000000000, 5.782411586589354927E-17, 1.000000000000000000 ) ) ;
#3320 = EDGE_LOOP ( 'NONE', ( #2156, #8546, #2026, #1908 ) ) ;
#3321 = CARTESIAN_POINT ( 'NONE',  ( -14.78197023625350148, 10.50999999999999091, 24.33278622154344717 ) ) ;
#3322 = CARTESIAN_POINT ( 'NONE',  ( -2.912731921927848244, 32.00000000000000000, 7.683610663297859134 ) ) ;
#3323 = DIRECTION ( 'NONE',  ( -0.000000000000000000, -0.000000000000000000, -1.000000000000000000 ) ) ;
#3324 = ORIENTED_EDGE ( 'NONE', *, *, #1793, .F. ) ;
#3325 = EDGE_CURVE ( 'NONE', #2834, #1430, #7106, .T. ) ;
#3326 = CARTESIAN_POINT ( 'NONE',  ( -1.578822939555203808, 32.00000000000000000, 11.44872285135580370 ) ) ;
#3327 = DIRECTION ( 'NONE',  ( 0.000000000000000000, 1.000000000000000000, 3.491481338843133355E-15 ) ) ;
#3328 = AXIS2_PLACEMENT_3D ( 'NONE', #7178, #6390, #8976 ) ;
#3329 = ORIENTED_EDGE ( 'NONE', *, *, #2577, .F. ) ;
#3330 = LINE ( 'NONE', #9284, #3316 ) ;
#3331 = VERTEX_POINT ( 'NONE', #8843 ) ;
#3332 = ORIENTED_EDGE ( 'NONE', *, *, #9102, .F. ) ;
#3333 = ORIENTED_EDGE ( 'NONE', *, *, #310, .F. ) ;
#3334 = DIRECTION ( 'NONE',  ( 1.000000000000000000, 0.000000000000000000, -0.000000000000000000 ) ) ;
#3335 = VERTEX_POINT ( 'NONE', #9750 ) ;
#3336 = AXIS2_PLACEMENT_3D ( 'NONE', #9374, #6951, #8572 ) ;
#3337 = CARTESIAN_POINT ( 'NONE',  ( -2.408053297442379836, 32.00000000000000000, 4.442224668567199330 ) ) ;
#3338 = ADVANCED_FACE ( 'NONE', ( #4458 ), #8002, .F. ) ;
#3339 = CARTESIAN_POINT ( 'NONE',  ( -4.219146220329037966, 26.50000000000000000, 23.06569260839445334 ) ) ;
#3340 = EDGE_CURVE ( 'NONE', #7918, #4358, #6369, .T. ) ;
#3341 = AXIS2_PLACEMENT_3D ( 'NONE', #10962, #7591, #10119 ) ;
#3342 = VECTOR ( 'NONE', #6021, 1000.000000000000000 ) ;
#3343 = PLANE ( 'NONE',  #4575 ) ;
#3344 = DIRECTION ( 'NONE',  ( 0.000000000000000000, 0.000000000000000000, 1.000000000000000000 ) ) ;
#3345 = LINE ( 'NONE', #4287, #6383 ) ;
#3346 = CARTESIAN_POINT ( 'NONE',  ( 14.21914622032904418, 9.499999999999998224, 20.06569260839445690 ) ) ;
#3347 = EDGE_CURVE ( 'NONE', #5734, #4136, #10482, .T. ) ;
#3348 = ORIENTED_EDGE ( 'NONE', *, *, #4416, .F. ) ;
#3349 = CARTESIAN_POINT ( 'NONE',  ( 35.00000000000000000, 30.00000000000000000, 28.99999999999997158 ) ) ;
#3350 = CIRCLE ( 'NONE', #5144, 1.600000000000000755 ) ;
#3351 = LINE ( 'NONE', #6880, #7119 ) ;
#3352 = VECTOR ( 'NONE', #1712, 1000.000000000000000 ) ;
#3353 = AXIS2_PLACEMENT_3D ( 'NONE', #6779, #10372, #813 ) ;
#3354 = ORIENTED_EDGE ( 'NONE', *, *, #9962, .F. ) ;
#3355 = ORIENTED_EDGE ( 'NONE', *, *, #8638, .T. ) ;
#3356 = FACE_OUTER_BOUND ( 'NONE', #9051, .T. ) ;
#3357 = DIRECTION ( 'NONE',  ( -1.100068704781132848E-41, -1.000000000000000000, -2.940873454663932011E-27 ) ) ;
#3358 = EDGE_CURVE ( 'NONE', #1487, #348, #7214, .T. ) ;
#3359 = ORIENTED_EDGE ( 'NONE', *, *, #140, .F. ) ;
#3360 = FACE_BOUND ( 'NONE', #3001, .T. ) ;
#3361 = CARTESIAN_POINT ( 'NONE',  ( 0.000000000000000000, -13.00000000000000000, 0.000000000000000000 ) ) ;
#3362 = VECTOR ( 'NONE', #1470, 1000.000000000000000 ) ;
#3363 = DIRECTION ( 'NONE',  ( 0.000000000000000000, 0.000000000000000000, -1.000000000000000000 ) ) ;
#3364 = ORIENTED_EDGE ( 'NONE', *, *, #3945, .T. ) ;
#3365 = AXIS2_PLACEMENT_3D ( 'NONE', #1000, #3546, #104 ) ;
#3366 = ORIENTED_EDGE ( 'NONE', *, *, #6138, .F. ) ;
#3367 = DIRECTION ( 'NONE',  ( 0.000000000000000000, 0.000000000000000000, -1.000000000000000000 ) ) ;
#3368 = PLANE ( 'NONE',  #7942 ) ;
#3369 = CARTESIAN_POINT ( 'NONE',  ( -45.97666018330589566, 10.00049802381102992, 24.98421203201064600 ) ) ;
#3370 = EDGE_CURVE ( 'NONE', #4018, #4072, #6199, .T. ) ;
#3371 = DIRECTION ( 'NONE',  ( -0.000000000000000000, 0.000000000000000000, 1.000000000000000000 ) ) ;
#3372 = DIRECTION ( 'NONE',  ( 1.084202172485504187E-16, 0.000000000000000000, 1.000000000000000000 ) ) ;
#3373 = DIRECTION ( 'NONE',  ( -0.9986117056600364306, -1.548879083594880591E-28, 0.05267505404603460561 ) ) ;
#3374 = CARTESIAN_POINT ( 'NONE',  ( 6.924999999999992717, -13.99999999999999822, -16.60000000000000497 ) ) ;
#3375 = PLANE ( 'NONE',  #4373 ) ;
#3376 = VERTEX_POINT ( 'NONE', #2954 ) ;
#3377 = DIRECTION ( 'NONE',  ( 0.7071067811865476838, 0.000000000000000000, 0.7071067811865473507 ) ) ;
#3378 = ADVANCED_FACE ( 'NONE', ( #8734 ), #9640, .T. ) ;
#3379 = VERTEX_POINT ( 'NONE', #2736 ) ;
#3380 = LINE ( 'NONE', #9104, #7859 ) ;
#3381 = CARTESIAN_POINT ( 'NONE',  ( 1.577748280683119564, 24.49999999999998579, 11.42771081216552886 ) ) ;
#3382 = CARTESIAN_POINT ( 'NONE',  ( -10.26147307729330294, 23.00000000000000000, 18.29275258565582618 ) ) ;
#3383 = EDGE_CURVE ( 'NONE', #2477, #4490, #8786, .T. ) ;
#3384 = ORIENTED_EDGE ( 'NONE', *, *, #408, .F. ) ;
#3385 = LINE ( 'NONE', #4994, #444 ) ;
#3386 = DIRECTION ( 'NONE',  ( -0.000000000000000000, -1.000000000000000000, -0.000000000000000000 ) ) ;
#3387 = ORIENTED_EDGE ( 'NONE', *, *, #8614, .T. ) ;
#3388 = CARTESIAN_POINT ( 'NONE',  ( 25.00000000000000711, 2.000000000000001776, 28.99999999999997158 ) ) ;
#3389 = ORIENTED_EDGE ( 'NONE', *, *, #469, .T. ) ;
#3390 = EDGE_CURVE ( 'NONE', #5666, #616, #6313, .T. ) ;
#3391 = VERTEX_POINT ( 'NONE', #7944 ) ;
#3392 = ORIENTED_EDGE ( 'NONE', *, *, #7205, .F. ) ;
#3393 = DIRECTION ( 'NONE',  ( 1.000000000000000000, 0.000000000000000000, 0.000000000000000000 ) ) ;
#3394 = LINE ( 'NONE', #8329, #198 ) ;
#3395 = VECTOR ( 'NONE', #10226, 1000.000000000000000 ) ;
#3396 = ORIENTED_EDGE ( 'NONE', *, *, #426, .T. ) ;
#3397 = CARTESIAN_POINT ( 'NONE',  ( -13.49999999999999822, 0.5000000000000000000, 6.899999999999989697 ) ) ;
#3398 = LINE ( 'NONE', #5857, #7818 ) ;
#3399 = DIRECTION ( 'NONE',  ( 0.000000000000000000, 0.000000000000000000, -1.000000000000000000 ) ) ;
#3400 = FACE_OUTER_BOUND ( 'NONE', #8270, .T. ) ;
#3401 = CARTESIAN_POINT ( 'NONE',  ( 34.25000000000000000, 2.000000000000000000, 28.99999999999997513 ) ) ;
#3402 = LINE ( 'NONE', #1713, #7234 ) ;
#3403 = VERTEX_POINT ( 'NONE', #7834 ) ;
#3404 = LINE ( 'NONE', #9357, #3308 ) ;
#3405 = ADVANCED_FACE ( 'NONE', ( #10589 ), #2060, .F. ) ;
#3406 = EDGE_CURVE ( 'NONE', #7311, #5398, #8898, .T. ) ;
#3407 = CARTESIAN_POINT ( 'NONE',  ( 7.599667529665836696, 23.00000000000000000, 25.49999999999952749 ) ) ;
#3408 = EDGE_LOOP ( 'NONE', ( #7746, #2080, #2107, #4951 ) ) ;
#3409 = AXIS2_PLACEMENT_3D ( 'NONE', #4086, #10102, #10834 ) ;
#3410 = ORIENTED_EDGE ( 'NONE', *, *, #8767, .T. ) ;
#3411 = LINE ( 'NONE', #2619, #536 ) ;
#3412 = CARTESIAN_POINT ( 'NONE',  ( -5.301418384264122707, 23.00000000000000000, 16.80050947618688539 ) ) ;
#3413 = LINE ( 'NONE', #1670, #6750 ) ;
#3414 = SURFACE_STYLE_FILL_AREA ( #9423 ) ;
#3415 = LINE ( 'NONE', #6833, #8302 ) ;
#3416 = AXIS2_PLACEMENT_3D ( 'NONE', #5706, #10943, #6674 ) ;
#3417 = VERTEX_POINT ( 'NONE', #6591 ) ;
#3418 = EDGE_CURVE ( 'NONE', #2287, #1838, #4729, .T. ) ;
#3419 = EDGE_LOOP ( 'NONE', ( #2610, #1409, #47, #10644 ) ) ;
#3420 = CARTESIAN_POINT ( 'NONE',  ( 6.346119218776774318, 26.50000000000000000, 11.64859530943569332 ) ) ;
#3421 = AXIS2_PLACEMENT_3D ( 'NONE', #284, #10518, #9458 ) ;
#3422 = DIRECTION ( 'NONE',  ( -0.000000000000000000, 1.000000000000000000, -0.000000000000000000 ) ) ;
#3423 = LINE ( 'NONE', #2632, #4302 ) ;
#3424 = AXIS2_PLACEMENT_3D ( 'NONE', #8063, #4525, #2911 ) ;
#3425 = LINE ( 'NONE', #10944, #4146 ) ;
#3426 = CARTESIAN_POINT ( 'NONE',  ( 17.70476182858164549, 24.99999999999999645, 15.53801126270789190 ) ) ;
#3427 = DIRECTION ( 'NONE',  ( 0.000000000000000000, -0.000000000000000000, -1.000000000000000000 ) ) ;
#3428 = CARTESIAN_POINT ( 'NONE',  ( -4.496853450377911621, 26.50000000000000000, -2.736966231318177289 ) ) ;
#3429 = ORIENTED_EDGE ( 'NONE', *, *, #3899, .F. ) ;
#3430 = CARTESIAN_POINT ( 'NONE',  ( 2.551418392201909580, 32.00000000000000000, 4.721401813190775343 ) ) ;
#3431 = EDGE_CURVE ( 'NONE', #416, #6119, #6532, .T. ) ;
#3432 = AXIS2_PLACEMENT_3D ( 'NONE', #10258, #810, #4350 ) ;
#3433 = VECTOR ( 'NONE', #2143, 1000.000000000000000 ) ;
#3434 = ORIENTED_EDGE ( 'NONE', *, *, #2858, .F. ) ;
#3435 = CARTESIAN_POINT ( 'NONE',  ( -2.399294712588294853, 24.50000000000000355, 10.74051412072496348 ) ) ;
#3436 = CARTESIAN_POINT ( 'NONE',  ( 2.799999999999999378, 23.00000000000000000, 15.53801126270789190 ) ) ;
#3437 = DIRECTION ( 'NONE',  ( 1.000000000000000000, -0.000000000000000000, 5.782411586589358625E-16 ) ) ;
#3438 = EDGE_CURVE ( 'NONE', #5749, #2624, #4896, .T. ) ;
#3439 = MECHANICAL_DESIGN_GEOMETRIC_PRESENTATION_REPRESENTATION (  '', ( #7186 ), #7367 ) ;
#3440 = DIRECTION ( 'NONE',  ( -1.000000000000000000, 0.000000000000000000, 0.000000000000000000 ) ) ;
#3441 = CARTESIAN_POINT ( 'NONE',  ( 2.999999999999998224, 9.499999999999998224, 21.53801126270789368 ) ) ;
#3442 = ORIENTED_EDGE ( 'NONE', *, *, #2689, .F. ) ;
#3443 = CARTESIAN_POINT ( 'NONE',  ( -2.000000000000015987, -13.99999999999999822, -1.370000000000013651 ) ) ;
#3444 = AXIS2_PLACEMENT_3D ( 'NONE', #10972, #5964, #10241 ) ;
#3445 = EDGE_CURVE ( 'NONE', #2266, #650, #5573, .T. ) ;
#3446 = EDGE_LOOP ( 'NONE', ( #7861, #1800, #3874, #5216 ) ) ;
#3447 = ORIENTED_EDGE ( 'NONE', *, *, #296, .T. ) ;
#3448 = ORIENTED_EDGE ( 'NONE', *, *, #5471, .T. ) ;
#3449 = VECTOR ( 'NONE', #4367, 1000.000000000000000 ) ;
#3450 = LINE ( 'NONE', #6867, #1271 ) ;
#3451 = ORIENTED_EDGE ( 'NONE', *, *, #580, .F. ) ;
#3452 = DIRECTION ( 'NONE',  ( -1.000000000000000000, 0.000000000000000000, 0.000000000000000000 ) ) ;
#3453 = EDGE_CURVE ( 'NONE', #4768, #977, #9123, .T. ) ;
#3454 = DIRECTION ( 'NONE',  ( 0.000000000000000000, 0.000000000000000000, 1.000000000000000000 ) ) ;
#3455 = CARTESIAN_POINT ( 'NONE',  ( 25.00000000000000711, 0.000000000000000000, -29.00000000000002132 ) ) ;
#3456 = UNCERTAINTY_MEASURE_WITH_UNIT (LENGTH_MEASURE( 1.000000000000000082E-05 ), #3883, 'distance_accuracy_value', 'NONE');
#3457 = AXIS2_PLACEMENT_3D ( 'NONE', #6185, #4611, #7147 ) ;
#3458 = CARTESIAN_POINT ( 'NONE',  ( 15.27499999999998614, -13.00000000000000000, -22.60000000000000853 ) ) ;
#3459 = PLANE ( 'NONE',  #234 ) ;
#3460 = EDGE_LOOP ( 'NONE', ( #10554, #9466, #1240, #154 ) ) ;
#3461 = CARTESIAN_POINT ( 'NONE',  ( -7.601536384991225859, 25.00000000000008527, 25.49999999999940670 ) ) ;
#3462 = CARTESIAN_POINT ( 'NONE',  ( 2.999999999999998224, 24.99999999999999645, 21.53801126270789368 ) ) ;
#3463 = ORIENTED_EDGE ( 'NONE', *, *, #247, .F. ) ;
#3464 = VECTOR ( 'NONE', #598, 1000.000000000000000 ) ;
#3465 = ORIENTED_EDGE ( 'NONE', *, *, #6380, .T. ) ;
#3466 = CARTESIAN_POINT ( 'NONE',  ( -8.743329047513924479, 23.00000000000000000, -6.021333691102118024 ) ) ;
#3467 = DIRECTION ( 'NONE',  ( 0.000000000000000000, 0.000000000000000000, 1.000000000000000000 ) ) ;
#3468 = CARTESIAN_POINT ( 'NONE',  ( -7.601536384991179673, 29.50000000000000000, 18.11989491965043797 ) ) ;
#3469 = EDGE_CURVE ( 'NONE', #4842, #7561, #10867, .T. ) ;
#3470 = DIRECTION ( 'NONE',  ( 0.000000000000000000, 1.000000000000000000, 2.940873454663932011E-27 ) ) ;
#3471 = EDGE_CURVE ( 'NONE', #4372, #9113, #3115, .T. ) ;
#3472 = CARTESIAN_POINT ( 'NONE',  ( 14.99999999999996092, 0.5000000000000000000, 13.59999999999998899 ) ) ;
#3473 = ORIENTED_EDGE ( 'NONE', *, *, #6137, .T. ) ;
#3474 = VECTOR ( 'NONE', #6491, 1000.000000000000000 ) ;
#3475 = ORIENTED_EDGE ( 'NONE', *, *, #266, .T. ) ;
#3476 = ORIENTED_EDGE ( 'NONE', *, *, #9996, .T. ) ;
#3477 = LINE ( 'NONE', #874, #95 ) ;
#3478 = ORIENTED_EDGE ( 'NONE', *, *, #1956, .F. ) ;
#3479 = CARTESIAN_POINT ( 'NONE',  ( 7.099999999999996092, -5.500000000000000000, -16.60000000000000142 ) ) ;
#3480 = DIRECTION ( 'NONE',  ( -1.000000000000000000, 2.438088387897967896E-29, -6.982962677686266711E-15 ) ) ;
#3481 = AXIS2_PLACEMENT_3D ( 'NONE', #8592, #5163, #9448 ) ;
#3482 = CYLINDRICAL_SURFACE ( 'NONE', #1095, 3.500000000000001332 ) ;
#3483 = CARTESIAN_POINT ( 'NONE',  ( 12.05172136156067175, 32.00000000000000000, 19.36521081018126722 ) ) ;
#3484 = EDGE_CURVE ( 'NONE', #4527, #7369, #1364, .T. ) ;
#3485 = EDGE_CURVE ( 'NONE', #8312, #6478, #4065, .T. ) ;
#3486 = CARTESIAN_POINT ( 'NONE',  ( -25.00000000000000711, 32.00000000000000000, -29.00000000000002132 ) ) ;
#3487 = ORIENTED_EDGE ( 'NONE', *, *, #10365, .F. ) ;
#3488 = VECTOR ( 'NONE', #1510, 1000.000000000000000 ) ;
#3489 = ORIENTED_EDGE ( 'NONE', *, *, #2515, .T. ) ;
#3490 = DIRECTION ( 'NONE',  ( -1.000000000000000000, 0.000000000000000000, 0.000000000000000000 ) ) ;
#3491 = ORIENTED_EDGE ( 'NONE', *, *, #6063, .T. ) ;
#3492 = LINE ( 'NONE', #6167, #8373 ) ;
#3493 = DIRECTION ( 'NONE',  ( 0.000000000000000000, -1.000000000000000000, 0.000000000000000000 ) ) ;
#3494 = ADVANCED_FACE ( 'NONE', ( #2331 ), #9183, .T. ) ;
#3495 = AXIS2_PLACEMENT_3D ( 'NONE', #10487, #2793, #6205 ) ;
#3496 = LINE ( 'NONE', #11077, #1728 ) ;
#3497 = CARTESIAN_POINT ( 'NONE',  ( 25.00000000000000711, 29.50000000000000000, -29.00000000000002132 ) ) ;
#3498 = VERTEX_POINT ( 'NONE', #5684 ) ;
#3499 = SURFACE_STYLE_USAGE ( .BOTH. , #8433 ) ;
#3500 = ORIENTED_EDGE ( 'NONE', *, *, #5340, .F. ) ;
#3501 = ORIENTED_EDGE ( 'NONE', *, *, #633, .F. ) ;
#3502 = ADVANCED_FACE ( 'NONE', ( #7496 ), #3010, .T. ) ;
#3503 = CARTESIAN_POINT ( 'NONE',  ( -4.098455636355274656, 25.00000000000008527, 25.49999999999942801 ) ) ;
#3504 = VERTEX_POINT ( 'NONE', #462 ) ;
#3505 = CARTESIAN_POINT ( 'NONE',  ( -0.5087354508399141162, 24.50000000000000000, 12.98471412081613430 ) ) ;
#3506 = EDGE_CURVE ( 'NONE', #8864, #784, #10923, .T. ) ;
#3507 = VECTOR ( 'NONE', #765, 1000.000000000000000 ) ;
#3508 = FACE_OUTER_BOUND ( 'NONE', #4053, .T. ) ;
#3509 = CARTESIAN_POINT ( 'NONE',  ( -7.601536384991169903, 32.00000000000000000, 16.80050947618687118 ) ) ;
#3510 = PLANE ( 'NONE',  #2633 ) ;
#3511 = DIRECTION ( 'NONE',  ( 0.000000000000000000, 1.000000000000000000, 3.491481338843133355E-15 ) ) ;
#3512 = ORIENTED_EDGE ( 'NONE', *, *, #7196, .T. ) ;
#3513 = DIRECTION ( 'NONE',  ( -0.000000000000000000, -1.000000000000000000, -0.000000000000000000 ) ) ;
#3514 = CARTESIAN_POINT ( 'NONE',  ( 5.299549528938837462, 25.00000000000011724, 16.80050947618694934 ) ) ;
#3515 = ADVANCED_FACE ( 'NONE', ( #5627 ), #9065, .T. ) ;
#3516 = DIRECTION ( 'NONE',  ( -4.483001173306440485E-11, 0.000000000000000000, 1.000000000000000000 ) ) ;
#3517 = VERTEX_POINT ( 'NONE', #3947 ) ;
#3518 = ORIENTED_EDGE ( 'NONE', *, *, #7718, .F. ) ;
#3519 = DIRECTION ( 'NONE',  ( 0.000000000000000000, -1.000000000000000000, -0.000000000000000000 ) ) ;
#3520 = LINE ( 'NONE', #6830, #10584 ) ;
#3521 = DIRECTION ( 'NONE',  ( 0.000000000000000000, -1.000000000000000000, 0.000000000000000000 ) ) ;
#3522 = DIRECTION ( 'NONE',  ( 0.000000000000000000, 0.000000000000000000, -1.000000000000000000 ) ) ;
#3523 = ORIENTED_EDGE ( 'NONE', *, *, #993, .T. ) ;
#3524 = AXIS2_PLACEMENT_3D ( 'NONE', #10561, #1170, #9667 ) ;
#3525 = CIRCLE ( 'NONE', #4939, 8.500000000000000000 ) ;
#3526 = ORIENTED_EDGE ( 'NONE', *, *, #10264, .T. ) ;
#3527 = ORIENTED_EDGE ( 'NONE', *, *, #3762, .F. ) ;
#3528 = EDGE_CURVE ( 'NONE', #10818, #2873, #7377, .T. ) ;
#3529 = DIRECTION ( 'NONE',  ( -0.9986117056576697681, -1.549125602627761933E-28, 0.05267505409090383200 ) ) ;
#3530 = DIRECTION ( 'NONE',  ( 0.000000000000000000, 0.000000000000000000, -1.000000000000000000 ) ) ;
#3531 = DIRECTION ( 'NONE',  ( 0.000000000000000000, 1.000000000000000000, -0.000000000000000000 ) ) ;
#3532 = VECTOR ( 'NONE', #4730, 1000.000000000000000 ) ;
#3533 = CARTESIAN_POINT ( 'NONE',  ( 4.299910125768626301, 26.50000000000000000, 0.2632130908913581924 ) ) ;
#3534 = CIRCLE ( 'NONE', #1007, 10.00000000000000178 ) ;
#3535 = CARTESIAN_POINT ( 'NONE',  ( -2.461419461015440735, 24.50000000000000000, -0.8810194843374679063 ) ) ;
#3536 = DIRECTION ( 'NONE',  ( 1.000000000000000000, -0.000000000000000000, 0.000000000000000000 ) ) ;
#3537 = VERTEX_POINT ( 'NONE', #2390 ) ;
#3538 = APPLICATION_CONTEXT ( 'automotive_design' ) ;
#3539 = VECTOR ( 'NONE', #2892, 1000.000000000000000 ) ;
#3540 = VECTOR ( 'NONE', #1932, 1000.000000000000000 ) ;
#3541 = VERTEX_POINT ( 'NONE', #2165 ) ;
#3542 = EDGE_CURVE ( 'NONE', #7347, #7350, #5800, .T. ) ;
#3543 = ADVANCED_FACE ( 'NONE', ( #4676 ), #410, .F. ) ;
#3544 = LINE ( 'NONE', #9388, #5528 ) ;
#3545 = ORIENTED_EDGE ( 'NONE', *, *, #453, .T. ) ;
#3546 = DIRECTION ( 'NONE',  ( -0.000000000000000000, 1.000000000000000000, -0.000000000000000000 ) ) ;
#3547 = LINE ( 'NONE', #10394, #1416 ) ;
#3548 = EDGE_CURVE ( 'NONE', #10031, #4107, #4513, .T. ) ;
#3549 = VECTOR ( 'NONE', #4932, 1000.000000000000000 ) ;
#3550 = DIRECTION ( 'NONE',  ( 0.000000000000000000, 0.000000000000000000, -1.000000000000000000 ) ) ;
#3551 = PRODUCT_DEFINITION_CONTEXT ( 'detailed design', #9641, 'design' ) ;
#3552 = CARTESIAN_POINT ( 'NONE',  ( -33.50000000000000000, 5.000000000000000000, 28.99999999999998934 ) ) ;
#3553 = ORIENTED_EDGE ( 'NONE', *, *, #5142, .F. ) ;
#3554 = PLANE ( 'NONE',  #7619 ) ;
#3555 = EDGE_LOOP ( 'NONE', ( #7284, #349, #2740, #1352 ) ) ;
#3556 = EDGE_CURVE ( 'NONE', #2482, #9958, #5859, .T. ) ;
#3557 = ORIENTED_EDGE ( 'NONE', *, *, #1589, .T. ) ;
#3558 = PLANE ( 'NONE',  #6631 ) ;
#3559 = ORIENTED_EDGE ( 'NONE', *, *, #4010, .F. ) ;
#3560 = CARTESIAN_POINT ( 'NONE',  ( 7.099999999999996092, -5.500000000000000000, -23.60000000000000853 ) ) ;
#3561 = CARTESIAN_POINT ( 'NONE',  ( 7.599667529665884658, 29.49999999999983302, 18.11989491965052324 ) ) ;
#3562 = CARTESIAN_POINT ( 'NONE',  ( -33.50000000000000000, 19.50000000000000355, 23.86623553487585525 ) ) ;
#3563 = CIRCLE ( 'NONE', #10278, 1.500000000000001332 ) ;
#3564 = CARTESIAN_POINT ( 'NONE',  ( 3.888410194209629189, 10.50999999999999091, 25.69803449973652931 ) ) ;
#3565 = ORIENTED_EDGE ( 'NONE', *, *, #8466, .T. ) ;
#3566 = CARTESIAN_POINT ( 'NONE',  ( -8.743329047513924479, 26.50000000000000000, -6.021333691102118024 ) ) ;
#3567 = EDGE_CURVE ( 'NONE', #8750, #6015, #4230, .T. ) ;
#3568 = PLANE ( 'NONE',  #4323 ) ;
#3569 = LINE ( 'NONE', #6989, #6397 ) ;
#3570 = ORIENTED_EDGE ( 'NONE', *, *, #4258, .F. ) ;
#3571 = ORIENTED_EDGE ( 'NONE', *, *, #9990, .T. ) ;
#3572 = CARTESIAN_POINT ( 'NONE',  ( 0.000000000000000000, 30.00001199999999812, -17.04445395531110563 ) ) ;
#3573 = CARTESIAN_POINT ( 'NONE',  ( 0.000000000000000000, 31.50000000000000000, 2.594999999999985985 ) ) ;
#3574 = CARTESIAN_POINT ( 'NONE',  ( 12.05172136156067175, 32.00000000000000000, 19.36521081018126722 ) ) ;
#3575 = CARTESIAN_POINT ( 'NONE',  ( -34.25000000000000000, 0.000000000000000000, 28.99999999999997158 ) ) ;
#3576 = ADVANCED_FACE ( 'NONE', ( #744 ), #10192, .F. ) ;
#3577 = CARTESIAN_POINT ( 'NONE',  ( 1.581279503555507837, 25.00000000000013500, 11.48414578258329044 ) ) ;
#3578 = DIRECTION ( 'NONE',  ( 0.000000000000000000, 0.000000000000000000, -1.000000000000000000 ) ) ;
#3579 = EDGE_LOOP ( 'NONE', ( #3935, #10488, #8952, #9222 ) ) ;
#3580 = ORIENTED_EDGE ( 'NONE', *, *, #1582, .T. ) ;
#3581 = ADVANCED_FACE ( 'NONE', ( #3400 ), #9295, .T. ) ;
#3582 = ORIENTED_EDGE ( 'NONE', *, *, #1779, .T. ) ;
#3583 = LINE ( 'NONE', #1733, #4747 ) ;
#3584 = DIRECTION ( 'NONE',  ( 0.000000000000000000, 0.000000000000000000, -1.000000000000000000 ) ) ;
#3585 = CARTESIAN_POINT ( 'NONE',  ( -7.601536384991211648, 32.00000000000000000, 24.06419186098119667 ) ) ;
#3586 = EDGE_LOOP ( 'NONE', ( #10200, #8459, #2168, #337 ) ) ;
#3587 = CARTESIAN_POINT ( 'NONE',  ( -7.601536384991211648, 23.00000000000000000, 24.06419186098119312 ) ) ;
#3588 = CARTESIAN_POINT ( 'NONE',  ( 11.51318756825410716, 32.00000000000000000, 18.91526895048654922 ) ) ;
#3589 = VECTOR ( 'NONE', #4322, 1000.000000000000000 ) ;
#3590 = CARTESIAN_POINT ( 'NONE',  ( -13.50043034469988434, 26.50000000000000000, 12.01317212208040530 ) ) ;
#3591 = VERTEX_POINT ( 'NONE', #3286 ) ;
#3592 = VECTOR ( 'NONE', #171, 1000.000000000000000 ) ;
#3593 = VERTEX_POINT ( 'NONE', #1600 ) ;
#3594 = CARTESIAN_POINT ( 'NONE',  ( -14.10000000000000497, -11.50000000000000000, -22.60000000000000853 ) ) ;
#3595 = EDGE_LOOP ( 'NONE', ( #11, #5344, #5888, #1469 ) ) ;
#3596 = LINE ( 'NONE', #1970, #8193 ) ;
#3597 = CARTESIAN_POINT ( 'NONE',  ( -3.590304883489858030E-12, 24.99999999999999645, 24.33278622262262303 ) ) ;
#3598 = DIRECTION ( 'NONE',  ( 0.000000000000000000, 1.000000000000000000, -0.000000000000000000 ) ) ;
#3599 = CARTESIAN_POINT ( 'NONE',  ( 1.999999999999983125, 3.000000000000002665, 6.559999999999986287 ) ) ;
#3600 = EDGE_CURVE ( 'NONE', #6413, #4881, #6709, .T. ) ;
#3601 = EDGE_CURVE ( 'NONE', #4183, #3891, #7766, .T. ) ;
#3602 = CIRCLE ( 'NONE', #7179, 8.500000000000000000 ) ;
#3603 = CARTESIAN_POINT ( 'NONE',  ( -35.00000000000000000, 14.99999999999999645, 10.99999999999995381 ) ) ;
#3604 = VECTOR ( 'NONE', #5716, 1000.000000000000000 ) ;
#3605 = ORIENTED_EDGE ( 'NONE', *, *, #5171, .T. ) ;
#3606 = LINE ( 'NONE', #2874, #5748 ) ;
#3607 = ORIENTED_EDGE ( 'NONE', *, *, #805, .T. ) ;
#3608 = EDGE_LOOP ( 'NONE', ( #10211, #8680, #8476, #579 ) ) ;
#3609 = CARTESIAN_POINT ( 'NONE',  ( 695.9594270195710806, 869.1231861209184899, 1305.124402200097848 ) ) ;
#3610 = DIRECTION ( 'NONE',  ( -0.000000000000000000, 0.000000000000000000, 1.000000000000000000 ) ) ;
#3611 = ORIENTED_EDGE ( 'NONE', *, *, #9324, .T. ) ;
#3612 = DIRECTION ( 'NONE',  ( -0.000000000000000000, -0.000000000000000000, 1.000000000000000000 ) ) ;
#3613 = CARTESIAN_POINT ( 'NONE',  ( -14.99999999999995737, 0.5000000000000000000, -26.80000000000001137 ) ) ;
#3614 = CARTESIAN_POINT ( 'NONE',  ( 6.924999999999992717, -13.99999999999999822, -16.60000000000000497 ) ) ;
#3615 = EDGE_CURVE ( 'NONE', #9744, #5354, #1538, .T. ) ;
#3616 = FACE_OUTER_BOUND ( 'NONE', #5813, .T. ) ;
#3617 = EDGE_LOOP ( 'NONE', ( #5529, #864, #7259, #8009 ) ) ;
#3618 = CYLINDRICAL_SURFACE ( 'NONE', #8870, 5.000000000000000888 ) ;
#3619 = VECTOR ( 'NONE', #10272, 1000.000000000000000 ) ;
#3620 = CARTESIAN_POINT ( 'NONE',  ( -3.601026911978610912, 24.49999999999999289, 3.363194449977747524 ) ) ;
#3621 = CARTESIAN_POINT ( 'NONE',  ( 1.101485361694153120, 24.50000000000000000, 5.187071063562613382 ) ) ;
#3622 = ORIENTED_EDGE ( 'NONE', *, *, #2723, .F. ) ;
#3623 = ORIENTED_EDGE ( 'NONE', *, *, #2668, .F. ) ;
#3624 = LINE ( 'NONE', #9636, #2539 ) ;
#3625 = LINE ( 'NONE', #2952, #1547 ) ;
#3626 = VECTOR ( 'NONE', #5065, 1000.000000000000000 ) ;
#3627 = CARTESIAN_POINT ( 'NONE',  ( -11.10000000000000675, -11.49999999999999645, -18.10000000000000497 ) ) ;
#3628 = FACE_OUTER_BOUND ( 'NONE', #4465, .T. ) ;
#3629 = EDGE_CURVE ( 'NONE', #3591, #5702, #5010, .T. ) ;
#3630 = CARTESIAN_POINT ( 'NONE',  ( 1.662776039068672773, 32.00000000000000000, 6.138065276611208709 ) ) ;
#3631 = PLANE ( 'NONE',  #394 ) ;
#3632 = ORIENTED_EDGE ( 'NONE', *, *, #4787, .T. ) ;
#3633 = FACE_OUTER_BOUND ( 'NONE', #1187, .T. ) ;
#3634 = ORIENTED_EDGE ( 'NONE', *, *, #858, .T. ) ;
#3635 = VECTOR ( 'NONE', #3373, 1000.000000000000114 ) ;
#3636 = ORIENTED_EDGE ( 'NONE', *, *, #272, .F. ) ;
#3637 = PLANE ( 'NONE',  #2976 ) ;
#3638 = EDGE_CURVE ( 'NONE', #11107, #9676, #8605, .T. ) ;
#3639 = EDGE_LOOP ( 'NONE', ( #9546, #7554, #4275, #7153 ) ) ;
#3640 = CARTESIAN_POINT ( 'NONE',  ( 3.451761013541325696, 24.49999999999999289, 0.7003278326380908414 ) ) ;
#3641 = CARTESIAN_POINT ( 'NONE',  ( -15.10000000000000497, -5.500000000000000000, -23.60000000000000853 ) ) ;
#3642 = ORIENTED_EDGE ( 'NONE', *, *, #1518, .T. ) ;
#3643 = PLANE ( 'NONE',  #8458 ) ;
#3644 = CYLINDRICAL_SURFACE ( 'NONE', #827, 9.250000000000001776 ) ;
#3645 = EDGE_CURVE ( 'NONE', #2184, #846, #10359, .T. ) ;
#3646 = VECTOR ( 'NONE', #6876, 1000.000000000000227 ) ;
#3647 = CARTESIAN_POINT ( 'NONE',  ( 1.501130559476324899, 24.50000000000000355, 11.99349656143168730 ) ) ;
#3648 = EDGE_LOOP ( 'NONE', ( #7829, #10072, #8769, #9733 ) ) ;
#3649 = VERTEX_POINT ( 'NONE', #906 ) ;
#3650 = DIRECTION ( 'NONE',  ( 1.445602896647339410E-16, -0.000000000000000000, 1.000000000000000000 ) ) ;
#3651 = EDGE_CURVE ( 'NONE', #1838, #1732, #3796, .T. ) ;
#3652 = AXIS2_PLACEMENT_3D ( 'NONE', #4880, #6517, #4048 ) ;
#3653 = ORIENTED_EDGE ( 'NONE', *, *, #7145, .T. ) ;
#3654 = FACE_OUTER_BOUND ( 'NONE', #748, .T. ) ;
#3655 = CARTESIAN_POINT ( 'NONE',  ( -15.00000000000000000, -13.00000000000000000, -26.60000000000000853 ) ) ;
#3656 = DIRECTION ( 'NONE',  ( -1.000000000000000000, 0.000000000000000000, 0.000000000000000000 ) ) ;
#3657 = DIRECTION ( 'NONE',  ( -0.5912641566494920564, -2.815802741241716783E-15, 0.8064779581994570012 ) ) ;
#3658 = AXIS2_PLACEMENT_3D ( 'NONE', #9269, #7949, #5408 ) ;
#3659 = DIRECTION ( 'NONE',  ( -0.000000000000000000, -1.000000000000000000, -0.000000000000000000 ) ) ;
#3660 = VERTEX_POINT ( 'NONE', #9408 ) ;
#3661 = DIRECTION ( 'NONE',  ( 0.000000000000000000, -1.000000000000000000, 0.000000000000000000 ) ) ;
#3662 = ORIENTED_EDGE ( 'NONE', *, *, #7077, .T. ) ;
#3663 = EDGE_LOOP ( 'NONE', ( #5556, #492, #10570, #9504 ) ) ;
#3664 = ITEM_DEFINED_TRANSFORMATION ( 'NONE', 'NONE', #5676,  #1005 ) ;
#3665 = EDGE_CURVE ( 'NONE', #8216, #10065, #9463, .T. ) ;
#3666 = DIRECTION ( 'NONE',  ( 0.000000000000000000, -0.000000000000000000, 1.000000000000000000 ) ) ;
#3667 = AXIS2_PLACEMENT_3D ( 'NONE', #5353, #8790, #1091 ) ;
#3668 = ORIENTED_EDGE ( 'NONE', *, *, #8629, .F. ) ;
#3669 = DIRECTION ( 'NONE',  ( 0.000000000000000000, -0.000000000000000000, -1.000000000000000000 ) ) ;
#3670 = LINE ( 'NONE', #3725, #2642 ) ;
#3671 = CARTESIAN_POINT ( 'NONE',  ( -8.100000000000001421, -5.500000000000000000, -23.60000000000000853 ) ) ;
#3672 = DIRECTION ( 'NONE',  ( -0.000000000000000000, -0.000000000000000000, -1.000000000000000000 ) ) ;
#3673 = ORIENTED_EDGE ( 'NONE', *, *, #4865, .F. ) ;
#3674 = CARTESIAN_POINT ( 'NONE',  ( -7.601536384991211648, 32.00000000000000000, 24.06419186098119667 ) ) ;
#3675 = VECTOR ( 'NONE', #8545, 1000.000000000000000 ) ;
#3676 = PLANE ( 'NONE',  #6475 ) ;
#3677 = CARTESIAN_POINT ( 'NONE',  ( 2.265121688382142118, 24.50000000000001066, 4.563227945946539243 ) ) ;
#3678 = ORIENTED_EDGE ( 'NONE', *, *, #5648, .T. ) ;
#3679 = ADVANCED_FACE ( 'NONE', ( #7606 ), #1765, .F. ) ;
#3680 = EDGE_CURVE ( 'NONE', #3068, #7761, #8393, .T. ) ;
#3681 = ORIENTED_EDGE ( 'NONE', *, *, #5333, .T. ) ;
#3682 = FACE_OUTER_BOUND ( 'NONE', #8435, .T. ) ;
#3683 = CARTESIAN_POINT ( 'NONE',  ( 1.581279503555507837, 24.50000000000000355, 11.48414578258328866 ) ) ;
#3684 = ADVANCED_FACE ( 'NONE', ( #7664 ), #6766, .F. ) ;
#3685 = CARTESIAN_POINT ( 'NONE',  ( -8.100000000000001421, -5.500000000000000000, -23.60000000000000853 ) ) ;
#3686 = CARTESIAN_POINT ( 'NONE',  ( -14.10000000000000675, -11.50000000000000000, -22.60000000000000853 ) ) ;
#3687 = CARTESIAN_POINT ( 'NONE',  ( 2.152415578467813173, 31.99999999999999289, 6.522756353719270983 ) ) ;
#3688 = CARTESIAN_POINT ( 'NONE',  ( 2.999999999999983569, -13.00000000000000000, 7.559999999999986287 ) ) ;
#3689 = EDGE_LOOP ( 'NONE', ( #320, #3993, #2930, #3268 ) ) ;
#3690 = PLANE ( 'NONE',  #1314 ) ;
#3691 = EDGE_LOOP ( 'NONE', ( #7305, #6726, #3527, #6698 ) ) ;
#3692 = EDGE_CURVE ( 'NONE', #8627, #8597, #7551, .T. ) ;
#3693 = FACE_OUTER_BOUND ( 'NONE', #4441, .T. ) ;
#3694 = LINE ( 'NONE', #8175, #8977 ) ;
#3695 = DIRECTION ( 'NONE',  ( 0.000000000000000000, 0.000000000000000000, -1.000000000000000000 ) ) ;
#3696 = EDGE_LOOP ( 'NONE', ( #2808, #10730, #7863, #7389 ) ) ;
#3697 = CARTESIAN_POINT ( 'NONE',  ( -2.641469422322661131, 24.50000000000000355, 7.128146965417239578 ) ) ;
#3698 = CARTESIAN_POINT ( 'NONE',  ( -25.00000000000000711, 32.00000000000000000, -38.00000000000002842 ) ) ;
#3699 = VECTOR ( 'NONE', #10508, 1000.000000000000000 ) ;
#3700 = DIRECTION ( 'NONE',  ( -7.383402730178885581E-15, -0.000000000000000000, 1.000000000000000000 ) ) ;
#3701 = EDGE_LOOP ( 'NONE', ( #10961, #6985, #1119, #2510 ) ) ;
#3702 = ORIENTED_EDGE ( 'NONE', *, *, #7893, .T. ) ;
#3703 = EDGE_CURVE ( 'NONE', #2563, #5301, #7713, .T. ) ;
#3704 = DIRECTION ( 'NONE',  ( 1.000000000000000000, 0.000000000000000000, 0.000000000000000000 ) ) ;
#3705 = CIRCLE ( 'NONE', #5486, 0.5000000000000073275 ) ;
#3706 = VERTEX_POINT ( 'NONE', #3726 ) ;
#3707 = VECTOR ( 'NONE', #4674, 1000.000000000000000 ) ;
#3708 = LINE ( 'NONE', #6336, #6965 ) ;
#3709 = LINE ( 'NONE', #1225, #2329 ) ;
#3710 = CARTESIAN_POINT ( 'NONE',  ( 8.869658916609672872, 28.50000000000003553, 17.83061455812347162 ) ) ;
#3711 = AXIS2_PLACEMENT_3D ( 'NONE', #5260, #4429, #6908 ) ;
#3712 = CARTESIAN_POINT ( 'NONE',  ( 14.79276182858165889, 24.99999999999999645, 24.33278622262480440 ) ) ;
#3713 = EDGE_CURVE ( 'NONE', #3717, #4635, #341, .T. ) ;
#3714 = VECTOR ( 'NONE', #3004, 1000.000000000000000 ) ;
#3715 = CARTESIAN_POINT ( 'NONE',  ( 50.00539578651591910, 10.50999999999999091, 7.798321850110736086 ) ) ;
#3716 = VECTOR ( 'NONE', #8040, 1000.000000000000000 ) ;
#3717 = VERTEX_POINT ( 'NONE', #9626 ) ;
#3718 = CARTESIAN_POINT ( 'NONE',  ( 1.836970198721030674E-16, -12.99999999999999822, 4.094999999999985540 ) ) ;
#3719 = ORIENTED_EDGE ( 'NONE', *, *, #4045, .T. ) ;
#3720 = EDGE_CURVE ( 'NONE', #1035, #2629, #5401, .T. ) ;
#3721 = PLANE ( 'NONE',  #2661 ) ;
#3722 = CARTESIAN_POINT ( 'NONE',  ( 0.000000000000000000, -9.999999999999998224, -18.43835307503515608 ) ) ;
#3723 = ORIENTED_EDGE ( 'NONE', *, *, #10800, .F. ) ;
#3724 = CARTESIAN_POINT ( 'NONE',  ( -3.100088496576530517, 32.00000000000000000, 7.434263784897501282 ) ) ;
#3725 = CARTESIAN_POINT ( 'NONE',  ( -25.00000000000000000, 3.000000000000000000, -39.00000000000000711 ) ) ;
#3726 = CARTESIAN_POINT ( 'NONE',  ( -4.496853450377910733, 10.50999999999999091, -2.736966231318176845 ) ) ;
#3727 = PLANE ( 'NONE',  #4891 ) ;
#3728 = ORIENTED_EDGE ( 'NONE', *, *, #1357, .F. ) ;
#3729 = DIRECTION ( 'NONE',  ( 0.05267505409069802441, 2.936929150137826593E-27, -0.9986117056576806483 ) ) ;
#3730 = DIRECTION ( 'NONE',  ( 0.000000000000000000, -1.000000000000000000, 0.000000000000000000 ) ) ;
#3731 = PLANE ( 'NONE',  #10708 ) ;
#3732 = ORIENTED_EDGE ( 'NONE', *, *, #8173, .F. ) ;
#3733 = ORIENTED_EDGE ( 'NONE', *, *, #7851, .T. ) ;
#3734 = CARTESIAN_POINT ( 'NONE',  ( -25.88422689413609490, 14.99999999999999645, 10.99999999999995381 ) ) ;
#3735 = CARTESIAN_POINT ( 'NONE',  ( -7.601536384991211648, 25.00000000000008882, 24.06419186098118246 ) ) ;
#3736 = CARTESIAN_POINT ( 'NONE',  ( -2.800000000000000266, 9.999999999999998224, -21.14000000000000767 ) ) ;
#3737 = CARTESIAN_POINT ( 'NONE',  ( 15.00000000000000000, -13.00000000000000000, 13.39999999999998792 ) ) ;
#3738 = DIRECTION ( 'NONE',  ( 1.000000000000000000, 0.000000000000000000, 0.000000000000000000 ) ) ;
#3739 = FACE_OUTER_BOUND ( 'NONE', #10177, .T. ) ;
#3740 = ADVANCED_FACE ( 'NONE', ( #1018 ), #7985, .F. ) ;
#3741 = ADVANCED_FACE ( 'NONE', ( #176 ), #2047, .T. ) ;
#3742 = ORIENTED_EDGE ( 'NONE', *, *, #7196, .F. ) ;
#3743 = LINE ( 'NONE', #7163, #2956 ) ;
#3744 = ORIENTED_EDGE ( 'NONE', *, *, #10302, .T. ) ;
#3745 = ORIENTED_EDGE ( 'NONE', *, *, #2309, .T. ) ;
#3746 = CARTESIAN_POINT ( 'NONE',  ( 1.581279503555507837, 32.00000000000000000, 11.48414578258331531 ) ) ;
#3747 = CARTESIAN_POINT ( 'NONE',  ( -25.00000000000000000, 5.000000000000000000, 38.24999999999999289 ) ) ;
#3748 = ORIENTED_EDGE ( 'NONE', *, *, #4551, .T. ) ;
#3749 = CARTESIAN_POINT ( 'NONE',  ( 6.924999999999992717, -13.00000000000000000, -16.60000000000000497 ) ) ;
#3750 = PLANE ( 'NONE',  #5660 ) ;
#3751 = DIRECTION ( 'NONE',  ( -0.000000000000000000, 1.000000000000000000, -0.000000000000000000 ) ) ;
#3752 = EDGE_CURVE ( 'NONE', #8312, #265, #6241, .T. ) ;
#3753 = ORIENTED_EDGE ( 'NONE', *, *, #5635, .T. ) ;
#3754 = VERTEX_POINT ( 'NONE', #2775 ) ;
#3755 = DIRECTION ( 'NONE',  ( 1.000000000000000000, 0.000000000000000000, -7.228014483236697048E-17 ) ) ;
#3756 = VERTEX_POINT ( 'NONE', #9681 ) ;
#3757 = CARTESIAN_POINT ( 'NONE',  ( -14.78197023601864046, 10.50999999999999091, 19.09402330374506107 ) ) ;
#3758 = CARTESIAN_POINT ( 'NONE',  ( 25.00000000000000711, 0.000000000000000000, -29.00000000000002132 ) ) ;
#3759 = VECTOR ( 'NONE', #5211, 1000.000000000000000 ) ;
#3760 = CARTESIAN_POINT ( 'NONE',  ( 25.00000000000000000, 0.000000000000000000, 38.99999999999999289 ) ) ;
#3761 = DIRECTION ( 'NONE',  ( -0.8064779581994567792, 2.064387769268524399E-15, -0.5912641566494919454 ) ) ;
#3762 = EDGE_CURVE ( 'NONE', #6919, #4425, #4445, .T. ) ;
#3763 = LINE ( 'NONE', #10400, #8676 ) ;
#3764 = ORIENTED_EDGE ( 'NONE', *, *, #2654, .F. ) ;
#3765 = DIRECTION ( 'NONE',  ( 0.000000000000000000, 0.000000000000000000, -1.000000000000000000 ) ) ;
#3766 = AXIS2_PLACEMENT_3D ( 'NONE', #4634, #6324, #3695 ) ;
#3767 = VERTEX_POINT ( 'NONE', #3562 ) ;
#3768 = CARTESIAN_POINT ( 'NONE',  ( -3.000000000000016875, -5.500000000000000000, -0.4050000000000138489 ) ) ;
#3769 = DIRECTION ( 'NONE',  ( 0.000000000000000000, 1.000000000000000000, -0.000000000000000000 ) ) ;
#3770 = EDGE_CURVE ( 'NONE', #3294, #2494, #1989, .T. ) ;
#3771 = ORIENTED_EDGE ( 'NONE', *, *, #3798, .F. ) ;
#3772 = VECTOR ( 'NONE', #4633, 1000.000000000000000 ) ;
#3773 = DIRECTION ( 'NONE',  ( -0.000000000000000000, -1.000000000000000000, -0.000000000000000000 ) ) ;
#3774 = DIRECTION ( 'NONE',  ( 0.000000000000000000, 0.000000000000000000, -1.000000000000000000 ) ) ;
#3775 = ADVANCED_FACE ( 'NONE', ( #6982 ), #236, .F. ) ;
#3776 = DIRECTION ( 'NONE',  ( 0.000000000000000000, -1.000000000000000000, 0.000000000000000000 ) ) ;
#3777 = EDGE_LOOP ( 'NONE', ( #1337, #10238, #2711, #8866, #3611, #7425, #5829, #2643 ) ) ;
#3778 = CARTESIAN_POINT ( 'NONE',  ( -25.00000000000000000, 5.000000000000000000, 28.99999999999998934 ) ) ;
#3779 = ORIENTED_EDGE ( 'NONE', *, *, #1969, .T. ) ;
#3780 = ORIENTED_EDGE ( 'NONE', *, *, #7960, .F. ) ;
#3781 = VECTOR ( 'NONE', #10749, 1000.000000000000000 ) ;
#3782 = CARTESIAN_POINT ( 'NONE',  ( 3.599158056653548154, 24.50000000000000000, 1.758059867859545600 ) ) ;
#3783 = AXIS2_PLACEMENT_3D ( 'NONE', #2622, #5024, #10319 ) ;
#3784 = ORIENTED_EDGE ( 'NONE', *, *, #8345, .T. ) ;
#3785 = EDGE_CURVE ( 'NONE', #2673, #5236, #8883, .T. ) ;
#3786 = ORIENTED_EDGE ( 'NONE', *, *, #4860, .F. ) ;
#3787 = CYLINDRICAL_SURFACE ( 'NONE', #25, 9.250000000000001776 ) ;
#3788 = DIRECTION ( 'NONE',  ( 0.000000000000000000, 0.000000000000000000, -1.000000000000000000 ) ) ;
#3789 = CARTESIAN_POINT ( 'NONE',  ( -10.26147307730576586, 32.00000000000000000, 18.29275258562282147 ) ) ;
#3790 = DIRECTION ( 'NONE',  ( 4.483001173306440485E-11, 2.940873454663932011E-27, -1.000000000000000000 ) ) ;
#3791 = CARTESIAN_POINT ( 'NONE',  ( 3.101750864123765883, 32.00000000000000000, 8.757180451233494978 ) ) ;
#3792 = LINE ( 'NONE', #10650, #10457 ) ;
#3793 = ORIENTED_EDGE ( 'NONE', *, *, #3383, .F. ) ;
#3794 = DIRECTION ( 'NONE',  ( -0.7071067811865485719, 0.000000000000000000, 0.7071067811865465735 ) ) ;
#3795 = VERTEX_POINT ( 'NONE', #1071 ) ;
#3796 = CIRCLE ( 'NONE', #1103, 9.999999999999998224 ) ;
#3797 = VERTEX_POINT ( 'NONE', #7820 ) ;
#3798 = EDGE_CURVE ( 'NONE', #9914, #4775, #7202, .T. ) ;
#3799 = DIRECTION ( 'NONE',  ( -0.000000000000000000, -1.000000000000000000, -0.000000000000000000 ) ) ;
#3800 = CARTESIAN_POINT ( 'NONE',  ( -35.00000000000000000, 0.000000000000000000, 28.99999999999998934 ) ) ;
#3801 = VERTEX_POINT ( 'NONE', #7928 ) ;
#3802 = DIRECTION ( 'NONE',  ( -1.000000000000000000, -0.000000000000000000, -0.000000000000000000 ) ) ;
#3803 = DIRECTION ( 'NONE',  ( 1.000000000000000000, 0.000000000000000000, 0.000000000000000000 ) ) ;
#3804 = CARTESIAN_POINT ( 'NONE',  ( -3.601026911978597145, 24.50000000000000000, 1.758059867859497194 ) ) ;
#3805 = VECTOR ( 'NONE', #7174, 1000.000000000000000 ) ;
#3806 = AXIS2_PLACEMENT_3D ( 'NONE', #8299, #655, #3138 ) ;
#3807 = ORIENTED_EDGE ( 'NONE', *, *, #2934, .T. ) ;
#3808 = ORIENTED_EDGE ( 'NONE', *, *, #6958, .F. ) ;
#3809 = DIRECTION ( 'NONE',  ( -0.000000000000000000, -0.000000000000000000, -1.000000000000000000 ) ) ;
#3810 = EDGE_CURVE ( 'NONE', #979, #873, #2885, .T. ) ;
#3811 = PLANE ( 'NONE',  #5884 ) ;
#3812 = EDGE_CURVE ( 'NONE', #4358, #4999, #10412, .T. ) ;
#3813 = CARTESIAN_POINT ( 'NONE',  ( 2.021926968716449835, 32.00000000000000000, 11.12473516871042989 ) ) ;
#3814 = VECTOR ( 'NONE', #10320, 1000.000000000000000 ) ;
#3815 = DIRECTION ( 'NONE',  ( 4.483001173306440485E-11, 2.940873454663932011E-27, -1.000000000000000000 ) ) ;
#3816 = DIRECTION ( 'NONE',  ( 0.000000000000000000, 0.000000000000000000, -1.000000000000000000 ) ) ;
#3817 = PLANE ( 'NONE',  #10299 ) ;
#3818 = VERTEX_POINT ( 'NONE', #9736 ) ;
#3819 = LINE ( 'NONE', #3036, #5378 ) ;
#3820 = VECTOR ( 'NONE', #4341, 1000.000000000000000 ) ;
#3821 = ORIENTED_EDGE ( 'NONE', *, *, #502, .F. ) ;
#3822 = CARTESIAN_POINT ( 'NONE',  ( 14.50000000000024869, 25.00000000000010658, 19.36521081018125656 ) ) ;
#3823 = FACE_OUTER_BOUND ( 'NONE', #8411, .T. ) ;
#3824 = EDGE_CURVE ( 'NONE', #8209, #9190, #5446, .T. ) ;
#3825 = VERTEX_POINT ( 'NONE', #10630 ) ;
#3826 = VECTOR ( 'NONE', #10687, 1000.000000000000000 ) ;
#3827 = DIRECTION ( 'NONE',  ( 0.000000000000000000, 0.000000000000000000, -1.000000000000000000 ) ) ;
#3828 = LINE ( 'NONE', #7251, #1852 ) ;
#3829 = ORIENTED_EDGE ( 'NONE', *, *, #3067, .T. ) ;
#3830 = CARTESIAN_POINT ( 'NONE',  ( -25.00000000000000711, 28.49999999999999645, 28.99999999999997158 ) ) ;
#3831 = VERTEX_POINT ( 'NONE', #6074 ) ;
#3832 = EDGE_LOOP ( 'NONE', ( #10593, #10859, #5603, #3478, #5443, #6717, #3821, #2950 ) ) ;
#3833 = VERTEX_POINT ( 'NONE', #9513 ) ;
#3834 = VECTOR ( 'NONE', #7187, 1000.000000000000000 ) ;
#3835 = CARTESIAN_POINT ( 'NONE',  ( 15.84405090676714600, 23.00000000000000000, 13.67730034089338709 ) ) ;
#3836 = ORIENTED_EDGE ( 'NONE', *, *, #10751, .F. ) ;
#3837 = EDGE_CURVE ( 'NONE', #3833, #10349, #1817, .T. ) ;
#3838 = ORIENTED_EDGE ( 'NONE', *, *, #8231, .T. ) ;
#3839 = CARTESIAN_POINT ( 'NONE',  ( 1.101485361694153120, 24.50000000000000000, 5.187071063562613382 ) ) ;
#3840 = DIRECTION ( 'NONE',  ( -0.000000000000000000, -1.000000000000000000, -0.000000000000000000 ) ) ;
#3841 = LINE ( 'NONE', #4568, #11060 ) ;
#3842 = CARTESIAN_POINT ( 'NONE',  ( 25.00000000000000711, 32.00000000000000000, -29.00000000000002132 ) ) ;
#3843 = CIRCLE ( 'NONE', #2419, 20.49999999999999645 ) ;
#3844 = DIRECTION ( 'NONE',  ( 0.000000000000000000, 1.000000000000000000, 3.491481338843133355E-15 ) ) ;
#3845 = LINE ( 'NONE', #356, #10097 ) ;
#3846 = ORIENTED_EDGE ( 'NONE', *, *, #3298, .F. ) ;
#3847 = DIRECTION ( 'NONE',  ( -0.000000000000000000, -0.000000000000000000, -1.000000000000000000 ) ) ;
#3848 = EDGE_CURVE ( 'NONE', #10455, #3376, #4393, .T. ) ;
#3849 = ORIENTED_EDGE ( 'NONE', *, *, #774, .T. ) ;
#3850 = EDGE_CURVE ( 'NONE', #8495, #7220, #5279, .T. ) ;
#3851 = ORIENTED_EDGE ( 'NONE', *, *, #6559, .F. ) ;
#3852 = CARTESIAN_POINT ( 'NONE',  ( 5.299549528938802823, 23.00000000000000000, 21.57711283463907392 ) ) ;
#3853 = CARTESIAN_POINT ( 'NONE',  ( -2.911452017111002840E-12, 24.99999999999999645, 19.09402330482416232 ) ) ;
#3854 = ORIENTED_EDGE ( 'NONE', *, *, #6218, .T. ) ;
#3855 = DIRECTION ( 'NONE',  ( -0.000000000000000000, -1.000000000000000000, -0.000000000000000000 ) ) ;
#3856 = FACE_OUTER_BOUND ( 'NONE', #522, .T. ) ;
#3857 = EDGE_CURVE ( 'NONE', #1045, #5666, #8364, .T. ) ;
#3858 = ORIENTED_EDGE ( 'NONE', *, *, #5547, .F. ) ;
#3859 = ORIENTED_EDGE ( 'NONE', *, *, #4551, .F. ) ;
#3860 = LINE ( 'NONE', #1967, #10678 ) ;
#3861 = CIRCLE ( 'NONE', #442, 3.499999999999999556 ) ;
#3862 = CARTESIAN_POINT ( 'NONE',  ( -1.372131924108802581, 31.99999999999999289, 12.27594851672735210 ) ) ;
#3863 = CARTESIAN_POINT ( 'NONE',  ( 2.760689908310699270, 32.00000000000000000, 10.17930586191153886 ) ) ;
#3864 = VECTOR ( 'NONE', #2371, 1000.000000000000000 ) ;
#3865 = LINE ( 'NONE', #2980, #1266 ) ;
#3866 = CARTESIAN_POINT ( 'NONE',  ( -25.50000000000000355, 19.50000000000000355, 23.86623553487585525 ) ) ;
#3867 = DIRECTION ( 'NONE',  ( 1.000000000000000000, 0.000000000000000000, 0.000000000000000000 ) ) ;
#3868 = ADVANCED_FACE ( 'NONE', ( #6560 ), #659, .F. ) ;
#3869 = ORIENTED_EDGE ( 'NONE', *, *, #162, .F. ) ;
#3870 = EDGE_CURVE ( 'NONE', #2014, #7951, #5039, .T. ) ;
#3871 = CARTESIAN_POINT ( 'NONE',  ( 25.00000000000000711, 32.00000000000000000, -38.00000000000002132 ) ) ;
#3872 = VECTOR ( 'NONE', #552, 1000.000000000000114 ) ;
#3873 = AXIS2_PLACEMENT_3D ( 'NONE', #9209, #4864, #4980 ) ;
#3874 = ORIENTED_EDGE ( 'NONE', *, *, #3145, .F. ) ;
#3875 = DIRECTION ( 'NONE',  ( 0.000000000000000000, -1.000000000000000000, 0.000000000000000000 ) ) ;
#3876 = DIRECTION ( 'NONE',  ( 0.000000000000000000, 0.000000000000000000, 1.000000000000000000 ) ) ;
#3877 = EDGE_LOOP ( 'NONE', ( #8514, #8083, #9085, #4347, #4817, #10074, #5509, #7189 ) ) ;
#3878 = AXIS2_PLACEMENT_3D ( 'NONE', #9821, #9079, #4852 ) ;
#3879 = DIRECTION ( 'NONE',  ( 0.000000000000000000, -1.000000000000000000, 0.000000000000000000 ) ) ;
#3880 = CARTESIAN_POINT ( 'NONE',  ( 6.346119218776774318, 28.49999999999999645, 11.64859530943569332 ) ) ;
#3881 = ORIENTED_EDGE ( 'NONE', *, *, #6572, .T. ) ;
#3882 = EDGE_CURVE ( 'NONE', #10239, #7347, #716, .T. ) ;
#3883 =( LENGTH_UNIT ( ) NAMED_UNIT ( * ) SI_UNIT ( .MILLI., .METRE. ) );
#3884 = AXIS2_PLACEMENT_3D ( 'NONE', #3265, #8536, #7642 ) ;
#3885 = VERTEX_POINT ( 'NONE', #1570 ) ;
#3886 = ORIENTED_EDGE ( 'NONE', *, *, #10197, .T. ) ;
#3887 = ORIENTED_EDGE ( 'NONE', *, *, #8614, .F. ) ;
#3888 = LINE ( 'NONE', #1354, #1744 ) ;
#3889 = ORIENTED_EDGE ( 'NONE', *, *, #2065, .F. ) ;
#3890 = DIRECTION ( 'NONE',  ( 1.000000000000000000, -1.318393914780417174E-37, 4.483001173306440485E-11 ) ) ;
#3891 = VERTEX_POINT ( 'NONE', #4922 ) ;
#3892 = CARTESIAN_POINT ( 'NONE',  ( -4.219146220329037966, 9.499999999999998224, 20.06569260839445690 ) ) ;
#3893 = FACE_OUTER_BOUND ( 'NONE', #9672, .T. ) ;
#3894 = DIRECTION ( 'NONE',  ( 0.000000000000000000, 0.000000000000000000, 1.000000000000000000 ) ) ;
#3895 = CARTESIAN_POINT ( 'NONE',  ( -2.000000000000016875, 3.000000000000002665, -1.370000000000013651 ) ) ;
#3896 = FACE_OUTER_BOUND ( 'NONE', #9411, .T. ) ;
#3897 = DIRECTION ( 'NONE',  ( 0.000000000000000000, 0.000000000000000000, -1.000000000000000000 ) ) ;
#3898 = EDGE_LOOP ( 'NONE', ( #804, #357, #2122, #4870 ) ) ;
#3899 = EDGE_CURVE ( 'NONE', #9177, #4617, #10107, .T. ) ;
#3900 = CARTESIAN_POINT ( 'NONE',  ( -45.97666018330589566, 1.068921942992014665E-14, 18.48421203201065666 ) ) ;
#3901 = EDGE_LOOP ( 'NONE', ( #5561, #2755, #2546, #9155, #5407, #735 ) ) ;
#3902 = VERTEX_POINT ( 'NONE', #3314 ) ;
#3903 = DIRECTION ( 'NONE',  ( -1.000000000000000000, -0.000000000000000000, -0.000000000000000000 ) ) ;
#3904 = FACE_OUTER_BOUND ( 'NONE', #4304, .T. ) ;
#3905 = EDGE_CURVE ( 'NONE', #2572, #10898, #9997, .T. ) ;
#3906 = EDGE_LOOP ( 'NONE', ( #10580, #1243, #1968, #1360 ) ) ;
#3907 = LINE ( 'NONE', #7330, #8543 ) ;
#3908 = FACE_OUTER_BOUND ( 'NONE', #6523, .T. ) ;
#3909 = CARTESIAN_POINT ( 'NONE',  ( -27.50000000000000355, 10.49999999999999467, 1.749999999999952927 ) ) ;
#3910 = EDGE_CURVE ( 'NONE', #9503, #1532, #6678, .T. ) ;
#3911 = ORIENTED_EDGE ( 'NONE', *, *, #7344, .T. ) ;
#3912 = EDGE_LOOP ( 'NONE', ( #9299, #10785, #10293, #8581 ) ) ;
#3913 = DIRECTION ( 'NONE',  ( 0.7071067811865474617, 0.000000000000000000, -0.7071067811865476838 ) ) ;
#3914 = FACE_OUTER_BOUND ( 'NONE', #98, .T. ) ;
#3915 = CARTESIAN_POINT ( 'NONE',  ( -3.363040858396017185, 32.00000000000000711, 0.4409579078545431963 ) ) ;
#3916 = EDGE_CURVE ( 'NONE', #5000, #255, #6735, .T. ) ;
#3917 = DIRECTION ( 'NONE',  ( 0.000000000000000000, 0.000000000000000000, -1.000000000000000000 ) ) ;
#3918 = CARTESIAN_POINT ( 'NONE',  ( -2.267538108872327207, 24.49999999999997158, 6.301839367049087315 ) ) ;
#3919 = FACE_OUTER_BOUND ( 'NONE', #7416, .T. ) ;
#3920 = CARTESIAN_POINT ( 'NONE',  ( -27.50000000000000355, 10.50000000000000178, 19.86623553487585170 ) ) ;
#3921 = ORIENTED_EDGE ( 'NONE', *, *, #10829, .F. ) ;
#3922 = CARTESIAN_POINT ( 'NONE',  ( 35.00000000000000000, 3.000000000000000000, 28.99999999999998934 ) ) ;
#3923 = ORIENTED_EDGE ( 'NONE', *, *, #6177, .F. ) ;
#3924 = CARTESIAN_POINT ( 'NONE',  ( -2.553044450212822891, 10.50999999999999091, -2.736966231231034552 ) ) ;
#3925 = LINE ( 'NONE', #8938, #7699 ) ;
#3926 = ORIENTED_EDGE ( 'NONE', *, *, #4983, .F. ) ;
#3927 = ADVANCED_FACE ( 'NONE', ( #2103 ), #9211, .F. ) ;
#3928 = EDGE_CURVE ( 'NONE', #1035, #6232, #2472, .T. ) ;
#3929 = FACE_OUTER_BOUND ( 'NONE', #8571, .T. ) ;
#3930 = CIRCLE ( 'NONE', #8059, 9.249999999999998224 ) ;
#3931 = CARTESIAN_POINT ( 'NONE',  ( 10.26313544485287643, 25.00000000000011013, 18.29275258562294226 ) ) ;
#3932 = VERTEX_POINT ( 'NONE', #3975 ) ;
#3933 = CARTESIAN_POINT ( 'NONE',  ( -19.81171673543281031, 26.50000000000000000, 15.53801126270789190 ) ) ;
#3934 = ORIENTED_EDGE ( 'NONE', *, *, #372, .T. ) ;
#3935 = ORIENTED_EDGE ( 'NONE', *, *, #5975, .T. ) ;
#3936 = ORIENTED_EDGE ( 'NONE', *, *, #7266, .T. ) ;
#3937 = DIRECTION ( 'NONE',  ( -0.000000000000000000, -1.000000000000000000, -0.000000000000000000 ) ) ;
#3938 = ORIENTED_EDGE ( 'NONE', *, *, #2703, .F. ) ;
#3939 = DIRECTION ( 'NONE',  ( 0.000000000000000000, -1.000000000000000000, 0.000000000000000000 ) ) ;
#3940 = VECTOR ( 'NONE', #315, 1000.000000000000000 ) ;
#3941 = VERTEX_POINT ( 'NONE', #5885 ) ;
#3942 = CARTESIAN_POINT ( 'NONE',  ( 2.999999999999982681, -11.50000000000000000, 6.594999999999988205 ) ) ;
#3943 = ADVANCED_FACE ( 'NONE', ( #771 ), #4201, .T. ) ;
#3944 = DIRECTION ( 'NONE',  ( -0.000000000000000000, 1.000000000000000000, -0.000000000000000000 ) ) ;
#3945 = EDGE_CURVE ( 'NONE', #9339, #9136, #11005, .T. ) ;
#3946 = CARTESIAN_POINT ( 'NONE',  ( 12.05172136156067175, 23.00000000000000000, 19.36521081018123525 ) ) ;
#3947 = CARTESIAN_POINT ( 'NONE',  ( 0.000000000000000000, 29.09999999999999787, -18.04445395531110563 ) ) ;
#3948 = DIRECTION ( 'NONE',  ( 0.000000000000000000, 1.000000000000000000, 2.891205793294675861E-16 ) ) ;
#3949 = CARTESIAN_POINT ( 'NONE',  ( 3.101750864123764551, 24.50000000000000355, 9.027966008974170009 ) ) ;
#3950 = VERTEX_POINT ( 'NONE', #4981 ) ;
#3951 = CARTESIAN_POINT ( 'NONE',  ( -33.50000000000000711, 17.50000000000000000, 18.99999999999996447 ) ) ;
#3952 = AXIS2_PLACEMENT_3D ( 'NONE', #9705, #2015, #2070 ) ;
#3953 = VECTOR ( 'NONE', #6795, 1000.000000000000000 ) ;
#3954 = ORIENTED_EDGE ( 'NONE', *, *, #4491, .F. ) ;
#3955 = ORIENTED_EDGE ( 'NONE', *, *, #3028, .F. ) ;
#3956 = DIRECTION ( 'NONE',  ( 1.000000000000000000, -0.000000000000000000, -0.000000000000000000 ) ) ;
#3957 = CYLINDRICAL_SURFACE ( 'NONE', #7535, 10.00000000000000178 ) ;
#3958 = EDGE_CURVE ( 'NONE', #3717, #4768, #8418, .T. ) ;
#3959 = CIRCLE ( 'NONE', #6106, 1.500000000000001332 ) ;
#3960 = ORIENTED_EDGE ( 'NONE', *, *, #408, .T. ) ;
#3961 = LINE ( 'NONE', #6723, #9624 ) ;
#3962 = DIRECTION ( 'NONE',  ( -0.000000000000000000, -1.000000000000000000, -0.000000000000000000 ) ) ;
#3963 = DIRECTION ( 'NONE',  ( 1.000000000000000000, 0.000000000000000000, 0.000000000000000000 ) ) ;
#3964 = ORIENTED_EDGE ( 'NONE', *, *, #1527, .T. ) ;
#3965 = EDGE_CURVE ( 'NONE', #7539, #3756, #1627, .T. ) ;
#3966 = VECTOR ( 'NONE', #596, 1000.000000000000000 ) ;
#3967 = ORIENTED_EDGE ( 'NONE', *, *, #6520, .T. ) ;
#3968 = CARTESIAN_POINT ( 'NONE',  ( -15.00000000000000000, -3.469446951953614189E-15, 11.89999999999998792 ) ) ;
#3969 = CARTESIAN_POINT ( 'NONE',  ( -27.50000000000000355, 16.49999999999999645, 13.24999999999995559 ) ) ;
#3970 = LINE ( 'NONE', #4803, #1979 ) ;
#3971 = EDGE_CURVE ( 'NONE', #1686, #6204, #8248, .T. ) ;
#3972 = LINE ( 'NONE', #9093, #9714 ) ;
#3973 = CARTESIAN_POINT ( 'NONE',  ( 1.101485361694153120, 32.00000000000000000, 5.187071063562639139 ) ) ;
#3974 = VECTOR ( 'NONE', #4781, 1000.000000000000000 ) ;
#3975 = CARTESIAN_POINT ( 'NONE',  ( -14.78197023601864046, 10.50999999999999091, 19.09402330374506107 ) ) ;
#3976 = PLANE ( 'NONE',  #10337 ) ;
#3977 = LINE ( 'NONE', #489, #7956 ) ;
#3978 = ORIENTED_EDGE ( 'NONE', *, *, #3556, .F. ) ;
#3979 = LINE ( 'NONE', #4036, #3433 ) ;
#3980 = ADVANCED_FACE ( 'NONE', ( #9151, #4806 ), #543, .T. ) ;
#3981 = ORIENTED_EDGE ( 'NONE', *, *, #9889, .F. ) ;
#3982 = CARTESIAN_POINT ( 'NONE',  ( 34.25000000000000000, 5.000000000000000000, 28.99999999999999289 ) ) ;
#3983 = VECTOR ( 'NONE', #1389, 1000.000000000000000 ) ;
#3984 = CARTESIAN_POINT ( 'NONE',  ( 25.00000000000000711, 29.50000000000000000, 37.99999999999996447 ) ) ;
#3985 = CARTESIAN_POINT ( 'NONE',  ( 1.500000000000000000, 26.50000000000000000, 7.798321850110734310 ) ) ;
#3986 = ORIENTED_EDGE ( 'NONE', *, *, #1075, .T. ) ;
#3987 = DIRECTION ( 'NONE',  ( 6.982962677686266711E-15, 3.491481338843133355E-15, -1.000000000000000000 ) ) ;
#3988 = VECTOR ( 'NONE', #2280, 1000.000000000000000 ) ;
#3989 = DIRECTION ( 'NONE',  ( 0.000000000000000000, 0.000000000000000000, -1.000000000000000000 ) ) ;
#3990 = ORIENTED_EDGE ( 'NONE', *, *, #8260, .F. ) ;
#3991 = VERTEX_POINT ( 'NONE', #8692 ) ;
#3992 = ADVANCED_FACE ( 'NONE', ( #5996, #4424, #10277 ), #1683, .F. ) ;
#3993 = ORIENTED_EDGE ( 'NONE', *, *, #3882, .F. ) ;
#3994 = ORIENTED_EDGE ( 'NONE', *, *, #10051, .T. ) ;
#3995 = CARTESIAN_POINT ( 'NONE',  ( -8.100000000000001421, -5.500000000000000000, -22.60000000000000853 ) ) ;
#3996 = VERTEX_POINT ( 'NONE', #8749 ) ;
#3997 = CARTESIAN_POINT ( 'NONE',  ( -13.37439034836756413, 10.50999999999999091, 24.33278622160655047 ) ) ;
#3998 = AXIS2_PLACEMENT_3D ( 'NONE', #1463, #6576, #4714 ) ;
#3999 = ORIENTED_EDGE ( 'NONE', *, *, #5831, .T. ) ;
#4000 = CARTESIAN_POINT ( 'NONE',  ( 15.27499999999998614, -13.99999999999999822, -22.60000000000000853 ) ) ;
#4001 = PLANE ( 'NONE',  #6023 ) ;
#4002 = DIRECTION ( 'NONE',  ( 0.000000000000000000, 0.000000000000000000, -1.000000000000000000 ) ) ;
#4003 = DIRECTION ( 'NONE',  ( 0.000000000000000000, -4.613788877420475110E-15, 1.000000000000000000 ) ) ;
#4004 = PRODUCT_DEFINITION_SHAPE ( 'NONE', 'NONE',  #11123 ) ;
#4005 = FACE_OUTER_BOUND ( 'NONE', #3419, .T. ) ;
#4006 = CARTESIAN_POINT ( 'NONE',  ( -14.99999999999999645, 0.5000000000000000000, 8.399999999999991473 ) ) ;
#4007 = ORIENTED_EDGE ( 'NONE', *, *, #2807, .T. ) ;
#4008 = DIRECTION ( 'NONE',  ( 0.000000000000000000, 1.000000000000000000, 2.940873454663932011E-27 ) ) ;
#4009 = VECTOR ( 'NONE', #4102, 1000.000000000000114 ) ;
#4010 = EDGE_CURVE ( 'NONE', #616, #143, #2582, .T. ) ;
#4011 = EDGE_CURVE ( 'NONE', #5289, #2287, #5202, .T. ) ;
#4012 = VERTEX_POINT ( 'NONE', #151 ) ;
#4013 = ADVANCED_FACE ( 'NONE', ( #5943 ), #9597, .T. ) ;
#4014 = ORIENTED_EDGE ( 'NONE', *, *, #3567, .F. ) ;
#4015 = DIRECTION ( 'NONE',  ( 1.000000000000000000, 0.000000000000000000, 0.000000000000000000 ) ) ;
#4016 = PLANE ( 'NONE',  #1 ) ;
#4017 = VECTOR ( 'NONE', #10141, 1000.000000000000000 ) ;
#4018 = VERTEX_POINT ( 'NONE', #2694 ) ;
#4019 = CARTESIAN_POINT ( 'NONE',  ( -33.50000000000000000, 17.00000000000002842, 18.98421203201066021 ) ) ;
#4020 = LINE ( 'NONE', #10094, #9346 ) ;
#4021 = DIRECTION ( 'NONE',  ( 1.445602896647337931E-16, 0.000000000000000000, -1.000000000000000000 ) ) ;
#4022 = ORIENTED_EDGE ( 'NONE', *, *, #497, .F. ) ;
#4023 = EDGE_CURVE ( 'NONE', #2873, #416, #9382, .T. ) ;
#4024 = VECTOR ( 'NONE', #9629, 1000.000000000000000 ) ;
#4025 = EDGE_LOOP ( 'NONE', ( #5615, #8959, #5780, #1819 ) ) ;
#4026 = CARTESIAN_POINT ( 'NONE',  ( 25.00000000000000711, 29.50000000000000000, 28.99999999999997158 ) ) ;
#4027 = CARTESIAN_POINT ( 'NONE',  ( -27.50000000000000355, 18.00000000000000000, 14.74999999999995204 ) ) ;
#4028 = DIRECTION ( 'NONE',  ( 0.000000000000000000, -0.000000000000000000, -1.000000000000000000 ) ) ;
#4029 = CARTESIAN_POINT ( 'NONE',  ( -11.10000000000000675, -11.49999999999999645, -21.10000000000000853 ) ) ;
#4030 = AXIS2_PLACEMENT_3D ( 'NONE', #6728, #6552, #6612 ) ;
#4031 = PLANE ( 'NONE',  #446 ) ;
#4032 = CARTESIAN_POINT ( 'NONE',  ( -4.297634963052220591, 26.50000000000000000, 0.2654041698977276376 ) ) ;
#4033 = DIRECTION ( 'NONE',  ( 0.000000000000000000, -1.000000000000000000, -0.000000000000000000 ) ) ;
#4034 = FACE_OUTER_BOUND ( 'NONE', #7329, .T. ) ;
#4035 = ORIENTED_EDGE ( 'NONE', *, *, #10940, .T. ) ;
#4036 = CARTESIAN_POINT ( 'NONE',  ( -1.090839091839648450E-09, 24.99999999999999645, 24.33278622220612419 ) ) ;
#4037 = EDGE_CURVE ( 'NONE', #1560, #3076, #10086, .T. ) ;
#4038 = VECTOR ( 'NONE', #8522, 1000.000000000000000 ) ;
#4039 = VERTEX_POINT ( 'NONE', #4312 ) ;
#4040 = DIRECTION ( 'NONE',  ( -1.000000000000000000, -0.000000000000000000, -0.000000000000000000 ) ) ;
#4041 = AXIS2_PLACEMENT_3D ( 'NONE', #4229, #3285, #7663 ) ;
#4042 = CARTESIAN_POINT ( 'NONE',  ( -10.26147307730576586, 23.00000000000000000, 18.29275258562278950 ) ) ;
#4043 = CARTESIAN_POINT ( 'NONE',  ( -10.26147307730395930, 29.49999999999991473, 18.29275258563458451 ) ) ;
#4044 = EDGE_LOOP ( 'NONE', ( #6866, #1491, #763, #10693 ) ) ;
#4045 = EDGE_CURVE ( 'NONE', #1325, #8338, #6846, .T. ) ;
#4046 = CARTESIAN_POINT ( 'NONE',  ( 33.50000000000000000, 30.00000000000000000, 28.99999999999997158 ) ) ;
#4047 = AXIS2_PLACEMENT_3D ( 'NONE', #4433, #8759, #1857 ) ;
#4048 = DIRECTION ( 'NONE',  ( 0.000000000000000000, 0.000000000000000000, -1.000000000000000000 ) ) ;
#4049 = VECTOR ( 'NONE', #2116, 1000.000000000000000 ) ;
#4050 = EDGE_LOOP ( 'NONE', ( #2800, #4054, #2421, #10128 ) ) ;
#4051 = DIRECTION ( 'NONE',  ( -4.563646566360848704E-15, -0.000000000000000000, 1.000000000000000000 ) ) ;
#4052 = EDGE_CURVE ( 'NONE', #8061, #3504, #7577, .T. ) ;
#4053 = EDGE_LOOP ( 'NONE', ( #1958, #4061, #752, #7626 ) ) ;
#4054 = ORIENTED_EDGE ( 'NONE', *, *, #11020, .F. ) ;
#4055 = ORIENTED_EDGE ( 'NONE', *, *, #9233, .T. ) ;
#4056 = DIRECTION ( 'NONE',  ( -0.000000000000000000, -1.000000000000000000, -0.000000000000000000 ) ) ;
#4057 = EDGE_LOOP ( 'NONE', ( #9902, #2695 ) ) ;
#4058 = DIRECTION ( 'NONE',  ( 0.000000000000000000, 0.000000000000000000, -1.000000000000000000 ) ) ;
#4059 = VECTOR ( 'NONE', #6146, 1000.000000000000000 ) ;
#4060 = VECTOR ( 'NONE', #2969, 1000.000000000000000 ) ;
#4061 = ORIENTED_EDGE ( 'NONE', *, *, #195, .T. ) ;
#4062 = DIRECTION ( 'NONE',  ( 0.000000000000000000, -1.000000000000000000, 0.000000000000000000 ) ) ;
#4063 = CARTESIAN_POINT ( 'NONE',  ( 14.50000000000024691, 32.00000000000000000, 19.36521081018125656 ) ) ;
#4064 = LINE ( 'NONE', #3228, #299 ) ;
#4065 = LINE ( 'NONE', #3895, #5582 ) ;
#4066 = CARTESIAN_POINT ( 'NONE',  ( 13.38518194069569311, 24.99999999999999645, 19.09402330482620513 ) ) ;
#4067 = LINE ( 'NONE', #3117, #1293 ) ;
#4068 = ORIENTED_EDGE ( 'NONE', *, *, #4371, .F. ) ;
#4069 = LINE ( 'NONE', #635, #10126 ) ;
#4070 = VECTOR ( 'NONE', #8561, 1000.000000000000000 ) ;
#4071 = AXIS2_PLACEMENT_3D ( 'NONE', #235, #9786, #6352 ) ;
#4072 = VERTEX_POINT ( 'NONE', #829 ) ;
#4073 = ORIENTED_EDGE ( 'NONE', *, *, #4267, .T. ) ;
#4074 = CARTESIAN_POINT ( 'NONE',  ( -2.249903526357163841, 24.50000000000000000, -1.050058994014420710 ) ) ;
#4075 = CARTESIAN_POINT ( 'NONE',  ( -20.00000000000000000, -13.00000000000000000, -21.60000000000000853 ) ) ;
#4076 = ORIENTED_EDGE ( 'NONE', *, *, #9990, .F. ) ;
#4077 = PLANE ( 'NONE',  #10171 ) ;
#4078 = EDGE_CURVE ( 'NONE', #1393, #4374, #5313, .T. ) ;
#4079 = CARTESIAN_POINT ( 'NONE',  ( 17.70476182858164549, 9.499999999999998224, 15.53801126270789190 ) ) ;
#4080 = EDGE_CURVE ( 'NONE', #616, #4742, #7688, .T. ) ;
#4081 = CARTESIAN_POINT ( 'NONE',  ( 0.000000000000000000, -13.00000000000000000, 0.000000000000000000 ) ) ;
#4082 = VERTEX_POINT ( 'NONE', #2751 ) ;
#4083 = ORIENTED_EDGE ( 'NONE', *, *, #8301, .T. ) ;
#4084 = FACE_BOUND ( 'NONE', #9866, .T. ) ;
#4085 = CARTESIAN_POINT ( 'NONE',  ( 25.00000000000000000, 5.000000000000000000, 28.99999999999998934 ) ) ;
#4086 = CARTESIAN_POINT ( 'NONE',  ( -14.99999999999999645, 0.000000000000000000, -21.60000000000001208 ) ) ;
#4087 = CARTESIAN_POINT ( 'NONE',  ( -13.50043034469988434, 26.50000000000000000, 12.01317212208040530 ) ) ;
#4088 = CARTESIAN_POINT ( 'NONE',  ( -11.10000000000000675, -12.99999999999999822, -19.60000000000000497 ) ) ;
#4089 = EDGE_CURVE ( 'NONE', #10268, #7918, #881, .T. ) ;
#4090 = DIRECTION ( 'NONE',  ( 0.000000000000000000, 0.000000000000000000, -1.000000000000000000 ) ) ;
#4091 = LINE ( 'NONE', #11006, #3170 ) ;
#4092 = DIRECTION ( 'NONE',  ( 0.000000000000000000, -1.000000000000000000, 0.000000000000000000 ) ) ;
#4093 = ORIENTED_EDGE ( 'NONE', *, *, #296, .F. ) ;
#4094 = CARTESIAN_POINT ( 'NONE',  ( 2.800000000000000266, 9.999999999999998224, -15.54000000000000448 ) ) ;
#4095 = ORIENTED_EDGE ( 'NONE', *, *, #2858, .T. ) ;
#4096 = DIRECTION ( 'NONE',  ( 0.2982749931359467976, 0.000000000000000000, -0.9544799780350297080 ) ) ;
#4097 = CARTESIAN_POINT ( 'NONE',  ( -2.033783811295645005, 32.00000000000000711, 6.414267539289007836 ) ) ;
#4098 = LINE ( 'NONE', #6570, #10696 ) ;
#4099 = VERTEX_POINT ( 'NONE', #8527 ) ;
#4100 = EDGE_CURVE ( 'NONE', #11097, #6671, #10631, .T. ) ;
#4101 = DIRECTION ( 'NONE',  ( 1.000000000000000000, 0.000000000000000000, 0.000000000000000000 ) ) ;
#4102 = DIRECTION ( 'NONE',  ( -0.02639125886120532311, 2.939690163306100134E-27, -0.9996516900679559559 ) ) ;
#4103 = EDGE_LOOP ( 'NONE', ( #4349, #5126 ) ) ;
#4104 = FACE_BOUND ( 'NONE', #8826, .T. ) ;
#4105 = ORIENTED_EDGE ( 'NONE', *, *, #4854, .T. ) ;
#4106 = EDGE_LOOP ( 'NONE', ( #4719, #6571 ) ) ;
#4107 = VERTEX_POINT ( 'NONE', #45 ) ;
#4108 = EDGE_CURVE ( 'NONE', #9201, #2855, #2637, .T. ) ;
#4109 =( NAMED_UNIT ( * ) PLANE_ANGLE_UNIT ( ) SI_UNIT ( $, .RADIAN. ) );
#4110 = ORIENTED_EDGE ( 'NONE', *, *, #5648, .F. ) ;
#4111 = LINE ( 'NONE', #6019, #10948 ) ;
#4112 = ORIENTED_EDGE ( 'NONE', *, *, #8369, .F. ) ;
#4113 = DIRECTION ( 'NONE',  ( -0.9996516900655898485, 7.760419155111705878E-29, -0.02639125895083413095 ) ) ;
#4114 = DIRECTION ( 'NONE',  ( 1.000000000000000000, -0.000000000000000000, 5.668385775182654990E-15 ) ) ;
#4115 = ADVANCED_FACE ( 'NONE', ( #4259 ), #4474, .F. ) ;
#4116 = VECTOR ( 'NONE', #6337, 1000.000000000000000 ) ;
#4117 = CARTESIAN_POINT ( 'NONE',  ( 1.579485389914891513, 24.50000000000000000, 11.43817605482948530 ) ) ;
#4118 = DIRECTION ( 'NONE',  ( 0.000000000000000000, 0.000000000000000000, -1.000000000000000000 ) ) ;
#4119 = DIRECTION ( 'NONE',  ( 6.900247638363680506E-15, 0.000000000000000000, -1.000000000000000000 ) ) ;
#4120 = CARTESIAN_POINT ( 'NONE',  ( 33.50000000000000000, 5.000000000000000000, 28.99999999999998934 ) ) ;
#4121 = ORIENTED_EDGE ( 'NONE', *, *, #6187, .T. ) ;
#4122 = CARTESIAN_POINT ( 'NONE',  ( -1.500000000000000000, 26.50000000000000000, 7.798321850110734310 ) ) ;
#4123 = EDGE_CURVE ( 'NONE', #2984, #9228, #5777, .T. ) ;
#4124 = VECTOR ( 'NONE', #4469, 1000.000000000000000 ) ;
#4125 = CARTESIAN_POINT ( 'NONE',  ( 2.800000000000000266, -20.91959594928933797, -21.14000000000000767 ) ) ;
#4126 = EDGE_LOOP ( 'NONE', ( #6276, #4194, #6107, #7681, #5487, #5242, #3248, #5922 ) ) ;
#4127 = ORIENTED_EDGE ( 'NONE', *, *, #2882, .F. ) ;
#4128 = CARTESIAN_POINT ( 'NONE',  ( -1.578521094806277114, 24.50000000000000000, 11.44412919867487410 ) ) ;
#4129 = CARTESIAN_POINT ( 'NONE',  ( 14.50000000000024869, 25.00000000000010658, 19.36521081018125656 ) ) ;
#4130 = VERTEX_POINT ( 'NONE', #8637 ) ;
#4131 = DIRECTION ( 'NONE',  ( -1.000000000000000000, -0.000000000000000000, -6.932791564434240106E-15 ) ) ;
#4132 = DIRECTION ( 'NONE',  ( 1.000000000000000000, -2.438088387897967896E-29, 6.982962677686266711E-15 ) ) ;
#4133 = FACE_OUTER_BOUND ( 'NONE', #1039, .T. ) ;
#4134 = PRESENTATION_LAYER_ASSIGNMENT (  '', '', ( #8978 ) ) ;
#4135 = ORIENTED_EDGE ( 'NONE', *, *, #1572, .T. ) ;
#4136 = VERTEX_POINT ( 'NONE', #9712 ) ;
#4137 = EDGE_CURVE ( 'NONE', #1393, #3795, #8972, .T. ) ;
#4138 = DIRECTION ( 'NONE',  ( 0.000000000000000000, 0.000000000000000000, -1.000000000000000000 ) ) ;
#4139 = AXIS2_PLACEMENT_3D ( 'NONE', #7857, #3598, #7022 ) ;
#4140 = FACE_OUTER_BOUND ( 'NONE', #4478, .T. ) ;
#4141 = CARTESIAN_POINT ( 'NONE',  ( -2.461427690470164631, 32.00000000000000000, -0.8810129075138400934 ) ) ;
#4142 = LINE ( 'NONE', #9994, #10970 ) ;
#4143 = DIRECTION ( 'NONE',  ( -1.000000000000000000, 0.000000000000000000, 0.000000000000000000 ) ) ;
#4144 = CARTESIAN_POINT ( 'NONE',  ( 14.27499999999998970, 3.000000000000002665, -21.60000000000000853 ) ) ;
#4145 = LINE ( 'NONE', #9267, #9811 ) ;
#4146 = VECTOR ( 'NONE', #8470, 1000.000000000000000 ) ;
#4147 = DIRECTION ( 'NONE',  ( 1.000000000000000000, 0.000000000000000000, 0.000000000000000000 ) ) ;
#4148 = ORIENTED_EDGE ( 'NONE', *, *, #6547, .T. ) ;
#4149 = CARTESIAN_POINT ( 'NONE',  ( 3.599158056653534388, 32.00000000000000711, 3.363194449977822131 ) ) ;
#4150 = ORIENTED_EDGE ( 'NONE', *, *, #7293, .T. ) ;
#4151 = EDGE_CURVE ( 'NONE', #255, #5386, #9655, .T. ) ;
#4152 = EDGE_CURVE ( 'NONE', #1136, #3517, #8068, .T. ) ;
#4153 = CARTESIAN_POINT ( 'NONE',  ( 2.999999999999999112, 28.49999999999999645, -14.04445395531110385 ) ) ;
#4154 = CARTESIAN_POINT ( 'NONE',  ( -2.460891583455327325, 32.00000000000000711, 6.867161612870140708 ) ) ;
#4155 = DIRECTION ( 'NONE',  ( -0.000000000000000000, -1.000000000000000000, -0.000000000000000000 ) ) ;
#4156 = AXIS2_PLACEMENT_3D ( 'NONE', #3176, #9012, #1480 ) ;
#4157 = ADVANCED_FACE ( 'NONE', ( #9873 ), #6437, .F. ) ;
#4158 = ORIENTED_EDGE ( 'NONE', *, *, #266, .F. ) ;
#4159 = CARTESIAN_POINT ( 'NONE',  ( -20.00000000000000000, -13.00000000000000000, 8.399999999999987921 ) ) ;
#4160 = CARTESIAN_POINT ( 'NONE',  ( 1.224646799147353454E-16, -0.5000000000000000000, -19.43835307503515608 ) ) ;
#4161 = VERTEX_POINT ( 'NONE', #3804 ) ;
#4162 = CARTESIAN_POINT ( 'NONE',  ( -8.743329047513924479, 9.499999999999998224, 7.256070824894444549 ) ) ;
#4163 = AXIS2_PLACEMENT_3D ( 'NONE', #9095, #10836, #7578 ) ;
#4164 = ORIENTED_EDGE ( 'NONE', *, *, #353, .T. ) ;
#4165 = ORIENTED_EDGE ( 'NONE', *, *, #816, .T. ) ;
#4166 = EDGE_CURVE ( 'NONE', #1998, #8449, #7228, .T. ) ;
#4167 = EDGE_LOOP ( 'NONE', ( #3078, #1272, #5600, #8465 ) ) ;
#4168 = CARTESIAN_POINT ( 'NONE',  ( 0.000000000000000000, 0.000000000000000000, 0.000000000000000000 ) ) ;
#4169 = DIRECTION ( 'NONE',  ( -1.000000000000000000, 0.000000000000000000, 0.000000000000000000 ) ) ;
#4170 = ORIENTED_EDGE ( 'NONE', *, *, #7519, .F. ) ;
#4171 = DIRECTION ( 'NONE',  ( 0.000000000000000000, 1.000000000000000000, 3.491481338843133355E-15 ) ) ;
#4172 = AXIS2_PLACEMENT_3D ( 'NONE', #4191, #3363, #6781 ) ;
#4173 = CARTESIAN_POINT ( 'NONE',  ( -2.249903526357135863, 32.00000000000000000, -4.500214463258193298 ) ) ;
#4174 = DIRECTION ( 'NONE',  ( -2.168404344971008868E-17, -0.000000000000000000, -1.000000000000000000 ) ) ;
#4175 = FACE_OUTER_BOUND ( 'NONE', #80, .T. ) ;
#4176 = FACE_OUTER_BOUND ( 'NONE', #2308, .T. ) ;
#4177 = ORIENTED_EDGE ( 'NONE', *, *, #3703, .T. ) ;
#4178 = DIRECTION ( 'NONE',  ( 0.000000000000000000, 0.000000000000000000, 1.000000000000000000 ) ) ;
#4179 = EDGE_CURVE ( 'NONE', #4183, #6637, #6271, .T. ) ;
#4180 = VECTOR ( 'NONE', #1347, 1000.000000000000000 ) ;
#4181 = CARTESIAN_POINT ( 'NONE',  ( 14.09999999999999432, -11.50000000000000000, -16.60000000000000142 ) ) ;
#4182 = EDGE_LOOP ( 'NONE', ( #9825, #678 ) ) ;
#4183 = VERTEX_POINT ( 'NONE', #422 ) ;
#4184 = CARTESIAN_POINT ( 'NONE',  ( -14.99999999999999645, 0.5000000000000000000, -21.60000000000001208 ) ) ;
#4185 = DIRECTION ( 'NONE',  ( 0.000000000000000000, -1.000000000000000000, 0.000000000000000000 ) ) ;
#4186 = ORIENTED_EDGE ( 'NONE', *, *, #3471, .T. ) ;
#4187 = FACE_BOUND ( 'NONE', #2758, .T. ) ;
#4188 = DIRECTION ( 'NONE',  ( 0.000000000000000000, 0.000000000000000000, -1.000000000000000000 ) ) ;
#4189 = ADVANCED_FACE ( 'NONE', ( #209 ), #5480, .T. ) ;
#4190 = VECTOR ( 'NONE', #10221, 1000.000000000000000 ) ;
#4191 = CARTESIAN_POINT ( 'NONE',  ( 15.09999999999999609, -5.500000000000000000, -16.60000000000000142 ) ) ;
#4192 = ORIENTED_EDGE ( 'NONE', *, *, #5270, .T. ) ;
#4193 = ADVANCED_FACE ( 'NONE', ( #3856 ), #5589, .F. ) ;
#4194 = ORIENTED_EDGE ( 'NONE', *, *, #1613, .F. ) ;
#4195 = PLANE ( 'NONE',  #625 ) ;
#4196 = VECTOR ( 'NONE', #7150, 1000.000000000000000 ) ;
#4197 = CARTESIAN_POINT ( 'NONE',  ( 7.599667529665836696, 25.00000000000008527, 25.49999999999951328 ) ) ;
#4198 = DIRECTION ( 'NONE',  ( -7.249116767772138804E-15, 0.000000000000000000, 1.000000000000000000 ) ) ;
#4199 = DIRECTION ( 'NONE',  ( 0.000000000000000000, 0.000000000000000000, -1.000000000000000000 ) ) ;
#4200 = LINE ( 'NONE', #7576, #103 ) ;
#4201 = PLANE ( 'NONE',  #4163 ) ;
#4202 = DIRECTION ( 'NONE',  ( -1.000000000000000000, -0.000000000000000000, -0.000000000000000000 ) ) ;
#4203 = EDGE_CURVE ( 'NONE', #8820, #8613, #2020, .T. ) ;
#4204 = AXIS2_PLACEMENT_3D ( 'NONE', #1350, #3273, #2318 ) ;
#4205 = DIRECTION ( 'NONE',  ( 0.000000000000000000, 0.000000000000000000, -1.000000000000000000 ) ) ;
#4206 = ORIENTED_EDGE ( 'NONE', *, *, #5822, .F. ) ;
#4207 = CARTESIAN_POINT ( 'NONE',  ( 3.599158056653548154, 24.50000000000000000, 1.758059867859545600 ) ) ;
#4208 = ORIENTED_EDGE ( 'NONE', *, *, #6063, .F. ) ;
#4209 = CARTESIAN_POINT ( 'NONE',  ( 25.00000000000000000, 5.000000000000000000, -29.00000000000000355 ) ) ;
#4210 = PLANE ( 'NONE',  #8732 ) ;
#4211 = CARTESIAN_POINT ( 'NONE',  ( 8.869658908818193410, 23.00000000000000000, 17.83061455561480457 ) ) ;
#4212 = ORIENTED_EDGE ( 'NONE', *, *, #10541, .F. ) ;
#4213 = CARTESIAN_POINT ( 'NONE',  ( -14.78197023625350148, 10.50999999999999091, 24.33278622154344717 ) ) ;
#4214 = EDGE_CURVE ( 'NONE', #10432, #4099, #1140, .T. ) ;
#4215 = EDGE_CURVE ( 'NONE', #5702, #9059, #2183, .T. ) ;
#4216 = LINE ( 'NONE', #8380, #6879 ) ;
#4217 = ORIENTED_EDGE ( 'NONE', *, *, #9828, .T. ) ;
#4218 = FACE_OUTER_BOUND ( 'NONE', #9835, .T. ) ;
#4219 = ORIENTED_EDGE ( 'NONE', *, *, #5178, .F. ) ;
#4220 = ORIENTED_EDGE ( 'NONE', *, *, #3958, .F. ) ;
#4221 = ORIENTED_EDGE ( 'NONE', *, *, #5198, .F. ) ;
#4222 =( LENGTH_UNIT ( ) NAMED_UNIT ( * ) SI_UNIT ( .MILLI., .METRE. ) );
#4223 = PLANE ( 'NONE',  #9534 ) ;
#4224 = ORIENTED_EDGE ( 'NONE', *, *, #11072, .F. ) ;
#4225 =( NAMED_UNIT ( * ) SI_UNIT ( $, .STERADIAN. ) SOLID_ANGLE_UNIT ( ) );
#4226 = FACE_OUTER_BOUND ( 'NONE', #8739, .T. ) ;
#4227 = AXIS2_PLACEMENT_3D ( 'NONE', #329, #3657, #3761 ) ;
#4228 = AXIS2_PLACEMENT_3D ( 'NONE', #4088, #770, #1388 ) ;
#4229 = CARTESIAN_POINT ( 'NONE',  ( -14.99999999999995737, 0.5000000000000000000, -26.80000000000001137 ) ) ;
#4230 = LINE ( 'NONE', #3509, #8285 ) ;
#4231 = ADVANCED_FACE ( 'NONE', ( #8916 ), #7903, .T. ) ;
#4232 = DIRECTION ( 'NONE',  ( 0.000000000000000000, 0.000000000000000000, 1.000000000000000000 ) ) ;
#4233 = DIRECTION ( 'NONE',  ( -0.000000000000000000, -1.000000000000000000, -0.000000000000000000 ) ) ;
#4234 = ORIENTED_EDGE ( 'NONE', *, *, #8183, .T. ) ;
#4235 = LINE ( 'NONE', #7717, #4721 ) ;
#4236 = DIRECTION ( 'NONE',  ( -0.000000000000000000, 1.000000000000000000, -0.000000000000000000 ) ) ;
#4237 = AXIS2_PLACEMENT_3D ( 'NONE', #3374, #6791, #10165 ) ;
#4238 = VECTOR ( 'NONE', #9489, 1000.000000000000000 ) ;
#4239 = ORIENTED_EDGE ( 'NONE', *, *, #4929, .F. ) ;
#4240 = ORIENTED_EDGE ( 'NONE', *, *, #4108, .T. ) ;
#4241 = CARTESIAN_POINT ( 'NONE',  ( -13.50043034469988434, 23.00000000000000000, 12.01317212208040530 ) ) ;
#4242 = CARTESIAN_POINT ( 'NONE',  ( -20.00000000000000000, 0.000000000000000000, 8.399999999999987921 ) ) ;
#4243 = PLANE ( 'NONE',  #3353 ) ;
#4244 = CARTESIAN_POINT ( 'NONE',  ( 0.000000000000000000, -2.999999999999999112, 18.33801126270789084 ) ) ;
#4245 = EDGE_CURVE ( 'NONE', #650, #4490, #1961, .T. ) ;
#4246 = AXIS2_PLACEMENT_3D ( 'NONE', #6247, #183, #7879 ) ;
#4247 = FACE_OUTER_BOUND ( 'NONE', #9226, .T. ) ;
#4248 = CIRCLE ( 'NONE', #628, 8.499999999999992895 ) ;
#4249 = ORIENTED_EDGE ( 'NONE', *, *, #9392, .T. ) ;
#4250 = ORIENTED_EDGE ( 'NONE', *, *, #5178, .T. ) ;
#4251 = PLANE ( 'NONE',  #5832 ) ;
#4252 = EDGE_CURVE ( 'NONE', #10688, #3941, #7961, .T. ) ;
#4253 = AXIS2_PLACEMENT_3D ( 'NONE', #3609, #1925, #10406 ) ;
#4254 = LINE ( 'NONE', #7683, #1632 ) ;
#4255 = CARTESIAN_POINT ( 'NONE',  ( 2.999999999999982236, -5.500000000000000000, -0.4050000000000142930 ) ) ;
#4256 = DIRECTION ( 'NONE',  ( -0.000000000000000000, -0.000000000000000000, 1.000000000000000000 ) ) ;
#4257 = FACE_OUTER_BOUND ( 'NONE', #560, .T. ) ;
#4258 = EDGE_CURVE ( 'NONE', #3541, #3105, #7449, .T. ) ;
#4259 = FACE_OUTER_BOUND ( 'NONE', #7484, .T. ) ;
#4260 = DIRECTION ( 'NONE',  ( -0.000000000000000000, 1.000000000000000000, -0.000000000000000000 ) ) ;
#4261 = LINE ( 'NONE', #2529, #9404 ) ;
#4262 = ORIENTED_EDGE ( 'NONE', *, *, #7624, .F. ) ;
#4263 = CARTESIAN_POINT ( 'NONE',  ( 3.599158056653548154, 32.00000000000001421, 1.758059867859572023 ) ) ;
#4264 = VECTOR ( 'NONE', #52, 1000.000000000000000 ) ;
#4265 = ORIENTED_EDGE ( 'NONE', *, *, #8767, .F. ) ;
#4266 = CARTESIAN_POINT ( 'NONE',  ( -2.020472303163519445, 24.50000000000000355, 11.12481310739743989 ) ) ;
#4267 = EDGE_CURVE ( 'NONE', #8782, #3260, #7392, .T. ) ;
#4268 = CARTESIAN_POINT ( 'NONE',  ( -19.81171673543281031, 23.00000000000000000, 12.01317212208040708 ) ) ;
#4269 = DIRECTION ( 'NONE',  ( -1.000000000000000000, 0.000000000000000000, -0.000000000000000000 ) ) ;
#4270 = PLANE ( 'NONE',  #3341 ) ;
#4271 = CLOSED_SHELL ( 'NONE', ( #3119, #5759, #7645, #2035, #7675, #5611, #10842, #7966, #328, #4782, #5108, #1194, #8816, #7667, #10905, #4532, #2372, #3684, #10018, #4294, #750, #5877, #7794, #2099, #9613, #5074, #2022, #1129, #8405, #34, #2247, #8377, #3980, #8965, #9475, #2404, #824, #4675, #10779, #11035, #8744 ) ) ;
#4272 = CARTESIAN_POINT ( 'NONE',  ( -3.000000000000016875, -13.99999999999999822, 7.559999999999986287 ) ) ;
#4273 = ORIENTED_EDGE ( 'NONE', *, *, #5463, .F. ) ;
#4274 = CARTESIAN_POINT ( 'NONE',  ( -3.897126922361618284, 10.50999999999999091, 6.750748237094362558 ) ) ;
#4275 = ORIENTED_EDGE ( 'NONE', *, *, #8742, .F. ) ;
#4276 = ORIENTED_EDGE ( 'NONE', *, *, #105, .T. ) ;
#4277 = ORIENTED_EDGE ( 'NONE', *, *, #8296, .T. ) ;
#4278 =( NAMED_UNIT ( * ) SI_UNIT ( $, .STERADIAN. ) SOLID_ANGLE_UNIT ( ) );
#4279 = EDGE_CURVE ( 'NONE', #2615, #6540, #10827, .T. ) ;
#4280 = CARTESIAN_POINT ( 'NONE',  ( -8.743329047513924479, 28.49999999999999645, 7.256070824894444549 ) ) ;
#4281 = ADVANCED_FACE ( 'NONE', ( #4133 ), #10936, .F. ) ;
#4282 = VERTEX_POINT ( 'NONE', #6548 ) ;
#4283 = DIRECTION ( 'NONE',  ( 0.000000000000000000, 0.000000000000000000, -1.000000000000000000 ) ) ;
#4284 = CARTESIAN_POINT ( 'NONE',  ( 11.09999999999999076, 31.50000000000000000, -19.60000000000000497 ) ) ;
#4285 = DIRECTION ( 'NONE',  ( 1.310214105722663983E-16, 0.000000000000000000, -1.000000000000000000 ) ) ;
#4286 = B_SPLINE_SURFACE_WITH_KNOTS ( 'NONE', 2, 1, ( 
 ( #10658, #1153 ),
 ( #8797, #10494 ),
 ( #2967, #9706 ) ),
 .UNSPECIFIED., .F., .F., .F.,
 ( 3, 3 ),
 ( 2, 2 ),
 ( 0.4996092373326300184, 0.5000455564054371305 ),
 ( 0.000000000000000000, 1.000000000000000000 ),
 .UNSPECIFIED. ) ;
#4287 = CARTESIAN_POINT ( 'NONE',  ( 14.79276182858165534, 24.99999999999999645, 0.000000000000000000 ) ) ;
#4288 = CARTESIAN_POINT ( 'NONE',  ( -33.50000000000000000, 19.50000000000000355, 23.86623553487585525 ) ) ;
#4289 = ORIENTED_EDGE ( 'NONE', *, *, #4123, .T. ) ;
#4290 = DIRECTION ( 'NONE',  ( -1.000000000000000000, 0.000000000000000000, -0.000000000000000000 ) ) ;
#4291 = CARTESIAN_POINT ( 'NONE',  ( -12.05359021688597032, 23.00000000000000000, 19.36521081018108248 ) ) ;
#4292 = ORIENTED_EDGE ( 'NONE', *, *, #867, .F. ) ;
#4293 = EDGE_CURVE ( 'NONE', #7757, #9798, #646, .T. ) ;
#4294 = ADVANCED_FACE ( 'NONE', ( #9983 ), #4912, .F. ) ;
#4295 = VECTOR ( 'NONE', #9319, 1000.000000000000000 ) ;
#4296 = VERTEX_POINT ( 'NONE', #9926 ) ;
#4297 = DIRECTION ( 'NONE',  ( 1.000000000000000000, -1.318503921650895496E-37, 4.483001173306441131E-11 ) ) ;
#4298 = DIRECTION ( 'NONE',  ( 1.000000000000000000, -0.000000000000000000, 6.033511238739842304E-15 ) ) ;
#4299 = CARTESIAN_POINT ( 'NONE',  ( 11.06394789039919679, 32.00000000000000000, 18.55733591889015699 ) ) ;
#4300 =( NAMED_UNIT ( * ) SI_UNIT ( $, .STERADIAN. ) SOLID_ANGLE_UNIT ( ) );
#4301 = DIRECTION ( 'NONE',  ( 0.000000000000000000, -1.000000000000000000, 0.000000000000000000 ) ) ;
#4302 = VECTOR ( 'NONE', #6898, 1000.000000000000000 ) ;
#4303 = VERTEX_POINT ( 'NONE', #9082 ) ;
#4304 = EDGE_LOOP ( 'NONE', ( #10623, #9291, #7775, #8265 ) ) ;
#4305 = ADVANCED_FACE ( 'NONE', ( #4855 ), #2293, .F. ) ;
#4306 = DIRECTION ( 'NONE',  ( 0.05267505409090383200, -2.936929150137827310E-27, 0.9986117056576697681 ) ) ;
#4307 = LINE ( 'NONE', #7736, #7008 ) ;
#4308 = LINE ( 'NONE', #11112, #4295 ) ;
#4309 = VECTOR ( 'NONE', #7724, 1000.000000000000000 ) ;
#4310 = LINE ( 'NONE', #2018, #1273 ) ;
#4311 = LINE ( 'NONE', #2692, #1559 ) ;
#4312 = CARTESIAN_POINT ( 'NONE',  ( 4.252031129529060927, 10.50999999999999091, 6.750748237459688106 ) ) ;
#4313 = ADVANCED_FACE ( 'NONE', ( #8235, #4741 ), #2238, .T. ) ;
#4314 = ORIENTED_EDGE ( 'NONE', *, *, #3445, .F. ) ;
#4315 = AXIS2_PLACEMENT_3D ( 'NONE', #8107, #2841, #9692 ) ;
#4316 = VECTOR ( 'NONE', #3470, 1000.000000000000000 ) ;
#4317 = ORIENTED_EDGE ( 'NONE', *, *, #5516, .F. ) ;
#4318 = EDGE_CURVE ( 'NONE', #5234, #8821, #8352, .T. ) ;
#4319 = PLANE ( 'NONE',  #3141 ) ;
#4320 = ORIENTED_EDGE ( 'NONE', *, *, #6242, .T. ) ;
#4321 = CARTESIAN_POINT ( 'NONE',  ( -8.871527771934950124, 28.50000000000000000, 17.83061455812334728 ) ) ;
#4322 = DIRECTION ( 'NONE',  ( 0.000000000000000000, 1.000000000000000000, 0.000000000000000000 ) ) ;
#4323 = AXIS2_PLACEMENT_3D ( 'NONE', #2613, #77, #6032 ) ;
#4324 = CARTESIAN_POINT ( 'NONE',  ( -1.579312265382276204, 32.00000000000000000, 11.45930405883267866 ) ) ;
#4325 = UNCERTAINTY_MEASURE_WITH_UNIT (LENGTH_MEASURE( 1.000000000000000082E-05 ), #4222, 'distance_accuracy_value', 'NONE');
#4326 = ADVANCED_FACE ( 'NONE', ( #8181 ), #5758, .F. ) ;
#4327 = DIRECTION ( 'NONE',  ( 0.000000000000000000, -1.000000000000000000, 0.000000000000000000 ) ) ;
#4328 = ORIENTED_EDGE ( 'NONE', *, *, #9436, .F. ) ;
#4329 = FILL_AREA_STYLE_COLOUR ( '', #9776 ) ;
#4330 = ORIENTED_EDGE ( 'NONE', *, *, #1513, .T. ) ;
#4331 = ORIENTED_EDGE ( 'NONE', *, *, #5419, .F. ) ;
#4332 = CIRCLE ( 'NONE', #553, 20.49999999999999645 ) ;
#4333 = CONTEXT_DEPENDENT_SHAPE_REPRESENTATION ( #8122, #5700 ) ;
#4334 = DIRECTION ( 'NONE',  ( 1.000000000000000000, 0.000000000000000000, 0.000000000000000000 ) ) ;
#4335 = ORIENTED_EDGE ( 'NONE', *, *, #5212, .F. ) ;
#4336 = CARTESIAN_POINT ( 'NONE',  ( -0.2062517664983213872, 24.50000000000000355, 13.05460675838772922 ) ) ;
#4337 = LINE ( 'NONE', #5174, #8914 ) ;
#4338 = CARTESIAN_POINT ( 'NONE',  ( -25.00000000000000711, 2.000000000000000000, -29.00000000000002132 ) ) ;
#4339 = VECTOR ( 'NONE', #6873, 1000.000000000000000 ) ;
#4340 = DIRECTION ( 'NONE',  ( 0.000000000000000000, -0.000000000000000000, 1.000000000000000000 ) ) ;
#4341 = DIRECTION ( 'NONE',  ( 1.000000000000000000, -1.318503921650895287E-37, 4.483001173306440485E-11 ) ) ;
#4342 = EDGE_CURVE ( 'NONE', #8875, #8070, #8293, .T. ) ;
#4343 = ORIENTED_EDGE ( 'NONE', *, *, #5294, .F. ) ;
#4344 = DIRECTION ( 'NONE',  ( 0.000000000000000000, 1.000000000000000000, 3.491481338843133355E-15 ) ) ;
#4345 = CARTESIAN_POINT ( 'NONE',  ( -3.601026911978598921, 24.50000000000000355, 1.948836895095392041 ) ) ;
#4346 = PLANE ( 'NONE',  #10354 ) ;
#4347 = ORIENTED_EDGE ( 'NONE', *, *, #1865, .T. ) ;
#4348 = AXIS2_PLACEMENT_3D ( 'NONE', #992, #6957, #10387 ) ;
#4349 = ORIENTED_EDGE ( 'NONE', *, *, #10913, .F. ) ;
#4350 = DIRECTION ( 'NONE',  ( 0.000000000000000000, 0.000000000000000000, 1.000000000000000000 ) ) ;
#4351 = VECTOR ( 'NONE', #3195, 1000.000000000000000 ) ;
#4352 = DIRECTION ( 'NONE',  ( -1.000000000000000000, 0.000000000000000000, -0.000000000000000000 ) ) ;
#4353 = DIRECTION ( 'NONE',  ( 0.000000000000000000, -2.940873454663932011E-27, 1.000000000000000000 ) ) ;
#4354 = LINE ( 'NONE', #6886, #15 ) ;
#4355 = LINE ( 'NONE', #9370, #8482 ) ;
#4356 = EDGE_CURVE ( 'NONE', #286, #11012, #3190, .T. ) ;
#4357 = EDGE_CURVE ( 'NONE', #898, #1853, #2460, .T. ) ;
#4358 = VERTEX_POINT ( 'NONE', #10095 ) ;
#4359 = VECTOR ( 'NONE', #11106, 1000.000000000000000 ) ;
#4360 = ORIENTED_EDGE ( 'NONE', *, *, #2202, .F. ) ;
#4361 = EDGE_CURVE ( 'NONE', #10695, #2639, #2406, .T. ) ;
#4362 = VERTEX_POINT ( 'NONE', #3909 ) ;
#4363 = CARTESIAN_POINT ( 'NONE',  ( -2.920273333322620068, 32.00000000000000711, 9.811032877130706709 ) ) ;
#4364 = CARTESIAN_POINT ( 'NONE',  ( 4.219146220329037966, 26.50000000000000000, 23.06569260839445334 ) ) ;
#4365 = DIRECTION ( 'NONE',  ( 1.000000000000000000, 0.000000000000000000, 0.000000000000000000 ) ) ;
#4366 = VECTOR ( 'NONE', #5915, 1000.000000000000000 ) ;
#4367 = DIRECTION ( 'NONE',  ( -0.000000000000000000, -1.000000000000000000, -0.000000000000000000 ) ) ;
#4368 = CARTESIAN_POINT ( 'NONE',  ( 3.599158056653547710, 32.00000000000000711, 1.948720518691894110 ) ) ;
#4369 = DIRECTION ( 'NONE',  ( 0.000000000000000000, -1.000000000000000000, 0.000000000000000000 ) ) ;
#4370 = SHAPE_REPRESENTATION ( 'Back Part 1', ( #1005 ), #474 ) ;
#4371 = EDGE_CURVE ( 'NONE', #5194, #9914, #8409, .T. ) ;
#4372 = VERTEX_POINT ( 'NONE', #7333 ) ;
#4373 = AXIS2_PLACEMENT_3D ( 'NONE', #8366, #5946, #6620 ) ;
#4374 = VERTEX_POINT ( 'NONE', #10770 ) ;
#4375 = CARTESIAN_POINT ( 'NONE',  ( -33.50000000000000000, 10.49999999999999112, 13.24999999999995204 ) ) ;
#4376 = VERTEX_POINT ( 'NONE', #5641 ) ;
#4377 = CARTESIAN_POINT ( 'NONE',  ( 8.374824250234464529, 24.50000000000000000, 13.67730034089338531 ) ) ;
#4378 = LINE ( 'NONE', #11074, #166 ) ;
#4379 = AXIS2_PLACEMENT_3D ( 'NONE', #7382, #8283, #4843 ) ;
#4380 = PLANE ( 'NONE',  #9799 ) ;
#4381 = EDGE_CURVE ( 'NONE', #5017, #820, #7623, .T. ) ;
#4382 = FACE_OUTER_BOUND ( 'NONE', #398, .T. ) ;
#4383 = ORIENTED_EDGE ( 'NONE', *, *, #5898, .T. ) ;
#4384 = CARTESIAN_POINT ( 'NONE',  ( -19.81171673543281031, 24.50000000000000000, 15.53801126270789190 ) ) ;
#4385 = ORIENTED_EDGE ( 'NONE', *, *, #6143, .T. ) ;
#4386 = ORIENTED_EDGE ( 'NONE', *, *, #2575, .F. ) ;
#4387 = APPLICATION_PROTOCOL_DEFINITION ( 'draft international standard', 'automotive_design', 1998, #2538 ) ;
#4388 = DIRECTION ( 'NONE',  ( 1.000000000000000000, 0.000000000000000000, -0.000000000000000000 ) ) ;
#4389 = EDGE_CURVE ( 'NONE', #2281, #846, #2204, .T. ) ;
#4390 = ORIENTED_EDGE ( 'NONE', *, *, #8010, .F. ) ;
#4391 = CARTESIAN_POINT ( 'NONE',  ( -7.601536384991169903, 25.00000000000011013, 18.11989491965040244 ) ) ;
#4392 = CARTESIAN_POINT ( 'NONE',  ( -2.249903526357163841, 25.00000000000017764, -1.050058994014418934 ) ) ;
#4393 = LINE ( 'NONE', #121, #5055 ) ;
#4394 = B_SPLINE_CURVE_WITH_KNOTS ( 'NONE', 3,
 ( #8844, #6424, #10591, #5575, #5405, #6370, #2005, #1948, #8957, #3687, #9013, #4625, #3630, #7053, #8003, #10484 ),
 .UNSPECIFIED., .F., .F.,
 ( 4, 2, 2, 2, 2, 2, 2, 4 ),
 ( 0.000000000000000000, 0.0009303234999038462270, 0.001395485249855769449, 0.001860646999807692888, 0.002325808749759616326, 0.002790970499711539331, 0.003256132249663462770, 0.003721293999615385775 ),
 .UNSPECIFIED. ) ;
#4395 = EDGE_CURVE ( 'NONE', #3767, #7964, #1780, .T. ) ;
#4396 = LINE ( 'NONE', #10361, #8668 ) ;
#4397 = ORIENTED_EDGE ( 'NONE', *, *, #3087, .F. ) ;
#4398 = CARTESIAN_POINT ( 'NONE',  ( -33.50000000000000000, 2.000000000000001776, -29.00000000000001776 ) ) ;
#4399 = CARTESIAN_POINT ( 'NONE',  ( -13.37439034799843540, 10.50999999999999091, 16.09894341631909853 ) ) ;
#4400 = DIRECTION ( 'NONE',  ( 0.000000000000000000, 0.000000000000000000, -1.000000000000000000 ) ) ;
#4401 = ORIENTED_EDGE ( 'NONE', *, *, #7063, .F. ) ;
#4402 = VECTOR ( 'NONE', #4831, 1000.000000000000000 ) ;
#4403 = VECTOR ( 'NONE', #6561, 1000.000000000000000 ) ;
#4404 = VERTEX_POINT ( 'NONE', #8677 ) ;
#4405 = CARTESIAN_POINT ( 'NONE',  ( 2.999999999999982236, -11.50000000000000000, -0.4050000000000142930 ) ) ;
#4406 = CARTESIAN_POINT ( 'NONE',  ( 20.00000000000000000, 0.000000000000000000, 8.399999999999987921 ) ) ;
#4407 = PLANE ( 'NONE',  #8182 ) ;
#4408 = CARTESIAN_POINT ( 'NONE',  ( 6.346119218776774318, 9.499999999999998224, 11.64859530943569332 ) ) ;
#4409 = PLANE ( 'NONE',  #6328 ) ;
#4410 = ORIENTED_EDGE ( 'NONE', *, *, #4252, .T. ) ;
#4411 = AXIS2_PLACEMENT_3D ( 'NONE', #5049, #4991, #5665 ) ;
#4412 = VECTOR ( 'NONE', #10808, 1000.000000000000000 ) ;
#4413 = ORIENTED_EDGE ( 'NONE', *, *, #4640, .F. ) ;
#4414 = VERTEX_POINT ( 'NONE', #1834 ) ;
#4415 = DIRECTION ( 'NONE',  ( 0.000000000000000000, 0.000000000000000000, -1.000000000000000000 ) ) ;
#4416 = EDGE_CURVE ( 'NONE', #5168, #5289, #33, .T. ) ;
#4417 = PLANE ( 'NONE',  #721 ) ;
#4418 = EDGE_CURVE ( 'NONE', #6121, #4833, #7678, .T. ) ;
#4419 = DIRECTION ( 'NONE',  ( 0.000000000000000000, 0.000000000000000000, -1.000000000000000000 ) ) ;
#4420 = EDGE_LOOP ( 'NONE', ( #2543, #1718, #7716, #8949 ) ) ;
#4421 = DIRECTION ( 'NONE',  ( 0.000000000000000000, 0.000000000000000000, 1.000000000000000000 ) ) ;
#4422 = VECTOR ( 'NONE', #7846, 1000.000000000000000 ) ;
#4423 = DIRECTION ( 'NONE',  ( -1.000000000000000000, 0.000000000000000000, 0.000000000000000000 ) ) ;
#4424 = FACE_BOUND ( 'NONE', #10988, .T. ) ;
#4425 = VERTEX_POINT ( 'NONE', #5241 ) ;
#4426 = EDGE_LOOP ( 'NONE', ( #10347, #1123, #982, #11094 ) ) ;
#4427 = PLANE ( 'NONE',  #1523 ) ;
#4428 = ORIENTED_EDGE ( 'NONE', *, *, #10374, .T. ) ;
#4429 = DIRECTION ( 'NONE',  ( 1.000000000000000000, 0.000000000000000000, -1.084202172485504187E-16 ) ) ;
#4430 = EDGE_CURVE ( 'NONE', #9900, #2491, #1846, .T. ) ;
#4431 = CARTESIAN_POINT ( 'NONE',  ( 25.00000000000000711, 0.000000000000000000, -38.25000000000002132 ) ) ;
#4432 = CARTESIAN_POINT ( 'NONE',  ( -2.674958789255511782, 32.00000000000000000, 4.176299766624468113 ) ) ;
#4433 = CARTESIAN_POINT ( 'NONE',  ( -25.00000000000000000, 3.000000000000000000, -29.00000000000000355 ) ) ;
#4434 = LINE ( 'NONE', #6969, #1134 ) ;
#4435 = VERTEX_POINT ( 'NONE', #10265 ) ;
#4436 = DIRECTION ( 'NONE',  ( -0.000000000000000000, -0.000000000000000000, 1.000000000000000000 ) ) ;
#4437 = VERTEX_POINT ( 'NONE', #9478 ) ;
#4438 = EDGE_LOOP ( 'NONE', ( #5538, #5526, #1383, #4992 ) ) ;
#4439 = CARTESIAN_POINT ( 'NONE',  ( -25.50000000000000355, 19.50000000000000355, 19.86623553487585170 ) ) ;
#4440 = EDGE_CURVE ( 'NONE', #2629, #9029, #5985, .T. ) ;
#4441 = EDGE_LOOP ( 'NONE', ( #10364, #9054, #7565, #3212 ) ) ;
#4442 = CARTESIAN_POINT ( 'NONE',  ( -25.00000000000000711, 0.000000000000000000, 28.99999999999997158 ) ) ;
#4443 = AXIS2_PLACEMENT_3D ( 'NONE', #5554, #3875, #388 ) ;
#4444 = PLANE ( 'NONE',  #9989 ) ;
#4445 = LINE ( 'NONE', #3671, #1466 ) ;
#4446 = CARTESIAN_POINT ( 'NONE',  ( 13.38518194069569134, 10.50999999999999091, 19.09402330482620513 ) ) ;
#4447 = ORIENTED_EDGE ( 'NONE', *, *, #11099, .T. ) ;
#4448 = CARTESIAN_POINT ( 'NONE',  ( -2.000000000000016875, -13.00000000000000000, 6.559999999999986287 ) ) ;
#4449 = PRODUCT_DEFINITION ( 'UNKNOWN', '', #8735, #1858 ) ;
#4450 = CARTESIAN_POINT ( 'NONE',  ( 7.099999999999996092, -5.500000000000000000, -16.60000000000000142 ) ) ;
#4451 = LINE ( 'NONE', #2838, #9818 ) ;
#4452 = VERTEX_POINT ( 'NONE', #6089 ) ;
#4453 = EDGE_CURVE ( 'NONE', #3076, #7638, #6945, .T. ) ;
#4454 = VERTEX_POINT ( 'NONE', #5190 ) ;
#4455 = CARTESIAN_POINT ( 'NONE',  ( 25.00000000000000000, 5.000000000000000000, 38.24999999999999289 ) ) ;
#4456 = PLANE ( 'NONE',  #8603 ) ;
#4457 = DIRECTION ( 'NONE',  ( -0.000000000000000000, -1.000000000000000000, -0.000000000000000000 ) ) ;
#4458 = FACE_OUTER_BOUND ( 'NONE', #5933, .T. ) ;
#4459 = DIRECTION ( 'NONE',  ( 0.000000000000000000, 0.000000000000000000, -1.000000000000000000 ) ) ;
#4460 = DIRECTION ( 'NONE',  ( 0.000000000000000000, 0.000000000000000000, -1.000000000000000000 ) ) ;
#4461 = ORIENTED_EDGE ( 'NONE', *, *, #1504, .F. ) ;
#4462 = LINE ( 'NONE', #2362, #3488 ) ;
#4463 = ADVANCED_FACE ( 'NONE', ( #8623 ), #4409, .F. ) ;
#4464 = ORIENTED_EDGE ( 'NONE', *, *, #5745, .F. ) ;
#4465 = EDGE_LOOP ( 'NONE', ( #10612, #7957, #2944, #4105 ) ) ;
#4466 = CARTESIAN_POINT ( 'NONE',  ( -15.00000000000000000, 0.000000000000000000, -21.60000000000000853 ) ) ;
#4467 = AXIS2_PLACEMENT_3D ( 'NONE', #1341, #8143, #6402 ) ;
#4468 = CARTESIAN_POINT ( 'NONE',  ( 2.652452990661186671, 24.50000000000001066, -0.6878340573164112293 ) ) ;
#4469 = DIRECTION ( 'NONE',  ( 1.000000000000000000, 0.000000000000000000, 0.000000000000000000 ) ) ;
#4470 = ORIENTED_EDGE ( 'NONE', *, *, #2478, .F. ) ;
#4471 = DIRECTION ( 'NONE',  ( -0.000000000000000000, 1.000000000000000000, -0.000000000000000000 ) ) ;
#4472 = CARTESIAN_POINT ( 'NONE',  ( -3.601026911978597145, 32.00000000000000000, 1.758059867859523395 ) ) ;
#4473 = AXIS2_PLACEMENT_3D ( 'NONE', #2084, #430, #5490 ) ;
#4474 = CYLINDRICAL_SURFACE ( 'NONE', #7931, 8.999999999999998224 ) ;
#4475 = EDGE_CURVE ( 'NONE', #5789, #3068, #11049, .T. ) ;
#4476 = ORIENTED_EDGE ( 'NONE', *, *, #8289, .T. ) ;
#4477 = VECTOR ( 'NONE', #10407, 1000.000000000000000 ) ;
#4478 = EDGE_LOOP ( 'NONE', ( #1499, #4083, #5109, #8862 ) ) ;
#4479 = CARTESIAN_POINT ( 'NONE',  ( 33.50000000000000000, 2.000000000000001776, 28.99999999999997158 ) ) ;
#4480 = VECTOR ( 'NONE', #9135, 1000.000000000000000 ) ;
#4481 = ORIENTED_EDGE ( 'NONE', *, *, #2484, .F. ) ;
#4482 = CARTESIAN_POINT ( 'NONE',  ( -2.000000000000016875, -13.00000000000000000, 6.559999999999986287 ) ) ;
#4483 = LINE ( 'NONE', #7911, #9682 ) ;
#4484 = CARTESIAN_POINT ( 'NONE',  ( -10.26147307730576586, 23.00000000000000000, 18.29275258562278950 ) ) ;
#4485 = DIRECTION ( 'NONE',  ( 0.000000000000000000, 0.000000000000000000, -1.000000000000000000 ) ) ;
#4486 = CIRCLE ( 'NONE', #1804, 1.500000000000001332 ) ;
#4487 = DIRECTION ( 'NONE',  ( 0.000000000000000000, 0.000000000000000000, -1.000000000000000000 ) ) ;
#4488 = VECTOR ( 'NONE', #10825, 1000.000000000000000 ) ;
#4489 = EDGE_CURVE ( 'NONE', #5466, #6738, #4355, .T. ) ;
#4490 = VERTEX_POINT ( 'NONE', #6147 ) ;
#4491 = EDGE_CURVE ( 'NONE', #1060, #10116, #7783, .T. ) ;
#4492 = CARTESIAN_POINT ( 'NONE',  ( -2.999999999999999112, 9.499999999999998224, 15.53801126270789190 ) ) ;
#4493 = ORIENTED_EDGE ( 'NONE', *, *, #3145, .T. ) ;
#4494 = ORIENTED_EDGE ( 'NONE', *, *, #2836, .F. ) ;
#4495 = DIRECTION ( 'NONE',  ( 0.000000000000000000, 0.000000000000000000, 1.000000000000000000 ) ) ;
#4496 = ADVANCED_FACE ( 'NONE', ( #8462 ), #761, .F. ) ;
#4497 = CARTESIAN_POINT ( 'NONE',  ( 0.000000000000000000, 29.50000000000000000, -18.04445395531110563 ) ) ;
#4498 = EDGE_LOOP ( 'NONE', ( #3632, #1514, #10225, #9726 ) ) ;
#4499 = CARTESIAN_POINT ( 'NONE',  ( 13.49999999999999822, 0.5000000000000000000, 6.899999999999990585 ) ) ;
#4500 = CARTESIAN_POINT ( 'NONE',  ( -1.500000000000000222, 10.50999999999999091, -2.201678149889266134 ) ) ;
#4501 = DIRECTION ( 'NONE',  ( 0.000000000000000000, 1.000000000000000000, -0.000000000000000000 ) ) ;
#4502 = CARTESIAN_POINT ( 'NONE',  ( 13.49999999999999822, 0.5000000000000000000, 6.899999999999990585 ) ) ;
#4503 = ORIENTED_EDGE ( 'NONE', *, *, #56, .F. ) ;
#4504 = ADVANCED_FACE ( 'NONE', ( #5140 ), #5081, .F. ) ;
#4505 = CARTESIAN_POINT ( 'NONE',  ( 2.999999999999983569, -13.00000000000000000, -2.370000000000013429 ) ) ;
#4506 = VECTOR ( 'NONE', #8028, 1000.000000000000000 ) ;
#4507 = CARTESIAN_POINT ( 'NONE',  ( -2.673156032032166785, 24.50000000000001066, 4.178278363461163103 ) ) ;
#4508 = CARTESIAN_POINT ( 'NONE',  ( 3.365130773725335089, 24.50000000000000355, 3.052924684031594005 ) ) ;
#4509 = EDGE_LOOP ( 'NONE', ( #2024, #8729, #1810, #3348, #4206, #9532, #1267, #1760 ) ) ;
#4510 = ORIENTED_EDGE ( 'NONE', *, *, #7293, .F. ) ;
#4511 = DIRECTION ( 'NONE',  ( -0.000000000000000000, -1.000000000000000000, -0.000000000000000000 ) ) ;
#4512 = CARTESIAN_POINT ( 'NONE',  ( 20.19999999999999929, 0.000000000000000000, -21.59999999999996589 ) ) ;
#4513 = CIRCLE ( 'NONE', #4683, 5.000000000000000888 ) ;
#4514 = DIRECTION ( 'NONE',  ( -1.000000000000000000, 0.000000000000000000, 0.000000000000000000 ) ) ;
#4515 = CARTESIAN_POINT ( 'NONE',  ( 6.924999999999993605, -13.99999999999999822, -22.60000000000000853 ) ) ;
#4516 = CARTESIAN_POINT ( 'NONE',  ( 25.00000000000000711, 32.00000000000000000, 37.99999999999996447 ) ) ;
#4517 = CARTESIAN_POINT ( 'NONE',  ( 7.599667529665843801, 25.00000000000008882, 24.06419186098128904 ) ) ;
#4518 = ORIENTED_EDGE ( 'NONE', *, *, #8804, .T. ) ;
#4519 = ADVANCED_FACE ( 'NONE', ( #4247 ), #1672, .F. ) ;
#4520 = LINE ( 'NONE', #254, #2232 ) ;
#4521 = VECTOR ( 'NONE', #2076, 1000.000000000000000 ) ;
#4522 = ORIENTED_EDGE ( 'NONE', *, *, #5, .F. ) ;
#4523 = CARTESIAN_POINT ( 'NONE',  ( 25.00000000000000000, 5.000000000000000000, -38.25000000000000711 ) ) ;
#4524 = CARTESIAN_POINT ( 'NONE',  ( -3.100088496576544728, 24.49999999999996447, 8.757180451233420371 ) ) ;
#4525 = DIRECTION ( 'NONE',  ( -0.000000000000000000, 1.000000000000000000, -0.000000000000000000 ) ) ;
#4526 = EDGE_CURVE ( 'NONE', #10268, #10517, #3415, .T. ) ;
#4527 = VERTEX_POINT ( 'NONE', #5351 ) ;
#4528 = CARTESIAN_POINT ( 'NONE',  ( -4.098455636355255116, 32.00000000000000000, 22.45905727886295722 ) ) ;
#4529 = LINE ( 'NONE', #7171, #6937 ) ;
#4530 = VECTOR ( 'NONE', #6043, 1000.000000000000000 ) ;
#4531 = DIRECTION ( 'NONE',  ( -0.000000000000000000, -0.000000000000000000, -1.000000000000000000 ) ) ;
#4532 = ADVANCED_FACE ( 'NONE', ( #3739 ), #1890, .F. ) ;
#4533 = EDGE_LOOP ( 'NONE', ( #10180, #413, #2584, #9338, #7055, #9174, #6802, #10771, #2659, #11083, #3921 ) ) ;
#4534 = ORIENTED_EDGE ( 'NONE', *, *, #6042, .T. ) ;
#4535 = CARTESIAN_POINT ( 'NONE',  ( -8.743329047513924479, 26.50000000000000000, 7.256070824894444549 ) ) ;
#4536 = VECTOR ( 'NONE', #8542, 1000.000000000000000 ) ;
#4537 = VERTEX_POINT ( 'NONE', #8054 ) ;
#4538 = LINE ( 'NONE', #2589, #9658 ) ;
#4539 = LINE ( 'NONE', #4646, #5719 ) ;
#4540 = CARTESIAN_POINT ( 'NONE',  ( -1.099844525993681765, 25.00000000000015277, 5.860867144937110140 ) ) ;
#4541 = CYLINDRICAL_SURFACE ( 'NONE', #3524, 1.500000000000001332 ) ;
#4542 = AXIS2_PLACEMENT_3D ( 'NONE', #7635, #5095, #7891 ) ;
#4543 = CARTESIAN_POINT ( 'NONE',  ( 17.70476182858164549, 24.99999999999999645, 15.53801126270789190 ) ) ;
#4544 = ORIENTED_EDGE ( 'NONE', *, *, #5753, .F. ) ;
#4545 = CARTESIAN_POINT ( 'NONE',  ( -2.249903526357135863, 32.00000000000000000, -4.500214463258191522 ) ) ;
#4546 = ORIENTED_EDGE ( 'NONE', *, *, #5311, .F. ) ;
#4547 = DIRECTION ( 'NONE',  ( -0.000000000000000000, -1.000000000000000000, -0.000000000000000000 ) ) ;
#4548 = CARTESIAN_POINT ( 'NONE',  ( -2.999999999999998224, 9.499999999999998224, 21.53801126270789368 ) ) ;
#4549 = AXIS2_PLACEMENT_3D ( 'NONE', #9862, #1313, #2849 ) ;
#4550 = ORIENTED_EDGE ( 'NONE', *, *, #8926, .F. ) ;
#4551 = EDGE_CURVE ( 'NONE', #7964, #5750, #412, .T. ) ;
#4552 = CARTESIAN_POINT ( 'NONE',  ( -34.00000000000000000, 29.50000000000000000, 13.00000000000000000 ) ) ;
#4553 = EDGE_CURVE ( 'NONE', #8166, #2768, #252, .T. ) ;
#4554 = CARTESIAN_POINT ( 'NONE',  ( -15.27500000000000746, -13.00000000000000000, -16.60000000000000853 ) ) ;
#4555 = DIRECTION ( 'NONE',  ( 0.000000000000000000, 1.000000000000000000, 2.940873454663932011E-27 ) ) ;
#4556 = FACE_OUTER_BOUND ( 'NONE', #2089, .T. ) ;
#4557 = ORIENTED_EDGE ( 'NONE', *, *, #10117, .F. ) ;
#4558 = CARTESIAN_POINT ( 'NONE',  ( -14.78197023625350148, 10.50999999999999091, 24.33278622154344717 ) ) ;
#4559 = VECTOR ( 'NONE', #7028, 1000.000000000000000 ) ;
#4560 = CARTESIAN_POINT ( 'NONE',  ( -3.601026911978597145, 24.50000000000000000, 1.758059867859497194 ) ) ;
#4561 = LINE ( 'NONE', #6081, #8911 ) ;
#4562 = ORIENTED_EDGE ( 'NONE', *, *, #4475, .F. ) ;
#4563 = ORIENTED_EDGE ( 'NONE', *, *, #2528, .T. ) ;
#4564 = AXIS2_PLACEMENT_3D ( 'NONE', #8922, #7286, #2975 ) ;
#4565 = DIRECTION ( 'NONE',  ( 1.000000000000000000, 0.000000000000000000, -1.724440263185883865E-16 ) ) ;
#4566 = FACE_OUTER_BOUND ( 'NONE', #6351, .T. ) ;
#4567 = ADVANCED_FACE ( 'NONE', ( #9753 ), #7161, .F. ) ;
#4568 = CARTESIAN_POINT ( 'NONE',  ( 2.999999999999982681, -5.500000000000000000, -1.405000000000014238 ) ) ;
#4569 = DIRECTION ( 'NONE',  ( -0.000000000000000000, -1.000000000000000000, -0.000000000000000000 ) ) ;
#4570 = B_SPLINE_CURVE_WITH_KNOTS ( 'NONE', 3,
 ( #7073, #10502, #4266, #3435, #8865, #1275, #8073, #2188, #10611, #6441, #2025, #2809 ),
 .UNSPECIFIED., .F., .F.,
 ( 4, 2, 2, 2, 2, 4 ),
 ( 0.000000000000000000, 0.0008042472342269608651, 0.001608494468453921730, 0.002010618085567399994, 0.002412741702680878259, 0.003216988936907839124 ),
 .UNSPECIFIED. ) ;
#4571 = CARTESIAN_POINT ( 'NONE',  ( -19.81171673543281031, 23.00000000000000000, 27.23807268525122538 ) ) ;
#4572 = CARTESIAN_POINT ( 'NONE',  ( 15.27499999999998614, -13.99999999999999822, -16.60000000000000497 ) ) ;
#4573 = ORIENTED_EDGE ( 'NONE', *, *, #10734, .F. ) ;
#4574 = DIRECTION ( 'NONE',  ( 0.000000000000000000, -1.000000000000000000, 0.000000000000000000 ) ) ;
#4575 = AXIS2_PLACEMENT_3D ( 'NONE', #9294, #8554, #905 ) ;
#4576 = VERTEX_POINT ( 'NONE', #8737 ) ;
#4577 = FACE_OUTER_BOUND ( 'NONE', #156, .T. ) ;
#4578 = ORIENTED_EDGE ( 'NONE', *, *, #5019, .T. ) ;
#4579 = CARTESIAN_POINT ( 'NONE',  ( 1.581279503555507837, 32.00000000000000000, 11.44534539468067535 ) ) ;
#4580 = CARTESIAN_POINT ( 'NONE',  ( -25.00000000000000000, 3.000000000000000000, -29.00000000000000355 ) ) ;
#4581 = EDGE_CURVE ( 'NONE', #10515, #5790, #3845, .T. ) ;
#4582 = ORIENTED_EDGE ( 'NONE', *, *, #10960, .F. ) ;
#4583 = LINE ( 'NONE', #8017, #5041 ) ;
#4584 = DIRECTION ( 'NONE',  ( 0.000000000000000000, 0.000000000000000000, -1.000000000000000000 ) ) ;
#4585 = VECTOR ( 'NONE', #9096, 1000.000000000000000 ) ;
#4586 = CARTESIAN_POINT ( 'NONE',  ( 1.258513376581169352, 24.50000000000000355, 12.44719994161919630 ) ) ;
#4587 = AXIS2_PLACEMENT_3D ( 'NONE', #6296, #8770, #2829 ) ;
#4588 = ORIENTED_EDGE ( 'NONE', *, *, #6734, .F. ) ;
#4589 = EDGE_CURVE ( 'NONE', #1014, #1788, #7216, .T. ) ;
#4590 = ORIENTED_EDGE ( 'NONE', *, *, #10706, .F. ) ;
#4591 = PLANE ( 'NONE',  #3328 ) ;
#4592 = VECTOR ( 'NONE', #8280, 1000.000000000000000 ) ;
#4593 = ORIENTED_EDGE ( 'NONE', *, *, #5598, .T. ) ;
#4594 = CIRCLE ( 'NONE', #9984, 8.999999999999998224 ) ;
#4595 = CYLINDRICAL_SURFACE ( 'NONE', #6864, 9.999999999999994671 ) ;
#4596 = CARTESIAN_POINT ( 'NONE',  ( -14.99999999999995737, 0.000000000000000000, 13.59999999999998899 ) ) ;
#4597 = EDGE_CURVE ( 'NONE', #322, #1258, #2903, .T. ) ;
#4598 = CARTESIAN_POINT ( 'NONE',  ( 15.00000000000000000, 0.000000000000000000, -21.60000000000000853 ) ) ;
#4599 = FACE_OUTER_BOUND ( 'NONE', #5337, .T. ) ;
#4600 = DIRECTION ( 'NONE',  ( -1.000000000000000000, 0.000000000000000000, 0.000000000000000000 ) ) ;
#4601 = AXIS2_PLACEMENT_3D ( 'NONE', #5122, #10303, #7819 ) ;
#4602 = VERTEX_POINT ( 'NONE', #3688 ) ;
#4603 = LINE ( 'NONE', #224, #6285 ) ;
#4604 = EDGE_CURVE ( 'NONE', #1430, #3289, #7108, .T. ) ;
#4605 = ORIENTED_EDGE ( 'NONE', *, *, #8585, .T. ) ;
#4606 = CARTESIAN_POINT ( 'NONE',  ( -1.500000000000000222, 26.50000000000000000, -2.201678149889266134 ) ) ;
#4607 = CARTESIAN_POINT ( 'NONE',  ( 15.09999999999999609, -5.500000000000000000, -23.60000000000000853 ) ) ;
#4608 = ORIENTED_EDGE ( 'NONE', *, *, #11117, .F. ) ;
#4609 = DIRECTION ( 'NONE',  ( -0.000000000000000000, 1.000000000000000000, -0.000000000000000000 ) ) ;
#4610 = CARTESIAN_POINT ( 'NONE',  ( 14.09999999999999432, -5.500000000000000000, -16.60000000000000142 ) ) ;
#4611 = DIRECTION ( 'NONE',  ( 0.000000000000000000, -1.000000000000000000, 0.000000000000000000 ) ) ;
#4612 = CARTESIAN_POINT ( 'NONE',  ( -27.50000000000000355, 10.49999999999999112, 13.24999999999995204 ) ) ;
#4613 = ORIENTED_EDGE ( 'NONE', *, *, #1357, .T. ) ;
#4614 = FACE_BOUND ( 'NONE', #4773, .T. ) ;
#4615 = EDGE_CURVE ( 'NONE', #5017, #8820, #3792, .T. ) ;
#4616 = EDGE_CURVE ( 'NONE', #4527, #9059, #4679, .T. ) ;
#4617 = VERTEX_POINT ( 'NONE', #2958 ) ;
#4618 = CARTESIAN_POINT ( 'NONE',  ( -4.098455636355261333, 23.00000000000000000, 22.45905727886297498 ) ) ;
#4619 = EDGE_LOOP ( 'NONE', ( #734, #313, #2401, #3048 ) ) ;
#4620 = VERTEX_POINT ( 'NONE', #10540 ) ;
#4621 = DIRECTION ( 'NONE',  ( 0.000000000000000000, 1.000000000000000000, 2.940873454663932011E-27 ) ) ;
#4622 = CARTESIAN_POINT ( 'NONE',  ( -4.000000000000016875, -5.500000000000000000, 6.594999999999988205 ) ) ;
#4623 = CARTESIAN_POINT ( 'NONE',  ( -27.50000000000000355, 10.49999999999999467, 1.749999999999952927 ) ) ;
#4624 = PLANE ( 'NONE',  #7194 ) ;
#4625 = CARTESIAN_POINT ( 'NONE',  ( 1.793608232936067415, 31.99999999999999289, 6.226001324866151876 ) ) ;
#4626 = CARTESIAN_POINT ( 'NONE',  ( -33.50000000000000711, 17.50000000000000000, 24.99999999999995026 ) ) ;
#4627 = ORIENTED_EDGE ( 'NONE', *, *, #1220, .T. ) ;
#4628 = CARTESIAN_POINT ( 'NONE',  ( 13.49999999999999822, 1.500000000000000000, 6.899999999999990585 ) ) ;
#4629 = EDGE_CURVE ( 'NONE', #7723, #10840, #7268, .T. ) ;
#4630 = EDGE_CURVE ( 'NONE', #10235, #9986, #9698, .T. ) ;
#4631 = VERTEX_POINT ( 'NONE', #1145 ) ;
#4632 = ORIENTED_EDGE ( 'NONE', *, *, #1003, .F. ) ;
#4633 = DIRECTION ( 'NONE',  ( 1.000000000000000000, 0.000000000000000000, 0.000000000000000000 ) ) ;
#4634 = CARTESIAN_POINT ( 'NONE',  ( 25.00000000000000000, 3.000000000000000000, -29.00000000000000355 ) ) ;
#4635 = VERTEX_POINT ( 'NONE', #2063 ) ;
#4636 = CARTESIAN_POINT ( 'NONE',  ( -1.247026587262101360, 24.50000000000000355, 5.916449535355454259 ) ) ;
#4637 = CARTESIAN_POINT ( 'NONE',  ( -18.50000000000000000, 0.000000000000000000, 8.399999999999987921 ) ) ;
#4638 = CARTESIAN_POINT ( 'NONE',  ( 14.79276182858165534, 10.50999999999999091, 19.09402330482641830 ) ) ;
#4639 = VERTEX_POINT ( 'NONE', #4572 ) ;
#4640 = EDGE_CURVE ( 'NONE', #8763, #7300, #8004, .T. ) ;
#4641 = EDGE_LOOP ( 'NONE', ( #2159, #10040 ) ) ;
#4642 = LINE ( 'NONE', #7129, #978 ) ;
#4643 = VECTOR ( 'NONE', #4948, 1000.000000000000000 ) ;
#4644 = ORIENTED_EDGE ( 'NONE', *, *, #9311, .F. ) ;
#4645 = LINE ( 'NONE', #2977, #1217 ) ;
#4646 = CARTESIAN_POINT ( 'NONE',  ( -13.50043034469988434, 24.50000000000000000, 12.01317212208040530 ) ) ;
#4647 = AXIS2_PLACEMENT_3D ( 'NONE', #10723, #2814, #1056 ) ;
#4648 = ADVANCED_FACE ( 'NONE', ( #8788 ), #5297, .F. ) ;
#4649 = CARTESIAN_POINT ( 'NONE',  ( -25.00000000000000711, 0.000000000000000000, 28.99999999999997158 ) ) ;
#4650 = CARTESIAN_POINT ( 'NONE',  ( -33.50000000000000000, 10.49999999999999112, 14.74999999999995204 ) ) ;
#4651 = EDGE_LOOP ( 'NONE', ( #3623, #6300, #4792, #6178, #9758, #6067, #3006, #3636, #1081, #2850, #5207, #10266, #10610, #8850, #1236, #6882, #425 ) ) ;
#4652 = CARTESIAN_POINT ( 'NONE',  ( 12.05172136156067175, 32.00000000000000000, 19.36521081018126722 ) ) ;
#4653 = ADVANCED_FACE ( 'NONE', ( #7889 ), #3631, .F. ) ;
#4654 = ORIENTED_EDGE ( 'NONE', *, *, #11048, .F. ) ;
#4655 = DIRECTION ( 'NONE',  ( -1.000000000000000000, 0.000000000000000000, 2.168404344971008868E-17 ) ) ;
#4656 = CARTESIAN_POINT ( 'NONE',  ( -25.00000000000000711, 30.00000000000000000, -29.00000000000002132 ) ) ;
#4657 = ORIENTED_EDGE ( 'NONE', *, *, #5060, .F. ) ;
#4658 = EDGE_CURVE ( 'NONE', #2494, #6837, #3284, .T. ) ;
#4659 = VECTOR ( 'NONE', #1249, 1000.000000000000000 ) ;
#4660 = AXIS2_PLACEMENT_3D ( 'NONE', #3022, #4132, #5815 ) ;
#4661 = DIRECTION ( 'NONE',  ( 0.000000000000000000, 0.000000000000000000, -1.000000000000000000 ) ) ;
#4662 = CARTESIAN_POINT ( 'NONE',  ( -15.00000000000000000, -13.00000000000000000, 8.399999999999987921 ) ) ;
#4663 = ORIENTED_EDGE ( 'NONE', *, *, #5553, .T. ) ;
#4664 = CARTESIAN_POINT ( 'NONE',  ( -33.50000000000000000, 10.49999999999999112, 14.74999999999995204 ) ) ;
#4665 = ORIENTED_EDGE ( 'NONE', *, *, #7114, .F. ) ;
#4666 = ORIENTED_EDGE ( 'NONE', *, *, #8345, .F. ) ;
#4667 = ORIENTED_EDGE ( 'NONE', *, *, #6047, .F. ) ;
#4668 = VECTOR ( 'NONE', #4621, 1000.000000000000000 ) ;
#4669 = PLANE ( 'NONE',  #6944 ) ;
#4670 = ORIENTED_EDGE ( 'NONE', *, *, #7698, .F. ) ;
#4671 = ORIENTED_EDGE ( 'NONE', *, *, #426, .F. ) ;
#4672 = CARTESIAN_POINT ( 'NONE',  ( -25.50000000000000355, 17.50000000000000000, 23.86623553487585525 ) ) ;
#4673 = CARTESIAN_POINT ( 'NONE',  ( -14.21914622032904418, 9.499999999999998224, 20.06569260839445690 ) ) ;
#4674 = DIRECTION ( 'NONE',  ( -0.000000000000000000, -1.000000000000000000, -0.000000000000000000 ) ) ;
#4675 = ADVANCED_FACE ( 'NONE', ( #7553 ), #2167, .F. ) ;
#4676 = FACE_OUTER_BOUND ( 'NONE', #3295, .T. ) ;
#4677 = VECTOR ( 'NONE', #10385, 1000.000000000000000 ) ;
#4678 = CARTESIAN_POINT ( 'NONE',  ( 0.5101476121173053047, 31.99999999999999289, 12.98432700421049368 ) ) ;
#4679 = LINE ( 'NONE', #10592, #10643 ) ;
#4680 = ORIENTED_EDGE ( 'NONE', *, *, #3157, .F. ) ;
#4681 = CARTESIAN_POINT ( 'NONE',  ( -13.37439034799843540, 24.99999999999999645, 16.09894341631909853 ) ) ;
#4682 = EDGE_LOOP ( 'NONE', ( #4883, #269, #9719, #5962 ) ) ;
#4683 = AXIS2_PLACEMENT_3D ( 'NONE', #6423, #9858, #2554 ) ;
#4684 = EDGE_LOOP ( 'NONE', ( #1038, #8127, #6132, #9620 ) ) ;
#4685 = CARTESIAN_POINT ( 'NONE',  ( 14.27499999999998970, -13.00000000000000000, -21.60000000000000853 ) ) ;
#4686 = CARTESIAN_POINT ( 'NONE',  ( -7.601536384991179673, 29.50000000000000000, 18.11989491965043797 ) ) ;
#4687 = ORIENTED_EDGE ( 'NONE', *, *, #10735, .F. ) ;
#4688 = DIRECTION ( 'NONE',  ( -0.000000000000000000, 0.000000000000000000, -1.000000000000000000 ) ) ;
#4689 = EDGE_CURVE ( 'NONE', #1548, #10154, #2224, .T. ) ;
#4690 = ADVANCED_FACE ( 'NONE', ( #3178, #2393 ), #6593, .T. ) ;
#4691 = CARTESIAN_POINT ( 'NONE',  ( -2.249903526357135863, 25.00000000000018829, -4.500214463258211950 ) ) ;
#4692 = VECTOR ( 'NONE', #3302, 1000.000000000000000 ) ;
#4693 = EDGE_CURVE ( 'NONE', #6769, #1045, #1482, .T. ) ;
#4694 = ORIENTED_EDGE ( 'NONE', *, *, #1589, .F. ) ;
#4695 = ORIENTED_EDGE ( 'NONE', *, *, #2235, .F. ) ;
#4696 = CARTESIAN_POINT ( 'NONE',  ( -25.00000000000000000, 3.000000000000000000, -39.00000000000000711 ) ) ;
#4697 = CARTESIAN_POINT ( 'NONE',  ( -1.579617136008335088, 32.00000000000000711, 11.58852321145674580 ) ) ;
#4698 = PLANE ( 'NONE',  #4473 ) ;
#4699 = AXIS2_PLACEMENT_3D ( 'NONE', #10025, #6535, #4957 ) ;
#4700 = FACE_OUTER_BOUND ( 'NONE', #11027, .T. ) ;
#4701 = EDGE_CURVE ( 'NONE', #10239, #2262, #10925, .T. ) ;
#4702 = DIRECTION ( 'NONE',  ( 0.000000000000000000, 0.000000000000000000, 1.000000000000000000 ) ) ;
#4703 = PLANE ( 'NONE',  #1501 ) ;
#4704 = ORIENTED_EDGE ( 'NONE', *, *, #10636, .T. ) ;
#4705 = PLANE ( 'NONE',  #5558 ) ;
#4706 = VECTOR ( 'NONE', #7932, 1000.000000000000000 ) ;
#4707 = EDGE_LOOP ( 'NONE', ( #620, #6923, #9192, #4827 ) ) ;
#4708 = DIRECTION ( 'NONE',  ( -6.982962677686266711E-15, -3.491481338843133355E-15, 1.000000000000000000 ) ) ;
#4709 = CARTESIAN_POINT ( 'NONE',  ( -14.49833763245317364, 32.00000000000000000, 19.36521081018106827 ) ) ;
#4710 = ORIENTED_EDGE ( 'NONE', *, *, #1544, .F. ) ;
#4711 = EDGE_CURVE ( 'NONE', #6071, #4296, #762, .T. ) ;
#4712 = VECTOR ( 'NONE', #1059, 1000.000000000000000 ) ;
#4713 = DIRECTION ( 'NONE',  ( 0.000000000000000000, 1.000000000000000000, 0.000000000000000000 ) ) ;
#4714 = DIRECTION ( 'NONE',  ( 0.000000000000000000, 0.000000000000000000, -1.000000000000000000 ) ) ;
#4715 = ORIENTED_EDGE ( 'NONE', *, *, #10819, .F. ) ;
#4716 = PLANE ( 'NONE',  #1326 ) ;
#4717 = ORIENTED_EDGE ( 'NONE', *, *, #170, .F. ) ;
#4718 = ORIENTED_EDGE ( 'NONE', *, *, #7320, .T. ) ;
#4719 = ORIENTED_EDGE ( 'NONE', *, *, #5, .T. ) ;
#4720 = EDGE_CURVE ( 'NONE', #5000, #10463, #4067, .T. ) ;
#4721 = VECTOR ( 'NONE', #6878, 1000.000000000000000 ) ;
#4722 = DIRECTION ( 'NONE',  ( 0.000000000000000000, 0.000000000000000000, 1.000000000000000000 ) ) ;
#4723 = ORIENTED_EDGE ( 'NONE', *, *, #6615, .F. ) ;
#4724 = ORIENTED_EDGE ( 'NONE', *, *, #8056, .T. ) ;
#4725 = CYLINDRICAL_SURFACE ( 'NONE', #901, 8.499999999999992895 ) ;
#4726 = CARTESIAN_POINT ( 'NONE',  ( 7.599667529665884658, 29.49999999999983302, 18.11989491965052324 ) ) ;
#4727 = ADVANCED_FACE ( 'NONE', ( #10869 ), #575, .F. ) ;
#4728 = CARTESIAN_POINT ( 'NONE',  ( 25.00000000000000711, 32.00000000000000000, -39.00000000000002132 ) ) ;
#4729 = LINE ( 'NONE', #3059, #9372 ) ;
#4730 = DIRECTION ( 'NONE',  ( 1.000000000000000000, -0.000000000000000000, 5.782411586589358625E-16 ) ) ;
#4731 = CARTESIAN_POINT ( 'NONE',  ( 2.396218441934245380, 24.50000000000000355, 10.74504120915252692 ) ) ;
#4732 = ORIENTED_EDGE ( 'NONE', *, *, #1956, .T. ) ;
#4733 = LINE ( 'NONE', #6258, #955 ) ;
#4734 = ORIENTED_EDGE ( 'NONE', *, *, #8756, .T. ) ;
#4735 = ORIENTED_EDGE ( 'NONE', *, *, #4916, .T. ) ;
#4736 = FACE_OUTER_BOUND ( 'NONE', #6689, .T. ) ;
#4737 = DIRECTION ( 'NONE',  ( -0.000000000000000000, -1.000000000000000000, -0.000000000000000000 ) ) ;
#4738 = VERTEX_POINT ( 'NONE', #9242 ) ;
#4739 = CARTESIAN_POINT ( 'NONE',  ( 1.500000000000000000, 9.499999999999998224, 7.798321850110734310 ) ) ;
#4740 = LINE ( 'NONE', #477, #1261 ) ;
#4741 = FACE_OUTER_BOUND ( 'NONE', #7848, .T. ) ;
#4742 = VERTEX_POINT ( 'NONE', #5576 ) ;
#4743 = ORIENTED_EDGE ( 'NONE', *, *, #9102, .T. ) ;
#4744 = EDGE_CURVE ( 'NONE', #7230, #403, #8395, .T. ) ;
#4745 = EDGE_CURVE ( 'NONE', #1232, #8975, #7437, .T. ) ;
#4746 = DIRECTION ( 'NONE',  ( -1.000000000000000000, -0.000000000000000000, -2.891205793294680298E-16 ) ) ;
#4747 = VECTOR ( 'NONE', #9428, 1000.000000000000000 ) ;
#4748 = CARTESIAN_POINT ( 'NONE',  ( -1.579617136008335088, 32.00000000000000000, 11.48414578258329399 ) ) ;
#4749 = CARTESIAN_POINT ( 'NONE',  ( -3.131180315124440394, 32.00000000000000000, -0.04042362122215818060 ) ) ;
#4750 = VECTOR ( 'NONE', #6803, 1000.000000000000000 ) ;
#4751 = DIRECTION ( 'NONE',  ( 0.000000000000000000, -1.000000000000000000, 0.000000000000000000 ) ) ;
#4752 = AXIS2_PLACEMENT_3D ( 'NONE', #10106, #10945, #2415 ) ;
#4753 = DIRECTION ( 'NONE',  ( 0.000000000000000000, 0.000000000000000000, -1.000000000000000000 ) ) ;
#4754 = CYLINDRICAL_SURFACE ( 'NONE', #1860, 3.500000000000001332 ) ;
#4755 = ORIENTED_EDGE ( 'NONE', *, *, #9856, .F. ) ;
#4756 = DIRECTION ( 'NONE',  ( 4.336808689942017736E-16, -0.000000000000000000, -1.000000000000000000 ) ) ;
#4757 = VECTOR ( 'NONE', #4232, 1000.000000000000000 ) ;
#4758 = VECTOR ( 'NONE', #9476, 1000.000000000000000 ) ;
#4759 = VERTEX_POINT ( 'NONE', #8222 ) ;
#4760 = EDGE_CURVE ( 'NONE', #143, #10557, #5686, .T. ) ;
#4761 = LINE ( 'NONE', #5662, #8753 ) ;
#4762 = LINE ( 'NONE', #9732, #9137 ) ;
#4763 = ORIENTED_EDGE ( 'NONE', *, *, #8340, .T. ) ;
#4764 = VECTOR ( 'NONE', #4236, 1000.000000000000000 ) ;
#4765 = AXIS2_PLACEMENT_3D ( 'NONE', #8941, #5504, #2774 ) ;
#4766 = CARTESIAN_POINT ( 'NONE',  ( 2.562233326377193254, 10.50999999999999091, -4.768333691650413542 ) ) ;
#4767 = LINE ( 'NONE', #1403, #3110 ) ;
#4768 = VERTEX_POINT ( 'NONE', #1540 ) ;
#4769 = CARTESIAN_POINT ( 'NONE',  ( -19.81171673543281031, 26.50000000000000000, 15.53801126270789190 ) ) ;
#4770 = ORIENTED_EDGE ( 'NONE', *, *, #1460, .T. ) ;
#4771 = ORIENTED_EDGE ( 'NONE', *, *, #5598, .F. ) ;
#4772 = EDGE_CURVE ( 'NONE', #9739, #10085, #9066, .T. ) ;
#4773 = EDGE_LOOP ( 'NONE', ( #8091, #1673, #1900, #5581 ) ) ;
#4774 = DIRECTION ( 'NONE',  ( -1.000000000000000000, -0.000000000000000000, -0.000000000000000000 ) ) ;
#4775 = VERTEX_POINT ( 'NONE', #10812 ) ;
#4776 = DIRECTION ( 'NONE',  ( 0.9980985435799896166, 1.812654448778155965E-28, -0.06163844014495915152 ) ) ;
#4777 = EDGE_LOOP ( 'NONE', ( #7309, #5482, #7325, #684 ) ) ;
#4778 = LINE ( 'NONE', #7431, #3071 ) ;
#4779 = CARTESIAN_POINT ( 'NONE',  ( -2.999999999999996447, 29.09999999999999787, -20.04445395531110918 ) ) ;
#4780 = CARTESIAN_POINT ( 'NONE',  ( -3.877618601534404963, 10.50999999999999091, 16.59988183214694857 ) ) ;
#4781 = DIRECTION ( 'NONE',  ( -0.000000000000000000, -0.000000000000000000, -1.000000000000000000 ) ) ;
#4782 = ADVANCED_FACE ( 'NONE', ( #8281 ), #6652, .F. ) ;
#4783 = CARTESIAN_POINT ( 'NONE',  ( -35.00000000000000000, 3.000000000000000000, -29.00000000000000000 ) ) ;
#4784 = DIRECTION ( 'NONE',  ( 0.000000000000000000, -1.000000000000000000, 0.000000000000000000 ) ) ;
#4785 = ORIENTED_EDGE ( 'NONE', *, *, #2410, .F. ) ;
#4786 = DIRECTION ( 'NONE',  ( 0.000000000000000000, 0.000000000000000000, -1.000000000000000000 ) ) ;
#4787 = EDGE_CURVE ( 'NONE', #9360, #5028, #3061, .T. ) ;
#4788 = ORIENTED_EDGE ( 'NONE', *, *, #4089, .F. ) ;
#4789 = ORIENTED_EDGE ( 'NONE', *, *, #7173, .T. ) ;
#4790 = DIRECTION ( 'NONE',  ( 0.000000000000000000, 0.000000000000000000, -1.000000000000000000 ) ) ;
#4791 = CARTESIAN_POINT ( 'NONE',  ( -7.601536384991179673, 32.00000000000000000, 18.11989491965043797 ) ) ;
#4792 = ORIENTED_EDGE ( 'NONE', *, *, #9498, .F. ) ;
#4793 = FACE_OUTER_BOUND ( 'NONE', #1581, .T. ) ;
#4794 = CARTESIAN_POINT ( 'NONE',  ( 25.00000000000000711, 32.00000000000000000, 38.99999999999996447 ) ) ;
#4795 = ADVANCED_FACE ( 'NONE', ( #2666, #7821 ), #908, .T. ) ;
#4796 = VECTOR ( 'NONE', #2146, 1000.000000000000000 ) ;
#4797 = CARTESIAN_POINT ( 'NONE',  ( -14.21914622032904418, 26.50000000000000000, 20.06569260839445690 ) ) ;
#4798 = ORIENTED_EDGE ( 'NONE', *, *, #8932, .T. ) ;
#4799 = EDGE_CURVE ( 'NONE', #7220, #3767, #7608, .T. ) ;
#4800 = ORIENTED_EDGE ( 'NONE', *, *, #3548, .F. ) ;
#4801 = CARTESIAN_POINT ( 'NONE',  ( 14.27499999999998970, 3.000000000000002665, -17.60000000000000497 ) ) ;
#4802 = CARTESIAN_POINT ( 'NONE',  ( 35.00000000000000000, 0.000000000000000000, 28.99999999999998934 ) ) ;
#4803 = CARTESIAN_POINT ( 'NONE',  ( -14.49833763245320029, 25.00000000000008882, 24.06419186098113272 ) ) ;
#4804 = LINE ( 'NONE', #7290, #2714 ) ;
#4805 = DIRECTION ( 'NONE',  ( 1.000000000000000000, 0.000000000000000000, -2.748605226541390801E-16 ) ) ;
#4806 = FACE_OUTER_BOUND ( 'NONE', #619, .T. ) ;
#4807 = CARTESIAN_POINT ( 'NONE',  ( -14.49833763245317364, 25.00000000000010658, 19.36521081018105406 ) ) ;
#4808 = EDGE_CURVE ( 'NONE', #8232, #3379, #9355, .T. ) ;
#4809 = LINE ( 'NONE', #3920, #9032 ) ;
#4810 = VERTEX_POINT ( 'NONE', #3346 ) ;
#4811 = LINE ( 'NONE', #1284, #3065 ) ;
#4812 = EDGE_LOOP ( 'NONE', ( #9230, #11041, #8583, #5730 ) ) ;
#4813 = DIRECTION ( 'NONE',  ( 7.031943204087918083E-15, 0.000000000000000000, -1.000000000000000000 ) ) ;
#4814 = VECTOR ( 'NONE', #7516, 1000.000000000000000 ) ;
#4815 = DIRECTION ( 'NONE',  ( -0.000000000000000000, -1.000000000000000000, -0.000000000000000000 ) ) ;
#4816 = DIRECTION ( 'NONE',  ( -1.000000000000000000, 0.000000000000000000, 0.000000000000000000 ) ) ;
#4817 = ORIENTED_EDGE ( 'NONE', *, *, #4615, .T. ) ;
#4818 = LINE ( 'NONE', #1291, #8707 ) ;
#4819 = EDGE_CURVE ( 'NONE', #9456, #2895, #7666, .T. ) ;
#4820 = EDGE_CURVE ( 'NONE', #8223, #416, #5972, .T. ) ;
#4821 = VECTOR ( 'NONE', #8565, 1000.000000000000000 ) ;
#4822 = DIRECTION ( 'NONE',  ( 0.000000000000000000, 1.000000000000000000, 3.491481338843133355E-15 ) ) ;
#4823 = VERTEX_POINT ( 'NONE', #5227 ) ;
#4824 =( NAMED_UNIT ( * ) PLANE_ANGLE_UNIT ( ) SI_UNIT ( $, .RADIAN. ) );
#4825 = EDGE_CURVE ( 'NONE', #4759, #6827, #9297, .T. ) ;
#4826 = EDGE_LOOP ( 'NONE', ( #8025, #2142, #6579, #9899 ) ) ;
#4827 = ORIENTED_EDGE ( 'NONE', *, *, #9125, .T. ) ;
#4828 = ORIENTED_EDGE ( 'NONE', *, *, #1178, .T. ) ;
#4829 = CARTESIAN_POINT ( 'NONE',  ( 1.101485361694153120, 32.00000000000000000, 5.187071063562639139 ) ) ;
#4830 = EDGE_LOOP ( 'NONE', ( #3161, #8421, #3808, #9888, #1180 ) ) ;
#4831 = DIRECTION ( 'NONE',  ( -0.000000000000000000, -0.000000000000000000, -1.000000000000000000 ) ) ;
#4832 = VECTOR ( 'NONE', #3186, 1000.000000000000000 ) ;
#4833 = VERTEX_POINT ( 'NONE', #11093 ) ;
#4834 = CARTESIAN_POINT ( 'NONE',  ( 4.252031129529060927, 10.50999999999999091, 6.750748237459688106 ) ) ;
#4835 = CARTESIAN_POINT ( 'NONE',  ( 25.00000000000000711, 2.000000000000001776, -37.50000000000002842 ) ) ;
#4836 = LINE ( 'NONE', #4780, #10531 ) ;
#4837 = DIRECTION ( 'NONE',  ( -6.982962677686266711E-15, -3.491481338843133355E-15, 1.000000000000000000 ) ) ;
#4838 = EDGE_CURVE ( 'NONE', #6221, #9229, #3402, .T. ) ;
#4839 = AXIS2_PLACEMENT_3D ( 'NONE', #9058, #9402, #9343 ) ;
#4840 = DIRECTION ( 'NONE',  ( 0.000000000000000000, 0.000000000000000000, 1.000000000000000000 ) ) ;
#4841 = CARTESIAN_POINT ( 'NONE',  ( 1.577748280683119564, 24.50000000000000000, 11.42771081216552886 ) ) ;
#4842 = VERTEX_POINT ( 'NONE', #6820 ) ;
#4843 = DIRECTION ( 'NONE',  ( 0.000000000000000000, 0.000000000000000000, -1.000000000000000000 ) ) ;
#4844 = VECTOR ( 'NONE', #7616, 1000.000000000000000 ) ;
#4845 = VECTOR ( 'NONE', #4969, 1000.000000000000000 ) ;
#4846 = ORIENTED_EDGE ( 'NONE', *, *, #5270, .F. ) ;
#4847 = ORIENTED_EDGE ( 'NONE', *, *, #9184, .T. ) ;
#4848 = CARTESIAN_POINT ( 'NONE',  ( -1.579617136008335088, 24.50000000000000000, 11.47885425846391527 ) ) ;
#4849 = LINE ( 'NONE', #6542, #10233 ) ;
#4850 = VECTOR ( 'NONE', #10020, 1000.000000000000000 ) ;
#4851 = VERTEX_POINT ( 'NONE', #6712 ) ;
#4852 = DIRECTION ( 'NONE',  ( 0.000000000000000000, 0.000000000000000000, -1.000000000000000000 ) ) ;
#4853 = CARTESIAN_POINT ( 'NONE',  ( -3.100088496576544728, 32.00000000000001421, 8.757180451233447016 ) ) ;
#4854 = EDGE_CURVE ( 'NONE', #4425, #10545, #962, .T. ) ;
#4855 = FACE_OUTER_BOUND ( 'NONE', #10230, .T. ) ;
#4856 = ORIENTED_EDGE ( 'NONE', *, *, #1766, .T. ) ;
#4857 = VECTOR ( 'NONE', #5200, 1000.000000000000000 ) ;
#4858 = ORIENTED_EDGE ( 'NONE', *, *, #7685, .T. ) ;
#4859 = CARTESIAN_POINT ( 'NONE',  ( 6.346119218776775206, 23.00000000000000000, -6.021333691102119801 ) ) ;
#4860 = EDGE_CURVE ( 'NONE', #7369, #7364, #21, .T. ) ;
#4861 = LINE ( 'NONE', #1565, #2927 ) ;
#4862 = DIRECTION ( 'NONE',  ( 1.000000000000000000, 0.000000000000000000, 0.000000000000000000 ) ) ;
#4863 = LINE ( 'NONE', #3198, #8813 ) ;
#4864 = DIRECTION ( 'NONE',  ( -6.982962677686266711E-15, -3.491481338843133355E-15, 1.000000000000000000 ) ) ;
#4865 = EDGE_CURVE ( 'NONE', #1067, #9307, #1659, .T. ) ;
#4866 = VECTOR ( 'NONE', #7434, 1000.000000000000000 ) ;
#4867 = DIRECTION ( 'NONE',  ( -4.908688302946797091E-17, 0.000000000000000000, 1.000000000000000000 ) ) ;
#4868 = CARTESIAN_POINT ( 'NONE',  ( -34.25000000000000000, 2.000000000000000000, 28.99999999999997158 ) ) ;
#4869 = FACE_OUTER_BOUND ( 'NONE', #3906, .T. ) ;
#4870 = ORIENTED_EDGE ( 'NONE', *, *, #8417, .T. ) ;
#4871 = PLANE ( 'NONE',  #367 ) ;
#4872 = ORIENTED_EDGE ( 'NONE', *, *, #3303, .F. ) ;
#4873 = LINE ( 'NONE', #7639, #5704 ) ;
#4874 = VECTOR ( 'NONE', #4867, 1000.000000000000000 ) ;
#4875 = DIRECTION ( 'NONE',  ( -1.000000000000000000, 4.362186067504582549E-40, -1.475500935504066960E-13 ) ) ;
#4876 = CARTESIAN_POINT ( 'NONE',  ( 3.599158056653548154, 32.00000000000000000, 1.758059867859572023 ) ) ;
#4877 = VERTEX_POINT ( 'NONE', #6930 ) ;
#4878 = LINE ( 'NONE', #4046, #2091 ) ;
#4879 = VECTOR ( 'NONE', #4301, 1000.000000000000000 ) ;
#4880 = CARTESIAN_POINT ( 'NONE',  ( -35.00000000000000000, 3.000000000000000000, 28.99999999999998934 ) ) ;
#4881 = VERTEX_POINT ( 'NONE', #5125 ) ;
#4882 = SURFACE_STYLE_USAGE ( .BOTH. , #9111 ) ;
#4883 = ORIENTED_EDGE ( 'NONE', *, *, #7158, .F. ) ;
#4884 = ORIENTED_EDGE ( 'NONE', *, *, #10920, .T. ) ;
#4885 = ORIENTED_EDGE ( 'NONE', *, *, #3358, .T. ) ;
#4886 = PLANE ( 'NONE',  #11068 ) ;
#4887 = EDGE_LOOP ( 'NONE', ( #8251, #5222, #3366, #8101 ) ) ;
#4888 = ADVANCED_FACE ( 'NONE', ( #8607 ), #3459, .F. ) ;
#4889 = CARTESIAN_POINT ( 'NONE',  ( 25.00000000000000711, 2.000000000000000000, -38.25000000000002132 ) ) ;
#4890 = ADVANCED_FACE ( 'NONE', ( #5067 ), #2501, .T. ) ;
#4891 = AXIS2_PLACEMENT_3D ( 'NONE', #5280, #10577, #122 ) ;
#4892 = ORIENTED_EDGE ( 'NONE', *, *, #7175, .T. ) ;
#4893 = FACE_OUTER_BOUND ( 'NONE', #7254, .T. ) ;
#4894 = FACE_OUTER_BOUND ( 'NONE', #11025, .T. ) ;
#4895 = CARTESIAN_POINT ( 'NONE',  ( 1.581279503555507837, 24.50000000000000355, 11.48414578258328866 ) ) ;
#4896 = LINE ( 'NONE', #6474, #2021 ) ;
#4897 = B_SPLINE_SURFACE_WITH_KNOTS ( 'NONE', 3, 1, ( 
 ( #9277, #9331 ),
 ( #1456, #1579 ),
 ( #7530, #2312 ),
 ( #3381, #8426 ) ),
 .UNSPECIFIED., .F., .F., .F.,
 ( 4, 4 ),
 ( 2, 2 ),
 ( 5.000000000000000000, 6.000000000000000000 ),
 ( 0.000000000000000000, 1.000000000000000000 ),
 .UNSPECIFIED. ) ;
#4898 = DIRECTION ( 'NONE',  ( -1.000000000000000000, -0.000000000000000000, -0.000000000000000000 ) ) ;
#4899 = CARTESIAN_POINT ( 'NONE',  ( 15.84405090676714600, 9.499999999999998224, 13.67730034089338709 ) ) ;
#4900 = VERTEX_POINT ( 'NONE', #7769 ) ;
#4901 = CARTESIAN_POINT ( 'NONE',  ( -13.50043034469988434, 28.49999999999999645, 12.01317212208040530 ) ) ;
#4902 = VECTOR ( 'NONE', #3386, 1000.000000000000000 ) ;
#4903 = EDGE_LOOP ( 'NONE', ( #2828, #10641, #603, #9561 ) ) ;
#4904 = EDGE_CURVE ( 'NONE', #7918, #7524, #4396, .T. ) ;
#4905 = EDGE_LOOP ( 'NONE', ( #8905, #8282, #7920, #8694 ) ) ;
#4906 = FACE_BOUND ( 'NONE', #2852, .T. ) ;
#4907 = CARTESIAN_POINT ( 'NONE',  ( 1.500000000000000222, 26.50000000000000000, -2.201678149889266134 ) ) ;
#4908 = VECTOR ( 'NONE', #6537, 1000.000000000000000 ) ;
#4909 = VERTEX_POINT ( 'NONE', #9515 ) ;
#4910 = DIRECTION ( 'NONE',  ( 0.000000000000000000, 0.000000000000000000, 1.000000000000000000 ) ) ;
#4911 = CARTESIAN_POINT ( 'NONE',  ( -4.219146220329037966, 10.50999999999999091, 23.06569260839445334 ) ) ;
#4912 = PLANE ( 'NONE',  #6677 ) ;
#4913 = ORIENTED_EDGE ( 'NONE', *, *, #2528, .F. ) ;
#4914 = VECTOR ( 'NONE', #6301, 999.9999999999998863 ) ;
#4915 = ORIENTED_EDGE ( 'NONE', *, *, #10541, .T. ) ;
#4916 = EDGE_CURVE ( 'NONE', #5005, #1797, #3288, .T. ) ;
#4917 = DIRECTION ( 'NONE',  ( 1.000000000000000000, 0.000000000000000000, 4.483001173306440485E-11 ) ) ;
#4918 = LINE ( 'NONE', #7457, #6503 ) ;
#4919 = CARTESIAN_POINT ( 'NONE',  ( 33.50000000000000000, 1.500000000000000000, -29.00000000000000355 ) ) ;
#4920 = FACE_OUTER_BOUND ( 'NONE', #4887, .T. ) ;
#4921 = CARTESIAN_POINT ( 'NONE',  ( 1.799786299147291047, 31.99999999999998579, 4.900223861181251195 ) ) ;
#4922 = CARTESIAN_POINT ( 'NONE',  ( 2.251544362057766868, 24.50000000000000000, -4.500214463258164876 ) ) ;
#4923 = CARTESIAN_POINT ( 'NONE',  ( -8.743329047513924479, 24.50000000000000000, 7.256070824894444549 ) ) ;
#4924 = PRODUCT_RELATED_PRODUCT_CATEGORY ( 'part', '', ( #1782 ) ) ;
#4925 = CARTESIAN_POINT ( 'NONE',  ( 11.09999999999999076, -11.49999999999999645, -19.60000000000000497 ) ) ;
#4926 = ORIENTED_EDGE ( 'NONE', *, *, #10653, .F. ) ;
#4927 = CARTESIAN_POINT ( 'NONE',  ( 1.665313045421115357, 24.50000000000001421, 6.125826274882580691 ) ) ;
#4928 = ORIENTED_EDGE ( 'NONE', *, *, #7306, .T. ) ;
#4929 = EDGE_CURVE ( 'NONE', #6463, #1529, #8504, .T. ) ;
#4930 = DIRECTION ( 'NONE',  ( 0.9544799780350297080, -0.000000000000000000, 0.2982749931359467976 ) ) ;
#4931 = VECTOR ( 'NONE', #3144, 1000.000000000000000 ) ;
#4932 = DIRECTION ( 'NONE',  ( -5.810734853358910146E-15, -0.000000000000000000, 1.000000000000000000 ) ) ;
#4933 = CARTESIAN_POINT ( 'NONE',  ( 2.251544362057745996, 32.00000000000000000, -1.046527771141978480 ) ) ;
#4934 = ORIENTED_EDGE ( 'NONE', *, *, #6386, .T. ) ;
#4935 = DIRECTION ( 'NONE',  ( -0.000000000000000000, -1.000000000000000000, -0.000000000000000000 ) ) ;
#4936 = ADVANCED_FACE ( 'NONE', ( #4176 ), #8885, .T. ) ;
#4937 = VECTOR ( 'NONE', #9126, 1000.000000000000000 ) ;
#4938 = CARTESIAN_POINT ( 'NONE',  ( 35.00000000000000000, 32.00000000000000000, 28.99999999999997158 ) ) ;
#4939 = AXIS2_PLACEMENT_3D ( 'NONE', #8363, #2471, #10893 ) ;
#4940 = ORIENTED_EDGE ( 'NONE', *, *, #1475, .T. ) ;
#4941 = CYLINDRICAL_SURFACE ( 'NONE', #4204, 8.999999999999994671 ) ;
#4942 = ORIENTED_EDGE ( 'NONE', *, *, #6439, .F. ) ;
#4943 = EDGE_LOOP ( 'NONE', ( #9589, #5113, #10144, #9328 ) ) ;
#4944 = EDGE_CURVE ( 'NONE', #1316, #10910, #7987, .T. ) ;
#4945 = ORIENTED_EDGE ( 'NONE', *, *, #10275, .T. ) ;
#4946 = SHAPE_REPRESENTATION_RELATIONSHIP ( 'NONE' , 'NONE' ,  #9824, #5292 ) ;
#4947 = ORIENTED_EDGE ( 'NONE', *, *, #2373, .F. ) ;
#4948 = DIRECTION ( 'NONE',  ( -0.000000000000000000, 1.000000000000000000, -0.000000000000000000 ) ) ;
#4949 = VECTOR ( 'NONE', #2737, 1000.000000000000000 ) ;
#4950 = VECTOR ( 'NONE', #10879, 1000.000000000000000 ) ;
#4951 = ORIENTED_EDGE ( 'NONE', *, *, #3910, .T. ) ;
#4952 = DIRECTION ( 'NONE',  ( -0.000000000000000000, -0.000000000000000000, 1.000000000000000000 ) ) ;
#4953 = CARTESIAN_POINT ( 'NONE',  ( 7.599667529665884658, 25.00000000000011013, 18.11989491965050547 ) ) ;
#4954 = CARTESIAN_POINT ( 'NONE',  ( -35.00000000000000000, 32.00000000000000000, 28.99999999999997158 ) ) ;
#4955 = DIRECTION ( 'NONE',  ( 0.000000000000000000, 0.000000000000000000, -1.000000000000000000 ) ) ;
#4956 = DIRECTION ( 'NONE',  ( 1.445602896647339163E-16, 0.000000000000000000, 1.000000000000000000 ) ) ;
#4957 = DIRECTION ( 'NONE',  ( 0.000000000000000000, -0.000000000000000000, -1.000000000000000000 ) ) ;
#4958 = ADVANCED_FACE ( 'NONE', ( #3616 ), #1186, .T. ) ;
#4959 = ORIENTED_EDGE ( 'NONE', *, *, #2591, .T. ) ;
#4960 = CARTESIAN_POINT ( 'NONE',  ( 25.00000000000000000, 0.000000000000000000, 28.99999999999998934 ) ) ;
#4961 = AXIS2_PLACEMENT_3D ( 'NONE', #3166, #5733, #9849 ) ;
#4962 = LINE ( 'NONE', #5920, #4764 ) ;
#4963 = ORIENTED_EDGE ( 'NONE', *, *, #4011, .T. ) ;
#4964 = ORIENTED_EDGE ( 'NONE', *, *, #6088, .F. ) ;
#4965 = FACE_OUTER_BOUND ( 'NONE', #10914, .T. ) ;
#4966 = CARTESIAN_POINT ( 'NONE',  ( -14.49833763245320029, 23.00000000000000000, 24.06419186098114693 ) ) ;
#4967 = ORIENTED_EDGE ( 'NONE', *, *, #3418, .T. ) ;
#4968 = DIRECTION ( 'NONE',  ( 0.000000000000000000, 1.000000000000000000, 3.491481338843133355E-15 ) ) ;
#4969 = DIRECTION ( 'NONE',  ( -0.000000000000000000, 1.000000000000000000, -0.000000000000000000 ) ) ;
#4970 = CARTESIAN_POINT ( 'NONE',  ( 35.00000000000000000, 3.000000000000000000, 28.99999999999998934 ) ) ;
#4971 = ADVANCED_FACE ( 'NONE', ( #343, #2722 ), #6299, .T. ) ;
#4972 = EDGE_CURVE ( 'NONE', #6526, #5411, #1875, .T. ) ;
#4973 = ORIENTED_EDGE ( 'NONE', *, *, #2360, .F. ) ;
#4974 = ADVANCED_FACE ( 'NONE', ( #4556 ), #3727, .F. ) ;
#4975 = ORIENTED_EDGE ( 'NONE', *, *, #2970, .F. ) ;
#4976 = PLANE ( 'NONE',  #6005 ) ;
#4977 = DIRECTION ( 'NONE',  ( 0.000000000000000000, 0.000000000000000000, -1.000000000000000000 ) ) ;
#4978 = DIRECTION ( 'NONE',  ( 1.093772683465830541E-16, 0.000000000000000000, -1.000000000000000000 ) ) ;
#4979 = LINE ( 'NONE', #10046, #3966 ) ;
#4980 = DIRECTION ( 'NONE',  ( -0.000000000000000000, 1.000000000000000000, 3.491481338843133355E-15 ) ) ;
#4981 = CARTESIAN_POINT ( 'NONE',  ( 15.00000000000000000, -11.50000000000000000, -25.10000000000000853 ) ) ;
#4982 = LINE ( 'NONE', #7689, #5659 ) ;
#4983 = EDGE_CURVE ( 'NONE', #4107, #8061, #2886, .T. ) ;
#4984 = CARTESIAN_POINT ( 'NONE',  ( 15.00000000000000000, 0.000000000000000000, 11.89999999999998792 ) ) ;
#4985 = ORIENTED_EDGE ( 'NONE', *, *, #1999, .F. ) ;
#4986 = DIRECTION ( 'NONE',  ( 0.000000000000000000, -1.000000000000000000, 5.782411586589354927E-17 ) ) ;
#4987 = VECTOR ( 'NONE', #4040, 1000.000000000000000 ) ;
#4988 = VERTEX_POINT ( 'NONE', #6186 ) ;
#4989 = LINE ( 'NONE', #780, #5341 ) ;
#4990 = CARTESIAN_POINT ( 'NONE',  ( -2.363171231767911440, 31.99999999999999289, 6.746648345641453659 ) ) ;
#4991 = DIRECTION ( 'NONE',  ( 4.483001173306440485E-11, 2.940873454663932011E-27, -1.000000000000000000 ) ) ;
#4992 = ORIENTED_EDGE ( 'NONE', *, *, #6821, .T. ) ;
#4993 = AXIS2_PLACEMENT_3D ( 'NONE', #5678, #3939, #8214 ) ;
#4994 = CARTESIAN_POINT ( 'NONE',  ( 8.099999999999996092, -11.50000000000000000, -16.60000000000000142 ) ) ;
#4995 = ADVANCED_FACE ( 'NONE', ( #2776, #10468 ), #9627, .F. ) ;
#4996 = DIRECTION ( 'NONE',  ( -0.000000000000000000, 1.000000000000000000, -0.000000000000000000 ) ) ;
#4997 = ORIENTED_EDGE ( 'NONE', *, *, #3542, .T. ) ;
#4998 = DIRECTION ( 'NONE',  ( -0.000000000000000000, 1.000000000000000000, -0.000000000000000000 ) ) ;
#4999 = VERTEX_POINT ( 'NONE', #8721 ) ;
#5000 = VERTEX_POINT ( 'NONE', #4446 ) ;
#5001 = EDGE_LOOP ( 'NONE', ( #5643, #9598, #11045, #8200, #2811 ) ) ;
#5002 = DIRECTION ( 'NONE',  ( 0.000000000000000000, 0.000000000000000000, 1.000000000000000000 ) ) ;
#5003 = DIRECTION ( 'NONE',  ( 0.000000000000000000, -1.000000000000000000, 0.000000000000000000 ) ) ;
#5004 = ADVANCED_FACE ( 'NONE', ( #5449 ), #10632, .F. ) ;
#5005 = VERTEX_POINT ( 'NONE', #8943 ) ;
#5006 = PLANE ( 'NONE',  #8451 ) ;
#5007 = DIRECTION ( 'NONE',  ( -1.000000000000000000, 0.000000000000000000, 0.000000000000000000 ) ) ;
#5008 = AXIS2_PLACEMENT_3D ( 'NONE', #6168, #3493, #9605 ) ;
#5009 = CARTESIAN_POINT ( 'NONE',  ( 2.562233326286126989, 10.50999999999999091, -2.736966231001714878 ) ) ;
#5010 = LINE ( 'NONE', #6928, #10443 ) ;
#5011 = EDGE_CURVE ( 'NONE', #5794, #5257, #8489, .T. ) ;
#5012 = DIRECTION ( 'NONE',  ( -2.312964634635749366E-16, 0.000000000000000000, 1.000000000000000000 ) ) ;
#5013 = DIRECTION ( 'NONE',  ( -0.000000000000000000, 1.000000000000000000, -0.000000000000000000 ) ) ;
#5014 = ORIENTED_EDGE ( 'NONE', *, *, #8520, .T. ) ;
#5015 = CARTESIAN_POINT ( 'NONE',  ( -10.91334025148517561, 22.99999999999999289, 18.55278282206214158 ) ) ;
#5016 = LINE ( 'NONE', #2449, #6760 ) ;
#5017 = VERTEX_POINT ( 'NONE', #1072 ) ;
#5018 = ORIENTED_EDGE ( 'NONE', *, *, #6302, .T. ) ;
#5019 = EDGE_CURVE ( 'NONE', #2295, #10012, #8849, .T. ) ;
#5020 = DIRECTION ( 'NONE',  ( -0.000000000000000000, -1.000000000000000000, -0.000000000000000000 ) ) ;
#5021 = PLANE ( 'NONE',  #1069 ) ;
#5022 = ORIENTED_EDGE ( 'NONE', *, *, #7126, .T. ) ;
#5023 = CARTESIAN_POINT ( 'NONE',  ( -46.31370849898476649, 16.49999999999999289, 17.99999999999995381 ) ) ;
#5024 = DIRECTION ( 'NONE',  ( 0.000000000000000000, -1.000000000000000000, 0.000000000000000000 ) ) ;
#5025 = AXIS2_PLACEMENT_3D ( 'NONE', #6719, #10145, #10032 ) ;
#5026 = CARTESIAN_POINT ( 'NONE',  ( -27.50000000000000355, 16.49999999999999645, 13.24999999999995559 ) ) ;
#5027 = AXIS2_PLACEMENT_3D ( 'NONE', #6450, #1512, #8368 ) ;
#5028 = VERTEX_POINT ( 'NONE', #5336 ) ;
#5029 = EDGE_LOOP ( 'NONE', ( #6181, #8665, #5670, #3442 ) ) ;
#5030 = DIRECTION ( 'NONE',  ( -1.524797561326645848E-13, -2.940873454663932011E-27, 1.000000000000000000 ) ) ;
#5031 = APPLICATION_CONTEXT ( 'automotive_design' ) ;
#5032 = AXIS2_PLACEMENT_3D ( 'NONE', #2327, #7315, #1474 ) ;
#5033 = EDGE_CURVE ( 'NONE', #6904, #6482, #1130, .T. ) ;
#5034 = CARTESIAN_POINT ( 'NONE',  ( 1.101485361694153120, 24.50000000000000000, 5.187071063562608053 ) ) ;
#5035 = EDGE_CURVE ( 'NONE', #399, #5789, #8773, .T. ) ;
#5036 = CARTESIAN_POINT ( 'NONE',  ( -25.00000000000000000, 3.000000000000000000, 28.99999999999998934 ) ) ;
#5037 = DIRECTION ( 'NONE',  ( 0.9986117056600364306, 0.000000000000000000, -0.05267505404603460561 ) ) ;
#5038 = CARTESIAN_POINT ( 'NONE',  ( 3.119527787974800681, 32.00000000000000000, 3.565852370541971350 ) ) ;
#5039 = LINE ( 'NONE', #4144, #2564 ) ;
#5040 = DIRECTION ( 'NONE',  ( -0.000000000000000000, -1.000000000000000000, -0.000000000000000000 ) ) ;
#5041 = VECTOR ( 'NONE', #2727, 1000.000000000000000 ) ;
#5042 = DIRECTION ( 'NONE',  ( -1.000000000000000000, 0.000000000000000000, 0.000000000000000000 ) ) ;
#5043 = ORIENTED_EDGE ( 'NONE', *, *, #4430, .T. ) ;
#5044 = CARTESIAN_POINT ( 'NONE',  ( -14.27500000000000568, -13.99999999999999822, -17.60000000000000853 ) ) ;
#5045 = ORIENTED_EDGE ( 'NONE', *, *, #1040, .F. ) ;
#5046 = FACE_OUTER_BOUND ( 'NONE', #2766, .T. ) ;
#5047 = FACE_BOUND ( 'NONE', #9479, .T. ) ;
#5048 = EDGE_CURVE ( 'NONE', #1630, #5901, #10525, .T. ) ;
#5049 = CARTESIAN_POINT ( 'NONE',  ( -4.246373477178807754, 10.50999999999999091, 6.750748237078701308 ) ) ;
#5050 = AXIS2_PLACEMENT_3D ( 'NONE', #6298, #291, #7037 ) ;
#5051 = VERTEX_POINT ( 'NONE', #9683 ) ;
#5052 = LINE ( 'NONE', #8538, #1174 ) ;
#5053 = FACE_OUTER_BOUND ( 'NONE', #7499, .T. ) ;
#5054 = ORIENTED_EDGE ( 'NONE', *, *, #5864, .T. ) ;
#5055 = VECTOR ( 'NONE', #6129, 1000.000000000000227 ) ;
#5056 = EDGE_LOOP ( 'NONE', ( #5118, #5456, #4518, #694 ) ) ;
#5057 = EDGE_LOOP ( 'NONE', ( #4292, #4401 ) ) ;
#5058 = EDGE_LOOP ( 'NONE', ( #5871, #6940, #8493, #7904 ) ) ;
#5059 = CARTESIAN_POINT ( 'NONE',  ( 20.19999999999999574, 0.5000000000000000000, 8.399999999999952394 ) ) ;
#5060 = EDGE_CURVE ( 'NONE', #9739, #1116, #1990, .T. ) ;
#5061 = ORIENTED_EDGE ( 'NONE', *, *, #1754, .T. ) ;
#5062 = DIRECTION ( 'NONE',  ( 0.000000000000000000, 0.000000000000000000, -1.000000000000000000 ) ) ;
#5063 = VECTOR ( 'NONE', #803, 1000.000000000000000 ) ;
#5064 = DIRECTION ( 'NONE',  ( 0.000000000000000000, 1.000000000000000000, 0.000000000000000000 ) ) ;
#5065 = DIRECTION ( 'NONE',  ( -0.000000000000000000, 1.000000000000000000, -0.000000000000000000 ) ) ;
#5066 = CARTESIAN_POINT ( 'NONE',  ( -35.00000000000000000, 3.000000000000000000, 28.99999999999998934 ) ) ;
#5067 = FACE_OUTER_BOUND ( 'NONE', #3701, .T. ) ;
#5068 = ORIENTED_EDGE ( 'NONE', *, *, #4418, .T. ) ;
#5069 = CARTESIAN_POINT ( 'NONE',  ( -33.50000000000000711, 10.50000000000000711, 17.99999999999995737 ) ) ;
#5070 = ADVANCED_FACE ( 'NONE', ( #9168 ), #8320, .F. ) ;
#5071 = VECTOR ( 'NONE', #8205, 1000.000000000000000 ) ;
#5072 = LINE ( 'NONE', #9302, #9089 ) ;
#5073 = ORIENTED_EDGE ( 'NONE', *, *, #5831, .F. ) ;
#5074 = ADVANCED_FACE ( 'NONE', ( #6634 ), #8149, .F. ) ;
#5075 = ORIENTED_EDGE ( 'NONE', *, *, #1075, .F. ) ;
#5076 = DIRECTION ( 'NONE',  ( -0.000000000000000000, -1.000000000000000000, -0.000000000000000000 ) ) ;
#5077 = FACE_OUTER_BOUND ( 'NONE', #4044, .T. ) ;
#5078 = ORIENTED_EDGE ( 'NONE', *, *, #8244, .T. ) ;
#5079 = CARTESIAN_POINT ( 'NONE',  ( -27.50000000000000355, 10.49999999999999467, 1.749999999999952927 ) ) ;
#5080 =( NAMED_UNIT ( * ) PLANE_ANGLE_UNIT ( ) SI_UNIT ( $, .RADIAN. ) );
#5081 = CYLINDRICAL_SURFACE ( 'NONE', #5420, 1.000000000000000888 ) ;
#5082 = EDGE_CURVE ( 'NONE', #6461, #3818, #614, .T. ) ;
#5083 = PRODUCT ( 'Assem1', 'Assem1', '', ( #228 ) ) ;
#5084 = ORIENTED_EDGE ( 'NONE', *, *, #7556, .F. ) ;
#5085 = ORIENTED_EDGE ( 'NONE', *, *, #5256, .T. ) ;
#5086 = CARTESIAN_POINT ( 'NONE',  ( -13.37439034799843540, 10.50999999999999091, 16.09894341631909853 ) ) ;
#5087 = VECTOR ( 'NONE', #910, 1000.000000000000000 ) ;
#5088 = CARTESIAN_POINT ( 'NONE',  ( 3.569652140351113889, 24.49999999999999645, 1.222130632922711069 ) ) ;
#5089 = CARTESIAN_POINT ( 'NONE',  ( -15.27500000000000746, -13.99999999999999822, -16.60000000000000853 ) ) ;
#5090 = CARTESIAN_POINT ( 'NONE',  ( -4.000000000000016875, -5.500000000000000000, 6.594999999999988205 ) ) ;
#5091 = LINE ( 'NONE', #7687, #3171 ) ;
#5092 = DIRECTION ( 'NONE',  ( 0.000000000000000000, 0.000000000000000000, -1.000000000000000000 ) ) ;
#5093 = CARTESIAN_POINT ( 'NONE',  ( 0.000000000000000000, 29.50000000000000000, 13.00000000000000000 ) ) ;
#5094 = VECTOR ( 'NONE', #1406, 1000.000000000000000 ) ;
#5095 = DIRECTION ( 'NONE',  ( 0.000000000000000000, 1.000000000000000000, -0.000000000000000000 ) ) ;
#5096 = EDGE_CURVE ( 'NONE', #1638, #8697, #5560, .T. ) ;
#5097 = EDGE_LOOP ( 'NONE', ( #4177, #10603, #9022, #994 ) ) ;
#5098 = ADVANCED_FACE ( 'NONE', ( #10009 ), #3159, .F. ) ;
#5099 = FACE_OUTER_BOUND ( 'NONE', #9333, .T. ) ;
#5100 = VERTEX_POINT ( 'NONE', #3880 ) ;
#5101 = FACE_OUTER_BOUND ( 'NONE', #7868, .T. ) ;
#5102 = EDGE_CURVE ( 'NONE', #9676, #859, #2316, .T. ) ;
#5103 = CARTESIAN_POINT ( 'NONE',  ( -3.100088496576540731, 32.00000000000000000, 8.442532122171851228 ) ) ;
#5104 = CARTESIAN_POINT ( 'NONE',  ( 14.09999999999999432, -11.50000000000000000, -22.60000000000000853 ) ) ;
#5105 = DIRECTION ( 'NONE',  ( 0.000000000000000000, -1.000000000000000000, -2.940873454663932011E-27 ) ) ;
#5106 = UNCERTAINTY_MEASURE_WITH_UNIT (LENGTH_MEASURE( 1.000000000000000082E-05 ), #1833, 'distance_accuracy_value', 'NONE');
#5107 = PLANE ( 'NONE',  #9395 ) ;
#5108 = ADVANCED_FACE ( 'NONE', ( #8096 ), #10738, .T. ) ;
#5109 = ORIENTED_EDGE ( 'NONE', *, *, #5394, .T. ) ;
#5110 = EDGE_CURVE ( 'NONE', #8821, #6904, #3101, .T. ) ;
#5111 = LINE ( 'NONE', #2431, #3675 ) ;
#5112 = VECTOR ( 'NONE', #9239, 1000.000000000000000 ) ;
#5113 = ORIENTED_EDGE ( 'NONE', *, *, #6484, .T. ) ;
#5114 = EDGE_LOOP ( 'NONE', ( #9815, #4481, #7542, #2709, #4588, #3123, #6775, #4510 ) ) ;
#5115 = ORIENTED_EDGE ( 'NONE', *, *, #10681, .F. ) ;
#5116 = DIRECTION ( 'NONE',  ( 0.000000000000000000, 0.000000000000000000, 1.000000000000000000 ) ) ;
#5117 = CARTESIAN_POINT ( 'NONE',  ( 17.70476182858164549, 26.50000000000000000, 15.53801126270789190 ) ) ;
#5118 = ORIENTED_EDGE ( 'NONE', *, *, #90, .F. ) ;
#5119 = LINE ( 'NONE', #3339, #6926 ) ;
#5120 = AXIS2_PLACEMENT_3D ( 'NONE', #9894, #3879, #9224 ) ;
#5121 = VECTOR ( 'NONE', #1653, 1000.000000000000000 ) ;
#5122 = CARTESIAN_POINT ( 'NONE',  ( 0.000000000000000000, -9.999999999999998224, -18.43835307503515608 ) ) ;
#5123 = CARTESIAN_POINT ( 'NONE',  ( 15.09999999999999609, -5.500000000000000000, -16.60000000000000142 ) ) ;
#5124 = LINE ( 'NONE', #8503, #1546 ) ;
#5125 = CARTESIAN_POINT ( 'NONE',  ( 0.000000000000000000, -12.99999999999999822, 1.094999999999985540 ) ) ;
#5126 = ORIENTED_EDGE ( 'NONE', *, *, #5865, .F. ) ;
#5127 = EDGE_CURVE ( 'NONE', #7638, #7836, #9925, .T. ) ;
#5128 = CARTESIAN_POINT ( 'NONE',  ( -34.25000000000000000, 2.000000000000000000, 28.99999999999997158 ) ) ;
#5129 = LINE ( 'NONE', #6772, #5306 ) ;
#5130 = VECTOR ( 'NONE', #4202, 1000.000000000000000 ) ;
#5131 = VECTOR ( 'NONE', #10934, 1000.000000000000000 ) ;
#5132 = EDGE_LOOP ( 'NONE', ( #3887, #1703, #7125, #1769, #2379, #5302, #5661, #10802 ) ) ;
#5133 = ORIENTED_EDGE ( 'NONE', *, *, #10379, .T. ) ;
#5134 = DIRECTION ( 'NONE',  ( -0.000000000000000000, 1.000000000000000000, 4.613788877420475110E-15 ) ) ;
#5135 = CARTESIAN_POINT ( 'NONE',  ( 2.999999999999983569, -13.99999999999999822, -2.370000000000013429 ) ) ;
#5136 = ADVANCED_FACE ( 'NONE', ( #3215 ), #2260, .T. ) ;
#5137 = CARTESIAN_POINT ( 'NONE',  ( 10.26313544485287643, 32.00000000000000000, 18.29275258562296713 ) ) ;
#5138 = CARTESIAN_POINT ( 'NONE',  ( 0.000000000000000000, -0.5000000000000000000, -17.43835307503515608 ) ) ;
#5139 = VECTOR ( 'NONE', #4774, 1000.000000000000000 ) ;
#5140 = FACE_OUTER_BOUND ( 'NONE', #9702, .T. ) ;
#5141 = VECTOR ( 'NONE', #2164, 1000.000000000000000 ) ;
#5142 = EDGE_CURVE ( 'NONE', #1762, #3241, #5783, .T. ) ;
#5143 = ORIENTED_EDGE ( 'NONE', *, *, #4744, .T. ) ;
#5144 = AXIS2_PLACEMENT_3D ( 'NONE', #509, #6527, #2851 ) ;
#5145 = EDGE_LOOP ( 'NONE', ( #5328, #8705, #4360, #9426 ) ) ;
#5146 = CARTESIAN_POINT ( 'NONE',  ( -2.963514122497402870, 31.99999999999999289, 9.681963346135431081 ) ) ;
#5147 = FACE_OUTER_BOUND ( 'NONE', #5145, .T. ) ;
#5148 = CARTESIAN_POINT ( 'NONE',  ( 1.101485361694153120, 25.00000000000015277, 5.860867144937123463 ) ) ;
#5149 = EDGE_CURVE ( 'NONE', #1548, #6438, #4767, .T. ) ;
#5150 = DIRECTION ( 'NONE',  ( 0.000000000000000000, 1.000000000000000000, 0.000000000000000000 ) ) ;
#5151 = CARTESIAN_POINT ( 'NONE',  ( -3.571427260065566323, 24.50000000000000355, 1.220073172502926351 ) ) ;
#5152 = DIRECTION ( 'NONE',  ( 0.000000000000000000, 0.000000000000000000, 1.000000000000000000 ) ) ;
#5153 = CARTESIAN_POINT ( 'NONE',  ( 6.346119218776774318, 9.499999999999998224, 11.64859530943569332 ) ) ;
#5154 = ORIENTED_EDGE ( 'NONE', *, *, #4389, .F. ) ;
#5155 = DIRECTION ( 'NONE',  ( 0.000000000000000000, 0.000000000000000000, 1.000000000000000000 ) ) ;
#5156 = ORIENTED_EDGE ( 'NONE', *, *, #2995, .T. ) ;
#5157 = DIRECTION ( 'NONE',  ( 0.000000000000000000, 1.000000000000000000, 2.940873454663932011E-27 ) ) ;
#5158 = EDGE_LOOP ( 'NONE', ( #6963, #4789, #8596, #5014 ) ) ;
#5159 = LINE ( 'NONE', #889, #4264 ) ;
#5160 = LINE ( 'NONE', #7855, #8963 ) ;
#5161 = EDGE_CURVE ( 'NONE', #6244, #9172, #10795, .T. ) ;
#5162 = CARTESIAN_POINT ( 'NONE',  ( -1.577823022367718320, 32.00000000000000000, 11.43817605482948885 ) ) ;
#5163 = DIRECTION ( 'NONE',  ( 0.000000000000000000, 1.000000000000000000, 0.000000000000000000 ) ) ;
#5164 = ORIENTED_EDGE ( 'NONE', *, *, #152, .T. ) ;
#5165 = DIRECTION ( 'NONE',  ( 0.000000000000000000, 0.000000000000000000, -1.000000000000000000 ) ) ;
#5166 = ORIENTED_EDGE ( 'NONE', *, *, #6277, .F. ) ;
#5167 = ORIENTED_EDGE ( 'NONE', *, *, #4693, .F. ) ;
#5168 = VERTEX_POINT ( 'NONE', #395 ) ;
#5169 = CARTESIAN_POINT ( 'NONE',  ( 14.21914622032904418, 26.50000000000000000, 20.06569260839445690 ) ) ;
#5170 = ORIENTED_EDGE ( 'NONE', *, *, #9778, .T. ) ;
#5171 = EDGE_CURVE ( 'NONE', #2603, #9099, #3828, .T. ) ;
#5172 = CARTESIAN_POINT ( 'NONE',  ( 25.00000000000000711, 32.00000000000000000, 38.99999999999996447 ) ) ;
#5173 = EDGE_CURVE ( 'NONE', #9172, #3403, #9953, .T. ) ;
#5174 = CARTESIAN_POINT ( 'NONE',  ( 25.00000000000000711, 32.00000000000000000, 37.99999999999996447 ) ) ;
#5175 = CARTESIAN_POINT ( 'NONE',  ( 1.226982282539574874E-10, 26.50000000000000000, -2.736966231116583437 ) ) ;
#5176 = CARTESIAN_POINT ( 'NONE',  ( 15.00000000000000000, -11.50000000000000000, 11.89999999999998792 ) ) ;
#5177 = CARTESIAN_POINT ( 'NONE',  ( -1.340977077731587697, 24.99999999999999645, 25.42219329353986979 ) ) ;
#5178 = EDGE_CURVE ( 'NONE', #7326, #7925, #556, .T. ) ;
#5179 = EDGE_LOOP ( 'NONE', ( #4262, #8264, #6722, #4562 ) ) ;
#5180 = LINE ( 'NONE', #6079, #10309 ) ;
#5181 = CARTESIAN_POINT ( 'NONE',  ( -2.795965881549653975, 24.50000000000000355, 4.035519342158877087 ) ) ;
#5182 = CARTESIAN_POINT ( 'NONE',  ( -15.27500000000000746, -13.99999999999999822, -16.60000000000000853 ) ) ;
#5183 = ORIENTED_EDGE ( 'NONE', *, *, #8540, .T. ) ;
#5184 = AXIS2_PLACEMENT_3D ( 'NONE', #8675, #869, #4188 ) ;
#5185 = ORIENTED_EDGE ( 'NONE', *, *, #710, .F. ) ;
#5186 = CARTESIAN_POINT ( 'NONE',  ( 33.50000000000000000, 5.000000000000000000, -29.00000000000000355 ) ) ;
#5187 = CARTESIAN_POINT ( 'NONE',  ( -13.37439034845122521, 10.50999999999999091, 26.19897291411961859 ) ) ;
#5188 = EDGE_CURVE ( 'NONE', #5457, #9780, #2997, .T. ) ;
#5189 = LINE ( 'NONE', #10261, #1912 ) ;
#5190 = CARTESIAN_POINT ( 'NONE',  ( 17.70476182858164549, 9.499999999999998224, 27.23807268525122538 ) ) ;
#5191 = ORIENTED_EDGE ( 'NONE', *, *, #6307, .T. ) ;
#5192 = VECTOR ( 'NONE', #2897, 1000.000000000000000 ) ;
#5193 = ORIENTED_EDGE ( 'NONE', *, *, #4820, .T. ) ;
#5194 = VERTEX_POINT ( 'NONE', #6913 ) ;
#5195 = FACE_OUTER_BOUND ( 'NONE', #3639, .T. ) ;
#5196 = DIRECTION ( 'NONE',  ( 1.000000000000000000, -0.000000000000000000, 5.782411586589354681E-16 ) ) ;
#5197 = LINE ( 'NONE', #3585, #6 ) ;
#5198 = EDGE_CURVE ( 'NONE', #7200, #642, #6149, .T. ) ;
#5199 = AXIS2_PLACEMENT_3D ( 'NONE', #10763, #3069, #6264 ) ;
#5200 = DIRECTION ( 'NONE',  ( 1.000000000000000000, 0.000000000000000000, 2.322494089076271146E-16 ) ) ;
#5201 = CARTESIAN_POINT ( 'NONE',  ( -3.601026911978596701, 24.50000000000000000, 1.487297027349776313 ) ) ;
#5202 = LINE ( 'NONE', #1740, #3274 ) ;
#5203 = VERTEX_POINT ( 'NONE', #2595 ) ;
#5204 = ADVANCED_FACE ( 'NONE', ( #10345 ), #5107, .F. ) ;
#5205 = VECTOR ( 'NONE', #1333, 1000.000000000000000 ) ;
#5206 = AXIS2_PLACEMENT_3D ( 'NONE', #8461, #760, #11047 ) ;
#5207 = ORIENTED_EDGE ( 'NONE', *, *, #7595, .F. ) ;
#5208 = DIRECTION ( 'NONE',  ( -0.000000000000000000, 1.000000000000000000, -0.000000000000000000 ) ) ;
#5209 = ORIENTED_EDGE ( 'NONE', *, *, #683, .T. ) ;
#5210 = LINE ( 'NONE', #3436, #7679 ) ;
#5211 = DIRECTION ( 'NONE',  ( -0.000000000000000000, -1.000000000000000000, -0.000000000000000000 ) ) ;
#5212 = EDGE_CURVE ( 'NONE', #4303, #5701, #2579, .T. ) ;
#5213 = AXIS2_PLACEMENT_3D ( 'NONE', #2086, #1226, #3371 ) ;
#5214 = FACE_OUTER_BOUND ( 'NONE', #2530, .T. ) ;
#5215 = DIRECTION ( 'NONE',  ( -0.000000000000000000, -1.000000000000000000, -0.000000000000000000 ) ) ;
#5216 = ORIENTED_EDGE ( 'NONE', *, *, #4581, .F. ) ;
#5217 = PLANE ( 'NONE',  #257 ) ;
#5218 = ORIENTED_EDGE ( 'NONE', *, *, #974, .T. ) ;
#5219 = VERTEX_POINT ( 'NONE', #10234 ) ;
#5220 = VECTOR ( 'NONE', #3774, 1000.000000000000000 ) ;
#5221 = LINE ( 'NONE', #3503, #4477 ) ;
#5222 = ORIENTED_EDGE ( 'NONE', *, *, #912, .F. ) ;
#5223 = DIRECTION ( 'NONE',  ( 0.000000000000000000, 1.000000000000000000, 3.491481338843133355E-15 ) ) ;
#5224 = DIRECTION ( 'NONE',  ( -0.000000000000000000, -1.000000000000000000, -0.000000000000000000 ) ) ;
#5225 = CARTESIAN_POINT ( 'NONE',  ( -2.000000000000015987, -13.00000000000000000, -1.370000000000013651 ) ) ;
#5226 = VECTOR ( 'NONE', #2348, 1000.000000000000000 ) ;
#5227 = CARTESIAN_POINT ( 'NONE',  ( 25.00000000000000711, 2.000000000000000000, 38.24999999999996447 ) ) ;
#5228 = ORIENTED_EDGE ( 'NONE', *, *, #3132, .F. ) ;
#5229 = DIRECTION ( 'NONE',  ( 1.084202172485504187E-16, 0.000000000000000000, 1.000000000000000000 ) ) ;
#5230 = EDGE_CURVE ( 'NONE', #863, #5354, #2542, .T. ) ;
#5231 = ADVANCED_FACE ( 'NONE', ( #5053 ), #1755, .F. ) ;
#5232 = CARTESIAN_POINT ( 'NONE',  ( -25.00000000000001066, 32.00000000000000000, -39.00000000000002842 ) ) ;
#5233 = DIRECTION ( 'NONE',  ( 0.000000000000000000, 1.000000000000000000, 2.940873454663932011E-27 ) ) ;
#5234 = VERTEX_POINT ( 'NONE', #11022 ) ;
#5235 = VECTOR ( 'NONE', #8845, 1000.000000000000000 ) ;
#5236 = VERTEX_POINT ( 'NONE', #8431 ) ;
#5237 = LINE ( 'NONE', #8672, #3244 ) ;
#5238 = DIRECTION ( 'NONE',  ( 1.000000000000000000, 0.000000000000000000, -0.000000000000000000 ) ) ;
#5239 = CARTESIAN_POINT ( 'NONE',  ( 14.99999999999996092, 0.000000000000000000, 13.59999999999998899 ) ) ;
#5240 = DIRECTION ( 'NONE',  ( 1.295630333478932463E-13, 0.000000000000000000, -1.000000000000000000 ) ) ;
#5241 = CARTESIAN_POINT ( 'NONE',  ( -8.100000000000001421, -5.500000000000000000, -23.60000000000000853 ) ) ;
#5242 = ORIENTED_EDGE ( 'NONE', *, *, #8679, .F. ) ;
#5243 = VECTOR ( 'NONE', #4822, 1000.000000000000000 ) ;
#5244 = ORIENTED_EDGE ( 'NONE', *, *, #6724, .T. ) ;
#5245 = EDGE_CURVE ( 'NONE', #2010, #5203, #1125, .T. ) ;
#5246 = ORIENTED_EDGE ( 'NONE', *, *, #10674, .T. ) ;
#5247 = FACE_OUTER_BOUND ( 'NONE', #8428, .T. ) ;
#5248 = CARTESIAN_POINT ( 'NONE',  ( 5.299549528938802823, 25.00000000000009948, 21.57711283463906327 ) ) ;
#5249 = DIRECTION ( 'NONE',  ( -1.000000000000000000, -4.591774807899560578E-40, 1.592325548196395074E-13 ) ) ;
#5250 = AXIS2_PLACEMENT_3D ( 'NONE', #10120, #9282, #731 ) ;
#5251 = ORIENTED_EDGE ( 'NONE', *, *, #3958, .T. ) ;
#5252 = CARTESIAN_POINT ( 'NONE',  ( -13.37439034727671938, 24.99999999999999645, -5.995740761909987220E-10 ) ) ;
#5253 = CARTESIAN_POINT ( 'NONE',  ( 8.099999999999996092, -11.50000000000000000, -16.60000000000000142 ) ) ;
#5254 = DIRECTION ( 'NONE',  ( 0.000000000000000000, -1.000000000000000000, 0.000000000000000000 ) ) ;
#5255 = EDGE_LOOP ( 'NONE', ( #2973, #6938, #5680, #5987 ) ) ;
#5256 = EDGE_CURVE ( 'NONE', #7597, #1784, #10179, .T. ) ;
#5257 = VERTEX_POINT ( 'NONE', #8490 ) ;
#5258 = DIRECTION ( 'NONE',  ( -0.000000000000000000, -0.000000000000000000, -1.000000000000000000 ) ) ;
#5259 = VERTEX_POINT ( 'NONE', #1642 ) ;
#5260 = CARTESIAN_POINT ( 'NONE',  ( -4.000000000000017764, -5.500000000000000000, -1.405000000000013349 ) ) ;
#5261 = PRODUCT ( 'Power Socket Front Panel v2', 'Power Socket Front Panel v2', '', ( #1012 ) ) ;
#5262 = LINE ( 'NONE', #7021, #5363 ) ;
#5263 = SURFACE_SIDE_STYLE ('',( #8812 ) ) ;
#5264 = EDGE_CURVE ( 'NONE', #2269, #10486, #4216, .T. ) ;
#5265 = CIRCLE ( 'NONE', #6721, 10.00000000000000178 ) ;
#5266 = CARTESIAN_POINT ( 'NONE',  ( 6.346119218776774318, 24.50000000000000000, 11.64859530943569332 ) ) ;
#5267 = LINE ( 'NONE', #8703, #2411 ) ;
#5268 = ORIENTED_EDGE ( 'NONE', *, *, #2640, .F. ) ;
#5269 = LINE ( 'NONE', #10565, #4559 ) ;
#5270 = EDGE_CURVE ( 'NONE', #3885, #1551, #2045, .T. ) ;
#5271 = ORIENTED_EDGE ( 'NONE', *, *, #7718, .T. ) ;
#5272 = ORIENTED_EDGE ( 'NONE', *, *, #649, .F. ) ;
#5273 = APPLICATION_PROTOCOL_DEFINITION ( 'draft international standard', 'automotive_design', 1998, #5031 ) ;
#5274 = LINE ( 'NONE', #8712, #3592 ) ;
#5275 = VERTEX_POINT ( 'NONE', #7536 ) ;
#5276 = LINE ( 'NONE', #8715, #8535 ) ;
#5277 = ADVANCED_FACE ( 'NONE', ( #6694 ), #11078, .T. ) ;
#5278 = FACE_OUTER_BOUND ( 'NONE', #532, .T. ) ;
#5279 = LINE ( 'NONE', #9787, #8472 ) ;
#5280 = CARTESIAN_POINT ( 'NONE',  ( 6.346119218776774318, 23.00000000000000000, 11.64859530943569332 ) ) ;
#5281 = ORIENTED_EDGE ( 'NONE', *, *, #6075, .T. ) ;
#5282 = CARTESIAN_POINT ( 'NONE',  ( -33.50000000000000000, 28.49999999999999645, 28.99999999999997158 ) ) ;
#5283 = CARTESIAN_POINT ( 'NONE',  ( -3.364574734137343093, 24.50000000000000711, 3.057878805621069951 ) ) ;
#5284 = CARTESIAN_POINT ( 'NONE',  ( 3.022400764042547650, 24.50000000000000000, 3.723858733988918424 ) ) ;
#5285 = EDGE_LOOP ( 'NONE', ( #1907, #3487, #10143, #1218 ) ) ;
#5286 = AXIS2_PLACEMENT_3D ( 'NONE', #3997, #3890, #7371 ) ;
#5287 = VECTOR ( 'NONE', #3440, 1000.000000000000000 ) ;
#5288 = AXIS2_PLACEMENT_3D ( 'NONE', #6588, #10750, #2219 ) ;
#5289 = VERTEX_POINT ( 'NONE', #4938 ) ;
#5290 = LINE ( 'NONE', #4241, #6275 ) ;
#5291 = DIRECTION ( 'NONE',  ( -0.000000000000000000, -1.000000000000000000, -0.000000000000000000 ) ) ;
#5292 = ADVANCED_BREP_SHAPE_REPRESENTATION ( '', ( #6388, #1005 ), #1751 ) ;
#5293 = CARTESIAN_POINT ( 'NONE',  ( -8.871527771934950124, 29.49999999999983658, 17.83061455812335083 ) ) ;
#5294 = EDGE_CURVE ( 'NONE', #348, #10840, #7752, .T. ) ;
#5295 = DIRECTION ( 'NONE',  ( 0.000000000000000000, -1.000000000000000000, 0.000000000000000000 ) ) ;
#5296 = CARTESIAN_POINT ( 'NONE',  ( -3.100088496576544728, 32.00000000000000000, 8.757180451233447016 ) ) ;
#5297 = CYLINDRICAL_SURFACE ( 'NONE', #939, 9.249999999999994671 ) ;
#5298 = ORIENTED_EDGE ( 'NONE', *, *, #231, .F. ) ;
#5299 = VECTOR ( 'NONE', #669, 1000.000000000000000 ) ;
#5300 = AXIS2_PLACEMENT_3D ( 'NONE', #5444, #8659, #6182 ) ;
#5301 = VERTEX_POINT ( 'NONE', #5842 ) ;
#5302 = ORIENTED_EDGE ( 'NONE', *, *, #4711, .F. ) ;
#5303 = CYLINDRICAL_SURFACE ( 'NONE', #5645, 10.00000000000000178 ) ;
#5304 = DIRECTION ( 'NONE',  ( 5.782411586589354681E-16, 0.000000000000000000, -1.000000000000000000 ) ) ;
#5305 = CARTESIAN_POINT ( 'NONE',  ( 6.924999999999993605, -13.99999999999999822, -22.60000000000000853 ) ) ;
#5306 = VECTOR ( 'NONE', #8612, 1000.000000000000000 ) ;
#5307 = VERTEX_POINT ( 'NONE', #4160 ) ;
#5308 = CARTESIAN_POINT ( 'NONE',  ( -7.601536384991169903, 23.00000000000000000, 16.80050947618687118 ) ) ;
#5309 = VECTOR ( 'NONE', #5535, 1000.000000000000000 ) ;
#5310 = CARTESIAN_POINT ( 'NONE',  ( 7.924999999999992717, -13.99999999999999822, -17.60000000000000497 ) ) ;
#5311 = EDGE_CURVE ( 'NONE', #10742, #3593, #9337, .T. ) ;
#5312 = EDGE_CURVE ( 'NONE', #6700, #3706, #6011, .T. ) ;
#5313 = LINE ( 'NONE', #1795, #3094 ) ;
#5314 = EDGE_CURVE ( 'NONE', #1551, #10585, #10963, .T. ) ;
#5315 = CIRCLE ( 'NONE', #5492, 0.2500000000000002220 ) ;
#5316 = ORIENTED_EDGE ( 'NONE', *, *, #6545, .T. ) ;
#5317 = EDGE_LOOP ( 'NONE', ( #4289, #728 ) ) ;
#5318 = DIRECTION ( 'NONE',  ( 0.000000000000000000, -0.000000000000000000, 1.000000000000000000 ) ) ;
#5319 = ORIENTED_EDGE ( 'NONE', *, *, #1023, .F. ) ;
#5320 = LINE ( 'NONE', #2813, #1583 ) ;
#5321 = CARTESIAN_POINT ( 'NONE',  ( -10.26147307729330294, 28.50000000000003197, 18.29275258565582618 ) ) ;
#5322 = CARTESIAN_POINT ( 'NONE',  ( -1.958665372940128879, 32.00000000000002132, 4.786201304761338982 ) ) ;
#5323 = ADVANCED_FACE ( 'NONE', ( #9396 ), #10290, .F. ) ;
#5324 = DIRECTION ( 'NONE',  ( -0.000000000000000000, -1.000000000000000000, -0.000000000000000000 ) ) ;
#5325 = CARTESIAN_POINT ( 'NONE',  ( -35.00000000000000000, 10.49999999999999822, 17.99999999999995737 ) ) ;
#5326 = ORIENTED_EDGE ( 'NONE', *, *, #853, .T. ) ;
#5327 = DIRECTION ( 'NONE',  ( 0.000000000000000000, -1.000000000000000000, -3.491481338843133355E-15 ) ) ;
#5328 = ORIENTED_EDGE ( 'NONE', *, *, #2009, .T. ) ;
#5329 = ORIENTED_EDGE ( 'NONE', *, *, #5312, .F. ) ;
#5330 = FACE_OUTER_BOUND ( 'NONE', #6563, .T. ) ;
#5331 = ORIENTED_EDGE ( 'NONE', *, *, #8056, .F. ) ;
#5332 = CARTESIAN_POINT ( 'NONE',  ( -1.579617136008335088, 24.50000000000000000, 11.46651120006814040 ) ) ;
#5333 = EDGE_CURVE ( 'NONE', #3932, #8934, #3763, .T. ) ;
#5334 = CARTESIAN_POINT ( 'NONE',  ( 2.251544362057745996, 32.00000000000000000, -1.046527771141978480 ) ) ;
#5335 = DIRECTION ( 'NONE',  ( -0.9544799780350297080, 0.000000000000000000, 0.2982749931359467976 ) ) ;
#5336 = CARTESIAN_POINT ( 'NONE',  ( 13.38518194069547285, 24.99999999999999645, 26.19897291513763093 ) ) ;
#5337 = EDGE_LOOP ( 'NONE', ( #5999, #9644, #7100, #2326 ) ) ;
#5338 = LINE ( 'NONE', #8723, #4914 ) ;
#5339 = LINE ( 'NONE', #6080, #7564 ) ;
#5340 = EDGE_CURVE ( 'NONE', #2482, #2618, #5267, .T. ) ;
#5341 = VECTOR ( 'NONE', #9159, 1000.000000000000000 ) ;
#5342 = CARTESIAN_POINT ( 'NONE',  ( 3.599158056653543714, 24.50000000000000000, 2.139321482150881248 ) ) ;
#5343 = ORIENTED_EDGE ( 'NONE', *, *, #7406, .T. ) ;
#5344 = ORIENTED_EDGE ( 'NONE', *, *, #8598, .T. ) ;
#5345 = CARTESIAN_POINT ( 'NONE',  ( 4.252031129529060927, 10.50999999999999091, 6.750748237459688106 ) ) ;
#5346 = CARTESIAN_POINT ( 'NONE',  ( 2.562233326163428693, 26.50000000000000000, 1.148649500747551481E-10 ) ) ;
#5347 = EDGE_CURVE ( 'NONE', #2560, #8746, #1171, .T. ) ;
#5348 = LINE ( 'NONE', #6253, #10889 ) ;
#5349 = DIRECTION ( 'NONE',  ( 0.000000000000000000, 1.000000000000000000, 3.491481338843133355E-15 ) ) ;
#5350 = DIRECTION ( 'NONE',  ( 1.592325548196395326E-13, -2.940873454663932728E-27, 1.000000000000000000 ) ) ;
#5351 = CARTESIAN_POINT ( 'NONE',  ( -2.553044450212822891, 10.50999999999999091, -2.736966231231034552 ) ) ;
#5352 = ORIENTED_EDGE ( 'NONE', *, *, #7158, .T. ) ;
#5353 = CARTESIAN_POINT ( 'NONE',  ( -3.000000000000016875, -13.99999999999999822, 7.559999999999986287 ) ) ;
#5354 = VERTEX_POINT ( 'NONE', #330 ) ;
#5355 = EDGE_CURVE ( 'NONE', #8020, #6232, #9557, .T. ) ;
#5356 = PLANE ( 'NONE',  #10745 ) ;
#5357 = FACE_OUTER_BOUND ( 'NONE', #6586, .T. ) ;
#5358 = B_SPLINE_CURVE_WITH_KNOTS ( 'NONE', 3,
 ( #6870, #8602, #4336, #7762, #3505, #10357, #686, #2660, #9238, #1535, #7549, #10976, #9734, #1124 ),
 .UNSPECIFIED., .F., .F.,
 ( 4, 2, 2, 2, 2, 2, 4 ),
 ( 0.000000000000000000, 0.0003087712755628144309, 0.0006175425511256288618, 0.0009263138266884432927, 0.001235085102251257724, 0.001852627653376882682, 0.002470170204502507641 ),
 .UNSPECIFIED. ) ;
#5359 = PLANE ( 'NONE',  #6633 ) ;
#5360 = VERTEX_POINT ( 'NONE', #3552 ) ;
#5361 = DIRECTION ( 'NONE',  ( -0.000000000000000000, -0.000000000000000000, 1.000000000000000000 ) ) ;
#5362 = DIRECTION ( 'NONE',  ( -0.000000000000000000, -1.000000000000000000, -0.000000000000000000 ) ) ;
#5363 = VECTOR ( 'NONE', #8589, 1000.000000000000000 ) ;
#5364 = CARTESIAN_POINT ( 'NONE',  ( 0.9731423665873097928, 24.49999999999999645, 12.74716991661000698 ) ) ;
#5365 = ORIENTED_EDGE ( 'NONE', *, *, #4904, .F. ) ;
#5366 = ORIENTED_EDGE ( 'NONE', *, *, #11109, .T. ) ;
#5367 = EDGE_CURVE ( 'NONE', #1532, #9113, #7081, .T. ) ;
#5368 = ADVANCED_FACE ( 'NONE', ( #5377 ), #2929, .F. ) ;
#5369 = CARTESIAN_POINT ( 'NONE',  ( -25.00000000000000711, 32.00000000000000000, -38.00000000000002842 ) ) ;
#5370 = AXIS2_PLACEMENT_3D ( 'NONE', #8457, #4185, #11044 ) ;
#5371 = VERTEX_POINT ( 'NONE', #10454 ) ;
#5372 = DIRECTION ( 'NONE',  ( -0.000000000000000000, 1.000000000000000000, -0.000000000000000000 ) ) ;
#5373 = CARTESIAN_POINT ( 'NONE',  ( -33.50000000000000711, 16.50000000000000000, 18.99999999999995737 ) ) ;
#5374 = FILL_AREA_STYLE_COLOUR ( '', #729 ) ;
#5375 = DIRECTION ( 'NONE',  ( 0.000000000000000000, -1.000000000000000000, 0.000000000000000000 ) ) ;
#5376 = AXIS2_PLACEMENT_3D ( 'NONE', #9526, #5134, #29 ) ;
#5377 = FACE_OUTER_BOUND ( 'NONE', #9985, .T. ) ;
#5378 = VECTOR ( 'NONE', #9836, 1000.000000000000000 ) ;
#5379 = ORIENTED_EDGE ( 'NONE', *, *, #4865, .T. ) ;
#5380 = CARTESIAN_POINT ( 'NONE',  ( -7.601536384991225859, 25.00000000000008527, 25.49999999999940670 ) ) ;
#5381 = ORIENTED_EDGE ( 'NONE', *, *, #5692, .F. ) ;
#5382 = ADVANCED_FACE ( 'NONE', ( #1976 ), #8760, .F. ) ;
#5383 = VERTEX_POINT ( 'NONE', #4543 ) ;
#5384 = DIRECTION ( 'NONE',  ( 1.000000000000000000, 0.000000000000000000, 0.000000000000000000 ) ) ;
#5385 = VECTOR ( 'NONE', #7048, 1000.000000000000227 ) ;
#5386 = VERTEX_POINT ( 'NONE', #7974 ) ;
#5387 = CARTESIAN_POINT ( 'NONE',  ( -3.100088496576544728, 32.00000000000000000, 8.757180451233447016 ) ) ;
#5388 = DIRECTION ( 'NONE',  ( 3.802133645976563900E-16, 0.000000000000000000, -1.000000000000000000 ) ) ;
#5389 = CARTESIAN_POINT ( 'NONE',  ( 11.09999999999999076, 31.50000000000000000, -18.10000000000000497 ) ) ;
#5390 = CARTESIAN_POINT ( 'NONE',  ( -25.00000000000000711, 29.50000000000000000, -29.00000000000002132 ) ) ;
#5391 = ORIENTED_EDGE ( 'NONE', *, *, #6103, .T. ) ;
#5392 = DIRECTION ( 'NONE',  ( -0.000000000000000000, 1.000000000000000000, -0.000000000000000000 ) ) ;
#5393 = CIRCLE ( 'NONE', #5945, 1.600000000000000755 ) ;
#5394 = EDGE_CURVE ( 'NONE', #2093, #7511, #2819, .T. ) ;
#5395 = CARTESIAN_POINT ( 'NONE',  ( -3.601026911978610912, 32.00000000000000711, 3.363194449977773726 ) ) ;
#5396 = CYLINDRICAL_SURFACE ( 'NONE', #4246, 2.000000000000001776 ) ;
#5397 = ORIENTED_EDGE ( 'NONE', *, *, #10575, .F. ) ;
#5398 = VERTEX_POINT ( 'NONE', #276 ) ;
#5399 = DIRECTION ( 'NONE',  ( 0.000000000000000000, 0.000000000000000000, -1.000000000000000000 ) ) ;
#5400 = LINE ( 'NONE', #2732, #2160 ) ;
#5401 = CIRCLE ( 'NONE', #3457, 5.200000000000000178 ) ;
#5402 = CARTESIAN_POINT ( 'NONE',  ( -15.10000000000000497, -5.500000000000000000, -16.60000000000000497 ) ) ;
#5403 = DIRECTION ( 'NONE',  ( 0.000000000000000000, 0.000000000000000000, 1.000000000000000000 ) ) ;
#5404 = EDGE_CURVE ( 'NONE', #2324, #202, #4434, .T. ) ;
#5405 = CARTESIAN_POINT ( 'NONE',  ( 2.857486190886165733, 31.99999999999998579, 7.541493638879188666 ) ) ;
#5406 = CARTESIAN_POINT ( 'NONE',  ( 2.999999999999981792, -5.500000000000000000, 5.594999999999988205 ) ) ;
#5407 = ORIENTED_EDGE ( 'NONE', *, *, #5161, .F. ) ;
#5408 = DIRECTION ( 'NONE',  ( 0.000000000000000000, 0.000000000000000000, 1.000000000000000000 ) ) ;
#5409 = EDGE_CURVE ( 'NONE', #10596, #6513, #7026, .T. ) ;
#5410 = VECTOR ( 'NONE', #319, 1000.000000000000000 ) ;
#5411 = VERTEX_POINT ( 'NONE', #5325 ) ;
#5412 = CARTESIAN_POINT ( 'NONE',  ( -25.00000000000000711, 32.00000000000000000, 28.99999999999997158 ) ) ;
#5413 = ORIENTED_EDGE ( 'NONE', *, *, #5942, .T. ) ;
#5414 = CARTESIAN_POINT ( 'NONE',  ( 1.577748280683119564, 24.50000000000000000, 11.42771081216552886 ) ) ;
#5415 = FACE_OUTER_BOUND ( 'NONE', #3102, .T. ) ;
#5416 = ORIENTED_EDGE ( 'NONE', *, *, #5745, .T. ) ;
#5417 = DIRECTION ( 'NONE',  ( -1.000000000000000000, -0.000000000000000000, -0.000000000000000000 ) ) ;
#5418 = PLANE ( 'NONE',  #5488 ) ;
#5419 = EDGE_CURVE ( 'NONE', #3756, #8763, #7135, .T. ) ;
#5420 = AXIS2_PLACEMENT_3D ( 'NONE', #8569, #10209, #2513 ) ;
#5421 = DIRECTION ( 'NONE',  ( -0.000000000000000000, -1.000000000000000000, -0.000000000000000000 ) ) ;
#5422 = ORIENTED_EDGE ( 'NONE', *, *, #6970, .F. ) ;
#5423 = ORIENTED_EDGE ( 'NONE', *, *, #10921, .T. ) ;
#5424 = CARTESIAN_POINT ( 'NONE',  ( -13.50043034469988434, 9.499999999999998224, 12.01317212208040530 ) ) ;
#5425 = VECTOR ( 'NONE', #4233, 1000.000000000000000 ) ;
#5426 = ORIENTED_EDGE ( 'NONE', *, *, #1753, .F. ) ;
#5427 = CARTESIAN_POINT ( 'NONE',  ( -1.190774319156203687, 31.99999999999999289, 12.52909627120507530 ) ) ;
#5428 = DIRECTION ( 'NONE',  ( -1.000000000000000000, -0.000000000000000000, -0.000000000000000000 ) ) ;
#5429 = CARTESIAN_POINT ( 'NONE',  ( -19.81171673543281031, 28.49999999999999645, 27.23807268525122538 ) ) ;
#5430 = DIRECTION ( 'NONE',  ( -0.000000000000000000, -1.000000000000000000, -0.000000000000000000 ) ) ;
#5431 = ADVANCED_FACE ( 'NONE', ( #6229 ), #9725, .F. ) ;
#5432 = EDGE_CURVE ( 'NONE', #9503, #4372, #5434, .T. ) ;
#5433 = AXIS2_PLACEMENT_3D ( 'NONE', #1229, #8082, #7240 ) ;
#5434 = LINE ( 'NONE', #10620, #8498 ) ;
#5435 = B_SPLINE_CURVE_WITH_KNOTS ( 'NONE', 3,
 ( #4748, #4697, #8132, #8076, #9934, #9033, #3862, #10722, #5427, #9880, #3029, #8026, #325, #378 ),
 .UNSPECIFIED., .F., .F.,
 ( 4, 2, 2, 2, 2, 2, 4 ),
 ( 0.000000000000000000, 0.0003087712755628132383, 0.0006175425511256264766, 0.0009263138266884398233, 0.001235085102251252953, 0.001852627653376880080, 0.002470170204502507207 ),
 .UNSPECIFIED. ) ;
#5436 = VERTEX_POINT ( 'NONE', #6341 ) ;
#5437 = LINE ( 'NONE', #8874, #9879 ) ;
#5438 = ORIENTED_EDGE ( 'NONE', *, *, #8879, .T. ) ;
#5439 = DIRECTION ( 'NONE',  ( -1.000000000000000000, -0.000000000000000000, -7.931136461787285449E-15 ) ) ;
#5440 = SHAPE_DEFINITION_REPRESENTATION ( #8681, #1722 ) ;
#5441 = CARTESIAN_POINT ( 'NONE',  ( -27.50000000000000355, 10.49999999999999112, 14.74999999999995204 ) ) ;
#5442 = CIRCLE ( 'NONE', #785, 9.250000000000001776 ) ;
#5443 = ORIENTED_EDGE ( 'NONE', *, *, #3651, .F. ) ;
#5444 = CARTESIAN_POINT ( 'NONE',  ( 13.49999999999999822, 0.5000000000000000000, 6.899999999999990585 ) ) ;
#5445 = LINE ( 'NONE', #4610, #3716 ) ;
#5446 = LINE ( 'NONE', #1185, #8099 ) ;
#5447 = EDGE_CURVE ( 'NONE', #9190, #7561, #1805, .T. ) ;
#5448 = ADVANCED_FACE ( 'NONE', ( #4382 ), #7806, .T. ) ;
#5449 = FACE_OUTER_BOUND ( 'NONE', #6581, .T. ) ;
#5450 = ORIENTED_EDGE ( 'NONE', *, *, #8095, .F. ) ;
#5451 = CARTESIAN_POINT ( 'NONE',  ( 7.924999999999992717, 3.000000000000002665, -17.60000000000000497 ) ) ;
#5452 = AXIS2_PLACEMENT_3D ( 'NONE', #617, #8382, #677 ) ;
#5453 = VERTEX_POINT ( 'NONE', #9609 ) ;
#5454 = APPLICATION_CONTEXT ( 'automotive_design' ) ;
#5455 = CARTESIAN_POINT ( 'NONE',  ( 3.541104957497977157, 24.50000000000000000, 2.510772067359142490 ) ) ;
#5456 = ORIENTED_EDGE ( 'NONE', *, *, #3118, .F. ) ;
#5457 = VERTEX_POINT ( 'NONE', #6118 ) ;
#5458 = AXIS2_PLACEMENT_3D ( 'NONE', #4026, #10774, #8357 ) ;
#5459 = LINE ( 'NONE', #10699, #4668 ) ;
#5460 = FACE_OUTER_BOUND ( 'NONE', #3617, .T. ) ;
#5461 = LINE ( 'NONE', #1084, #3707 ) ;
#5462 = DIRECTION ( 'NONE',  ( 0.000000000000000000, 0.000000000000000000, 1.000000000000000000 ) ) ;
#5463 = EDGE_CURVE ( 'NONE', #1797, #7252, #222, .T. ) ;
#5464 = CARTESIAN_POINT ( 'NONE',  ( 1.382022356352116343, 32.00000000000000000, 12.28042743097763356 ) ) ;
#5465 = DIRECTION ( 'NONE',  ( -0.000000000000000000, -0.000000000000000000, 1.000000000000000000 ) ) ;
#5466 = VERTEX_POINT ( 'NONE', #1336 ) ;
#5467 = LINE ( 'NONE', #8902, #11011 ) ;
#5468 = B_SPLINE_CURVE_WITH_KNOTS ( 'NONE', 2,
 ( #4484, #6113, #9555 ),
 .UNSPECIFIED., .F., .F.,
 ( 3, 3 ),
 ( 0.4996128279758595969, 0.5000489852514843347 ),
 .UNSPECIFIED. ) ;
#5469 = AXIS2_PLACEMENT_3D ( 'NONE', #4284, #7605, #3399 ) ;
#5470 = ORIENTED_EDGE ( 'NONE', *, *, #8480, .T. ) ;
#5471 = EDGE_CURVE ( 'NONE', #9772, #2324, #9039, .T. ) ;
#5472 = ORIENTED_EDGE ( 'NONE', *, *, #3237, .F. ) ;
#5473 = FACE_OUTER_BOUND ( 'NONE', #9524, .T. ) ;
#5474 = LINE ( 'NONE', #10548, #3940 ) ;
#5475 = ORIENTED_EDGE ( 'NONE', *, *, #5715, .F. ) ;
#5476 = CARTESIAN_POINT ( 'NONE',  ( -2.037003587208984001, 24.49999999999998579, 6.417136088784811676 ) ) ;
#5477 = CARTESIAN_POINT ( 'NONE',  ( -5.301418384264117378, 32.00000000000000000, 16.80050947618687118 ) ) ;
#5478 = ADVANCED_FACE ( 'NONE', ( #10726, #1391 ), #3817, .F. ) ;
#5479 = AXIS2_PLACEMENT_3D ( 'NONE', #10896, #5655, #9777 ) ;
#5480 = PLANE ( 'NONE',  #7212 ) ;
#5481 = VECTOR ( 'NONE', #6815, 1000.000000000000000 ) ;
#5482 = ORIENTED_EDGE ( 'NONE', *, *, #9622, .T. ) ;
#5483 = ORIENTED_EDGE ( 'NONE', *, *, #9184, .F. ) ;
#5484 = CARTESIAN_POINT ( 'NONE',  ( 6.924999999999992717, -13.99999999999999822, -16.60000000000000497 ) ) ;
#5485 = ADVANCED_FACE ( 'NONE', ( #602, #8929 ), #7466, .F. ) ;
#5486 = AXIS2_PLACEMENT_3D ( 'NONE', #7579, #3315, #4459 ) ;
#5487 = ORIENTED_EDGE ( 'NONE', *, *, #6348, .F. ) ;
#5488 = AXIS2_PLACEMENT_3D ( 'NONE', #1322, #2181, #4688 ) ;
#5489 = DIRECTION ( 'NONE',  ( 0.000000000000000000, -1.000000000000000000, 0.000000000000000000 ) ) ;
#5490 = DIRECTION ( 'NONE',  ( -4.336808689942017736E-16, 0.000000000000000000, 1.000000000000000000 ) ) ;
#5491 = LINE ( 'NONE', #9035, #10253 ) ;
#5492 = AXIS2_PLACEMENT_3D ( 'NONE', #1854, #1055, #6060 ) ;
#5493 = CARTESIAN_POINT ( 'NONE',  ( 0.000000000000000000, -13.91959594928933441, 18.33801126270789084 ) ) ;
#5494 = VECTOR ( 'NONE', #3516, 1000.000000000000000 ) ;
#5495 = CARTESIAN_POINT ( 'NONE',  ( 7.924999999999992717, -13.00000000000000000, -21.60000000000000853 ) ) ;
#5496 = CIRCLE ( 'NONE', #6215, 8.500000000000000000 ) ;
#5497 = ORIENTED_EDGE ( 'NONE', *, *, #7256, .F. ) ;
#5498 = DIRECTION ( 'NONE',  ( 1.000000000000000000, 0.000000000000000000, -1.724440263185883619E-16 ) ) ;
#5499 = ORIENTED_EDGE ( 'NONE', *, *, #10706, .T. ) ;
#5500 = CARTESIAN_POINT ( 'NONE',  ( 35.00000000000000000, 0.000000000000000000, -29.00000000000000355 ) ) ;
#5501 = EDGE_CURVE ( 'NONE', #7269, #10911, #2141, .T. ) ;
#5502 = CARTESIAN_POINT ( 'NONE',  ( -5.301418384264150241, 23.00000000000000000, 21.57711283463899932 ) ) ;
#5503 = ORIENTED_EDGE ( 'NONE', *, *, #7531, .F. ) ;
#5504 = DIRECTION ( 'NONE',  ( -1.000000000000000000, 0.000000000000000000, 0.000000000000000000 ) ) ;
#5505 = DIRECTION ( 'NONE',  ( 0.7071067811865473507, 0.000000000000000000, 0.7071067811865477948 ) ) ;
#5506 = DIRECTION ( 'NONE',  ( -1.000000000000000000, 0.000000000000000000, -0.000000000000000000 ) ) ;
#5507 = EDGE_LOOP ( 'NONE', ( #3332, #796, #2949, #2225 ) ) ;
#5508 = CARTESIAN_POINT ( 'NONE',  ( 15.27499999999998614, -13.99999999999999822, -16.60000000000000497 ) ) ;
#5509 = ORIENTED_EDGE ( 'NONE', *, *, #10287, .T. ) ;
#5510 = EDGE_LOOP ( 'NONE', ( #1193, #9826, #3846, #8505 ) ) ;
#5511 = ORIENTED_EDGE ( 'NONE', *, *, #10324, .T. ) ;
#5512 = CARTESIAN_POINT ( 'NONE',  ( -15.10000000000000497, -5.500000000000000000, -23.60000000000000853 ) ) ;
#5513 = CIRCLE ( 'NONE', #5690, 8.999999999999998224 ) ;
#5514 = ORIENTED_EDGE ( 'NONE', *, *, #696, .T. ) ;
#5515 = ADVANCED_FACE ( 'NONE', ( #9999 ), #4703, .T. ) ;
#5516 = EDGE_CURVE ( 'NONE', #3537, #2014, #433, .T. ) ;
#5517 = ORIENTED_EDGE ( 'NONE', *, *, #8539, .F. ) ;
#5518 = DIRECTION ( 'NONE',  ( -0.000000000000000000, -1.000000000000000000, -0.000000000000000000 ) ) ;
#5519 = VECTOR ( 'NONE', #6442, 1000.000000000000000 ) ;
#5520 = CARTESIAN_POINT ( 'NONE',  ( -33.50000000000000711, 17.50000000000000000, 23.86623553487585525 ) ) ;
#5521 = ADVANCED_FACE ( 'NONE', ( #4034 ), #4754, .F. ) ;
#5522 = FACE_OUTER_BOUND ( 'NONE', #3155, .T. ) ;
#5523 = DIRECTION ( 'NONE',  ( 0.000000000000000000, -1.000000000000000000, -2.940873454663932011E-27 ) ) ;
#5524 = CARTESIAN_POINT ( 'NONE',  ( 0.7014651262461364389, 31.99999999999999289, 12.90502233142389521 ) ) ;
#5525 = CARTESIAN_POINT ( 'NONE',  ( -45.97666018330589566, 9.750498023811029924, 24.99999999999995381 ) ) ;
#5526 = ORIENTED_EDGE ( 'NONE', *, *, #2612, .F. ) ;
#5527 = CARTESIAN_POINT ( 'NONE',  ( 25.00000000000000711, 32.00000000000000000, -29.00000000000002132 ) ) ;
#5528 = VECTOR ( 'NONE', #5157, 1000.000000000000000 ) ;
#5529 = ORIENTED_EDGE ( 'NONE', *, *, #7035, .T. ) ;
#5530 = EDGE_CURVE ( 'NONE', #4823, #8544, #6562, .T. ) ;
#5531 = ORIENTED_EDGE ( 'NONE', *, *, #1827, .T. ) ;
#5532 = PLANE ( 'NONE',  #6644 ) ;
#5533 = DIRECTION ( 'NONE',  ( 0.000000000000000000, 0.000000000000000000, -1.000000000000000000 ) ) ;
#5534 = ORIENTED_EDGE ( 'NONE', *, *, #9832, .T. ) ;
#5535 = DIRECTION ( 'NONE',  ( -0.000000000000000000, -1.000000000000000000, -0.000000000000000000 ) ) ;
#5536 = CIRCLE ( 'NONE', #10571, 1.000000000000000888 ) ;
#5537 = DIRECTION ( 'NONE',  ( -0.000000000000000000, -1.000000000000000000, -0.000000000000000000 ) ) ;
#5538 = ORIENTED_EDGE ( 'NONE', *, *, #4052, .T. ) ;
#5539 = EDGE_LOOP ( 'NONE', ( #10431, #2968, #4913, #4494 ) ) ;
#5540 = EDGE_CURVE ( 'NONE', #2265, #10251, #4809, .T. ) ;
#5541 = DIRECTION ( 'NONE',  ( -0.000000000000000000, 1.000000000000000000, -0.000000000000000000 ) ) ;
#5542 = CARTESIAN_POINT ( 'NONE',  ( -25.00000000000000000, 3.000000000000000000, -38.25000000000000711 ) ) ;
#5543 = CARTESIAN_POINT ( 'NONE',  ( -1.579617136008335088, 24.50000000000000000, 11.48414578258326912 ) ) ;
#5544 = VECTOR ( 'NONE', #8134, 1000.000000000000000 ) ;
#5545 = DIRECTION ( 'NONE',  ( 0.000000000000000000, 0.000000000000000000, 1.000000000000000000 ) ) ;
#5546 = FACE_OUTER_BOUND ( 'NONE', #3263, .T. ) ;
#5547 = EDGE_CURVE ( 'NONE', #7882, #6822, #3977, .T. ) ;
#5548 = DIRECTION ( 'NONE',  ( 0.000000000000000000, 0.000000000000000000, 1.000000000000000000 ) ) ;
#5549 = ORIENTED_EDGE ( 'NONE', *, *, #816, .F. ) ;
#5550 = CARTESIAN_POINT ( 'NONE',  ( 2.639657261903911145, 24.50000000000000355, 7.123745429022678266 ) ) ;
#5551 = AXIS2_PLACEMENT_3D ( 'NONE', #10327, #9486, #1790 ) ;
#5552 = ORIENTED_EDGE ( 'NONE', *, *, #2436, .T. ) ;
#5553 = EDGE_CURVE ( 'NONE', #2427, #3950, #8984, .T. ) ;
#5554 = CARTESIAN_POINT ( 'NONE',  ( -15.00000000000000000, -11.50000000000000000, -21.60000000000000853 ) ) ;
#5555 = DIRECTION ( 'NONE',  ( -7.014232593669911010E-15, 0.000000000000000000, 1.000000000000000000 ) ) ;
#5556 = ORIENTED_EDGE ( 'NONE', *, *, #4581, .T. ) ;
#5557 = AXIS2_PLACEMENT_3D ( 'NONE', #4364, #7790, #2798 ) ;
#5558 = AXIS2_PLACEMENT_3D ( 'NONE', #8141, #6683, #9386 ) ;
#5559 = DIRECTION ( 'NONE',  ( 1.475500935504002337E-13, 2.940873454663932011E-27, -1.000000000000000000 ) ) ;
#5560 = LINE ( 'NONE', #8996, #946 ) ;
#5561 = ORIENTED_EDGE ( 'NONE', *, *, #4279, .T. ) ;
#5562 = LINE ( 'NONE', #4769, #6902 ) ;
#5563 = ORIENTED_EDGE ( 'NONE', *, *, #10819, .T. ) ;
#5564 = ORIENTED_EDGE ( 'NONE', *, *, #10880, .F. ) ;
#5565 = ORIENTED_EDGE ( 'NONE', *, *, #9913, .T. ) ;
#5566 = VECTOR ( 'NONE', #9120, 1000.000000000000000 ) ;
#5567 = LINE ( 'NONE', #9959, #8187 ) ;
#5568 = ORIENTED_EDGE ( 'NONE', *, *, #6235, .F. ) ;
#5569 = ORIENTED_EDGE ( 'NONE', *, *, #5082, .T. ) ;
#5570 = CYLINDRICAL_SURFACE ( 'NONE', #8622, 5.200000000000000178 ) ;
#5571 = CARTESIAN_POINT ( 'NONE',  ( 11.09999999999999076, -11.49999999999999645, -21.10000000000000853 ) ) ;
#5572 = CARTESIAN_POINT ( 'NONE',  ( 0.000000000000000000, -13.99999999999999822, -18.43835307503515608 ) ) ;
#5573 = LINE ( 'NONE', #8278, #4866 ) ;
#5574 = VECTOR ( 'NONE', #9208, 1000.000000000000000 ) ;
#5575 = CARTESIAN_POINT ( 'NONE',  ( 2.915797653028805669, 32.00000000000000711, 7.687840371170472586 ) ) ;
#5576 = CARTESIAN_POINT ( 'NONE',  ( 8.374824250234464529, 26.50000000000000000, 13.67730034089338531 ) ) ;
#5577 = EDGE_CURVE ( 'NONE', #3825, #9201, #5711, .T. ) ;
#5578 = EDGE_CURVE ( 'NONE', #1590, #6230, #1450, .T. ) ;
#5579 = ORIENTED_EDGE ( 'NONE', *, *, #3445, .T. ) ;
#5580 = LINE ( 'NONE', #9016, #9933 ) ;
#5581 = ORIENTED_EDGE ( 'NONE', *, *, #6948, .F. ) ;
#5582 = VECTOR ( 'NONE', #2278, 1000.000000000000000 ) ;
#5583 = ORIENTED_EDGE ( 'NONE', *, *, #10734, .T. ) ;
#5584 = FACE_OUTER_BOUND ( 'NONE', #3106, .T. ) ;
#5585 = CARTESIAN_POINT ( 'NONE',  ( 2.251544362057770421, 32.00000000000000000, -4.500214463258173758 ) ) ;
#5586 = ORIENTED_EDGE ( 'NONE', *, *, #10447, .T. ) ;
#5587 = FACE_OUTER_BOUND ( 'NONE', #5623, .T. ) ;
#5588 = LINE ( 'NONE', #1323, #7358 ) ;
#5589 = PLANE ( 'NONE',  #927 ) ;
#5590 = ADVANCED_FACE ( 'NONE', ( #4869 ), #8307, .F. ) ;
#5591 = ORIENTED_EDGE ( 'NONE', *, *, #6615, .T. ) ;
#5592 = VERTEX_POINT ( 'NONE', #7294 ) ;
#5593 = CARTESIAN_POINT ( 'NONE',  ( 17.70476182858164549, 28.49999999999999645, 15.53801126270789190 ) ) ;
#5594 = CARTESIAN_POINT ( 'NONE',  ( 15.00000000000000000, -13.00000000000000000, 13.39999999999998792 ) ) ;
#5595 = FACE_OUTER_BOUND ( 'NONE', #3608, .T. ) ;
#5596 = CARTESIAN_POINT ( 'NONE',  ( -3.494955088444204439, 10.50999999999999091, 13.26303376472695916 ) ) ;
#5597 = CARTESIAN_POINT ( 'NONE',  ( -27.50000000000000355, 18.00000000000000000, 0.2499999999999529543 ) ) ;
#5598 = EDGE_CURVE ( 'NONE', #322, #10070, #6340, .T. ) ;
#5599 = DIRECTION ( 'NONE',  ( -0.000000000000000000, -1.000000000000000000, -0.000000000000000000 ) ) ;
#5600 = ORIENTED_EDGE ( 'NONE', *, *, #8466, .F. ) ;
#5601 = CARTESIAN_POINT ( 'NONE',  ( -3.877618601534404963, 10.50999999999999091, 16.59988183214694857 ) ) ;
#5602 = AXIS2_PLACEMENT_3D ( 'NONE', #7039, #3776, #7148 ) ;
#5603 = ORIENTED_EDGE ( 'NONE', *, *, #8520, .F. ) ;
#5604 = CARTESIAN_POINT ( 'NONE',  ( 8.869658908825046595, 32.00000000000000000, 17.83061455560437381 ) ) ;
#5605 = FACE_BOUND ( 'NONE', #7921, .T. ) ;
#5606 = ADVANCED_FACE ( 'NONE', ( #10784 ), #6398, .T. ) ;
#5607 = VERTEX_POINT ( 'NONE', #8475 ) ;
#5608 = VECTOR ( 'NONE', #6953, 1000.000000000000000 ) ;
#5609 = CIRCLE ( 'NONE', #10659, 1.500000000000001332 ) ;
#5610 = DIRECTION ( 'NONE',  ( 1.000000000000000000, 0.000000000000000000, 0.000000000000000000 ) ) ;
#5611 = ADVANCED_FACE ( 'NONE', ( #11065 ), #3375, .T. ) ;
#5612 = DIRECTION ( 'NONE',  ( -4.483001173306440485E-11, -2.940873454663932011E-27, 1.000000000000000000 ) ) ;
#5613 = EDGE_LOOP ( 'NONE', ( #10338, #4343, #1862, #3545 ) ) ;
#5614 = FACE_BOUND ( 'NONE', #448, .T. ) ;
#5615 = ORIENTED_EDGE ( 'NONE', *, *, #4553, .T. ) ;
#5616 = ORIENTED_EDGE ( 'NONE', *, *, #2859, .T. ) ;
#5617 = ORIENTED_EDGE ( 'NONE', *, *, #3928, .F. ) ;
#5618 = AXIS2_PLACEMENT_3D ( 'NONE', #9244, #1542, #1423 ) ;
#5619 = DIRECTION ( 'NONE',  ( -1.000000000000000000, 0.000000000000000000, -0.000000000000000000 ) ) ;
#5620 = ORIENTED_EDGE ( 'NONE', *, *, #8742, .T. ) ;
#5621 = CARTESIAN_POINT ( 'NONE',  ( 0.000000000000000000, -12.99999999999999822, 2.594999999999985985 ) ) ;
#5622 = EDGE_CURVE ( 'NONE', #6001, #676, #1741, .T. ) ;
#5623 = EDGE_LOOP ( 'NONE', ( #3702, #7810, #8655, #681 ) ) ;
#5624 = FACE_OUTER_BOUND ( 'NONE', #10974, .T. ) ;
#5625 = CARTESIAN_POINT ( 'NONE',  ( -2.800000000000000266, -20.91959594928933797, -21.14000000000000767 ) ) ;
#5626 = LINE ( 'NONE', #7318, #1371 ) ;
#5627 = FACE_OUTER_BOUND ( 'NONE', #3003, .T. ) ;
#5628 = VECTOR ( 'NONE', #9502, 1000.000000000000000 ) ;
#5629 = CARTESIAN_POINT ( 'NONE',  ( -7.925000000000008704, -13.99999999999999822, -17.60000000000000853 ) ) ;
#5630 = DIRECTION ( 'NONE',  ( 0.000000000000000000, 0.000000000000000000, -1.000000000000000000 ) ) ;
#5631 = ORIENTED_EDGE ( 'NONE', *, *, #2807, .F. ) ;
#5632 = LINE ( 'NONE', #4901, #7248 ) ;
#5633 = ORIENTED_EDGE ( 'NONE', *, *, #6109, .F. ) ;
#5634 = ORIENTED_EDGE ( 'NONE', *, *, #8638, .F. ) ;
#5635 = EDGE_CURVE ( 'NONE', #2014, #4738, #6793, .T. ) ;
#5636 = CARTESIAN_POINT ( 'NONE',  ( -25.00000000000000000, 1.500000000000000000, -29.00000000000000355 ) ) ;
#5637 = PLANE ( 'NONE',  #8253 ) ;
#5638 = VERTEX_POINT ( 'NONE', #6849 ) ;
#5639 = LINE ( 'NONE', #8620, #468 ) ;
#5640 = LINE ( 'NONE', #2236, #2353 ) ;
#5641 = CARTESIAN_POINT ( 'NONE',  ( 3.599158056653548154, 32.00000000000000000, 1.758059867859572023 ) ) ;
#5642 = EDGE_LOOP ( 'NONE', ( #5565, #10870, #9837, #9005 ) ) ;
#5643 = ORIENTED_EDGE ( 'NONE', *, *, #450, .T. ) ;
#5644 = CARTESIAN_POINT ( 'NONE',  ( 34.25000000000000000, 5.000000000000000000, 28.99999999999999289 ) ) ;
#5645 = AXIS2_PLACEMENT_3D ( 'NONE', #981, #5935, #4415 ) ;
#5646 = EDGE_CURVE ( 'NONE', #3289, #4810, #5998, .T. ) ;
#5647 = DIRECTION ( 'NONE',  ( -0.000000000000000000, 1.000000000000000000, -0.000000000000000000 ) ) ;
#5648 = EDGE_CURVE ( 'NONE', #4631, #9099, #3122, .T. ) ;
#5649 = DIRECTION ( 'NONE',  ( 0.000000000000000000, -1.000000000000000000, 0.000000000000000000 ) ) ;
#5650 = VECTOR ( 'NONE', #1916, 999.9999999999998863 ) ;
#5651 = CARTESIAN_POINT ( 'NONE',  ( 15.09999999999999609, -5.500000000000000000, -16.60000000000000142 ) ) ;
#5652 = VECTOR ( 'NONE', #7869, 1000.000000000000000 ) ;
#5653 = DIRECTION ( 'NONE',  ( -0.000000000000000000, 1.000000000000000000, 3.016910393003142366E-16 ) ) ;
#5654 = EDGE_CURVE ( 'NONE', #2699, #10222, #10472, .T. ) ;
#5655 = DIRECTION ( 'NONE',  ( 0.000000000000000000, 0.000000000000000000, -1.000000000000000000 ) ) ;
#5656 = DIRECTION ( 'NONE',  ( 1.445602896647337931E-16, 0.000000000000000000, -1.000000000000000000 ) ) ;
#5657 = ORIENTED_EDGE ( 'NONE', *, *, #8105, .F. ) ;
#5658 = CARTESIAN_POINT ( 'NONE',  ( 15.09999999999999609, -11.50000000000000000, -16.60000000000000142 ) ) ;
#5659 = VECTOR ( 'NONE', #772, 1000.000000000000000 ) ;
#5660 = AXIS2_PLACEMENT_3D ( 'NONE', #7279, #10715, #7067 ) ;
#5661 = ORIENTED_EDGE ( 'NONE', *, *, #805, .F. ) ;
#5662 = CARTESIAN_POINT ( 'NONE',  ( 8.374824250234464529, 24.50000000000000000, 13.67730034089338531 ) ) ;
#5663 = CARTESIAN_POINT ( 'NONE',  ( -25.00000000000000711, 0.000000000000000000, 38.24999999999996447 ) ) ;
#5664 = EDGE_CURVE ( 'NONE', #5453, #10908, #4261, .T. ) ;
#5665 = DIRECTION ( 'NONE',  ( 0.000000000000000000, -1.000000000000000000, -2.940873454663932011E-27 ) ) ;
#5666 = VERTEX_POINT ( 'NONE', #5153 ) ;
#5667 = VECTOR ( 'NONE', #4816, 1000.000000000000000 ) ;
#5668 = LINE ( 'NONE', #9165, #6925 ) ;
#5669 = DIRECTION ( 'NONE',  ( 0.7071067811865476838, 0.000000000000000000, 0.7071067811865473507 ) ) ;
#5670 = ORIENTED_EDGE ( 'NONE', *, *, #6075, .F. ) ;
#5671 = CARTESIAN_POINT ( 'NONE',  ( -33.50000000000000000, 30.00000000000000000, 28.99999999999997158 ) ) ;
#5672 = ORIENTED_EDGE ( 'NONE', *, *, #9666, .F. ) ;
#5673 = VERTEX_POINT ( 'NONE', #196 ) ;
#5674 = ORIENTED_EDGE ( 'NONE', *, *, #2478, .T. ) ;
#5675 = CARTESIAN_POINT ( 'NONE',  ( -1.099844525993681765, 24.50000000000000000, 5.187071063562599171 ) ) ;
#5676 = AXIS2_PLACEMENT_3D ( 'NONE', #1593, #5002, #8437 ) ;
#5677 = ORIENTED_EDGE ( 'NONE', *, *, #4589, .T. ) ;
#5678 = CARTESIAN_POINT ( 'NONE',  ( 0.000000000000000000, 23.00000000000000000, 0.000000000000000000 ) ) ;
#5679 = ADVANCED_FACE ( 'NONE', ( #8529 ), #9384, .F. ) ;
#5680 = ORIENTED_EDGE ( 'NONE', *, *, #6433, .F. ) ;
#5681 = LINE ( 'NONE', #685, #2179 ) ;
#5682 = DIRECTION ( 'NONE',  ( -1.093772683465830541E-16, -0.000000000000000000, 1.000000000000000000 ) ) ;
#5683 = CARTESIAN_POINT ( 'NONE',  ( 10.26313544485287643, 23.00000000000000000, 18.29275258562293516 ) ) ;
#5684 = CARTESIAN_POINT ( 'NONE',  ( -34.25000000000000000, 3.000000000000000000, 28.99999999999998934 ) ) ;
#5685 = CARTESIAN_POINT ( 'NONE',  ( -1.099844525993681765, 24.50000000000000000, 5.860867144937108364 ) ) ;
#5686 = LINE ( 'NONE', #4899, #2750 ) ;
#5687 = ORIENTED_EDGE ( 'NONE', *, *, #3133, .T. ) ;
#5688 = LINE ( 'NONE', #10084, #10666 ) ;
#5689 = EDGE_CURVE ( 'NONE', #3294, #8213, #5609, .T. ) ;
#5690 = AXIS2_PLACEMENT_3D ( 'NONE', #157, #6006, #10449 ) ;
#5691 = ORIENTED_EDGE ( 'NONE', *, *, #4526, .F. ) ;
#5692 = EDGE_CURVE ( 'NONE', #1290, #792, #5805, .T. ) ;
#5693 = ORIENTED_EDGE ( 'NONE', *, *, #867, .T. ) ;
#5694 = LINE ( 'NONE', #1552, #9345 ) ;
#5695 = DIRECTION ( 'NONE',  ( -0.000000000000000000, -1.000000000000000000, -0.000000000000000000 ) ) ;
#5696 = EDGE_LOOP ( 'NONE', ( #10597, #3838, #2866, #963 ) ) ;
#5697 = LINE ( 'NONE', #7447, #4950 ) ;
#5698 = CARTESIAN_POINT ( 'NONE',  ( -2.999999999999999112, 9.499999999999998224, 15.53801126270789190 ) ) ;
#5699 = DIRECTION ( 'NONE',  ( -1.000000000000000000, 0.000000000000000000, 0.000000000000000000 ) ) ;
#5700 = PRODUCT_DEFINITION_SHAPE ( 'NONE', 'NONE',  #11122 ) ;
#5701 = VERTEX_POINT ( 'NONE', #11118 ) ;
#5702 = VERTEX_POINT ( 'NONE', #3428 ) ;
#5703 = CARTESIAN_POINT ( 'NONE',  ( 0.000000000000000000, 26.50000000000000000, 0.000000000000000000 ) ) ;
#5704 = VECTOR ( 'NONE', #8481, 1000.000000000000000 ) ;
#5705 = DIRECTION ( 'NONE',  ( -0.000000000000000000, -1.000000000000000000, -0.000000000000000000 ) ) ;
#5706 = CARTESIAN_POINT ( 'NONE',  ( 25.00000000000000000, 1.500000000000000000, -29.00000000000000355 ) ) ;
#5707 = DIRECTION ( 'NONE',  ( -1.000000000000000000, 0.000000000000000000, -0.000000000000000000 ) ) ;
#5708 = CARTESIAN_POINT ( 'NONE',  ( 14.50000000000021494, 32.00000000000000000, 24.06419186098135299 ) ) ;
#5709 = DIRECTION ( 'NONE',  ( 0.000000000000000000, 0.000000000000000000, -1.000000000000000000 ) ) ;
#5710 = LINE ( 'NONE', #8249, #4403 ) ;
#5711 = LINE ( 'NONE', #3146, #6156 ) ;
#5712 = VECTOR ( 'NONE', #8088, 1000.000000000000000 ) ;
#5713 = EDGE_CURVE ( 'NONE', #624, #1290, #8580, .T. ) ;
#5714 = VERTEX_POINT ( 'NONE', #9325 ) ;
#5715 = EDGE_CURVE ( 'NONE', #10733, #740, #10279, .T. ) ;
#5716 = DIRECTION ( 'NONE',  ( -0.000000000000000000, -0.000000000000000000, -1.000000000000000000 ) ) ;
#5717 = ORIENTED_EDGE ( 'NONE', *, *, #4489, .F. ) ;
#5718 = DIRECTION ( 'NONE',  ( 1.000000000000000000, 0.000000000000000000, 0.000000000000000000 ) ) ;
#5719 = VECTOR ( 'NONE', #8077, 1000.000000000000000 ) ;
#5720 = CARTESIAN_POINT ( 'NONE',  ( 1.500000000000000000, 26.50000000000000000, 7.798321850110734310 ) ) ;
#5721 = CARTESIAN_POINT ( 'NONE',  ( -27.50000000000000355, 10.49999999999999112, 14.74999999999995204 ) ) ;
#5722 = ORIENTED_EDGE ( 'NONE', *, *, #5516, .T. ) ;
#5723 = CARTESIAN_POINT ( 'NONE',  ( -35.00000000000000000, 10.50049802381102815, 18.98421203201065310 ) ) ;
#5724 = AXIS2_PLACEMENT_3D ( 'NONE', #5036, #3531, #9430 ) ;
#5725 = DIRECTION ( 'NONE',  ( -6.900247638363675773E-15, 0.000000000000000000, 1.000000000000000000 ) ) ;
#5726 = ORIENTED_EDGE ( 'NONE', *, *, #4080, .T. ) ;
#5727 = EDGE_CURVE ( 'NONE', #8764, #10695, #2474, .T. ) ;
#5728 = LINE ( 'NONE', #2376, #6533 ) ;
#5729 = EDGE_LOOP ( 'NONE', ( #9042, #1618, #5228, #281 ) ) ;
#5730 = ORIENTED_EDGE ( 'NONE', *, *, #8713, .T. ) ;
#5731 = VECTOR ( 'NONE', #6234, 1000.000000000000000 ) ;
#5732 = ORIENTED_EDGE ( 'NONE', *, *, #7698, .T. ) ;
#5733 = DIRECTION ( 'NONE',  ( 0.000000000000000000, 1.000000000000000000, 0.000000000000000000 ) ) ;
#5734 = VERTEX_POINT ( 'NONE', #1573 ) ;
#5735 = FACE_OUTER_BOUND ( 'NONE', #9326, .T. ) ;
#5736 = CIRCLE ( 'NONE', #9878, 8.499999999999992895 ) ;
#5737 = EDGE_LOOP ( 'NONE', ( #267, #3049, #8174, #9243 ) ) ;
#5738 = CARTESIAN_POINT ( 'NONE',  ( 25.00000000000000711, 32.00000000000000000, 37.99999999999996447 ) ) ;
#5739 = DIRECTION ( 'NONE',  ( -1.000000000000000000, 0.000000000000000000, -0.000000000000000000 ) ) ;
#5740 = CARTESIAN_POINT ( 'NONE',  ( 1.580974632929448953, 24.50000000000000000, 11.45930405883267689 ) ) ;
#5741 = CARTESIAN_POINT ( 'NONE',  ( -2.799999999999999378, 23.00000000000000000, 15.53801126270789190 ) ) ;
#5742 = CARTESIAN_POINT ( 'NONE',  ( -3.000000000000015543, -13.99999999999999822, -2.370000000000013429 ) ) ;
#5743 = CARTESIAN_POINT ( 'NONE',  ( -25.00000000000000711, 2.000000000000001776, -29.00000000000002132 ) ) ;
#5744 = ORIENTED_EDGE ( 'NONE', *, *, #7513, .F. ) ;
#5745 = EDGE_CURVE ( 'NONE', #898, #7143, #4462, .T. ) ;
#5746 = LINE ( 'NONE', #5918, #6350 ) ;
#5747 = AXIS2_PLACEMENT_3D ( 'NONE', #3056, #3282, #6706 ) ;
#5748 = VECTOR ( 'NONE', #7919, 1000.000000000000000 ) ;
#5749 = VERTEX_POINT ( 'NONE', #5772 ) ;
#5750 = VERTEX_POINT ( 'NONE', #663 ) ;
#5751 = CARTESIAN_POINT ( 'NONE',  ( 15.00000000000000000, -13.00000000000000000, 13.39999999999998792 ) ) ;
#5752 = DIRECTION ( 'NONE',  ( 0.000000000000000000, -1.000000000000000000, 0.000000000000000000 ) ) ;
#5753 = EDGE_CURVE ( 'NONE', #3891, #5051, #11008, .T. ) ;
#5754 = AXIS2_PLACEMENT_3D ( 'NONE', #6254, #9696, #2789 ) ;
#5755 = ORIENTED_EDGE ( 'NONE', *, *, #3665, .T. ) ;
#5756 = LINE ( 'NONE', #6489, #6035 ) ;
#5757 = CARTESIAN_POINT ( 'NONE',  ( -1.576085913135946814, 32.00000000000000000, 11.42771081216553419 ) ) ;
#5758 = PLANE ( 'NONE',  #8653 ) ;
#5759 = ADVANCED_FACE ( 'NONE', ( #7522 ), #3258, .T. ) ;
#5760 = ORIENTED_EDGE ( 'NONE', *, *, #6293, .F. ) ;
#5761 = VECTOR ( 'NONE', #10574, 1000.000000000000000 ) ;
#5762 = ORIENTED_EDGE ( 'NONE', *, *, #1543, .T. ) ;
#5763 = DIRECTION ( 'NONE',  ( 0.000000000000000000, -0.000000000000000000, 1.000000000000000000 ) ) ;
#5764 = CARTESIAN_POINT ( 'NONE',  ( -27.50000000000000355, 18.00000000000000000, 14.74999999999995204 ) ) ;
#5765 = DIRECTION ( 'NONE',  ( 0.000000000000000000, 0.000000000000000000, 1.000000000000000000 ) ) ;
#5766 = EDGE_CURVE ( 'NONE', #2876, #2855, #4733, .T. ) ;
#5767 = DIRECTION ( 'NONE',  ( 1.239088197126290817E-16, -0.000000000000000000, 1.000000000000000000 ) ) ;
#5768 = CARTESIAN_POINT ( 'NONE',  ( -25.00000000000000711, 0.000000000000000000, -39.00000000000002842 ) ) ;
#5769 = VECTOR ( 'NONE', #1933, 1000.000000000000000 ) ;
#5770 = DIRECTION ( 'NONE',  ( -1.000000000000000000, 0.000000000000000000, -0.000000000000000000 ) ) ;
#5771 = FACE_BOUND ( 'NONE', #10628, .T. ) ;
#5772 = CARTESIAN_POINT ( 'NONE',  ( -5.800000000000000711, 9.999999999999998224, -11.54000000000000448 ) ) ;
#5773 = ORIENTED_EDGE ( 'NONE', *, *, #9487, .T. ) ;
#5774 = DIRECTION ( 'NONE',  ( 1.000000000000000000, -0.000000000000000000, 0.000000000000000000 ) ) ;
#5775 = VERTEX_POINT ( 'NONE', #1147 ) ;
#5776 = DIRECTION ( 'NONE',  ( 1.000000000000000000, -2.438088387897967896E-29, 6.982962677686266711E-15 ) ) ;
#5777 = CIRCLE ( 'NONE', #754, 1.500000000000001332 ) ;
#5778 = DIRECTION ( 'NONE',  ( -0.000000000000000000, -0.000000000000000000, 1.000000000000000000 ) ) ;
#5779 = CARTESIAN_POINT ( 'NONE',  ( 3.361402676273733459, 32.00000000000000000, 0.4412515164656084510 ) ) ;
#5780 = ORIENTED_EDGE ( 'NONE', *, *, #1716, .F. ) ;
#5781 = EDGE_CURVE ( 'NONE', #9917, #8738, #5467, .T. ) ;
#5782 = DIRECTION ( 'NONE',  ( -1.000000000000000000, 0.000000000000000000, -0.000000000000000000 ) ) ;
#5783 = LINE ( 'NONE', #9225, #4180 ) ;
#5784 = ADVANCED_FACE ( 'NONE', ( #2169 ), #3690, .F. ) ;
#5785 = VERTEX_POINT ( 'NONE', #8960 ) ;
#5786 = LINE ( 'NONE', #3103, #10492 ) ;
#5787 = VECTOR ( 'NONE', #6553, 1000.000000000000000 ) ;
#5788 = VERTEX_POINT ( 'NONE', #4681 ) ;
#5789 = VERTEX_POINT ( 'NONE', #4628 ) ;
#5790 = VERTEX_POINT ( 'NONE', #10594 ) ;
#5791 = ORIENTED_EDGE ( 'NONE', *, *, #8568, .F. ) ;
#5792 = CARTESIAN_POINT ( 'NONE',  ( -2.799999999999999378, -13.91959594928933441, 15.53801126270789190 ) ) ;
#5793 = AXIS2_PLACEMENT_3D ( 'NONE', #5390, #1239, #7093 ) ;
#5794 = VERTEX_POINT ( 'NONE', #7110 ) ;
#5795 = CYLINDRICAL_SURFACE ( 'NONE', #5747, 1.500000000000000222 ) ;
#5796 = EDGE_CURVE ( 'NONE', #10930, #6892, #5580, .T. ) ;
#5797 = FACE_OUTER_BOUND ( 'NONE', #3232, .T. ) ;
#5798 = ADVANCED_FACE ( 'NONE', ( #2961 ), #9755, .F. ) ;
#5799 = DIRECTION ( 'NONE',  ( 0.000000000000000000, 0.000000000000000000, -1.000000000000000000 ) ) ;
#5800 = LINE ( 'NONE', #10810, #3267 ) ;
#5801 = LINE ( 'NONE', #9296, #6034 ) ;
#5802 = CARTESIAN_POINT ( 'NONE',  ( -27.50000000000000355, 10.49999999999999112, 13.24999999999995204 ) ) ;
#5803 = ORIENTED_EDGE ( 'NONE', *, *, #11021, .T. ) ;
#5804 = DIRECTION ( 'NONE',  ( -0.000000000000000000, -1.000000000000000000, -0.000000000000000000 ) ) ;
#5805 = CIRCLE ( 'NONE', #4542, 8.499999999999992895 ) ;
#5806 = PLANE ( 'NONE',  #2111 ) ;
#5807 = ORIENTED_EDGE ( 'NONE', *, *, #8615, .T. ) ;
#5808 = ORIENTED_EDGE ( 'NONE', *, *, #7887, .F. ) ;
#5809 = CARTESIAN_POINT ( 'NONE',  ( -14.99999999999999645, 0.000000000000000000, 13.59999999999999076 ) ) ;
#5810 = CARTESIAN_POINT ( 'NONE',  ( 25.00000000000000711, 28.49999999999999645, -37.50000000000002842 ) ) ;
#5811 = ADVANCED_FACE ( 'NONE', ( #2008 ), #358, .F. ) ;
#5812 = CIRCLE ( 'NONE', #4549, 2.000000000000001776 ) ;
#5813 = EDGE_LOOP ( 'NONE', ( #10041, #6518, #9162, #5133 ) ) ;
#5814 = DIRECTION ( 'NONE',  ( -1.000000000000000000, 0.000000000000000000, -0.000000000000000000 ) ) ;
#5815 = DIRECTION ( 'NONE',  ( 0.000000000000000000, -1.000000000000000000, -3.491481338843133355E-15 ) ) ;
#5816 = CARTESIAN_POINT ( 'NONE',  ( 6.924999999999992717, -13.99999999999999822, -16.60000000000000497 ) ) ;
#5817 = ORIENTED_EDGE ( 'NONE', *, *, #6784, .F. ) ;
#5818 = ORIENTED_EDGE ( 'NONE', *, *, #3032, .T. ) ;
#5819 = CARTESIAN_POINT ( 'NONE',  ( 7.924999999999992717, -13.99999999999999822, -17.60000000000000497 ) ) ;
#5820 = DIRECTION ( 'NONE',  ( 0.000000000000000000, 1.000000000000000000, 3.491481338843133355E-15 ) ) ;
#5821 = DIRECTION ( 'NONE',  ( 0.000000000000000000, 1.000000000000000000, 3.491481338843133355E-15 ) ) ;
#5822 = EDGE_CURVE ( 'NONE', #9279, #5168, #9769, .T. ) ;
#5823 = CARTESIAN_POINT ( 'NONE',  ( 2.562233326377193254, 26.50000000000000000, -4.768333691650413542 ) ) ;
#5824 = CIRCLE ( 'NONE', #4564, 9.999999999999994671 ) ;
#5825 = DIRECTION ( 'NONE',  ( 4.483001173306440485E-11, 2.940873454663932011E-27, -1.000000000000000000 ) ) ;
#5826 = DIRECTION ( 'NONE',  ( -0.7071067811865477948, 0.000000000000000000, 0.7071067811865473507 ) ) ;
#5827 = LINE ( 'NONE', #3577, #8903 ) ;
#5828 = DIRECTION ( 'NONE',  ( -6.027379889218269368E-15, 0.000000000000000000, 1.000000000000000000 ) ) ;
#5829 = ORIENTED_EDGE ( 'NONE', *, *, #6202, .T. ) ;
#5830 = CARTESIAN_POINT ( 'NONE',  ( 2.800000000000000266, -0.5000000000000000000, -21.14000000000000767 ) ) ;
#5831 = EDGE_CURVE ( 'NONE', #5785, #9143, #1259, .T. ) ;
#5832 = AXIS2_PLACEMENT_3D ( 'NONE', #8685, #4306, #3529 ) ;
#5833 = ORIENTED_EDGE ( 'NONE', *, *, #3703, .F. ) ;
#5834 = DIRECTION ( 'NONE',  ( 0.9986117056576697681, 1.549125602627762157E-28, -0.05267505409090383894 ) ) ;
#5835 = VECTOR ( 'NONE', #9323, 1000.000000000000000 ) ;
#5836 = DIRECTION ( 'NONE',  ( 1.000000000000000000, 0.000000000000000000, -2.748605226541390308E-16 ) ) ;
#5837 = CARTESIAN_POINT ( 'NONE',  ( -25.00000000000000711, 30.00000000000000000, -39.00000000000002842 ) ) ;
#5838 = EDGE_CURVE ( 'NONE', #1551, #2489, #414, .T. ) ;
#5839 = VERTEX_POINT ( 'NONE', #7270 ) ;
#5840 = CARTESIAN_POINT ( 'NONE',  ( 17.70476182858164549, 23.00000000000000000, 27.23807268525122538 ) ) ;
#5841 = VECTOR ( 'NONE', #3323, 1000.000000000000000 ) ;
#5842 = CARTESIAN_POINT ( 'NONE',  ( -3.000000000000015543, -13.00000000000000000, -2.370000000000013429 ) ) ;
#5843 = CIRCLE ( 'NONE', #4752, 9.999999999999998224 ) ;
#5844 = ORIENTED_EDGE ( 'NONE', *, *, #4453, .T. ) ;
#5845 = CARTESIAN_POINT ( 'NONE',  ( 3.000000000000003553, 28.49999999999999645, -20.04445395531110918 ) ) ;
#5846 = ORIENTED_EDGE ( 'NONE', *, *, #1615, .T. ) ;
#5847 = EDGE_CURVE ( 'NONE', #10026, #10748, #10707, .T. ) ;
#5848 = ORIENTED_EDGE ( 'NONE', *, *, #4023, .T. ) ;
#5849 = ORIENTED_EDGE ( 'NONE', *, *, #10968, .T. ) ;
#5850 = SHAPE_REPRESENTATION_RELATIONSHIP ( 'NONE' , 'NONE' ,  #4370, #2095 ) ;
#5851 = VERTEX_POINT ( 'NONE', #6427 ) ;
#5852 = CARTESIAN_POINT ( 'NONE',  ( -19.81171673543281031, 28.49999999999999645, 12.01317212208040708 ) ) ;
#5853 =( GEOMETRIC_REPRESENTATION_CONTEXT ( 3 ) GLOBAL_UNCERTAINTY_ASSIGNED_CONTEXT ( ( #275 ) ) GLOBAL_UNIT_ASSIGNED_CONTEXT ( ( #507, #9457, #6641 ) ) REPRESENTATION_CONTEXT ( 'NONE', 'WORKASPACE' ) );
#5854 = VECTOR ( 'NONE', #10551, 1000.000000000000000 ) ;
#5855 = ORIENTED_EDGE ( 'NONE', *, *, #8131, .T. ) ;
#5856 = DIRECTION ( 'NONE',  ( -0.000000000000000000, 1.000000000000000000, -0.000000000000000000 ) ) ;
#5857 = CARTESIAN_POINT ( 'NONE',  ( -25.00000000000000000, 1.500000000000000000, -37.50000000000001421 ) ) ;
#5858 = CARTESIAN_POINT ( 'NONE',  ( -33.50000000000000000, 28.49999999999999645, -29.00000000000001776 ) ) ;
#5859 = LINE ( 'NONE', #5123, #4339 ) ;
#5860 = FACE_OUTER_BOUND ( 'NONE', #10291, .T. ) ;
#5861 = DIRECTION ( 'NONE',  ( -1.000000000000000000, -0.000000000000000000, -0.000000000000000000 ) ) ;
#5862 = ORIENTED_EDGE ( 'NONE', *, *, #3023, .F. ) ;
#5863 = CARTESIAN_POINT ( 'NONE',  ( -10.59516764005141809, 23.00000000000000355, 18.40300314453379471 ) ) ;
#5864 = EDGE_CURVE ( 'NONE', #2295, #8266, #3743, .T. ) ;
#5865 = EDGE_CURVE ( 'NONE', #9229, #8964, #5812, .T. ) ;
#5866 = DIRECTION ( 'NONE',  ( 0.000000000000000000, 0.000000000000000000, 1.000000000000000000 ) ) ;
#5867 = ORIENTED_EDGE ( 'NONE', *, *, #10335, .F. ) ;
#5868 = ORIENTED_EDGE ( 'NONE', *, *, #10501, .F. ) ;
#5869 = LINE ( 'NONE', #1608, #6457 ) ;
#5870 = LINE ( 'NONE', #3412, #7001 ) ;
#5871 = ORIENTED_EDGE ( 'NONE', *, *, #9912, .F. ) ;
#5872 = DIRECTION ( 'NONE',  ( 0.000000000000000000, 0.000000000000000000, -1.000000000000000000 ) ) ;
#5873 = DIRECTION ( 'NONE',  ( 1.000000000000000000, 0.000000000000000000, 0.000000000000000000 ) ) ;
#5874 = CARTESIAN_POINT ( 'NONE',  ( -19.81171673543281031, 9.499999999999998224, 15.53801126270789190 ) ) ;
#5875 = B_SPLINE_CURVE_WITH_KNOTS ( 'NONE', 3,
 ( #6246, #2837, #10528, #1076, #10366, #4507, #5181, #10471, #1881, #2782, #5283, #181, #8724, #6190, #4345, #8667 ),
 .UNSPECIFIED., .F., .F.,
 ( 4, 2, 2, 2, 2, 2, 2, 4 ),
 ( 0.000000000000000000, 0.001128426147771388307, 0.001692639221657082785, 0.002256852295542777481, 0.002821065369428471959, 0.003385278443314166438, 0.003949491517199861350, 0.004513704591085555828 ),
 .UNSPECIFIED. ) ;
#5876 = ORIENTED_EDGE ( 'NONE', *, *, #2625, .T. ) ;
#5877 = ADVANCED_FACE ( 'NONE', ( #3633 ), #7056, .F. ) ;
#5878 = ORIENTED_EDGE ( 'NONE', *, *, #1150, .T. ) ;
#5879 = DIRECTION ( 'NONE',  ( 0.000000000000000000, -0.000000000000000000, 1.000000000000000000 ) ) ;
#5880 = DIRECTION ( 'NONE',  ( 1.000000000000000000, 0.000000000000000000, -0.000000000000000000 ) ) ;
#5881 = CARTESIAN_POINT ( 'NONE',  ( 1.581196249017107425, 32.00000000000000000, 11.46827142854187009 ) ) ;
#5882 = DIRECTION ( 'NONE',  ( -0.000000000000000000, 1.000000000000000000, -0.000000000000000000 ) ) ;
#5883 = DIRECTION ( 'NONE',  ( 0.000000000000000000, 1.000000000000000000, 3.491481338843133355E-15 ) ) ;
#5884 = AXIS2_PLACEMENT_3D ( 'NONE', #10777, #9773, #7288 ) ;
#5885 = CARTESIAN_POINT ( 'NONE',  ( 25.00000000000000000, 5.000000000000000000, 37.49999999999999289 ) ) ;
#5886 = LINE ( 'NONE', #10049, #8716 ) ;
#5887 = CARTESIAN_POINT ( 'NONE',  ( 2.251544362057766868, 24.50000000000000000, -4.500214463258164876 ) ) ;
#5888 = ORIENTED_EDGE ( 'NONE', *, *, #8861, .F. ) ;
#5889 = DIRECTION ( 'NONE',  ( -1.000000000000000000, 0.000000000000000000, 0.000000000000000000 ) ) ;
#5890 = ADVANCED_FACE ( 'NONE', ( #10544 ), #1951, .F. ) ;
#5891 = AXIS2_PLACEMENT_3D ( 'NONE', #1747, #1798, #5318 ) ;
#5892 = ORIENTED_EDGE ( 'NONE', *, *, #6265, .T. ) ;
#5893 = FACE_OUTER_BOUND ( 'NONE', #6465, .T. ) ;
#5894 = CARTESIAN_POINT ( 'NONE',  ( -20.00000000000000000, 0.000000000000000000, 8.399999999999987921 ) ) ;
#5895 = B_SPLINE_SURFACE_WITH_KNOTS ( 'NONE', 3, 1, ( 
 ( #8748, #4472 ),
 ( #11114, #96 ),
 ( #10386, #11061 ),
 ( #1792, #6956 ) ),
 .UNSPECIFIED., .F., .F., .F.,
 ( 4, 4 ),
 ( 2, 2 ),
 ( 13.00000000000000000, 14.00000000000000000 ),
 ( 0.000000000000000000, 1.000000000000000000 ),
 .UNSPECIFIED. ) ;
#5896 = FACE_OUTER_BOUND ( 'NONE', #8948, .T. ) ;
#5897 = ORIENTED_EDGE ( 'NONE', *, *, #10134, .F. ) ;
#5898 = EDGE_CURVE ( 'NONE', #6640, #8750, #4520, .T. ) ;
#5899 = CARTESIAN_POINT ( 'NONE',  ( 25.00000000000000711, 0.000000000000000000, 38.24999999999996447 ) ) ;
#5900 = DIRECTION ( 'NONE',  ( 0.000000000000000000, 1.000000000000000000, 0.000000000000000000 ) ) ;
#5901 = VERTEX_POINT ( 'NONE', #3951 ) ;
#5902 = CARTESIAN_POINT ( 'NONE',  ( 17.70476182858164549, 23.00000000000000000, 15.53801126270789190 ) ) ;
#5903 = EDGE_CURVE ( 'NONE', #9922, #8396, #4069, .T. ) ;
#5904 = ORIENTED_EDGE ( 'NONE', *, *, #4023, .F. ) ;
#5905 = ORIENTED_EDGE ( 'NONE', *, *, #6031, .T. ) ;
#5906 = ORIENTED_EDGE ( 'NONE', *, *, #9036, .T. ) ;
#5907 = CARTESIAN_POINT ( 'NONE',  ( -19.81171673543281031, 9.499999999999998224, 27.23807268525122538 ) ) ;
#5908 = ORIENTED_EDGE ( 'NONE', *, *, #8136, .T. ) ;
#5909 = CARTESIAN_POINT ( 'NONE',  ( -3.601026911978597145, 32.00000000000000000, 1.758059867859523395 ) ) ;
#5910 = CARTESIAN_POINT ( 'NONE',  ( -14.99999999999999645, 0.5000000000000000000, 13.59999999999999076 ) ) ;
#5911 = ADVANCED_FACE ( 'NONE', ( #1484 ), #2448, .F. ) ;
#5912 = LINE ( 'NONE', #1710, #7453 ) ;
#5913 = DIRECTION ( 'NONE',  ( -1.000000000000000000, 0.000000000000000000, -0.000000000000000000 ) ) ;
#5914 = DIRECTION ( 'NONE',  ( 1.000000000000000000, 0.000000000000000000, 0.000000000000000000 ) ) ;
#5915 = DIRECTION ( 'NONE',  ( 1.000000000000000000, 0.000000000000000000, 0.000000000000000000 ) ) ;
#5917 = ORIENTED_EDGE ( 'NONE', *, *, #3079, .F. ) ;
#5916 = B_SPLINE_CURVE_WITH_KNOTS ( 'NONE', 2,
 ( #4791, #2400, #8230 ),
 .UNSPECIFIED., .F., .F.,
 ( 3, 3 ),
 ( 0.4999510147485095590, 0.5003871720241390708 ),
 .UNSPECIFIED. ) ;
#5918 = CARTESIAN_POINT ( 'NONE',  ( -14.21914622032904418, 26.50000000000000000, 23.06569260839445334 ) ) ;
#5919 = VECTOR ( 'NONE', #7725, 1000.000000000000000 ) ;
#5920 = CARTESIAN_POINT ( 'NONE',  ( -19.81171673543281031, 23.00000000000000000, 27.23807268525122538 ) ) ;
#5921 = ORIENTED_EDGE ( 'NONE', *, *, #4258, .T. ) ;
#5922 = ORIENTED_EDGE ( 'NONE', *, *, #5941, .F. ) ;
#5923 = PLANE ( 'NONE',  #9157 ) ;
#5924 = FACE_OUTER_BOUND ( 'NONE', #4420, .T. ) ;
#5925 = ORIENTED_EDGE ( 'NONE', *, *, #7732, .T. ) ;
#5926 = CARTESIAN_POINT ( 'NONE',  ( 3.599158056653548154, 24.49999999999998934, 1.758059867859545600 ) ) ;
#5927 = EDGE_CURVE ( 'NONE', #6513, #8216, #10871, .T. ) ;
#5928 = DIRECTION ( 'NONE',  ( 0.000000000000000000, -1.000000000000000000, 0.000000000000000000 ) ) ;
#5929 = EDGE_CURVE ( 'NONE', #2729, #1705, #5265, .T. ) ;
#5930 = CIRCLE ( 'NONE', #1077, 1.000000000000000888 ) ;
#5931 = CARTESIAN_POINT ( 'NONE',  ( 13.49999999999999822, 1.500000000000000000, 6.899999999999990585 ) ) ;
#5932 = VECTOR ( 'NONE', #9781, 999.9999999999998863 ) ;
#5933 = EDGE_LOOP ( 'NONE', ( #8793, #1783, #1952, #1870 ) ) ;
#5934 = ORIENTED_EDGE ( 'NONE', *, *, #2360, .T. ) ;
#5935 = DIRECTION ( 'NONE',  ( -0.000000000000000000, -1.000000000000000000, -0.000000000000000000 ) ) ;
#5936 = AXIS2_PLACEMENT_3D ( 'NONE', #3734, #1944, #2951 ) ;
#5937 = DIRECTION ( 'NONE',  ( -1.000000000000000000, 0.000000000000000000, 0.000000000000000000 ) ) ;
#5938 = DIRECTION ( 'NONE',  ( -4.483001173306440485E-11, -2.940873454663932011E-27, 1.000000000000000000 ) ) ;
#5939 = CARTESIAN_POINT ( 'NONE',  ( -45.97666018330589566, 17.00000000000000000, 24.99999999999995381 ) ) ;
#5940 = DIRECTION ( 'NONE',  ( 6.845469849541273055E-15, -0.000000000000000000, -1.000000000000000000 ) ) ;
#5941 = EDGE_CURVE ( 'NONE', #10840, #6811, #9915, .T. ) ;
#5942 = EDGE_CURVE ( 'NONE', #5005, #10486, #10927, .T. ) ;
#5943 = FACE_OUTER_BOUND ( 'NONE', #7029, .T. ) ;
#5944 = LINE ( 'NONE', #1684, #2986 ) ;
#5945 = AXIS2_PLACEMENT_3D ( 'NONE', #8800, #94, #6844 ) ;
#5946 = DIRECTION ( 'NONE',  ( 1.000000000000000000, -0.000000000000000000, 0.000000000000000000 ) ) ;
#5947 = VERTEX_POINT ( 'NONE', #577 ) ;
#5948 = CARTESIAN_POINT ( 'NONE',  ( 3.000000000000000888, 24.99999999999999645, 15.53801126270789190 ) ) ;
#5949 = ORIENTED_EDGE ( 'NONE', *, *, #1934, .F. ) ;
#5950 = CARTESIAN_POINT ( 'NONE',  ( 2.999999999999998224, 9.499999999999998224, 21.53801126270789368 ) ) ;
#5951 = CARTESIAN_POINT ( 'NONE',  ( -2.855336827092017860, 32.00000000000000711, 7.539560397274870596 ) ) ;
#5952 = LINE ( 'NONE', #5104, #9690 ) ;
#5953 = AXIS2_PLACEMENT_3D ( 'NONE', #135, #6996, #5462 ) ;
#5954 = EDGE_CURVE ( 'NONE', #6865, #3825, #8625, .T. ) ;
#5955 = DIRECTION ( 'NONE',  ( 1.000000000000000000, 0.000000000000000000, -2.748605226541390308E-16 ) ) ;
#5956 = CARTESIAN_POINT ( 'NONE',  ( 0.000000000000000000, 30.00001199999999812, -17.04445395531110563 ) ) ;
#5957 = ORIENTED_EDGE ( 'NONE', *, *, #812, .F. ) ;
#5958 = DIRECTION ( 'NONE',  ( 0.000000000000000000, 0.000000000000000000, -1.000000000000000000 ) ) ;
#5959 = AXIS2_PLACEMENT_3D ( 'NONE', #7796, #3536, #10219 ) ;
#5960 = ORIENTED_EDGE ( 'NONE', *, *, #339, .T. ) ;
#5961 = ORIENTED_EDGE ( 'NONE', *, *, #3347, .T. ) ;
#5962 = ORIENTED_EDGE ( 'NONE', *, *, #2781, .F. ) ;
#5963 = EDGE_CURVE ( 'NONE', #4738, #9728, #3121, .T. ) ;
#5964 = DIRECTION ( 'NONE',  ( 0.000000000000000000, 1.000000000000000000, 0.000000000000000000 ) ) ;
#5965 = ORIENTED_EDGE ( 'NONE', *, *, #10134, .T. ) ;
#5966 = CARTESIAN_POINT ( 'NONE',  ( -46.31370849898476649, 17.50000000000000000, 24.99999999999994671 ) ) ;
#5967 = ADVANCED_FACE ( 'NONE', ( #7555 ), #2282, .T. ) ;
#5968 = AXIS2_PLACEMENT_3D ( 'NONE', #923, #1616, #3522 ) ;
#5969 = CARTESIAN_POINT ( 'NONE',  ( 0.000000000000000000, 29.50000000000000000, -17.04445395531110563 ) ) ;
#5970 = CARTESIAN_POINT ( 'NONE',  ( 5.299549528938837462, 25.00000000000011724, 16.80050947618694934 ) ) ;
#5971 = LINE ( 'NONE', #6076, #4757 ) ;
#5972 = LINE ( 'NONE', #1768, #6871 ) ;
#5973 = ORIENTED_EDGE ( 'NONE', *, *, #3453, .F. ) ;
#5974 = DIRECTION ( 'NONE',  ( -1.000000000000000000, 0.000000000000000000, 0.000000000000000000 ) ) ;
#5975 = EDGE_CURVE ( 'NONE', #202, #1321, #5688, .T. ) ;
#5976 = DIRECTION ( 'NONE',  ( -4.908688302946797091E-17, 0.000000000000000000, 1.000000000000000000 ) ) ;
#5977 = ORIENTED_EDGE ( 'NONE', *, *, #4630, .F. ) ;
#5978 = ORIENTED_EDGE ( 'NONE', *, *, #3431, .T. ) ;
#5979 = FACE_OUTER_BOUND ( 'NONE', #5255, .T. ) ;
#5980 = PLANE ( 'NONE',  #8792 ) ;
#5981 = EDGE_CURVE ( 'NONE', #6413, #10140, #10838, .T. ) ;
#5982 = DIRECTION ( 'NONE',  ( -2.322494089076271146E-16, 0.000000000000000000, 1.000000000000000000 ) ) ;
#5983 = DIRECTION ( 'NONE',  ( 0.000000000000000000, -1.000000000000000000, 0.000000000000000000 ) ) ;
#5984 = VECTOR ( 'NONE', #5042, 1000.000000000000000 ) ;
#5985 = LINE ( 'NONE', #3472, #50 ) ;
#5986 = B_SPLINE_SURFACE_WITH_KNOTS ( 'NONE', 3, 1, ( 
 ( #2536, #9390 ),
 ( #10174, #8483 ),
 ( #839, #7473 ),
 ( #4042, #10902 ) ),
 .UNSPECIFIED., .F., .F., .F.,
 ( 4, 4 ),
 ( 2, 2 ),
 ( 10.00000000000000000, 11.00000000000000000 ),
 ( 0.000000000000000000, 1.000000000000000000 ),
 .UNSPECIFIED. ) ;
#5987 = ORIENTED_EDGE ( 'NONE', *, *, #4152, .F. ) ;
#5988 = ORIENTED_EDGE ( 'NONE', *, *, #5766, .F. ) ;
#5989 = ADVANCED_FACE ( 'NONE', ( #1604 ), #10983, .F. ) ;
#5990 = CARTESIAN_POINT ( 'NONE',  ( 33.50000000000000000, 28.49999999999999645, 28.99999999999997158 ) ) ;
#5991 = AXIS2_PLACEMENT_3D ( 'NONE', #9810, #2066, #2123 ) ;
#5992 = FACE_OUTER_BOUND ( 'NONE', #8728, .T. ) ;
#5993 = DIRECTION ( 'NONE',  ( 1.000000000000000000, 0.000000000000000000, 3.802133645976563900E-16 ) ) ;
#5994 = FACE_OUTER_BOUND ( 'NONE', #5737, .T. ) ;
#5995 = LINE ( 'NONE', #3426, #4422 ) ;
#5996 = FACE_BOUND ( 'NONE', #6219, .T. ) ;
#5997 = PRESENTATION_LAYER_ASSIGNMENT (  '', '', ( #6170 ) ) ;
#5998 = LINE ( 'NONE', #1629, #6887 ) ;
#5999 = ORIENTED_EDGE ( 'NONE', *, *, #9694, .T. ) ;
#6000 = CARTESIAN_POINT ( 'NONE',  ( 2.800000000000000266, 23.00000000000000000, 15.53801126270789190 ) ) ;
#6001 = VERTEX_POINT ( 'NONE', #6714 ) ;
#6002 = EDGE_CURVE ( 'NONE', #1788, #979, #5632, .T. ) ;
#6003 = ADVANCED_FACE ( 'NONE', ( #9300 ), #3180, .T. ) ;
#6004 = CARTESIAN_POINT ( 'NONE',  ( 13.38518194069265199, 24.99999999999999645, -2.131356717142191355E-12 ) ) ;
#6005 = AXIS2_PLACEMENT_3D ( 'NONE', #2298, #4138, #652 ) ;
#6006 = DIRECTION ( 'NONE',  ( 0.000000000000000000, -1.000000000000000000, 0.000000000000000000 ) ) ;
#6007 = CARTESIAN_POINT ( 'NONE',  ( 4.219146220329037966, 26.50000000000000000, 20.06569260839445690 ) ) ;
#6008 = EDGE_CURVE ( 'NONE', #3950, #3417, #7789, .T. ) ;
#6009 = CARTESIAN_POINT ( 'NONE',  ( -11.10000000000000675, -12.99999999999999822, -21.10000000000000853 ) ) ;
#6010 = UNCERTAINTY_MEASURE_WITH_UNIT (LENGTH_MEASURE( 1.000000000000000082E-05 ), #2492, 'distance_accuracy_value', 'NONE');
#6011 = LINE ( 'NONE', #6805, #4009 ) ;
#6012 = VERTEX_POINT ( 'NONE', #520 ) ;
#6013 = DIRECTION ( 'NONE',  ( 1.000000000000000000, 0.000000000000000000, 0.000000000000000000 ) ) ;
#6014 = AXIS2_PLACEMENT_3D ( 'NONE', #340, #1184, #175 ) ;
#6015 = VERTEX_POINT ( 'NONE', #2336 ) ;
#6016 = VERTEX_POINT ( 'NONE', #9189 ) ;
#6017 = EDGE_CURVE ( 'NONE', #8821, #7511, #5746, .T. ) ;
#6018 = ORIENTED_EDGE ( 'NONE', *, *, #10413, .F. ) ;
#6019 = CARTESIAN_POINT ( 'NONE',  ( -35.00000000000000000, 11.99999999999999645, 10.99999999999995381 ) ) ;
#6020 = ORIENTED_EDGE ( 'NONE', *, *, #6293, .T. ) ;
#6021 = DIRECTION ( 'NONE',  ( -0.000000000000000000, -1.000000000000000000, -0.000000000000000000 ) ) ;
#6022 = AXIS2_PLACEMENT_3D ( 'NONE', #599, #4033, #4753 ) ;
#6023 = AXIS2_PLACEMENT_3D ( 'NONE', #4779, #10919, #5739 ) ;
#6024 = FACE_OUTER_BOUND ( 'NONE', #4684, .T. ) ;
#6025 = DIRECTION ( 'NONE',  ( 0.000000000000000000, 0.000000000000000000, -1.000000000000000000 ) ) ;
#6026 = CARTESIAN_POINT ( 'NONE',  ( 33.50000000000000711, 2.000000000000001776, -29.00000000000002487 ) ) ;
#6027 = DIRECTION ( 'NONE',  ( 0.000000000000000000, 1.000000000000000000, 0.000000000000000000 ) ) ;
#6028 = B_SPLINE_CURVE_WITH_KNOTS ( 'NONE', 3,
 ( #3789, #2788, #7213, #6198, #9638, #8785 ),
 .UNSPECIFIED., .F., .F.,
 ( 4, 2, 4 ),
 ( 0.000000000000000000, 0.001051435901509344692, 0.002102871803018689385 ),
 .UNSPECIFIED. ) ;
#6029 = ORIENTED_EDGE ( 'NONE', *, *, #7070, .T. ) ;
#6030 = LINE ( 'NONE', #5069, #5087 ) ;
#6031 = EDGE_CURVE ( 'NONE', #9650, #2206, #6030, .T. ) ;
#6032 = DIRECTION ( 'NONE',  ( 0.000000000000000000, 0.000000000000000000, -1.000000000000000000 ) ) ;
#6033 = CARTESIAN_POINT ( 'NONE',  ( 34.25000000000000000, 3.000000000000000000, -29.00000000000000355 ) ) ;
#6034 = VECTOR ( 'NONE', #3116, 1000.000000000000000 ) ;
#6035 = VECTOR ( 'NONE', #4968, 1000.000000000000000 ) ;
#6036 = VERTEX_POINT ( 'NONE', #125 ) ;
#6037 = ORIENTED_EDGE ( 'NONE', *, *, #8962, .F. ) ;
#6038 = LINE ( 'NONE', #8564, #6832 ) ;
#6039 = CARTESIAN_POINT ( 'NONE',  ( -3.000000000000016875, -5.500000000000000000, 5.594999999999989093 ) ) ;
#6040 = CARTESIAN_POINT ( 'NONE',  ( 1.101485361694153120, 32.00000000000000000, 5.860867144937147444 ) ) ;
#6041 = CARTESIAN_POINT ( 'NONE',  ( -33.50000000000000000, 30.00000000000000000, -29.00000000000001776 ) ) ;
#6042 = EDGE_CURVE ( 'NONE', #9704, #243, #9468, .T. ) ;
#6043 = DIRECTION ( 'NONE',  ( 0.000000000000000000, 0.000000000000000000, 1.000000000000000000 ) ) ;
#6044 = VECTOR ( 'NONE', #10191, 1000.000000000000000 ) ;
#6045 = ORIENTED_EDGE ( 'NONE', *, *, #858, .F. ) ;
#6046 = ORIENTED_EDGE ( 'NONE', *, *, #3600, .T. ) ;
#6047 = EDGE_CURVE ( 'NONE', #4414, #4435, #3843, .T. ) ;
#6048 = ORIENTED_EDGE ( 'NONE', *, *, #3528, .F. ) ;
#6049 = LINE ( 'NONE', #10434, #8169 ) ;
#6050 = DIRECTION ( 'NONE',  ( -0.000000000000000000, -1.000000000000000000, -0.000000000000000000 ) ) ;
#6051 = CARTESIAN_POINT ( 'NONE',  ( -33.50000000000000711, 10.49999999999999822, 18.99999999999995737 ) ) ;
#6052 = LINE ( 'NONE', #3533, #6848 ) ;
#6053 = CARTESIAN_POINT ( 'NONE',  ( -2.650437576845427579, 24.49999999999999645, -0.6915792364496743394 ) ) ;
#6054 = DIRECTION ( 'NONE',  ( 0.000000000000000000, 0.000000000000000000, -1.000000000000000000 ) ) ;
#6055 = ORIENTED_EDGE ( 'NONE', *, *, #9666, .T. ) ;
#6056 = EDGE_LOOP ( 'NONE', ( #4277, #3387, #6992, #6751 ) ) ;
#6057 = LINE ( 'NONE', #6004, #861 ) ;
#6058 = VECTOR ( 'NONE', #439, 1000.000000000000000 ) ;
#6059 = ORIENTED_EDGE ( 'NONE', *, *, #9315, .T. ) ;
#6060 = DIRECTION ( 'NONE',  ( 0.000000000000000000, 0.000000000000000000, -1.000000000000000000 ) ) ;
#6061 = CARTESIAN_POINT ( 'NONE',  ( 1.224646799147352468E-16, -9.999999999999998224, -19.43835307503515608 ) ) ;
#6062 = CARTESIAN_POINT ( 'NONE',  ( -25.88422689413609490, 11.99999999999999645, 10.99999999999995381 ) ) ;
#6063 = EDGE_CURVE ( 'NONE', #5607, #2942, #1879, .T. ) ;
#6064 = EDGE_CURVE ( 'NONE', #1630, #6526, #250, .T. ) ;
#6065 = DIRECTION ( 'NONE',  ( -0.000000000000000000, -1.000000000000000000, -0.000000000000000000 ) ) ;
#6066 = EDGE_LOOP ( 'NONE', ( #3859, #8714, #8912, #1262, #1730, #10322, #7650, #5744, #4926, #6037, #7085, #3678, #7045, #1355, #8022, #3016 ) ) ;
#6067 = ORIENTED_EDGE ( 'NONE', *, *, #10689, .F. ) ;
#6068 = ORIENTED_EDGE ( 'NONE', *, *, #8818, .T. ) ;
#6069 = DIRECTION ( 'NONE',  ( -1.000000000000000000, 0.000000000000000000, 6.982962677686266711E-15 ) ) ;
#6070 = DIRECTION ( 'NONE',  ( 0.000000000000000000, 0.000000000000000000, -1.000000000000000000 ) ) ;
#6071 = VERTEX_POINT ( 'NONE', #4398 ) ;
#6072 = CARTESIAN_POINT ( 'NONE',  ( -1.099844525993681765, 32.00000000000001421, 5.860867144937134121 ) ) ;
#6073 = LINE ( 'NONE', #4392, #6044 ) ;
#6074 = CARTESIAN_POINT ( 'NONE',  ( 8.374824250234464529, 28.49999999999999645, 13.67730034089338531 ) ) ;
#6075 = EDGE_CURVE ( 'NONE', #7385, #9602, #5180, .T. ) ;
#6076 = CARTESIAN_POINT ( 'NONE',  ( 18.50000000000000000, -11.50000000000000000, -21.60000000000000853 ) ) ;
#6077 = DIRECTION ( 'NONE',  ( 0.000000000000000000, 1.000000000000000000, 2.940873454663932011E-27 ) ) ;
#6078 = VERTEX_POINT ( 'NONE', #10363 ) ;
#6079 = CARTESIAN_POINT ( 'NONE',  ( 7.599667529665884658, 25.00000000000011013, 18.11989491965050547 ) ) ;
#6080 = CARTESIAN_POINT ( 'NONE',  ( -1.099844525993681765, 32.00000000000000000, 5.187071063562616935 ) ) ;
#6081 = CARTESIAN_POINT ( 'NONE',  ( -33.50000000000000000, 5.000000000000000000, -29.00000000000000355 ) ) ;
#6082 = ORIENTED_EDGE ( 'NONE', *, *, #3910, .F. ) ;
#6083 = ORIENTED_EDGE ( 'NONE', *, *, #2041, .T. ) ;
#6084 = CARTESIAN_POINT ( 'NONE',  ( -13.49999999999999822, 0.5000000000000000000, 6.899999999999989697 ) ) ;
#6085 = CARTESIAN_POINT ( 'NONE',  ( 8.869658908818193410, 23.00000000000000000, 17.83061455561480457 ) ) ;
#6086 = FACE_OUTER_BOUND ( 'NONE', #3320, .T. ) ;
#6087 = SURFACE_STYLE_USAGE ( .BOTH. , #6780 ) ;
#6088 = EDGE_CURVE ( 'NONE', #5234, #8185, #9412, .T. ) ;
#6089 = CARTESIAN_POINT ( 'NONE',  ( -33.50000000000000000, 1.500000000000000000, 28.99999999999998934 ) ) ;
#6090 = EDGE_LOOP ( 'NONE', ( #2653, #5422, #5867, #5164 ) ) ;
#6091 = AXIS2_PLACEMENT_3D ( 'NONE', #5148, #3480, #823 ) ;
#6092 = ORIENTED_EDGE ( 'NONE', *, *, #4489, .T. ) ;
#6093 = ORIENTED_EDGE ( 'NONE', *, *, #2861, .F. ) ;
#6094 = CARTESIAN_POINT ( 'NONE',  ( -1.576085913135946814, 32.00000000000000000, 11.42771081216553419 ) ) ;
#6095 = EDGE_CURVE ( 'NONE', #7143, #7220, #3404, .T. ) ;
#6096 = FACE_OUTER_BOUND ( 'NONE', #7221, .T. ) ;
#6097 = FACE_OUTER_BOUND ( 'NONE', #6551, .T. ) ;
#6098 = CIRCLE ( 'NONE', #2706, 0.2500000000000002220 ) ;
#6099 = ORIENTED_EDGE ( 'NONE', *, *, #8756, .F. ) ;
#6100 = DIRECTION ( 'NONE',  ( -0.000000000000000000, -0.000000000000000000, -1.000000000000000000 ) ) ;
#6101 = VECTOR ( 'NONE', #6546, 1000.000000000000000 ) ;
#6102 = DIRECTION ( 'NONE',  ( 0.000000000000000000, 1.000000000000000000, 0.000000000000000000 ) ) ;
#6103 = EDGE_CURVE ( 'NONE', #3498, #11070, #5442, .T. ) ;
#6104 = CARTESIAN_POINT ( 'NONE',  ( -5.800000000000000711, -11.50000000000000000, -11.54000000000000448 ) ) ;
#6105 = ORIENTED_EDGE ( 'NONE', *, *, #2959, .F. ) ;
#6106 = AXIS2_PLACEMENT_3D ( 'NONE', #7912, #7342, #8078 ) ;
#6107 = ORIENTED_EDGE ( 'NONE', *, *, #2638, .T. ) ;
#6108 = CARTESIAN_POINT ( 'NONE',  ( 25.00000000000000000, 3.000000000000000000, 38.99999999999999289 ) ) ;
#6109 = EDGE_CURVE ( 'NONE', #10908, #10455, #1770, .T. ) ;
#6110 = EDGE_LOOP ( 'NONE', ( #969, #504, #3764, #197 ) ) ;
#6111 = CARTESIAN_POINT ( 'NONE',  ( -8.871527771934950124, 29.50000000000000355, 17.83061455812335083 ) ) ;
#6112 = PLANE ( 'NONE',  #10039 ) ;
#6113 = CARTESIAN_POINT ( 'NONE',  ( -8.871527771933303441, 23.00000000000000000, 17.83061455815530039 ) ) ;
#6114 = EDGE_CURVE ( 'NONE', #1353, #9472, #964, .T. ) ;
#6115 = VECTOR ( 'NONE', #8747, 1000.000000000000000 ) ;
#6116 = LINE ( 'NONE', #6968, #3699 ) ;
#6117 = VECTOR ( 'NONE', #9205, 1000.000000000000000 ) ;
#6118 = CARTESIAN_POINT ( 'NONE',  ( 17.70476182858164549, 23.00000000000000000, 27.23807268525122538 ) ) ;
#6119 = VERTEX_POINT ( 'NONE', #3566 ) ;
#6120 = CARTESIAN_POINT ( 'NONE',  ( -3.494955088444204439, 10.50999999999999091, 13.26303376472695916 ) ) ;
#6121 = VERTEX_POINT ( 'NONE', #6987 ) ;
#6122 = ORIENTED_EDGE ( 'NONE', *, *, #1199, .F. ) ;
#6123 = VECTOR ( 'NONE', #5295, 1000.000000000000000 ) ;
#6124 = EDGE_CURVE ( 'NONE', #2673, #194, #4235, .T. ) ;
#6125 = LINE ( 'NONE', #1122, #7523 ) ;
#6126 = ORIENTED_EDGE ( 'NONE', *, *, #8702, .T. ) ;
#6127 = CARTESIAN_POINT ( 'NONE',  ( -1.099844525993681765, 24.49999999999997513, 5.860867144937108364 ) ) ;
#6128 = DIRECTION ( 'NONE',  ( -0.000000000000000000, 1.000000000000000000, -0.000000000000000000 ) ) ;
#6129 = DIRECTION ( 'NONE',  ( -0.06163844014495913765, 2.934956997874774422E-27, -0.9980985435799895056 ) ) ;
#6130 = AXIS2_PLACEMENT_3D ( 'NONE', #7404, #1447, #3427 ) ;
#6131 = DIRECTION ( 'NONE',  ( 0.000000000000000000, -1.000000000000000000, 0.000000000000000000 ) ) ;
#6132 = ORIENTED_EDGE ( 'NONE', *, *, #3438, .F. ) ;
#6133 = CARTESIAN_POINT ( 'NONE',  ( 17.70476182858164549, 23.00000000000000000, 15.53801126270789190 ) ) ;
#6134 = DIRECTION ( 'NONE',  ( 0.000000000000000000, 0.000000000000000000, -1.000000000000000000 ) ) ;
#6135 = CARTESIAN_POINT ( 'NONE',  ( 6.924999999999993605, -13.00000000000000000, -22.60000000000000853 ) ) ;
#6136 = ORIENTED_EDGE ( 'NONE', *, *, #7595, .T. ) ;
#6137 = EDGE_CURVE ( 'NONE', #6809, #10733, #7669, .T. ) ;
#6138 = EDGE_CURVE ( 'NONE', #3105, #5607, #6770, .T. ) ;
#6139 = AXIS2_PLACEMENT_3D ( 'NONE', #5743, #4784, #6425 ) ;
#6140 = ORIENTED_EDGE ( 'NONE', *, *, #6265, .F. ) ;
#6141 = DIRECTION ( 'NONE',  ( -7.228014483236697048E-17, 0.000000000000000000, -1.000000000000000000 ) ) ;
#6142 = DIRECTION ( 'NONE',  ( 0.000000000000000000, 0.000000000000000000, -1.000000000000000000 ) ) ;
#6143 = EDGE_CURVE ( 'NONE', #7757, #5457, #10252, .T. ) ;
#6144 = CARTESIAN_POINT ( 'NONE',  ( 12.05172136156067175, 22.99999999999999645, 19.36521081018123525 ) ) ;
#6145 = DIRECTION ( 'NONE',  ( -0.000000000000000000, -1.000000000000000000, -0.000000000000000000 ) ) ;
#6146 = DIRECTION ( 'NONE',  ( 1.000000000000000000, 0.000000000000000000, 0.000000000000000000 ) ) ;
#6147 = CARTESIAN_POINT ( 'NONE',  ( -2.999999999999996447, 28.49999999999999645, -20.04445395531110918 ) ) ;
#6148 = ORIENTED_EDGE ( 'NONE', *, *, #6380, .F. ) ;
#6149 = CIRCLE ( 'NONE', #7410, 1.000000000000000888 ) ;
#6150 = ORIENTED_EDGE ( 'NONE', *, *, #4597, .F. ) ;
#6151 = ORIENTED_EDGE ( 'NONE', *, *, #2276, .F. ) ;
#6152 = EDGE_CURVE ( 'NONE', #7761, #7180, #9571, .T. ) ;
#6153 = CARTESIAN_POINT ( 'NONE',  ( -2.395001657749628698, 32.00000000000000711, 10.74533772241706053 ) ) ;
#6154 = LINE ( 'NONE', #3479, #1966 ) ;
#6155 = LINE ( 'NONE', #3747, #3235 ) ;
#6156 = VECTOR ( 'NONE', #9154, 1000.000000000000000 ) ;
#6157 = ORIENTED_EDGE ( 'NONE', *, *, #9198, .T. ) ;
#6158 = CARTESIAN_POINT ( 'NONE',  ( 7.099999999999996092, -11.50000000000000000, -16.60000000000000142 ) ) ;
#6159 = PLANE ( 'NONE',  #7101 ) ;
#6160 = DIRECTION ( 'NONE',  ( 0.000000000000000000, 0.000000000000000000, -1.000000000000000000 ) ) ;
#6161 = ORIENTED_EDGE ( 'NONE', *, *, #4395, .T. ) ;
#6162 = AXIS2_PLACEMENT_3D ( 'NONE', #5128, #2611, #1188 ) ;
#6163 = ORIENTED_EDGE ( 'NONE', *, *, #5547, .T. ) ;
#6164 = ADVANCED_FACE ( 'NONE', ( #749 ), #7611, .F. ) ;
#6165 = DIRECTION ( 'NONE',  ( -1.000000000000000000, 0.000000000000000000, 0.000000000000000000 ) ) ;
#6166 = ORIENTED_EDGE ( 'NONE', *, *, #5355, .F. ) ;
#6167 = CARTESIAN_POINT ( 'NONE',  ( -3.100088496576544728, 25.00000000000014211, 8.757180451233422147 ) ) ;
#6168 = CARTESIAN_POINT ( 'NONE',  ( -25.00000000000000711, 32.00000000000000000, -29.00000000000002132 ) ) ;
#6169 = CARTESIAN_POINT ( 'NONE',  ( 5.299549528938802823, 23.00000000000000000, 21.57711283463907392 ) ) ;
#6170 = STYLED_ITEM ( 'NONE', ( #8151 ), #6388 ) ;
#6171 = DIRECTION ( 'NONE',  ( 1.000000000000000000, 0.000000000000000000, -0.000000000000000000 ) ) ;
#6172 = ADVANCED_FACE ( 'NONE', ( #2504 ), #8560, .F. ) ;
#6173 = CARTESIAN_POINT ( 'NONE',  ( 25.00000000000000711, 30.00000000000000000, 28.99999999999997158 ) ) ;
#6174 = ORIENTED_EDGE ( 'NONE', *, *, #4944, .F. ) ;
#6175 = CARTESIAN_POINT ( 'NONE',  ( -27.50000000000000355, 10.50000000000000178, 23.86623553487585525 ) ) ;
#6176 = ORIENTED_EDGE ( 'NONE', *, *, #4418, .F. ) ;
#6177 = EDGE_CURVE ( 'NONE', #5749, #8338, #10635, .T. ) ;
#6178 = ORIENTED_EDGE ( 'NONE', *, *, #8693, .F. ) ;
#6179 = DIRECTION ( 'NONE',  ( 0.000000000000000000, 0.000000000000000000, 1.000000000000000000 ) ) ;
#6180 = CARTESIAN_POINT ( 'NONE',  ( 3.101750864123765883, 32.00000000000000000, 8.757180451233494978 ) ) ;
#6181 = ORIENTED_EDGE ( 'NONE', *, *, #5173, .T. ) ;
#6182 = DIRECTION ( 'NONE',  ( 0.000000000000000000, 0.000000000000000000, -1.000000000000000000 ) ) ;
#6183 = CIRCLE ( 'NONE', #5458, 8.999999999999994671 ) ;
#6184 = LINE ( 'NONE', #2046, #8188 ) ;
#6185 = CARTESIAN_POINT ( 'NONE',  ( 14.99999999999999645, 0.5000000000000000000, 8.399999999999989697 ) ) ;
#6186 = CARTESIAN_POINT ( 'NONE',  ( -35.00000000000000711, 0.000000000000000000, -29.00000000000001776 ) ) ;
#6187 = EDGE_CURVE ( 'NONE', #2281, #9287, #239, .T. ) ;
#6188 = ORIENTED_EDGE ( 'NONE', *, *, #5011, .F. ) ;
#6189 = CARTESIAN_POINT ( 'NONE',  ( -6.925000000000007816, -13.99999999999999822, -16.60000000000000853 ) ) ;
#6190 = CARTESIAN_POINT ( 'NONE',  ( -3.586239581378392494, 24.50000000000000355, 2.137775664726464075 ) ) ;
#6191 = DIRECTION ( 'NONE',  ( -1.000000000000000000, 1.318503921650895287E-37, -4.483001173306440485E-11 ) ) ;
#6192 = VERTEX_POINT ( 'NONE', #4558 ) ;
#6193 = AXIS2_PLACEMENT_3D ( 'NONE', #555, #5610, #2203 ) ;
#6194 = CIRCLE ( 'NONE', #2451, 8.499999999999996447 ) ;
#6195 = EDGE_LOOP ( 'NONE', ( #2597, #9371, #1453, #99 ) ) ;
#6196 = DIRECTION ( 'NONE',  ( -0.000000000000000000, 1.000000000000000000, -0.000000000000000000 ) ) ;
#6197 = DIRECTION ( 'NONE',  ( -1.000000000000000000, 0.000000000000000000, -0.000000000000000000 ) ) ;
#6198 = CARTESIAN_POINT ( 'NONE',  ( -11.51433987339902032, 32.00000000000000000, 18.91564969602176660 ) ) ;
#6199 = LINE ( 'NONE', #10648, #6123 ) ;
#6200 = CARTESIAN_POINT ( 'NONE',  ( 13.38518194069521527, 10.50999999999999091, 16.09894341733712508 ) ) ;
#6201 = CARTESIAN_POINT ( 'NONE',  ( 11.09999999999999076, -12.99999999999999822, -19.60000000000000497 ) ) ;
#6202 = EDGE_CURVE ( 'NONE', #4909, #6012, #1697, .T. ) ;
#6203 = ADVANCED_FACE ( 'NONE', ( #2943, #4614, #7201 ), #397, .T. ) ;
#6204 = VERTEX_POINT ( 'NONE', #3674 ) ;
#6205 = DIRECTION ( 'NONE',  ( 1.000000000000000000, 0.000000000000000000, -0.000000000000000000 ) ) ;
#6206 = VECTOR ( 'NONE', #9067, 1000.000000000000000 ) ;
#6207 = AXIS2_PLACEMENT_3D ( 'NONE', #3736, #4514, #7051 ) ;
#6208 = ORIENTED_EDGE ( 'NONE', *, *, #9948, .T. ) ;
#6209 = DIRECTION ( 'NONE',  ( -0.000000000000000000, -1.000000000000000000, -0.000000000000000000 ) ) ;
#6210 = CARTESIAN_POINT ( 'NONE',  ( 17.70476182858164549, 28.49999999999999645, 15.53801126270789190 ) ) ;
#6211 = DIRECTION ( 'NONE',  ( -0.000000000000000000, -1.000000000000000000, -0.000000000000000000 ) ) ;
#6212 = CIRCLE ( 'NONE', #4961, 9.250000000000001776 ) ;
#6213 = ORIENTED_EDGE ( 'NONE', *, *, #4701, .F. ) ;
#6214 = DIRECTION ( 'NONE',  ( 1.000000000000000000, 0.000000000000000000, -0.000000000000000000 ) ) ;
#6215 = AXIS2_PLACEMENT_3D ( 'NONE', #3058, #6648, #5799 ) ;
#6216 = FACE_OUTER_BOUND ( 'NONE', #1664, .T. ) ;
#6217 = DIRECTION ( 'NONE',  ( 0.000000000000000000, 0.000000000000000000, 1.000000000000000000 ) ) ;
#6218 = EDGE_CURVE ( 'NONE', #4639, #5790, #8775, .T. ) ;
#6219 = EDGE_LOOP ( 'NONE', ( #5154, #1304, #6538, #7609, #895, #2000, #6594, #7476, #2596, #1105, #6316, #2965 ) ) ;
#6220 = ORIENTED_EDGE ( 'NONE', *, *, #1544, .T. ) ;
#6221 = VERTEX_POINT ( 'NONE', #8945 ) ;
#6222 = CARTESIAN_POINT ( 'NONE',  ( 7.599667515478469859, 23.00000000000000000, 18.11989492295154491 ) ) ;
#6223 = ORIENTED_EDGE ( 'NONE', *, *, #126, .T. ) ;
#6224 = LINE ( 'NONE', #8587, #10727 ) ;
#6225 = CARTESIAN_POINT ( 'NONE',  ( -25.00000000000000000, 3.000000000000000000, 38.24999999999999289 ) ) ;
#6226 = CARTESIAN_POINT ( 'NONE',  ( -3.366286847542020233, 32.00000000000000711, 3.053601368223809676 ) ) ;
#6227 = FACE_OUTER_BOUND ( 'NONE', #9069, .T. ) ;
#6228 = EDGE_CURVE ( 'NONE', #391, #5436, #1992, .T. ) ;
#6229 = FACE_OUTER_BOUND ( 'NONE', #3164, .T. ) ;
#6230 = VERTEX_POINT ( 'NONE', #4664 ) ;
#6231 = CARTESIAN_POINT ( 'NONE',  ( 34.00000000000000000, 32.00000000000000000, -29.00000000000002487 ) ) ;
#6232 = VERTEX_POINT ( 'NONE', #8098 ) ;
#6233 = ORIENTED_EDGE ( 'NONE', *, *, #1993, .T. ) ;
#6234 = DIRECTION ( 'NONE',  ( 0.000000000000000000, 1.000000000000000000, 3.491481338843133355E-15 ) ) ;
#6235 = EDGE_CURVE ( 'NONE', #3649, #9177, #2051, .T. ) ;
#6236 = ORIENTED_EDGE ( 'NONE', *, *, #4151, .T. ) ;
#6237 = EDGE_CURVE ( 'NONE', #5673, #695, #294, .T. ) ;
#6238 = LINE ( 'NONE', #9678, #9073 ) ;
#6239 = AXIS2_PLACEMENT_3D ( 'NONE', #3822, #4708, #7245 ) ;
#6240 = CARTESIAN_POINT ( 'NONE',  ( -33.50000000000000711, 10.49999999999999822, 17.99999999999995737 ) ) ;
#6241 = LINE ( 'NONE', #5225, #6311 ) ;
#6242 = EDGE_CURVE ( 'NONE', #6623, #10294, #9685, .T. ) ;
#6243 = DIRECTION ( 'NONE',  ( 1.000000000000000000, -0.000000000000000000, 3.802133645976563900E-16 ) ) ;
#6244 = VERTEX_POINT ( 'NONE', #8834 ) ;
#6245 = CARTESIAN_POINT ( 'NONE',  ( -4.000000000000016875, -11.50000000000000000, 6.594999999999988205 ) ) ;
#6246 = CARTESIAN_POINT ( 'NONE',  ( -1.099844525993681765, 24.50000000000000000, 5.187071063562599171 ) ) ;
#6247 = CARTESIAN_POINT ( 'NONE',  ( 0.000000000000000000, -9.999999999999998224, -18.43835307503515608 ) ) ;
#6248 = EDGE_LOOP ( 'NONE', ( #736, #88, #5905, #9493 ) ) ;
#6249 = ADVANCED_FACE ( 'NONE', ( #2999 ), #9845, .T. ) ;
#6250 = ORIENTED_EDGE ( 'NONE', *, *, #6464, .T. ) ;
#6251 = LINE ( 'NONE', #8894, #359 ) ;
#6252 = CARTESIAN_POINT ( 'NONE',  ( 15.00000000000000000, -13.00000000000000000, -26.60000000000000853 ) ) ;
#6253 = CARTESIAN_POINT ( 'NONE',  ( -2.249903526357163841, 24.50000000000000000, -1.050058994014425817 ) ) ;
#6254 = CARTESIAN_POINT ( 'NONE',  ( -25.00000000000000000, 3.000000000000000000, -29.00000000000000355 ) ) ;
#6255 = CARTESIAN_POINT ( 'NONE',  ( 0.4097848873065924047, 31.99999999999998579, 13.01464326337773514 ) ) ;
#6256 = DIRECTION ( 'NONE',  ( 0.000000000000000000, 0.000000000000000000, -1.000000000000000000 ) ) ;
#6257 = VERTEX_POINT ( 'NONE', #5282 ) ;
#6258 = CARTESIAN_POINT ( 'NONE',  ( -10.26147307730576586, 32.00000000000000000, 18.29275258562282147 ) ) ;
#6259 = VECTOR ( 'NONE', #711, 1000.000000000000000 ) ;
#6260 = ORIENTED_EDGE ( 'NONE', *, *, #542, .T. ) ;
#6261 = DIRECTION ( 'NONE',  ( 0.000000000000000000, 0.000000000000000000, 1.000000000000000000 ) ) ;
#6262 = ORIENTED_EDGE ( 'NONE', *, *, #4819, .F. ) ;
#6263 = EDGE_CURVE ( 'NONE', #10651, #5749, #5338, .T. ) ;
#6264 = DIRECTION ( 'NONE',  ( 0.000000000000000000, 0.000000000000000000, 1.000000000000000000 ) ) ;
#6265 = EDGE_CURVE ( 'NONE', #5666, #8396, #9740, .T. ) ;
#6266 = CARTESIAN_POINT ( 'NONE',  ( -4.219146220329037966, 9.499999999999998224, 20.06569260839445690 ) ) ;
#6267 = VERTEX_POINT ( 'NONE', #4505 ) ;
#6268 = CARTESIAN_POINT ( 'NONE',  ( -3.100088496576541619, 24.50000000000000355, 8.442592957347656579 ) ) ;
#6269 = CARTESIAN_POINT ( 'NONE',  ( -34.25000000000000000, 2.000000000000000000, 28.99999999999997158 ) ) ;
#6270 = AXIS2_PLACEMENT_3D ( 'NONE', #8841, #7049, #8784 ) ;
#6271 = LINE ( 'NONE', #4691, #4521 ) ;
#6272 = ORIENTED_EDGE ( 'NONE', *, *, #8896, .T. ) ;
#6273 = EDGE_LOOP ( 'NONE', ( #2113, #4386, #4670, #9356 ) ) ;
#6274 = DIRECTION ( 'NONE',  ( -1.000000000000000000, -0.000000000000000000, -0.000000000000000000 ) ) ;
#6275 = VECTOR ( 'NONE', #10423, 1000.000000000000000 ) ;
#6276 = ORIENTED_EDGE ( 'NONE', *, *, #4629, .F. ) ;
#6277 = EDGE_CURVE ( 'NONE', #4620, #7149, #8887, .T. ) ;
#6278 = CARTESIAN_POINT ( 'NONE',  ( 7.599667529665843801, 23.00000000000000000, 24.06419186098130325 ) ) ;
#6279 = ADVANCED_FACE ( 'NONE', ( #7875 ), #3618, .T. ) ;
#6280 = CARTESIAN_POINT ( 'NONE',  ( -1.579617136008335088, 32.00000000000000711, 11.48414578258329399 ) ) ;
#6281 = DIRECTION ( 'NONE',  ( -1.000000000000000000, 0.000000000000000000, 0.000000000000000000 ) ) ;
#6282 = LINE ( 'NONE', #2031, #636 ) ;
#6283 = VECTOR ( 'NONE', #9419, 1000.000000000000114 ) ;
#6284 = CARTESIAN_POINT ( 'NONE',  ( -15.27500000000000746, -13.99999999999999822, -22.60000000000000853 ) ) ;
#6285 = VECTOR ( 'NONE', #8033, 1000.000000000000000 ) ;
#6286 = ORIENTED_EDGE ( 'NONE', *, *, #3000, .T. ) ;
#6287 = DIRECTION ( 'NONE',  ( 0.000000000000000000, 1.000000000000000000, 3.491481338843133355E-15 ) ) ;
#6288 = ORIENTED_EDGE ( 'NONE', *, *, #7451, .F. ) ;
#6289 = B_SPLINE_CURVE_WITH_KNOTS ( 'NONE', 3,
 ( #5909, #10507, #9348, #6226, #2702, #1915, #6967, #1002, #4432, #3337, #6763, #5322, #1057, #10395, #7970, #1974 ),
 .UNSPECIFIED., .F., .F.,
 ( 4, 2, 2, 2, 2, 2, 2, 4 ),
 ( 0.000000000000000000, 0.001128469603287364075, 0.001692704404931046113, 0.002256939206574728150, 0.002821174008218410405, 0.003385408809862092226, 0.003949643611505774046, 0.004513878413149456301 ),
 .UNSPECIFIED. ) ;
#6290 = DIRECTION ( 'NONE',  ( -0.000000000000000000, -1.000000000000000000, -0.000000000000000000 ) ) ;
#6291 = SHAPE_DEFINITION_REPRESENTATION ( #1874, #7873 ) ;
#6292 = DIRECTION ( 'NONE',  ( 7.249116767772138804E-15, 0.000000000000000000, -1.000000000000000000 ) ) ;
#6293 = EDGE_CURVE ( 'NONE', #8763, #8782, #2835, .T. ) ;
#6294 = CIRCLE ( 'NONE', #1449, 9.999999999999994671 ) ;
#6295 = ORIENTED_EDGE ( 'NONE', *, *, #3965, .F. ) ;
#6296 = CARTESIAN_POINT ( 'NONE',  ( 0.000000000000000000, 0.5000000000000000000, 0.000000000000000000 ) ) ;
#6297 = FACE_OUTER_BOUND ( 'NONE', #7467, .T. ) ;
#6298 = CARTESIAN_POINT ( 'NONE',  ( 0.000000000000000000, -5.500000000000000000, 0.000000000000000000 ) ) ;
#6299 = PLANE ( 'NONE',  #5602 ) ;
#6300 = ORIENTED_EDGE ( 'NONE', *, *, #7465, .F. ) ;
#6301 = DIRECTION ( 'NONE',  ( -0.2982749931359467976, -0.000000000000000000, 0.9544799780350298191 ) ) ;
#6302 = EDGE_CURVE ( 'NONE', #7828, #2724, #1938, .T. ) ;
#6303 = VECTOR ( 'NONE', #2524, 1000.000000000000000 ) ;
#6304 = ORIENTED_EDGE ( 'NONE', *, *, #1101, .F. ) ;
#6305 = CARTESIAN_POINT ( 'NONE',  ( 4.100096472055489549, 23.00000000000000000, 25.49999999999949907 ) ) ;
#6306 = VERTEX_POINT ( 'NONE', #558 ) ;
#6307 = EDGE_CURVE ( 'NONE', #403, #1396, #7483, .T. ) ;
#6308 = ORIENTED_EDGE ( 'NONE', *, *, #1435, .F. ) ;
#6309 = LINE ( 'NONE', #2001, #7735 ) ;
#6310 = FACE_OUTER_BOUND ( 'NONE', #872, .T. ) ;
#6311 = VECTOR ( 'NONE', #1873, 1000.000000000000000 ) ;
#6312 = LINE ( 'NONE', #1251, #9273 ) ;
#6313 = LINE ( 'NONE', #4408, #7749 ) ;
#6314 = CARTESIAN_POINT ( 'NONE',  ( 1.101485361694153120, 24.50000000000000000, 5.860867144937121687 ) ) ;
#6315 = DIRECTION ( 'NONE',  ( 0.000000000000000000, 1.000000000000000000, 2.940873454663932011E-27 ) ) ;
#6316 = ORIENTED_EDGE ( 'NONE', *, *, #9741, .T. ) ;
#6317 = DIRECTION ( 'NONE',  ( -0.000000000000000000, -1.000000000000000000, -3.491481338843133355E-15 ) ) ;
#6318 = ADVANCED_FACE ( 'NONE', ( #6636 ), #10067, .T. ) ;
#6319 = AXIS2_PLACEMENT_3D ( 'NONE', #2358, #4090, #5770 ) ;
#6320 = ORIENTED_EDGE ( 'NONE', *, *, #3680, .T. ) ;
#6321 = VECTOR ( 'NONE', #10833, 1000.000000000000000 ) ;
#6322 = ORIENTED_EDGE ( 'NONE', *, *, #5333, .F. ) ;
#6323 = DIRECTION ( 'NONE',  ( -0.000000000000000000, -1.000000000000000000, -0.000000000000000000 ) ) ;
#6324 = DIRECTION ( 'NONE',  ( -0.000000000000000000, -1.000000000000000000, -0.000000000000000000 ) ) ;
#6325 = VERTEX_POINT ( 'NONE', #2263 ) ;
#6326 = CARTESIAN_POINT ( 'NONE',  ( -3.100088496576544728, 24.49999999999996447, 8.757180451233420371 ) ) ;
#6327 = DIRECTION ( 'NONE',  ( 0.000000000000000000, 1.000000000000000000, -0.000000000000000000 ) ) ;
#6328 = AXIS2_PLACEMENT_3D ( 'NONE', #1727, #7835, #138 ) ;
#6329 = CARTESIAN_POINT ( 'NONE',  ( 1.581279503555506727, 24.50000000000001421, 11.58849619336996639 ) ) ;
#6330 = EDGE_CURVE ( 'NONE', #10939, #5275, #5786, .T. ) ;
#6331 = VERTEX_POINT ( 'NONE', #6696 ) ;
#6332 = ORIENTED_EDGE ( 'NONE', *, *, #8615, .F. ) ;
#6333 = FACE_BOUND ( 'NONE', #3446, .T. ) ;
#6334 = AXIS2_PLACEMENT_3D ( 'NONE', #7648, #4327, #2429 ) ;
#6335 = EDGE_LOOP ( 'NONE', ( #3448, #9316, #3954, #5531 ) ) ;
#6336 = CARTESIAN_POINT ( 'NONE',  ( -2.800000000000000266, 9.999999999999998224, -15.54000000000000448 ) ) ;
#6337 = DIRECTION ( 'NONE',  ( -1.310214105722663983E-16, -0.000000000000000000, 1.000000000000000000 ) ) ;
#6338 = FACE_OUTER_BOUND ( 'NONE', #3216, .T. ) ;
#6339 = DIRECTION ( 'NONE',  ( -0.000000000000000000, -1.000000000000000000, -0.000000000000000000 ) ) ;
#6340 = CIRCLE ( 'NONE', #6515, 9.249999999999994671 ) ;
#6341 = CARTESIAN_POINT ( 'NONE',  ( -33.50000000000000711, 9.500000000000000000, 18.99999999999996447 ) ) ;
#6342 = EDGE_CURVE ( 'NONE', #9770, #4296, #6578, .T. ) ;
#6343 = VERTEX_POINT ( 'NONE', #9227 ) ;
#6344 = EDGE_CURVE ( 'NONE', #6865, #3331, #10797, .T. ) ;
#6345 = LINE ( 'NONE', #9727, #5932 ) ;
#6346 = ORIENTED_EDGE ( 'NONE', *, *, #2920, .T. ) ;
#6347 = LINE ( 'NONE', #2094, #4987 ) ;
#6348 = EDGE_CURVE ( 'NONE', #2667, #951, #5728, .T. ) ;
#6349 = DIRECTION ( 'NONE',  ( -0.000000000000000000, -1.000000000000000000, -0.000000000000000000 ) ) ;
#6350 = VECTOR ( 'NONE', #3513, 1000.000000000000000 ) ;
#6351 = EDGE_LOOP ( 'NONE', ( #10966, #6756, #985, #5271 ) ) ;
#6352 = DIRECTION ( 'NONE',  ( 0.000000000000000000, 0.000000000000000000, -1.000000000000000000 ) ) ;
#6353 = DIRECTION ( 'NONE',  ( -0.000000000000000000, 1.000000000000000000, -0.000000000000000000 ) ) ;
#6354 = DIRECTION ( 'NONE',  ( 0.000000000000000000, 0.000000000000000000, -1.000000000000000000 ) ) ;
#6355 = ORIENTED_EDGE ( 'NONE', *, *, #726, .F. ) ;
#6356 = ADVANCED_FACE ( 'NONE', ( #4104, #6519, #5614, #9955 ), #4716, .T. ) ;
#6357 = CARTESIAN_POINT ( 'NONE',  ( -46.31370849898476649, 9.500000000000000000, 24.99999999999994671 ) ) ;
#6358 = VECTOR ( 'NONE', #896, 1000.000000000000000 ) ;
#6359 = ORIENTED_EDGE ( 'NONE', *, *, #2955, .F. ) ;
#6360 = ORIENTED_EDGE ( 'NONE', *, *, #2098, .F. ) ;
#6361 = ORIENTED_EDGE ( 'NONE', *, *, #10231, .F. ) ;
#6362 = FACE_OUTER_BOUND ( 'NONE', #9179, .T. ) ;
#6363 = ORIENTED_EDGE ( 'NONE', *, *, #10664, .T. ) ;
#6364 = ORIENTED_EDGE ( 'NONE', *, *, #10476, .F. ) ;
#6365 = VECTOR ( 'NONE', #11119, 1000.000000000000000 ) ;
#6366 = CARTESIAN_POINT ( 'NONE',  ( 15.09999999999999609, -5.500000000000000000, -23.60000000000000853 ) ) ;
#6367 = LINE ( 'NONE', #2002, #4049 ) ;
#6368 = CARTESIAN_POINT ( 'NONE',  ( 2.999999999999982681, -5.500000000000000000, 6.594999999999988205 ) ) ;
#6369 = LINE ( 'NONE', #1888, #2916 ) ;
#6370 = CARTESIAN_POINT ( 'NONE',  ( 2.721116254561209757, 31.99999999999999289, 7.262502103964044053 ) ) ;
#6371 = DIRECTION ( 'NONE',  ( -1.000000000000000000, 0.000000000000000000, -0.000000000000000000 ) ) ;
#6372 = ORIENTED_EDGE ( 'NONE', *, *, #1302, .F. ) ;
#6373 = ADVANCED_FACE ( 'NONE', ( #9052 ), #4941, .F. ) ;
#6374 = DIRECTION ( 'NONE',  ( 0.000000000000000000, 1.000000000000000000, 3.491481338843133355E-15 ) ) ;
#6375 = CIRCLE ( 'NONE', #2979, 9.249999999999994671 ) ;
#6376 = ORIENTED_EDGE ( 'NONE', *, *, #2723, .T. ) ;
#6377 = ORIENTED_EDGE ( 'NONE', *, *, #10653, .T. ) ;
#6378 = FACE_OUTER_BOUND ( 'NONE', #9950, .T. ) ;
#6379 = FACE_OUTER_BOUND ( 'NONE', #5029, .T. ) ;
#6380 = EDGE_CURVE ( 'NONE', #6387, #740, #5562, .T. ) ;
#6381 = ORIENTED_EDGE ( 'NONE', *, *, #4371, .T. ) ;
#6382 = LINE ( 'NONE', #7123, #5854 ) ;
#6383 = VECTOR ( 'NONE', #8447, 1000.000000000000000 ) ;
#6384 = CARTESIAN_POINT ( 'NONE',  ( 1.421843790775903171, 24.50000000000000355, 12.18481622640368478 ) ) ;
#6385 = VECTOR ( 'NONE', #3174, 1000.000000000000000 ) ;
#6386 = EDGE_CURVE ( 'NONE', #2839, #7230, #9170, .T. ) ;
#6387 = VERTEX_POINT ( 'NONE', #3933 ) ;
#6388 = MANIFOLD_SOLID_BREP ( 'Cut-Extrude1', #4271 ) ;
#6389 = EDGE_LOOP ( 'NONE', ( #2909, #5617, #8985, #1073 ) ) ;
#6390 = DIRECTION ( 'NONE',  ( -0.000000000000000000, 0.000000000000000000, 1.000000000000000000 ) ) ;
#6391 = VECTOR ( 'NONE', #6191, 1000.000000000000000 ) ;
#6392 = CIRCLE ( 'NONE', #7287, 0.2504980238110278146 ) ;
#6393 = CARTESIAN_POINT ( 'NONE',  ( -25.00000000000000000, 0.000000000000000000, -39.00000000000000711 ) ) ;
#6394 = CARTESIAN_POINT ( 'NONE',  ( -1.579617136008335088, 24.49999999999999645, 12.35902778106245847 ) ) ;
#6395 = CARTESIAN_POINT ( 'NONE',  ( -25.00000000000000000, 5.000000000000000000, 38.24999999999999289 ) ) ;
#6396 = DIRECTION ( 'NONE',  ( -1.000000000000000000, 0.000000000000000000, 0.000000000000000000 ) ) ;
#6397 = VECTOR ( 'NONE', #10419, 1000.000000000000000 ) ;
#6398 = PLANE ( 'NONE',  #65 ) ;
#6399 = ORIENTED_EDGE ( 'NONE', *, *, #10139, .F. ) ;
#6400 = CARTESIAN_POINT ( 'NONE',  ( 2.856823862741116660, 24.49999999999999645, 7.539891440058176464 ) ) ;
#6401 = VERTEX_POINT ( 'NONE', #845 ) ;
#6402 = DIRECTION ( 'NONE',  ( 0.000000000000000000, 0.000000000000000000, -1.000000000000000000 ) ) ;
#6403 = AXIS2_PLACEMENT_3D ( 'NONE', #4656, #4815, #551 ) ;
#6404 = CARTESIAN_POINT ( 'NONE',  ( 1.500000000000000222, 9.499999999999998224, -2.201678149889266134 ) ) ;
#6405 = MANIFOLD_SOLID_BREP ( 'Cut-Extrude13', #1585 ) ;
#6406 = ORIENTED_EDGE ( 'NONE', *, *, #6666, .T. ) ;
#6407 = EDGE_CURVE ( 'NONE', #3376, #4617, #10292, .T. ) ;
#6408 = EDGE_CURVE ( 'NONE', #6906, #8746, #7596, .T. ) ;
#6409 = DIRECTION ( 'NONE',  ( 1.000000000000000000, 0.000000000000000000, 0.000000000000000000 ) ) ;
#6410 = CARTESIAN_POINT ( 'NONE',  ( -3.026361226837363519E-10, 26.50000000000000000, 6.750748237269072582 ) ) ;
#6411 = EDGE_LOOP ( 'NONE', ( #6288, #3329, #8072, #2073 ) ) ;
#6412 = DIRECTION ( 'NONE',  ( -0.000000000000000000, -1.000000000000000000, -0.000000000000000000 ) ) ;
#6413 = VERTEX_POINT ( 'NONE', #2544 ) ;
#6414 = EDGE_LOOP ( 'NONE', ( #244, #10667, #2796, #1093, #6332, #2197, #6429, #576, #66, #8123, #7030, #3742 ) ) ;
#6415 = ORIENTED_EDGE ( 'NONE', *, *, #9751, .F. ) ;
#6416 = DIRECTION ( 'NONE',  ( -0.000000000000000000, -1.000000000000000000, -0.000000000000000000 ) ) ;
#6417 = ORIENTED_EDGE ( 'NONE', *, *, #4929, .T. ) ;
#6418 = ORIENTED_EDGE ( 'NONE', *, *, #4808, .T. ) ;
#6419 = FACE_OUTER_BOUND ( 'NONE', #3586, .T. ) ;
#6420 = CARTESIAN_POINT ( 'NONE',  ( -2.999999999999996447, 29.09999999999999787, -20.04445395531110918 ) ) ;
#6421 = ADVANCED_FACE ( 'NONE', ( #6752 ), #3554, .F. ) ;
#6422 = DIRECTION ( 'NONE',  ( 1.000000000000000000, 0.000000000000000000, 0.000000000000000000 ) ) ;
#6423 = CARTESIAN_POINT ( 'NONE',  ( 15.00000000000000000, 0.000000000000000000, -21.60000000000000853 ) ) ;
#6424 = CARTESIAN_POINT ( 'NONE',  ( 3.101750864123767659, 32.00000000000000000, 8.442655662617880807 ) ) ;
#6425 = DIRECTION ( 'NONE',  ( 0.000000000000000000, 0.000000000000000000, -1.000000000000000000 ) ) ;
#6426 = ORIENTED_EDGE ( 'NONE', *, *, #2466, .F. ) ;
#6427 = CARTESIAN_POINT ( 'NONE',  ( 7.599667515478469859, 32.00000000000000000, 18.11989492295154491 ) ) ;
#6428 = VECTOR ( 'NONE', #10173, 1000.000000000000000 ) ;
#6429 = ORIENTED_EDGE ( 'NONE', *, *, #7372, .F. ) ;
#6430 = ORIENTED_EDGE ( 'NONE', *, *, #22, .F. ) ;
#6431 = DIRECTION ( 'NONE',  ( -5.782411586589355667E-16, 0.000000000000000000, 1.000000000000000000 ) ) ;
#6432 = CARTESIAN_POINT ( 'NONE',  ( -35.00000000000000000, 17.50000000000000000, 24.99999999999994671 ) ) ;
#6433 = EDGE_CURVE ( 'NONE', #3517, #11012, #7797, .T. ) ;
#6434 = VERTEX_POINT ( 'NONE', #1701 ) ;
#6435 = DIRECTION ( 'NONE',  ( 0.000000000000000000, 0.000000000000000000, -1.000000000000000000 ) ) ;
#6436 = DIRECTION ( 'NONE',  ( -0.9981316949064439337, 1.796877230673736401E-28, -0.06109926041442382411 ) ) ;
#6437 = CYLINDRICAL_SURFACE ( 'NONE', #7219, 1.500000000000001332 ) ;
#6438 = VERTEX_POINT ( 'NONE', #1808 ) ;
#6439 = EDGE_CURVE ( 'NONE', #10773, #10651, #5111, .T. ) ;
#6440 = EDGE_LOOP ( 'NONE', ( #3020, #6176, #924, #7323 ) ) ;
#6441 = CARTESIAN_POINT ( 'NONE',  ( -3.065204045698357138, 24.50000000000000355, 9.296874252041845921 ) ) ;
#6442 = DIRECTION ( 'NONE',  ( 1.000000000000000000, 0.000000000000000000, -1.724440263185883619E-16 ) ) ;
#6443 = CARTESIAN_POINT ( 'NONE',  ( 0.0008204178503570802583, 32.00000000000000000, 13.06458333644166814 ) ) ;
#6444 = ADVANCED_FACE ( 'NONE', ( #4218 ), #5217, .T. ) ;
#6445 = CIRCLE ( 'NONE', #704, 5.000000000000000888 ) ;
#6446 = DIRECTION ( 'NONE',  ( -4.336808689942017736E-16, -0.000000000000000000, 1.000000000000000000 ) ) ;
#6447 = DIRECTION ( 'NONE',  ( -0.000000000000000000, 1.000000000000000000, -0.000000000000000000 ) ) ;
#6448 = CARTESIAN_POINT ( 'NONE',  ( -14.27500000000000568, 3.000000000000002665, -17.60000000000000853 ) ) ;
#6449 = ORIENTED_EDGE ( 'NONE', *, *, #3118, .T. ) ;
#6450 = CARTESIAN_POINT ( 'NONE',  ( -1.099844525993681765, 25.00000000000015277, 5.187071063562600948 ) ) ;
#6451 = EDGE_CURVE ( 'NONE', #2984, #9795, #9, .T. ) ;
#6452 = VECTOR ( 'NONE', #4365, 1000.000000000000000 ) ;
#6453 = EDGE_LOOP ( 'NONE', ( #3120, #4608 ) ) ;
#6454 = DIRECTION ( 'NONE',  ( 1.000000000000000000, 0.000000000000000000, -0.000000000000000000 ) ) ;
#6455 = CYLINDRICAL_SURFACE ( 'NONE', #6403, 8.499999999999996447 ) ;
#6456 = ORIENTED_EDGE ( 'NONE', *, *, #1334, .T. ) ;
#6457 = VECTOR ( 'NONE', #5020, 1000.000000000000000 ) ;
#6458 = VECTOR ( 'NONE', #7296, 1000.000000000000227 ) ;
#6459 = DIRECTION ( 'NONE',  ( 1.000000000000000000, -4.362186067504582549E-40, 1.475500935504002337E-13 ) ) ;
#6460 = DIRECTION ( 'NONE',  ( 0.7071067811865473507, 0.000000000000000000, -0.7071067811865476838 ) ) ;
#6461 = VERTEX_POINT ( 'NONE', #949 ) ;
#6462 = DIRECTION ( 'NONE',  ( 0.000000000000000000, 0.000000000000000000, -1.000000000000000000 ) ) ;
#6463 = VERTEX_POINT ( 'NONE', #4384 ) ;
#6464 = EDGE_CURVE ( 'NONE', #7311, #7967, #11024, .T. ) ;
#6465 = EDGE_LOOP ( 'NONE', ( #3994, #9548, #6773, #547 ) ) ;
#6466 = VERTEX_POINT ( 'NONE', #5845 ) ;
#6467 = PRESENTATION_LAYER_ASSIGNMENT (  '', '', ( #7186 ) ) ;
#6468 = ORIENTED_EDGE ( 'NONE', *, *, #5822, .T. ) ;
#6469 = DIRECTION ( 'NONE',  ( -1.000000000000000000, -0.000000000000000000, -0.000000000000000000 ) ) ;
#6470 = ORIENTED_EDGE ( 'NONE', *, *, #9312, .T. ) ;
#6471 = LINE ( 'NONE', #2440, #7728 ) ;
#6472 = DIRECTION ( 'NONE',  ( 1.000000000000000000, 0.000000000000000000, 0.000000000000000000 ) ) ;
#6473 = CARTESIAN_POINT ( 'NONE',  ( 1.581269253792382701, 24.50000000000000000, 11.46758001443991226 ) ) ;
#6474 = CARTESIAN_POINT ( 'NONE',  ( 5.800000000000000711, 9.999999999999998224, -11.54000000000000448 ) ) ;
#6475 = AXIS2_PLACEMENT_3D ( 'NONE', #4450, #240, #967 ) ;
#6476 = DIRECTION ( 'NONE',  ( 1.000000000000000000, 0.000000000000000000, 0.000000000000000000 ) ) ;
#6477 = CARTESIAN_POINT ( 'NONE',  ( 2.819341346546647475, 24.50000000000001066, 10.05944415776720824 ) ) ;
#6478 = VERTEX_POINT ( 'NONE', #3443 ) ;
#6479 = CARTESIAN_POINT ( 'NONE',  ( -7.925000000000006928, 3.000000000000002665, -17.60000000000000853 ) ) ;
#6480 = EDGE_CURVE ( 'NONE', #6769, #6119, #3330, .T. ) ;
#6481 = EDGE_CURVE ( 'NONE', #7757, #6822, #1588, .T. ) ;
#6482 = VERTEX_POINT ( 'NONE', #1757 ) ;
#6483 = VECTOR ( 'NONE', #5349, 1000.000000000000000 ) ;
#6484 = EDGE_CURVE ( 'NONE', #3025, #3391, #2779, .T. ) ;
#6485 = ORIENTED_EDGE ( 'NONE', *, *, #9948, .F. ) ;
#6486 = CARTESIAN_POINT ( 'NONE',  ( -35.00000000000000000, 10.49999999999999822, 18.99999999999995737 ) ) ;
#6487 = CARTESIAN_POINT ( 'NONE',  ( -2.999999999999998224, 24.99999999999999645, 21.53801126270789368 ) ) ;
#6488 = ORIENTED_EDGE ( 'NONE', *, *, #7832, .T. ) ;
#6489 = CARTESIAN_POINT ( 'NONE',  ( 3.599158056653548154, 25.00000000000016698, 1.758059867859547376 ) ) ;
#6490 = DIRECTION ( 'NONE',  ( 0.000000000000000000, -1.000000000000000000, 0.000000000000000000 ) ) ;
#6491 = DIRECTION ( 'NONE',  ( 0.000000000000000000, -1.000000000000000000, 0.000000000000000000 ) ) ;
#6492 = ADVANCED_BREP_SHAPE_REPRESENTATION ( '', ( #2704, #1005 ), #5853 ) ;
#6493 = VECTOR ( 'NONE', #7847, 1000.000000000000000 ) ;
#6494 = ORIENTED_EDGE ( 'NONE', *, *, #9344, .F. ) ;
#6495 = EDGE_CURVE ( 'NONE', #642, #7200, #9421, .T. ) ;
#6496 = VERTEX_POINT ( 'NONE', #1173 ) ;
#6497 = FACE_OUTER_BOUND ( 'NONE', #1008, .T. ) ;
#6498 = LINE ( 'NONE', #9829, #10201 ) ;
#6499 = LINE ( 'NONE', #9935, #6259 ) ;
#6500 = VECTOR ( 'NONE', #2121, 1000.000000000000000 ) ;
#6501 = CARTESIAN_POINT ( 'NONE',  ( 25.00000000000000711, 2.000000000000000000, -29.00000000000002132 ) ) ;
#6502 = CARTESIAN_POINT ( 'NONE',  ( 2.672987518482355718, 32.00000000000002132, 4.177303777948393915 ) ) ;
#6503 = VECTOR ( 'NONE', #5937, 1000.000000000000000 ) ;
#6504 = LINE ( 'NONE', #7405, #4585 ) ;
#6505 = CARTESIAN_POINT ( 'NONE',  ( -15.00000000000000000, -11.50000000000000000, -25.10000000000000853 ) ) ;
#6506 = ORIENTED_EDGE ( 'NONE', *, *, #10028, .F. ) ;
#6507 = LINE ( 'NONE', #10841, #6458 ) ;
#6508 = EDGE_CURVE ( 'NONE', #9780, #2322, #5269, .T. ) ;
#6509 = EDGE_LOOP ( 'NONE', ( #3662, #3172, #7485, #9341 ) ) ;
#6510 = DIRECTION ( 'NONE',  ( -1.000000000000000000, 0.000000000000000000, 0.000000000000000000 ) ) ;
#6511 = DIRECTION ( 'NONE',  ( -0.000000000000000000, -1.000000000000000000, -0.000000000000000000 ) ) ;
#6512 = CARTESIAN_POINT ( 'NONE',  ( -19.81171673543281031, 9.499999999999998224, 12.01317212208040708 ) ) ;
#6513 = VERTEX_POINT ( 'NONE', #10402 ) ;
#6514 = EDGE_CURVE ( 'NONE', #5259, #9119, #8762, .T. ) ;
#6515 = AXIS2_PLACEMENT_3D ( 'NONE', #2193, #10673, #2983 ) ;
#6516 = FACE_BOUND ( 'NONE', #6414, .T. ) ;
#6517 = DIRECTION ( 'NONE',  ( 1.000000000000000000, -0.000000000000000000, 0.000000000000000000 ) ) ;
#6518 = ORIENTED_EDGE ( 'NONE', *, *, #8881, .F. ) ;
#6519 = FACE_OUTER_BOUND ( 'NONE', #1669, .T. ) ;
#6520 = EDGE_CURVE ( 'NONE', #9900, #3066, #3606, .T. ) ;
#6521 = ORIENTED_EDGE ( 'NONE', *, *, #9258, .F. ) ;
#6522 = ORIENTED_EDGE ( 'NONE', *, *, #9498, .T. ) ;
#6523 = EDGE_LOOP ( 'NONE', ( #4940, #5514, #3219, #3960 ) ) ;
#6524 = AXIS2_PLACEMENT_3D ( 'NONE', #3830, #1241, #2106 ) ;
#6525 = CARTESIAN_POINT ( 'NONE',  ( 25.00000000000000000, 3.000000000000000000, -38.25000000000000711 ) ) ;
#6526 = VERTEX_POINT ( 'NONE', #386 ) ;
#6527 = DIRECTION ( 'NONE',  ( -0.000000000000000000, -1.000000000000000000, 0.000000000000000000 ) ) ;
#6528 = EDGE_LOOP ( 'NONE', ( #5534, #1848, #10282, #8114 ) ) ;
#6529 = CARTESIAN_POINT ( 'NONE',  ( -25.00000000000000000, 5.000000000000000000, -38.25000000000000711 ) ) ;
#6530 = LINE ( 'NONE', #6420, #9443 ) ;
#6531 = CARTESIAN_POINT ( 'NONE',  ( -25.00000000000000000, 5.000000000000000000, -29.00000000000000355 ) ) ;
#6532 = LINE ( 'NONE', #8334, #1279 ) ;
#6533 = VECTOR ( 'NONE', #8208, 1000.000000000000000 ) ;
#6534 = LINE ( 'NONE', #10924, #6748 ) ;
#6535 = DIRECTION ( 'NONE',  ( 0.000000000000000000, -1.000000000000000000, 0.000000000000000000 ) ) ;
#6536 = ORIENTED_EDGE ( 'NONE', *, *, #5347, .T. ) ;
#6537 = DIRECTION ( 'NONE',  ( -0.000000000000000000, -1.000000000000000000, -0.000000000000000000 ) ) ;
#6538 = ORIENTED_EDGE ( 'NONE', *, *, #2196, .F. ) ;
#6539 = B_SPLINE_CURVE_WITH_KNOTS ( 'NONE', 3,
 ( #9446, #2540, #5162, #842, #3326, #7751, #4324, #730, #8379, #672 ),
 .UNSPECIFIED., .F., .F.,
 ( 4, 3, 3, 4 ),
 ( 0.000000000000000000, 1.589967664655757276E-05, 3.177322124006630840E-05, 5.660053884828754388E-05 ),
 .UNSPECIFIED. ) ;
#6540 = VERTEX_POINT ( 'NONE', #4652 ) ;
#6541 = FACE_OUTER_BOUND ( 'NONE', #2684, .T. ) ;
#6542 = CARTESIAN_POINT ( 'NONE',  ( 20.20000000000000284, 0.5000000000000000000, -21.59999999999996589 ) ) ;
#6543 = EDGE_LOOP ( 'NONE', ( #3745, #7308, #7002, #4095, #5921, #7892, #3491, #8839 ) ) ;
#6544 = CARTESIAN_POINT ( 'NONE',  ( 6.924999999999992717, -13.99999999999999822, -16.60000000000000497 ) ) ;
#6545 = EDGE_CURVE ( 'NONE', #2834, #2457, #10622, .T. ) ;
#6546 = DIRECTION ( 'NONE',  ( -0.9986117056576805373, 1.549125602627761484E-28, -0.05267505409069801053 ) ) ;
#6547 = EDGE_CURVE ( 'NONE', #10140, #6550, #2036, .T. ) ;
#6548 = CARTESIAN_POINT ( 'NONE',  ( -19.81171673543281031, 23.00000000000000000, 27.23807268525122538 ) ) ;
#6549 = VECTOR ( 'NONE', #290, 1000.000000000000000 ) ;
#6550 = VERTEX_POINT ( 'NONE', #3718 ) ;
#6551 = EDGE_LOOP ( 'NONE', ( #6418, #7366, #6663, #5807 ) ) ;
#6552 = DIRECTION ( 'NONE',  ( 1.000000000000000000, 0.000000000000000000, 0.000000000000000000 ) ) ;
#6553 = DIRECTION ( 'NONE',  ( -1.000000000000000000, -0.000000000000000000, -0.000000000000000000 ) ) ;
#6554 = CARTESIAN_POINT ( 'NONE',  ( -2.553044450335521187, 26.50000000000000000, -1.144530126635763558E-10 ) ) ;
#6555 = AXIS2_PLACEMENT_3D ( 'NONE', #10837, #9833, #2304 ) ;
#6556 = DIRECTION ( 'NONE',  ( 0.000000000000000000, 0.000000000000000000, -1.000000000000000000 ) ) ;
#6557 = VECTOR ( 'NONE', #9349, 1000.000000000000000 ) ;
#6558 = CARTESIAN_POINT ( 'NONE',  ( 18.50000000000000000, -13.00000000000000000, -21.60000000000000853 ) ) ;
#6559 = EDGE_CURVE ( 'NONE', #2049, #859, #1231, .T. ) ;
#6560 = FACE_OUTER_BOUND ( 'NONE', #8385, .T. ) ;
#6561 = DIRECTION ( 'NONE',  ( 0.000000000000000000, 0.000000000000000000, -1.000000000000000000 ) ) ;
#6562 = LINE ( 'NONE', #7346, #9223 ) ;
#6563 = EDGE_LOOP ( 'NONE', ( #10843, #2889, #4464, #1991, #277, #3163 ) ) ;
#6564 = CARTESIAN_POINT ( 'NONE',  ( 2.461988680960355058, 24.49999999999999645, 6.867856062342037049 ) ) ;
#6565 = AXIS2_PLACEMENT_3D ( 'NONE', #631, #2445, #4840 ) ;
#6566 = VECTOR ( 'NONE', #4353, 1000.000000000000000 ) ;
#6567 = VERTEX_POINT ( 'NONE', #2710 ) ;
#6568 = DIRECTION ( 'NONE',  ( 1.000000000000000000, -2.438088387897967896E-29, 6.982962677686266711E-15 ) ) ;
#6569 = FACE_OUTER_BOUND ( 'NONE', #3183, .T. ) ;
#6570 = CARTESIAN_POINT ( 'NONE',  ( -33.50000000000000711, 9.500000000000000000, 24.99999999999995026 ) ) ;
#6571 = ORIENTED_EDGE ( 'NONE', *, *, #5689, .T. ) ;
#6572 = EDGE_CURVE ( 'NONE', #396, #2572, #5437, .T. ) ;
#6573 = AXIS2_PLACEMENT_3D ( 'NONE', #3835, #10694, #8950 ) ;
#6574 = VECTOR ( 'NONE', #6422, 1000.000000000000000 ) ;
#6575 = CARTESIAN_POINT ( 'NONE',  ( 14.79276182858165889, 10.50999999999999091, 24.33278622262480440 ) ) ;
#6576 = DIRECTION ( 'NONE',  ( -0.000000000000000000, -1.000000000000000000, -0.000000000000000000 ) ) ;
#6577 = EDGE_LOOP ( 'NONE', ( #9904, #4975, #622, #3179 ) ) ;
#6578 = LINE ( 'NONE', #1525, #5094 ) ;
#6579 = ORIENTED_EDGE ( 'NONE', *, *, #2816, .F. ) ;
#6580 = ORIENTED_EDGE ( 'NONE', *, *, #9573, .F. ) ;
#6581 = EDGE_LOOP ( 'NONE', ( #3354, #10857, #11053, #618 ) ) ;
#6582 = EDGE_CURVE ( 'NONE', #10455, #9177, #9559, .T. ) ;
#6583 = CARTESIAN_POINT ( 'NONE',  ( 1.224646799147355672E-16, 29.09999999999999787, -16.04445395531110563 ) ) ;
#6584 = ORIENTED_EDGE ( 'NONE', *, *, #1199, .T. ) ;
#6585 = CARTESIAN_POINT ( 'NONE',  ( 4.502511103578837215, 10.50999999999999091, -2.736966230914735565 ) ) ;
#6586 = EDGE_LOOP ( 'NONE', ( #3934, #6630, #6174, #4704 ) ) ;
#6587 = CARTESIAN_POINT ( 'NONE',  ( -34.00000000000000000, 32.00000000000000000, 28.99999999999997158 ) ) ;
#6588 = CARTESIAN_POINT ( 'NONE',  ( -25.88422689413609490, 14.99999999999999645, 3.999999999999954259 ) ) ;
#6589 = EDGE_CURVE ( 'NONE', #5100, #3831, #6345, .T. ) ;
#6590 = CARTESIAN_POINT ( 'NONE',  ( 11.79415823585950918, 23.00000000000000355, 19.12707577768376765 ) ) ;
#6591 = CARTESIAN_POINT ( 'NONE',  ( 18.50000000000000000, -11.50000000000000000, -21.60000000000000853 ) ) ;
#6592 = DIRECTION ( 'NONE',  ( -0.000000000000000000, -1.000000000000000000, 0.000000000000000000 ) ) ;
#6593 = PLANE ( 'NONE',  #4699 ) ;
#6594 = ORIENTED_EDGE ( 'NONE', *, *, #1928, .F. ) ;
#6595 = DIRECTION ( 'NONE',  ( 0.7071067811865474617, 0.000000000000000000, -0.7071067811865476838 ) ) ;
#6596 = EDGE_CURVE ( 'NONE', #1321, #4404, #4603, .T. ) ;
#6597 = EDGE_LOOP ( 'NONE', ( #10323, #5773, #1464, #9594 ) ) ;
#6598 = VECTOR ( 'NONE', #7353, 1000.000000000000000 ) ;
#6599 = EDGE_LOOP ( 'NONE', ( #5391, #7653, #8386, #9101 ) ) ;
#6600 = CARTESIAN_POINT ( 'NONE',  ( 1.999999999999983125, -13.99999999999999822, -1.370000000000013651 ) ) ;
#6601 = FACE_OUTER_BOUND ( 'NONE', #2152, .T. ) ;
#6602 = ORIENTED_EDGE ( 'NONE', *, *, #1157, .T. ) ;
#6603 = DIRECTION ( 'NONE',  ( 0.000000000000000000, -1.000000000000000000, 0.000000000000000000 ) ) ;
#6604 = CARTESIAN_POINT ( 'NONE',  ( 0.000000000000000000, -13.99999999999999822, 0.000000000000000000 ) ) ;
#6605 = AXIS2_PLACEMENT_3D ( 'NONE', #9329, #6568, #6741 ) ;
#6606 = DIRECTION ( 'NONE',  ( 4.336808689942017736E-16, 0.000000000000000000, -1.000000000000000000 ) ) ;
#6607 = B_SPLINE_SURFACE_WITH_KNOTS ( 'NONE', 3, 1, ( 
 ( #3243, #5757 ),
 ( #10935, #9197 ),
 ( #6665, #2403 ),
 ( #1380, #4853 ) ),
 .UNSPECIFIED., .F., .F., .F.,
 ( 4, 4 ),
 ( 2, 2 ),
 ( 0.000000000000000000, 1.000000000000000000 ),
 ( 0.000000000000000000, 1.000000000000000000 ),
 .UNSPECIFIED. ) ;
#6608 = ORIENTED_EDGE ( 'NONE', *, *, #5540, .F. ) ;
#6609 = ORIENTED_EDGE ( 'NONE', *, *, #3692, .T. ) ;
#6610 = ADVANCED_FACE ( 'NONE', ( #1863 ), #332, .T. ) ;
#6611 = ADVANCED_FACE ( 'NONE', ( #9612 ), #8706, .F. ) ;
#6612 = DIRECTION ( 'NONE',  ( 0.000000000000000000, 0.000000000000000000, -1.000000000000000000 ) ) ;
#6613 = CARTESIAN_POINT ( 'NONE',  ( 25.00000000000000711, 0.000000000000000000, -39.00000000000002132 ) ) ;
#6614 = DIRECTION ( 'NONE',  ( 0.000000000000000000, -1.000000000000000000, 0.000000000000000000 ) ) ;
#6615 = EDGE_CURVE ( 'NONE', #6950, #1487, #1061, .T. ) ;
#6616 = CARTESIAN_POINT ( 'NONE',  ( 50.00539578651591910, 10.50999999999999091, 20.06569260839445690 ) ) ;
#6617 = DIRECTION ( 'NONE',  ( 0.000000000000000000, -3.016910393003142366E-16, 1.000000000000000000 ) ) ;
#6618 = DIRECTION ( 'NONE',  ( -0.000000000000000000, 1.000000000000000000, -0.000000000000000000 ) ) ;
#6619 = DIRECTION ( 'NONE',  ( 0.000000000000000000, -0.000000000000000000, 1.000000000000000000 ) ) ;
#6620 = DIRECTION ( 'NONE',  ( 0.000000000000000000, 0.000000000000000000, -1.000000000000000000 ) ) ;
#6621 = ORIENTED_EDGE ( 'NONE', *, *, #8508, .T. ) ;
#6622 = LINE ( 'NONE', #1452, #3604 ) ;
#6623 = VERTEX_POINT ( 'NONE', #6175 ) ;
#6624 = EDGE_CURVE ( 'NONE', #9113, #8020, #902, .T. ) ;
#6625 = ADVANCED_FACE ( 'NONE', ( #165 ), #2822, .F. ) ;
#6626 = DIRECTION ( 'NONE',  ( 0.000000000000000000, 0.000000000000000000, 1.000000000000000000 ) ) ;
#6627 = VECTOR ( 'NONE', #6855, 1000.000000000000000 ) ;
#6628 = CARTESIAN_POINT ( 'NONE',  ( 14.79276182858165889, 10.50999999999999091, 24.33278622262480440 ) ) ;
#6629 = LINE ( 'NONE', #5721, #2450 ) ;
#6630 = ORIENTED_EDGE ( 'NONE', *, *, #10169, .F. ) ;
#6631 = AXIS2_PLACEMENT_3D ( 'NONE', #229, #1761, #3666 ) ;
#6632 = FACE_OUTER_BOUND ( 'NONE', #5696, .T. ) ;
#6633 = AXIS2_PLACEMENT_3D ( 'NONE', #2127, #204, #5533 ) ;
#6634 = FACE_OUTER_BOUND ( 'NONE', #562, .T. ) ;
#6635 = ORIENTED_EDGE ( 'NONE', *, *, #10397, .F. ) ;
#6636 = FACE_OUTER_BOUND ( 'NONE', #6440, .T. ) ;
#6637 = VERTEX_POINT ( 'NONE', #4545 ) ;
#6638 = VERTEX_POINT ( 'NONE', #7976 ) ;
#6639 = ADVANCED_FACE ( 'NONE', ( #278 ), #548, .T. ) ;
#6640 = VERTEX_POINT ( 'NONE', #8309 ) ;
#6641 =( NAMED_UNIT ( * ) SI_UNIT ( $, .STERADIAN. ) SOLID_ANGLE_UNIT ( ) );
#6642 = VERTEX_POINT ( 'NONE', #3871 ) ;
#6643 = CARTESIAN_POINT ( 'NONE',  ( -27.50000000000000355, 16.49999999999999645, 13.24999999999995559 ) ) ;
#6644 = AXIS2_PLACEMENT_3D ( 'NONE', #2126, #1210, #9020 ) ;
#6645 = ORIENTED_EDGE ( 'NONE', *, *, #9789, .T. ) ;
#6646 = FACE_BOUND ( 'NONE', #8172, .T. ) ;
#6647 = LINE ( 'NONE', #10076, #2627 ) ;
#6648 = DIRECTION ( 'NONE',  ( 0.000000000000000000, 1.000000000000000000, -0.000000000000000000 ) ) ;
#6649 = CARTESIAN_POINT ( 'NONE',  ( -13.50043034469988434, 9.499999999999998224, 12.01317212208040530 ) ) ;
#6650 = EDGE_CURVE ( 'NONE', #9798, #1943, #3819, .T. ) ;
#6651 = DIRECTION ( 'NONE',  ( 0.000000000000000000, 0.000000000000000000, -1.000000000000000000 ) ) ;
#6652 = PLANE ( 'NONE',  #7046 ) ;
#6653 = ORIENTED_EDGE ( 'NONE', *, *, #9268, .F. ) ;
#6654 = CARTESIAN_POINT ( 'NONE',  ( -12.05359021688597032, 23.00000000000000000, 19.36521081018106116 ) ) ;
#6655 = CIRCLE ( 'NONE', #1813, 5.200000000000000178 ) ;
#6656 = AXIS2_PLACEMENT_3D ( 'NONE', #7692, #11010, #10223 ) ;
#6657 = EDGE_CURVE ( 'NONE', #5371, #4999, #3979, .T. ) ;
#6658 = ORIENTED_EDGE ( 'NONE', *, *, #6986, .T. ) ;
#6659 = ORIENTED_EDGE ( 'NONE', *, *, #6838, .F. ) ;
#6660 = CARTESIAN_POINT ( 'NONE',  ( -1.579614398617968929, 24.50000000000000000, 11.47356234004123188 ) ) ;
#6661 = FACE_BOUND ( 'NONE', #2007, .T. ) ;
#6662 = VECTOR ( 'NONE', #5882, 1000.000000000000000 ) ;
#6663 = ORIENTED_EDGE ( 'NONE', *, *, #5796, .F. ) ;
#6664 = CARTESIAN_POINT ( 'NONE',  ( -14.99999999999999645, 0.000000000000000000, 8.399999999999991473 ) ) ;
#6665 = CARTESIAN_POINT ( 'NONE',  ( -3.100088496576544728, 24.49999999999996447, 9.896645782979806683 ) ) ;
#6666 = EDGE_CURVE ( 'NONE', #5194, #1705, #491, .T. ) ;
#6667 = CIRCLE ( 'NONE', #1824, 1.500000000000000222 ) ;
#6668 = DIRECTION ( 'NONE',  ( 0.000000000000000000, -1.000000000000000000, 0.000000000000000000 ) ) ;
#6669 = EDGE_LOOP ( 'NONE', ( #6320, #8530, #1828, #3091 ) ) ;
#6670 = VECTOR ( 'NONE', #4555, 1000.000000000000000 ) ;
#6671 = VERTEX_POINT ( 'NONE', #10054 ) ;
#6672 = PLANE ( 'NONE',  #4030 ) ;
#6673 = LINE ( 'NONE', #7628, #4351 ) ;
#6674 = DIRECTION ( 'NONE',  ( 0.000000000000000000, 0.000000000000000000, -1.000000000000000000 ) ) ;
#6675 = DIRECTION ( 'NONE',  ( 0.000000000000000000, 0.000000000000000000, -1.000000000000000000 ) ) ;
#6676 = CARTESIAN_POINT ( 'NONE',  ( -33.50000000000000000, 17.50000000000000000, 19.86623553487585170 ) ) ;
#6677 = AXIS2_PLACEMENT_3D ( 'NONE', #4970, #10994, #9199 ) ;
#6678 = LINE ( 'NONE', #10164, #2741 ) ;
#6679 = CARTESIAN_POINT ( 'NONE',  ( -25.00000000000000000, 0.000000000000000000, 38.99999999999999289 ) ) ;
#6680 = EDGE_CURVE ( 'NONE', #5354, #7326, #6507, .T. ) ;
#6681 = DIRECTION ( 'NONE',  ( -0.06109926041442381023, -2.935351428327385287E-27, 0.9981316949064438226 ) ) ;
#6682 = VERTEX_POINT ( 'NONE', #1338 ) ;
#6683 = DIRECTION ( 'NONE',  ( -2.891205793294679805E-16, 0.000000000000000000, 1.000000000000000000 ) ) ;
#6684 = ORIENTED_EDGE ( 'NONE', *, *, #3194, .T. ) ;
#6685 = CARTESIAN_POINT ( 'NONE',  ( 14.79276182858165534, 10.50999999999999091, 19.09402330482641830 ) ) ;
#6686 = VECTOR ( 'NONE', #3245, 1000.000000000000000 ) ;
#6687 = DIRECTION ( 'NONE',  ( 6.845469849541225724E-15, 0.000000000000000000, -1.000000000000000000 ) ) ;
#6688 = CARTESIAN_POINT ( 'NONE',  ( 2.651488634864841654, 32.00000000000000711, -0.6886054238841966546 ) ) ;
#6689 = EDGE_LOOP ( 'NONE', ( #7423, #9107, #6794, #6260 ) ) ;
#6690 = DIRECTION ( 'NONE',  ( 0.000000000000000000, -0.000000000000000000, -1.000000000000000000 ) ) ;
#6691 = EDGE_CURVE ( 'NONE', #2618, #4900, #7348, .T. ) ;
#6692 = ADVANCED_FACE ( 'NONE', ( #10899 ), #10677, .F. ) ;
#6693 = VECTOR ( 'NONE', #4996, 1000.000000000000000 ) ;
#6694 = FACE_OUTER_BOUND ( 'NONE', #5056, .T. ) ;
#6695 = EDGE_LOOP ( 'NONE', ( #6161, #7962, #7753, #470, #223, #4447 ) ) ;
#6696 = CARTESIAN_POINT ( 'NONE',  ( -7.601536384991211648, 23.00000000000000000, 24.06419186098119312 ) ) ;
#6697 = EDGE_CURVE ( 'NONE', #1396, #10545, #6622, .T. ) ;
#6698 = ORIENTED_EDGE ( 'NONE', *, *, #2185, .T. ) ;
#6699 = EDGE_LOOP ( 'NONE', ( #7003, #7770 ) ) ;
#6700 = VERTEX_POINT ( 'NONE', #435 ) ;
#6701 =( NAMED_UNIT ( * ) SI_UNIT ( $, .STERADIAN. ) SOLID_ANGLE_UNIT ( ) );
#6702 = ORIENTED_EDGE ( 'NONE', *, *, #3053, .F. ) ;
#6703 = CARTESIAN_POINT ( 'NONE',  ( -15.00000000000000000, -13.00000000000000000, -21.60000000000000853 ) ) ;
#6704 = VECTOR ( 'NONE', #4600, 1000.000000000000000 ) ;
#6705 = ORIENTED_EDGE ( 'NONE', *, *, #8585, .F. ) ;
#6706 = DIRECTION ( 'NONE',  ( 0.000000000000000000, 0.000000000000000000, -1.000000000000000000 ) ) ;
#6707 = LINE ( 'NONE', #8391, #9800 ) ;
#6708 = FACE_OUTER_BOUND ( 'NONE', #131, .T. ) ;
#6709 = LINE ( 'NONE', #2607, #10267 ) ;
#6710 = EDGE_CURVE ( 'NONE', #3335, #9739, #702, .T. ) ;
#6711 = CARTESIAN_POINT ( 'NONE',  ( 25.00000000000000000, 5.000000000000000000, -38.25000000000000711 ) ) ;
#6712 = CARTESIAN_POINT ( 'NONE',  ( 14.09999999999999432, -5.500000000000000000, -22.60000000000000853 ) ) ;
#6713 = ORIENTED_EDGE ( 'NONE', *, *, #3079, .T. ) ;
#6714 = CARTESIAN_POINT ( 'NONE',  ( 15.00000000000000000, -3.469446951953614189E-15, 11.89999999999998792 ) ) ;
#6715 = VECTOR ( 'NONE', #9519, 1000.000000000000000 ) ;
#6716 = CYLINDRICAL_SURFACE ( 'NONE', #1191, 9.250000000000001776 ) ;
#6717 = ORIENTED_EDGE ( 'NONE', *, *, #3418, .F. ) ;
#6718 = ORIENTED_EDGE ( 'NONE', *, *, #2716, .F. ) ;
#6719 = CARTESIAN_POINT ( 'NONE',  ( 4.502511103578837215, 10.50999999999999091, -2.736966230914735565 ) ) ;
#6720 = CARTESIAN_POINT ( 'NONE',  ( 10.26313544483707041, 28.50000000000003197, 18.29275258569049001 ) ) ;
#6721 = AXIS2_PLACEMENT_3D ( 'NONE', #4960, #8339, #7500 ) ;
#6722 = ORIENTED_EDGE ( 'NONE', *, *, #3680, .F. ) ;
#6723 = CARTESIAN_POINT ( 'NONE',  ( -35.00000000000000000, 9.500000000000000000, 24.99999999999994671 ) ) ;
#6724 = EDGE_CURVE ( 'NONE', #6567, #5788, #7468, .T. ) ;
#6725 = CARTESIAN_POINT ( 'NONE',  ( 35.00000000000000000, 3.000000000000000000, 28.99999999999998934 ) ) ;
#6726 = ORIENTED_EDGE ( 'NONE', *, *, #4854, .F. ) ;
#6727 = ORIENTED_EDGE ( 'NONE', *, *, #3645, .F. ) ;
#6728 = CARTESIAN_POINT ( 'NONE',  ( -27.50000000000000355, 10.50000000000000178, 23.86623553487585525 ) ) ;
#6729 = ADVANCED_FACE ( 'NONE', ( #10786 ), #4871, .T. ) ;
#6730 = DIRECTION ( 'NONE',  ( 0.000000000000000000, 0.000000000000000000, -1.000000000000000000 ) ) ;
#6731 = CARTESIAN_POINT ( 'NONE',  ( 7.599667515478469859, 28.49999999999999645, 18.11989492295154491 ) ) ;
#6732 = CARTESIAN_POINT ( 'NONE',  ( -10.26147307730576586, 32.00000000000000000, 18.29275258562282147 ) ) ;
#6733 = DIRECTION ( 'NONE',  ( 0.000000000000000000, 0.000000000000000000, -1.000000000000000000 ) ) ;
#6734 = EDGE_CURVE ( 'NONE', #1981, #10401, #604, .T. ) ;
#6735 = LINE ( 'NONE', #8305, #3464 ) ;
#6736 = DIRECTION ( 'NONE',  ( 0.000000000000000000, 1.000000000000000000, -5.782891589540700619E-16 ) ) ;
#6737 = DIRECTION ( 'NONE',  ( 0.000000000000000000, 1.000000000000000000, 3.491481338843133355E-15 ) ) ;
#6738 = VERTEX_POINT ( 'NONE', #9215 ) ;
#6739 = DIRECTION ( 'NONE',  ( 1.000000000000000000, -0.000000000000000000, 0.000000000000000000 ) ) ;
#6740 = ORIENTED_EDGE ( 'NONE', *, *, #9026, .F. ) ;
#6741 = DIRECTION ( 'NONE',  ( 0.000000000000000000, -1.000000000000000000, -3.491481338843133355E-15 ) ) ;
#6742 = VECTOR ( 'NONE', #1698, 1000.000000000000000 ) ;
#6743 = VECTOR ( 'NONE', #1446, 1000.000000000000000 ) ;
#6744 = PLANE ( 'NONE',  #3884 ) ;
#6745 = CARTESIAN_POINT ( 'NONE',  ( 2.462848898026266387, 32.00000000000000000, -0.8778439274316721663 ) ) ;
#6746 = ORIENTED_EDGE ( 'NONE', *, *, #3601, .F. ) ;
#6747 = CARTESIAN_POINT ( 'NONE',  ( 1.500000000000000222, 10.50999999999999091, -2.201678149889266134 ) ) ;
#6748 = VECTOR ( 'NONE', #5012, 1000.000000000000000 ) ;
#6749 = DIRECTION ( 'NONE',  ( 0.000000000000000000, 0.000000000000000000, 1.000000000000000000 ) ) ;
#6750 = VECTOR ( 'NONE', #8674, 1000.000000000000000 ) ;
#6751 = ORIENTED_EDGE ( 'NONE', *, *, #5713, .T. ) ;
#6752 = FACE_OUTER_BOUND ( 'NONE', #8239, .T. ) ;
#6753 = VECTOR ( 'NONE', #5372, 1000.000000000000000 ) ;
#6754 = EDGE_LOOP ( 'NONE', ( #28, #789, #6055, #9169 ) ) ;
#6755 = ORIENTED_EDGE ( 'NONE', *, *, #10562, .T. ) ;
#6756 = ORIENTED_EDGE ( 'NONE', *, *, #4744, .F. ) ;
#6757 = EDGE_CURVE ( 'NONE', #348, #3238, #4811, .T. ) ;
#6758 = DIRECTION ( 'NONE',  ( -0.000000000000000000, -1.000000000000000000, -0.000000000000000000 ) ) ;
#6759 = ADVANCED_FACE ( 'NONE', ( #8252 ), #4705, .F. ) ;
#6760 = VECTOR ( 'NONE', #693, 1000.000000000000000 ) ;
#6761 = VECTOR ( 'NONE', #11103, 1000.000000000000000 ) ;
#6762 = ORIENTED_EDGE ( 'NONE', *, *, #8833, .F. ) ;
#6763 = CARTESIAN_POINT ( 'NONE',  ( -2.264856034047436850, 32.00000000000002132, 4.564273763274421469 ) ) ;
#6764 = CARTESIAN_POINT ( 'NONE',  ( 4.100096472055509977, 23.00000000000000000, 22.45905727886303183 ) ) ;
#6765 = FACE_OUTER_BOUND ( 'NONE', #3408, .T. ) ;
#6766 = PLANE ( 'NONE',  #6856 ) ;
#6767 = LINE ( 'NONE', #72, #2810 ) ;
#6768 = CARTESIAN_POINT ( 'NONE',  ( 4.100096472055509977, 25.00000000000009592, 22.45905727886301761 ) ) ;
#6769 = VERTEX_POINT ( 'NONE', #1631 ) ;
#6770 = LINE ( 'NONE', #2725, #10483 ) ;
#6771 =( REPRESENTATION_RELATIONSHIP ('NONE','NONE', #9028, #1722 ) REPRESENTATION_RELATIONSHIP_WITH_TRANSFORMATION ( #169 )SHAPE_REPRESENTATION_RELATIONSHIP( ) );
#6772 = CARTESIAN_POINT ( 'NONE',  ( 2.562233326377193254, 10.50999999999999091, -4.768333691650413542 ) ) ;
#6773 = ORIENTED_EDGE ( 'NONE', *, *, #7396, .F. ) ;
#6774 = ADVANCED_FACE ( 'NONE', ( #8422 ), #3304, .T. ) ;
#6775 = ORIENTED_EDGE ( 'NONE', *, *, #515, .F. ) ;
#6776 = PLANE ( 'NONE',  #893 ) ;
#6777 = LINE ( 'NONE', #4622, #9701 ) ;
#6778 = ORIENTED_EDGE ( 'NONE', *, *, #8993, .T. ) ;
#6779 = CARTESIAN_POINT ( 'NONE',  ( 0.000000000000000000, 9.499999999999998224, 0.000000000000000000 ) ) ;
#6780 = SURFACE_SIDE_STYLE ('',( #3414 ) ) ;
#6781 = DIRECTION ( 'NONE',  ( -1.000000000000000000, 0.000000000000000000, -0.000000000000000000 ) ) ;
#6782 = ORIENTED_EDGE ( 'NONE', *, *, #1716, .T. ) ;
#6783 = ORIENTED_EDGE ( 'NONE', *, *, #1954, .F. ) ;
#6784 = EDGE_CURVE ( 'NONE', #361, #10519, #9710, .T. ) ;
#6785 = CARTESIAN_POINT ( 'NONE',  ( 2.799999999999999378, -2.999999999999999112, 21.13801126270789155 ) ) ;
#6786 = DIRECTION ( 'NONE',  ( 0.000000000000000000, 1.000000000000000000, 3.491481338843133355E-15 ) ) ;
#6787 = DIRECTION ( 'NONE',  ( -1.592325548196395074E-13, 2.940873454663932011E-27, -1.000000000000000000 ) ) ;
#6788 = LINE ( 'NONE', #10217, #6303 ) ;
#6789 = CARTESIAN_POINT ( 'NONE',  ( -4.000000000000017764, -11.50000000000000000, -1.405000000000013349 ) ) ;
#6790 = CARTESIAN_POINT ( 'NONE',  ( -13.37439034845122521, 10.50999999999999091, 26.19897291411961859 ) ) ;
#6791 = DIRECTION ( 'NONE',  ( 0.000000000000000000, 0.000000000000000000, -1.000000000000000000 ) ) ;
#6792 = ADVANCED_FACE ( 'NONE', ( #5099 ), #8920, .F. ) ;
#6793 = LINE ( 'NONE', #10166, #4190 ) ;
#6794 = ORIENTED_EDGE ( 'NONE', *, *, #5149, .T. ) ;
#6795 = DIRECTION ( 'NONE',  ( -1.000000000000000000, -0.000000000000000000, -0.000000000000000000 ) ) ;
#6796 = ORIENTED_EDGE ( 'NONE', *, *, #8678, .F. ) ;
#6797 = ADVANCED_FACE ( 'NONE', ( #9327 ), #8477, .F. ) ;
#6798 = CARTESIAN_POINT ( 'NONE',  ( 1.101485361694153120, 32.00000000000000000, 5.860867144937139450 ) ) ;
#6799 = FACE_OUTER_BOUND ( 'NONE', #1438, .T. ) ;
#6800 = B_SPLINE_SURFACE_WITH_KNOTS ( 'NONE', 2, 1, ( 
 ( #2665, #10059 ),
 ( #9221, #7415 ),
 ( #10846, #4043 ) ),
 .UNSPECIFIED., .F., .F., .F.,
 ( 3, 3 ),
 ( 2, 2 ),
 ( 0.4999510147485095590, 0.5003871720241390708 ),
 ( 0.000000000000000000, 1.000000000000000000 ),
 .UNSPECIFIED. ) ;
#6801 = LINE ( 'NONE', #9393, #3759 ) ;
#6802 = ORIENTED_EDGE ( 'NONE', *, *, #450, .F. ) ;
#6803 = DIRECTION ( 'NONE',  ( 0.000000000000000000, 0.000000000000000000, -1.000000000000000000 ) ) ;
#6804 = EDGE_CURVE ( 'NONE', #10486, #7252, #3262, .T. ) ;
#6805 = CARTESIAN_POINT ( 'NONE',  ( -4.496853450377910733, 10.50999999999999091, -2.736966231318176845 ) ) ;
#6806 = VERTEX_POINT ( 'NONE', #1575 ) ;
#6807 = DIRECTION ( 'NONE',  ( 0.000000000000000000, -1.000000000000000000, 0.000000000000000000 ) ) ;
#6808 = ORIENTED_EDGE ( 'NONE', *, *, #9528, .F. ) ;
#6809 = VERTEX_POINT ( 'NONE', #8582 ) ;
#6810 = EDGE_CURVE ( 'NONE', #2752, #9360, #777, .T. ) ;
#6811 = VERTEX_POINT ( 'NONE', #5948 ) ;
#6812 = SHAPE_REPRESENTATION_RELATIONSHIP ( 'NONE' , 'NONE' ,  #7873, #6492 ) ;
#6813 = DIRECTION ( 'NONE',  ( -0.000000000000000000, -0.000000000000000000, 1.000000000000000000 ) ) ;
#6814 = ORIENTED_EDGE ( 'NONE', *, *, #6481, .F. ) ;
#6815 = DIRECTION ( 'NONE',  ( -0.000000000000000000, -1.000000000000000000, -0.000000000000000000 ) ) ;
#6816 = AXIS2_PLACEMENT_3D ( 'NONE', #10044, #5649, #1443 ) ;
#6817 = DIRECTION ( 'NONE',  ( 0.000000000000000000, 0.000000000000000000, -1.000000000000000000 ) ) ;
#6818 = DIRECTION ( 'NONE',  ( -0.02639125886120532311, 0.000000000000000000, -0.9996516900679559559 ) ) ;
#6819 = LINE ( 'NONE', #10360, #10521 ) ;
#6820 = CARTESIAN_POINT ( 'NONE',  ( -33.50000000000000000, 14.99999999999999645, 10.99999999999995381 ) ) ;
#6821 = EDGE_CURVE ( 'NONE', #6434, #8061, #10111, .T. ) ;
#6822 = VERTEX_POINT ( 'NONE', #6000 ) ;
#6823 = DIRECTION ( 'NONE',  ( -1.000000000000000000, 0.000000000000000000, 1.239088197126290817E-16 ) ) ;
#6824 = AXIS2_PLACEMENT_3D ( 'NONE', #5169, #7031, #10568 ) ;
#6825 = VECTOR ( 'NONE', #7897, 1000.000000000000000 ) ;
#6826 = LINE ( 'NONE', #4125, #835 ) ;
#6827 = VERTEX_POINT ( 'NONE', #10281 ) ;
#6828 = ORIENTED_EDGE ( 'NONE', *, *, #9822, .T. ) ;
#6829 = CARTESIAN_POINT ( 'NONE',  ( -2.999999999999996447, 29.09999999999999787, -14.04445395531110741 ) ) ;
#6830 = CARTESIAN_POINT ( 'NONE',  ( -14.78197023625350148, 10.50999999999999091, 24.33278622154344717 ) ) ;
#6831 = FACE_OUTER_BOUND ( 'NONE', #7709, .T. ) ;
#6832 = VECTOR ( 'NONE', #5076, 1000.000000000000000 ) ;
#6833 = CARTESIAN_POINT ( 'NONE',  ( -3.877618601942272925, 10.50999999999999091, 25.69803449914322613 ) ) ;
#6834 = VECTOR ( 'NONE', #7190, 1000.000000000000000 ) ;
#6835 = ADVANCED_FACE ( 'NONE', ( #2476 ), #1743, .F. ) ;
#6836 = ADVANCED_FACE ( 'NONE', ( #883 ), #665, .F. ) ;
#6837 = VERTEX_POINT ( 'NONE', #10951 ) ;
#6838 = EDGE_CURVE ( 'NONE', #3818, #5785, #2422, .T. ) ;
#6839 = ORIENTED_EDGE ( 'NONE', *, *, #3028, .T. ) ;
#6840 = DIRECTION ( 'NONE',  ( 0.000000000000000000, 0.000000000000000000, -1.000000000000000000 ) ) ;
#6841 = AXIS2_PLACEMENT_3D ( 'NONE', #1414, #8331, #2274 ) ;
#6842 = CARTESIAN_POINT ( 'NONE',  ( -25.00000000000000711, 2.000000000000001776, 28.99999999999997158 ) ) ;
#6843 = CARTESIAN_POINT ( 'NONE',  ( 4.100096472055509977, 25.00000000000009592, 22.45905727886301761 ) ) ;
#6844 = DIRECTION ( 'NONE',  ( 0.000000000000000000, 0.000000000000000000, -1.000000000000000000 ) ) ;
#6845 = CARTESIAN_POINT ( 'NONE',  ( -3.451493568137552259, 24.49999999999999289, 0.6928869714704536387 ) ) ;
#6846 = LINE ( 'NONE', #6104, #7756 ) ;
#6847 = EDGE_CURVE ( 'NONE', #6387, #10034, #528, .T. ) ;
#6848 = VECTOR ( 'NONE', #986, 1000.000000000000114 ) ;
#6849 = CARTESIAN_POINT ( 'NONE',  ( -4.098455636355274656, 32.00000000000000000, 25.49999999999944578 ) ) ;
#6850 = ORIENTED_EDGE ( 'NONE', *, *, #1696, .F. ) ;
#6851 = CARTESIAN_POINT ( 'NONE',  ( 20.00000000000000000, -13.00000000000000000, 8.399999999999987921 ) ) ;
#6852 = VERTEX_POINT ( 'NONE', #10881 ) ;
#6853 = CARTESIAN_POINT ( 'NONE',  ( -25.00000000000000000, 5.000000000000000000, 28.99999999999998934 ) ) ;
#6854 = CARTESIAN_POINT ( 'NONE',  ( -19.81171673543281031, 23.00000000000000000, 15.53801126270789190 ) ) ;
#6855 = DIRECTION ( 'NONE',  ( 1.000000000000000000, 0.000000000000000000, 1.475500935504002337E-13 ) ) ;
#6856 = AXIS2_PLACEMENT_3D ( 'NONE', #2498, #4118, #5913 ) ;
#6857 = DIRECTION ( 'NONE',  ( 4.483001173306440485E-11, 0.000000000000000000, -1.000000000000000000 ) ) ;
#6858 = EDGE_CURVE ( 'NONE', #5383, #956, #4020, .T. ) ;
#6859 = CARTESIAN_POINT ( 'NONE',  ( 0.000000000000000000, -9.999999999999998224, -18.43835307503515608 ) ) ;
#6860 = ORIENTED_EDGE ( 'NONE', *, *, #2733, .T. ) ;
#6861 = DIRECTION ( 'NONE',  ( 0.000000000000000000, 1.000000000000000000, -0.000000000000000000 ) ) ;
#6862 = AXIS2_PLACEMENT_3D ( 'NONE', #10151, #479, #1381 ) ;
#6863 = ORIENTED_EDGE ( 'NONE', *, *, #529, .T. ) ;
#6864 = AXIS2_PLACEMENT_3D ( 'NONE', #1224, #766, #4977 ) ;
#6865 = VERTEX_POINT ( 'NONE', #10037 ) ;
#6866 = ORIENTED_EDGE ( 'NONE', *, *, #853, .F. ) ;
#6867 = CARTESIAN_POINT ( 'NONE',  ( 2.800000000000000266, 9.999999999999998224, -15.54000000000000448 ) ) ;
#6868 = ADVANCED_FACE ( 'NONE', ( #10768, #10716 ), #8179, .T. ) ;
#6869 = ORIENTED_EDGE ( 'NONE', *, *, #3629, .T. ) ;
#6870 = CARTESIAN_POINT ( 'NONE',  ( 0.0008204178503570802583, 24.50000000000000000, 13.06458333644164149 ) ) ;
#6871 = VECTOR ( 'NONE', #5013, 1000.000000000000000 ) ;
#6872 = CARTESIAN_POINT ( 'NONE',  ( 25.00000000000000000, 5.000000000000000000, 28.99999999999998934 ) ) ;
#6873 = DIRECTION ( 'NONE',  ( 1.000000000000000000, -0.000000000000000000, -0.000000000000000000 ) ) ;
#6874 = EDGE_CURVE ( 'NONE', #2629, #3885, #2345, .T. ) ;
#6875 = CARTESIAN_POINT ( 'NONE',  ( 0.000000000000000000, 23.00000000000000000, 19.93801126270789226 ) ) ;
#6876 = DIRECTION ( 'NONE',  ( 0.9986117056576805373, 0.000000000000000000, 0.05267505409069801747 ) ) ;
#6877 = EDGE_LOOP ( 'NONE', ( #4695, #10823, #3364, #5552 ) ) ;
#6878 = DIRECTION ( 'NONE',  ( 0.000000000000000000, 1.000000000000000000, 2.940873454663932011E-27 ) ) ;
#6879 = VECTOR ( 'NONE', #7701, 1000.000000000000000 ) ;
#6880 = CARTESIAN_POINT ( 'NONE',  ( 20.00000000000000000, -13.00000000000000000, -21.60000000000000853 ) ) ;
#6881 = ORIENTED_EDGE ( 'NONE', *, *, #10413, .T. ) ;
#6882 = ORIENTED_EDGE ( 'NONE', *, *, #1394, .F. ) ;
#6883 = DIRECTION ( 'NONE',  ( -1.051837268371221541E-14, -0.000000000000000000, 1.000000000000000000 ) ) ;
#6884 = LINE ( 'NONE', #6039, #2875 ) ;
#6885 = FACE_BOUND ( 'NONE', #5539, .T. ) ;
#6886 = CARTESIAN_POINT ( 'NONE',  ( -15.00000000000000000, 0.000000000000000000, -25.10000000000000853 ) ) ;
#6887 = VECTOR ( 'NONE', #8420, 1000.000000000000000 ) ;
#6888 = DIRECTION ( 'NONE',  ( -1.000000000000000000, 0.000000000000000000, -0.000000000000000000 ) ) ;
#6889 = ORIENTED_EDGE ( 'NONE', *, *, #4252, .F. ) ;
#6890 = PRODUCT_DEFINITION_SHAPE ( 'NONE', 'NONE',  #2676 ) ;
#6891 = ORIENTED_EDGE ( 'NONE', *, *, #6480, .T. ) ;
#6892 = VERTEX_POINT ( 'NONE', #3189 ) ;
#6893 = CARTESIAN_POINT ( 'NONE',  ( -2.560616245250304512, 32.00000000000000000, 10.52749793424622204 ) ) ;
#6894 = VECTOR ( 'NONE', #5804, 1000.000000000000000 ) ;
#6895 = ADVANCED_FACE ( 'NONE', ( #3908 ), #6607, .T. ) ;
#6896 = CARTESIAN_POINT ( 'NONE',  ( 2.999999999999983569, -11.50000000000000000, -1.405000000000014015 ) ) ;
#6897 = EDGE_CURVE ( 'NONE', #5236, #1638, #9871, .T. ) ;
#6898 = DIRECTION ( 'NONE',  ( -0.000000000000000000, -1.000000000000000000, -0.000000000000000000 ) ) ;
#6899 = LINE ( 'NONE', #3587, #374 ) ;
#6900 = LINE ( 'NONE', #1845, #4238 ) ;
#6901 = DIRECTION ( 'NONE',  ( 0.000000000000000000, -1.000000000000000000, 0.000000000000000000 ) ) ;
#6902 = VECTOR ( 'NONE', #6462, 1000.000000000000000 ) ;
#6903 = ORIENTED_EDGE ( 'NONE', *, *, #6874, .T. ) ;
#6904 = VERTEX_POINT ( 'NONE', #4911 ) ;
#6905 = DIRECTION ( 'NONE',  ( -1.000000000000000000, 0.000000000000000000, 0.000000000000000000 ) ) ;
#6906 = VERTEX_POINT ( 'NONE', #4794 ) ;
#6907 = VECTOR ( 'NONE', #1563, 1000.000000000000000 ) ;
#6908 = DIRECTION ( 'NONE',  ( -1.084202172485504187E-16, 0.000000000000000000, -1.000000000000000000 ) ) ;
#6909 = EDGE_CURVE ( 'NONE', #10140, #6413, #2171, .T. ) ;
#6910 = CARTESIAN_POINT ( 'NONE',  ( -13.49999999999999822, 1.500000000000000000, 6.899999999999989697 ) ) ;
#6911 = PLANE ( 'NONE',  #7273 ) ;
#6912 = PRODUCT_DEFINITION_CONTEXT ( 'detailed design', #2538, 'design' ) ;
#6913 = CARTESIAN_POINT ( 'NONE',  ( 35.00000000000000000, 3.000000000000000000, 28.99999999999998934 ) ) ;
#6914 = AXIS2_PLACEMENT_3D ( 'NONE', #9590, #1897, #8741 ) ;
#6915 = ORIENTED_EDGE ( 'NONE', *, *, #10928, .F. ) ;
#6916 = PRESENTATION_STYLE_ASSIGNMENT (( #3499 ) ) ;
#6917 = VECTOR ( 'NONE', #8604, 1000.000000000000000 ) ;
#6918 = ORIENTED_EDGE ( 'NONE', *, *, #10316, .T. ) ;
#6919 = VERTEX_POINT ( 'NONE', #1432 ) ;
#6920 = CONTEXT_DEPENDENT_SHAPE_REPRESENTATION ( #10639, #4004 ) ;
#6921 = FACE_OUTER_BOUND ( 'NONE', #168, .T. ) ;
#6922 = ADVANCED_FACE ( 'NONE', ( #8351 ), #9924, .T. ) ;
#6923 = ORIENTED_EDGE ( 'NONE', *, *, #1052, .F. ) ;
#6924 = DIRECTION ( 'NONE',  ( -0.000000000000000000, -1.000000000000000000, -0.000000000000000000 ) ) ;
#6925 = VECTOR ( 'NONE', #7301, 1000.000000000000000 ) ;
#6926 = VECTOR ( 'NONE', #6924, 1000.000000000000000 ) ;
#6927 = CARTESIAN_POINT ( 'NONE',  ( 3.888410194209629189, 24.99999999999999645, 25.69803449973652931 ) ) ;
#6928 = CARTESIAN_POINT ( 'NONE',  ( -4.421514573308335194, 26.50000000000000000, 0.1167299938790075653 ) ) ;
#6929 = CARTESIAN_POINT ( 'NONE',  ( 15.00000000000000000, -13.00000000000000000, 8.399999999999987921 ) ) ;
#6930 = CARTESIAN_POINT ( 'NONE',  ( 7.599667529665898869, 23.00000000000000000, 16.80050947618697776 ) ) ;
#6931 = ORIENTED_EDGE ( 'NONE', *, *, #3484, .T. ) ;
#6932 = DIRECTION ( 'NONE',  ( 0.000000000000000000, 1.000000000000000000, 3.491481338843133355E-15 ) ) ;
#6933 = EDGE_CURVE ( 'NONE', #2699, #2603, #5640, .T. ) ;
#6934 = CARTESIAN_POINT ( 'NONE',  ( -2.549756024654625808, 32.00000000000000000, 4.724933036063121428 ) ) ;
#6935 = CARTESIAN_POINT ( 'NONE',  ( 6.346119218776775206, 28.49999999999999645, -6.021333691102119801 ) ) ;
#6936 = AXIS2_PLACEMENT_3D ( 'NONE', #9910, #1365, #3948 ) ;
#6937 = VECTOR ( 'NONE', #8124, 1000.000000000000000 ) ;
#6938 = ORIENTED_EDGE ( 'NONE', *, *, #4356, .T. ) ;
#6939 = ADVANCED_FACE ( 'NONE', ( #701 ), #8234, .T. ) ;
#6940 = ORIENTED_EDGE ( 'NONE', *, *, #2144, .F. ) ;
#6941 = DIRECTION ( 'NONE',  ( 0.000000000000000000, 0.000000000000000000, 1.000000000000000000 ) ) ;
#6942 = CARTESIAN_POINT ( 'NONE',  ( 14.27499999999998970, 3.000000000000002665, -21.60000000000000853 ) ) ;
#6943 = FACE_BOUND ( 'NONE', #4903, .T. ) ;
#6944 = AXIS2_PLACEMENT_3D ( 'NONE', #7427, #9176, #5619 ) ;
#6945 = LINE ( 'NONE', #10430, #3814 ) ;
#6946 = AXIS2_PLACEMENT_3D ( 'NONE', #8882, #1126, #2939 ) ;
#6947 = EDGE_LOOP ( 'NONE', ( #8100, #7471, #6609, #7275 ) ) ;
#6948 = EDGE_CURVE ( 'NONE', #243, #650, #2292, .T. ) ;
#6949 = EDGE_LOOP ( 'NONE', ( #4493, #2064, #4022, #3854 ) ) ;
#6950 = VERTEX_POINT ( 'NONE', #5698 ) ;
#6951 = DIRECTION ( 'NONE',  ( 0.000000000000000000, 0.000000000000000000, -1.000000000000000000 ) ) ;
#6952 = PRODUCT_DEFINITION_FORMATION_WITH_SPECIFIED_SOURCE ( 'ANY', '', #70, .NOT_KNOWN. ) ;
#6953 = DIRECTION ( 'NONE',  ( -0.000000000000000000, -0.000000000000000000, 1.000000000000000000 ) ) ;
#6954 = DIRECTION ( 'NONE',  ( 0.000000000000000000, -1.000000000000000000, -3.491481338843133355E-15 ) ) ;
#6955 = DIRECTION ( 'NONE',  ( 1.000000000000000000, 0.000000000000000000, -0.000000000000000000 ) ) ;
#6956 = CARTESIAN_POINT ( 'NONE',  ( -2.249903526357163841, 32.00000000000001421, -1.050058994014394509 ) ) ;
#6957 = DIRECTION ( 'NONE',  ( 1.000000000000000000, 0.000000000000000000, 0.000000000000000000 ) ) ;
#6958 = EDGE_CURVE ( 'NONE', #10557, #5383, #9139, .T. ) ;
#6959 = ORIENTED_EDGE ( 'NONE', *, *, #2453, .T. ) ;
#6960 = VERTEX_POINT ( 'NONE', #9253 ) ;
#6961 = FACE_BOUND ( 'NONE', #1592, .T. ) ;
#6962 = AXIS2_PLACEMENT_3D ( 'NONE', #7192, #9945, #2198 ) ;
#6963 = ORIENTED_EDGE ( 'NONE', *, *, #7050, .F. ) ;
#6964 = DIRECTION ( 'NONE',  ( 1.093772683465830541E-16, 0.000000000000000000, -1.000000000000000000 ) ) ;
#6965 = VECTOR ( 'NONE', #7131, 1000.000000000000000 ) ;
#6966 = CARTESIAN_POINT ( 'NONE',  ( 2.999999999999982236, -11.50000000000000000, -0.4050000000000147371 ) ) ;
#6967 = CARTESIAN_POINT ( 'NONE',  ( -3.022955953918644578, 32.00000000000000000, 3.724747829044559033 ) ) ;
#6968 = CARTESIAN_POINT ( 'NONE',  ( 0.000000000000000000, 29.50000000000000000, -38.00000000000002842 ) ) ;
#6969 = CARTESIAN_POINT ( 'NONE',  ( -33.50000000000000000, 10.49999999999999467, 1.749999999999952927 ) ) ;
#6970 = EDGE_CURVE ( 'NONE', #10099, #4404, #5588, .T. ) ;
#6971 = ORIENTED_EDGE ( 'NONE', *, *, #5198, .T. ) ;
#6972 = EDGE_CURVE ( 'NONE', #3795, #5714, #4740, .T. ) ;
#6973 = CARTESIAN_POINT ( 'NONE',  ( 5.299549528938802823, 25.00000000000009948, 21.57711283463906327 ) ) ;
#6974 = ORIENTED_EDGE ( 'NONE', *, *, #9789, .F. ) ;
#6975 = ORIENTED_EDGE ( 'NONE', *, *, #6109, .T. ) ;
#6976 = APPLICATION_PROTOCOL_DEFINITION ( 'draft international standard', 'automotive_design', 1998, #1964 ) ;
#6977 = EDGE_CURVE ( 'NONE', #6852, #9744, #586, .T. ) ;
#6978 = PLANE ( 'NONE',  #10757 ) ;
#6979 = EDGE_LOOP ( 'NONE', ( #6360, #10312, #3523, #8641 ) ) ;
#6980 = LINE ( 'NONE', #1931, #2092 ) ;
#6981 = FACE_OUTER_BOUND ( 'NONE', #10991, .T. ) ;
#6982 = FACE_OUTER_BOUND ( 'NONE', #1205, .T. ) ;
#6983 = B_SPLINE_SURFACE_WITH_KNOTS ( 'NONE', 3, 1, ( 
 ( #1068, #5387 ),
 ( #1015, #3724 ),
 ( #3918, #10781 ),
 ( #6127, #6072 ) ),
 .UNSPECIFIED., .F., .F., .F.,
 ( 4, 4 ),
 ( 2, 2 ),
 ( 16.00000000000000000, 17.00000000000000000 ),
 ( 0.000000000000000000, 1.000000000000000000 ),
 .UNSPECIFIED. ) ;
#6984 = CARTESIAN_POINT ( 'NONE',  ( -4.219146220329039743, 10.50999999999999091, -39.28468037378117117 ) ) ;
#6985 = ORIENTED_EDGE ( 'NONE', *, *, #2172, .F. ) ;
#6986 = EDGE_CURVE ( 'NONE', #7204, #8857, #10263, .T. ) ;
#6987 = CARTESIAN_POINT ( 'NONE',  ( -18.50000000000000000, -11.50000000000000000, 8.399999999999987921 ) ) ;
#6988 = DIRECTION ( 'NONE',  ( 0.000000000000000000, -1.000000000000000000, -3.491481338843133355E-15 ) ) ;
#6989 = CARTESIAN_POINT ( 'NONE',  ( -35.00000000000000000, 3.000000000000000000, -29.00000000000000000 ) ) ;
#6990 = ORIENTED_EDGE ( 'NONE', *, *, #3169, .T. ) ;
#6991 = VECTOR ( 'NONE', #9261, 1000.000000000000000 ) ;
#6992 = ORIENTED_EDGE ( 'NONE', *, *, #9392, .F. ) ;
#6993 = LINE ( 'NONE', #865, #1995 ) ;
#6994 = CARTESIAN_POINT ( 'NONE',  ( 0.0008204178503570802583, 24.49999999999999645, 13.06458333644164149 ) ) ;
#6995 = CARTESIAN_POINT ( 'NONE',  ( 2.251544362057745996, 24.50000000000000000, -1.046527771142004681 ) ) ;
#6996 = DIRECTION ( 'NONE',  ( -1.000000000000000000, 0.000000000000000000, 0.000000000000000000 ) ) ;
#6997 = DIRECTION ( 'NONE',  ( 0.000000000000000000, 1.000000000000000000, 3.491481338843133355E-15 ) ) ;
#6998 = CARTESIAN_POINT ( 'NONE',  ( -33.50000000000000000, 19.50000000000000355, 23.86623553487585525 ) ) ;
#6999 = ORIENTED_EDGE ( 'NONE', *, *, #5975, .F. ) ;
#7000 = EDGE_CURVE ( 'NONE', #10002, #36, #4354, .T. ) ;
#7001 = VECTOR ( 'NONE', #4298, 1000.000000000000000 ) ;
#7002 = ORIENTED_EDGE ( 'NONE', *, *, #7850, .T. ) ;
#7003 = ORIENTED_EDGE ( 'NONE', *, *, #5981, .T. ) ;
#7004 = DIRECTION ( 'NONE',  ( 0.000000000000000000, 0.000000000000000000, -1.000000000000000000 ) ) ;
#7005 = CARTESIAN_POINT ( 'NONE',  ( 3.000000000000003553, 29.09999999999999787, -20.04445395531110918 ) ) ;
#7006 = CARTESIAN_POINT ( 'NONE',  ( 1.581279503555507837, 32.00000000000000000, 11.47885425846396146 ) ) ;
#7007 = ADVANCED_FACE ( 'NONE', ( #9309 ), #9369, .F. ) ;
#7008 = VECTOR ( 'NONE', #41, 1000.000000000000000 ) ;
#7009 = EDGE_LOOP ( 'NONE', ( #8356, #1963, #9437, #8153 ) ) ;
#7010 = CARTESIAN_POINT ( 'NONE',  ( -2.000000000000016875, 3.000000000000002665, 6.559999999999986287 ) ) ;
#7011 = AXIS2_PLACEMENT_3D ( 'NONE', #5380, #2090, #5327 ) ;
#7012 = DIRECTION ( 'NONE',  ( -1.000000000000000000, 2.438088387897967896E-29, -6.982962677686266711E-15 ) ) ;
#7013 = DIRECTION ( 'NONE',  ( 0.000000000000000000, 1.000000000000000000, -0.000000000000000000 ) ) ;
#7014 = ADVANCED_FACE ( 'NONE', ( #9477, #7781 ), #1614, .T. ) ;
#7015 = EDGE_LOOP ( 'NONE', ( #2339, #5833, #6361, #9128 ) ) ;
#7016 = EDGE_LOOP ( 'NONE', ( #8328, #8463, #4665, #1295, #5862, #4550, #10280, #6151, #7208, #5808, #7139, #1050 ) ) ;
#7017 = DIRECTION ( 'NONE',  ( -1.592325548196395074E-13, 0.000000000000000000, -1.000000000000000000 ) ) ;
#7018 = ORIENTED_EDGE ( 'NONE', *, *, #9375, .F. ) ;
#7019 = LINE ( 'NONE', #7747, #1214 ) ;
#7020 = AXIS2_PLACEMENT_3D ( 'NONE', #6703, #5003, #4058 ) ;
#7021 = CARTESIAN_POINT ( 'NONE',  ( 7.924999999999992717, -13.99999999999999822, -21.60000000000000853 ) ) ;
#7022 = DIRECTION ( 'NONE',  ( 0.000000000000000000, 0.000000000000000000, -1.000000000000000000 ) ) ;
#7023 = ADVANCED_FACE ( 'NONE', ( #11104 ), #7622, .T. ) ;
#7024 = AXIS2_PLACEMENT_3D ( 'NONE', #6501, #7401, #8927 ) ;
#7025 = CARTESIAN_POINT ( 'NONE',  ( 25.00000000000000711, 32.00000000000000000, 37.99999999999996447 ) ) ;
#7026 = LINE ( 'NONE', #3715, #4712 ) ;
#7027 = EDGE_LOOP ( 'NONE', ( #8846, #172, #11087, #4856 ) ) ;
#7028 = DIRECTION ( 'NONE',  ( -1.000000000000000000, 0.000000000000000000, 0.000000000000000000 ) ) ;
#7029 = EDGE_LOOP ( 'NONE', ( #7909, #9274, #10148, #1596 ) ) ;
#7030 = ORIENTED_EDGE ( 'NONE', *, *, #9235, .F. ) ;
#7031 = DIRECTION ( 'NONE',  ( 1.000000000000000000, 0.000000000000000000, 0.000000000000000000 ) ) ;
#7032 = ORIENTED_EDGE ( 'NONE', *, *, #6480, .F. ) ;
#7033 = EDGE_CURVE ( 'NONE', #9482, #6071, #2512, .T. ) ;
#7034 = LINE ( 'NONE', #1181, #10873 ) ;
#7035 = EDGE_CURVE ( 'NONE', #4099, #2777, #922, .T. ) ;
#7036 = CYLINDRICAL_SURFACE ( 'NONE', #6946, 8.999999999999994671 ) ;
#7037 = DIRECTION ( 'NONE',  ( 0.000000000000000000, -0.000000000000000000, 1.000000000000000000 ) ) ;
#7038 = VECTOR ( 'NONE', #3700, 1000.000000000000000 ) ;
#7039 = CARTESIAN_POINT ( 'NONE',  ( 0.000000000000000000, -13.99999999999999822, 0.000000000000000000 ) ) ;
#7040 = MANIFOLD_SOLID_BREP ( 'Boss-Extrude2', #7876 ) ;
#7041 = ORIENTED_EDGE ( 'NONE', *, *, #6624, .T. ) ;
#7042 = CARTESIAN_POINT ( 'NONE',  ( 15.00000000000000000, -13.00000000000000000, 8.399999999999987921 ) ) ;
#7043 = FACE_OUTER_BOUND ( 'NONE', #554, .T. ) ;
#7044 = CARTESIAN_POINT ( 'NONE',  ( -27.50000000000000355, 10.49999999999999112, 13.24999999999995204 ) ) ;
#7045 = ORIENTED_EDGE ( 'NONE', *, *, #10183, .T. ) ;
#7046 = AXIS2_PLACEMENT_3D ( 'NONE', #8165, #7322, #10755 ) ;
#7047 = ORIENTED_EDGE ( 'NONE', *, *, #7490, .F. ) ;
#7048 = DIRECTION ( 'NONE',  ( -0.02639125895083412748, -2.939690163306100493E-27, 0.9996516900655897375 ) ) ;
#7049 = DIRECTION ( 'NONE',  ( -1.000000000000000000, 0.000000000000000000, 0.000000000000000000 ) ) ;
#7050 = EDGE_CURVE ( 'NONE', #6078, #4988, #814, .T. ) ;
#7051 = DIRECTION ( 'NONE',  ( 0.000000000000000000, 0.000000000000000000, 1.000000000000000000 ) ) ;
#7052 = DIRECTION ( 'NONE',  ( -1.000000000000000000, 0.000000000000000000, 0.000000000000000000 ) ) ;
#7053 = CARTESIAN_POINT ( 'NONE',  ( 1.390098812565254471, 32.00000000000000000, 5.983526426027393263 ) ) ;
#7054 = CARTESIAN_POINT ( 'NONE',  ( 17.70476182858164549, 23.00000000000000000, 27.23807268525122538 ) ) ;
#7055 = ORIENTED_EDGE ( 'NONE', *, *, #2753, .F. ) ;
#7056 = PLANE ( 'NONE',  #3495 ) ;
#7057 = VECTOR ( 'NONE', #857, 1000.000000000000000 ) ;
#7058 = ORIENTED_EDGE ( 'NONE', *, *, #6691, .F. ) ;
#7059 = ORIENTED_EDGE ( 'NONE', *, *, #9510, .F. ) ;
#7060 = CARTESIAN_POINT ( 'NONE',  ( -35.00000000000000000, 17.00000000000000000, 24.99999999999995381 ) ) ;
#7061 = CARTESIAN_POINT ( 'NONE',  ( 3.599158056653549931, 24.50000000000000000, 1.487737314057047788 ) ) ;
#7062 = CARTESIAN_POINT ( 'NONE',  ( -3.000000000000016875, -13.99999999999999822, 7.559999999999986287 ) ) ;
#7063 = EDGE_CURVE ( 'NONE', #5592, #2435, #342, .T. ) ;
#7064 = AXIS2_PLACEMENT_3D ( 'NONE', #1006, #4487, #10510 ) ;
#7065 = ORIENTED_EDGE ( 'NONE', *, *, #295, .F. ) ;
#7066 = CARTESIAN_POINT ( 'NONE',  ( 2.800000000000000266, -0.5000000000000004441, -15.54000000000000448 ) ) ;
#7067 = DIRECTION ( 'NONE',  ( -1.000000000000000000, 0.000000000000000000, -5.782411586589357639E-16 ) ) ;
#7068 = CARTESIAN_POINT ( 'NONE',  ( 14.50000000000021494, 23.00000000000000000, 24.06419186098134588 ) ) ;
#7069 = VERTEX_POINT ( 'NONE', #5138 ) ;
#7070 = EDGE_CURVE ( 'NONE', #7967, #8951, #6445, .T. ) ;
#7071 = VECTOR ( 'NONE', #8609, 1000.000000000000000 ) ;
#7072 = EDGE_LOOP ( 'NONE', ( #6093, #671, #5078, #4770 ) ) ;
#7073 = CARTESIAN_POINT ( 'NONE',  ( -1.576085913135946814, 24.50000000000000000, 11.42771081216550755 ) ) ;
#7074 = EDGE_LOOP ( 'NONE', ( #10828, #400, #8389, #3355 ) ) ;
#7075 = DIRECTION ( 'NONE',  ( 0.000000000000000000, 1.000000000000000000, 3.491481338843133355E-15 ) ) ;
#7076 = CARTESIAN_POINT ( 'NONE',  ( -0.8740615806291651690, 32.00000000000000000, 13.06458333644166103 ) ) ;
#7077 = EDGE_CURVE ( 'NONE', #5028, #194, #7567, .T. ) ;
#7078 = LINE ( 'NONE', #4540, #9358 ) ;
#7079 = VECTOR ( 'NONE', #3217, 1000.000000000000000 ) ;
#7080 = DIRECTION ( 'NONE',  ( 1.000000000000000000, 0.000000000000000000, 2.322494089076271146E-16 ) ) ;
#7081 = LINE ( 'NONE', #1919, #3834 ) ;
#7082 = ORIENTED_EDGE ( 'NONE', *, *, #4640, .T. ) ;
#7083 = CARTESIAN_POINT ( 'NONE',  ( 14.27499999999998970, 3.000000000000002665, -21.60000000000000853 ) ) ;
#7084 = EDGE_CURVE ( 'NONE', #6306, #9339, #1238, .T. ) ;
#7085 = ORIENTED_EDGE ( 'NONE', *, *, #10955, .T. ) ;
#7086 = ORIENTED_EDGE ( 'NONE', *, *, #7825, .T. ) ;
#7087 = DIRECTION ( 'NONE',  ( 1.000000000000000000, 0.000000000000000000, 0.000000000000000000 ) ) ;
#7088 = PLANE ( 'NONE',  #3421 ) ;
#7089 = ORIENTED_EDGE ( 'NONE', *, *, #6228, .T. ) ;
#7090 = CARTESIAN_POINT ( 'NONE',  ( 6.346119218776774318, 26.50000000000000000, 11.64859530943569332 ) ) ;
#7091 = CARTESIAN_POINT ( 'NONE',  ( -1.579617136008335088, 25.00000000000013500, 11.48414578258327090 ) ) ;
#7092 = DIRECTION ( 'NONE',  ( 0.2982749931359467976, 0.000000000000000000, 0.9544799780350297080 ) ) ;
#7093 = DIRECTION ( 'NONE',  ( 0.000000000000000000, 0.000000000000000000, 1.000000000000000000 ) ) ;
#7094 = ORIENTED_EDGE ( 'NONE', *, *, #10674, .F. ) ;
#7095 = DIRECTION ( 'NONE',  ( -0.000000000000000000, 1.000000000000000000, -0.000000000000000000 ) ) ;
#7096 = EDGE_CURVE ( 'NONE', #6478, #2134, #8998, .T. ) ;
#7097 = EDGE_CURVE ( 'NONE', #8209, #4842, #1001, .T. ) ;
#7098 = DIRECTION ( 'NONE',  ( 1.000000000000000000, 0.000000000000000000, 1.387778780781445182E-16 ) ) ;
#7099 = DIRECTION ( 'NONE',  ( 0.000000000000000000, 0.000000000000000000, -1.000000000000000000 ) ) ;
#7100 = ORIENTED_EDGE ( 'NONE', *, *, #7126, .F. ) ;
#7101 = AXIS2_PLACEMENT_3D ( 'NONE', #9596, #7012, #988 ) ;
#7102 = EDGE_LOOP ( 'NONE', ( #7533, #7668, #7314, #8349, #3634, #9158, #7822, #6059 ) ) ;
#7103 = DIRECTION ( 'NONE',  ( -0.000000000000000000, -1.000000000000000000, -0.000000000000000000 ) ) ;
#7104 = CARTESIAN_POINT ( 'NONE',  ( 1.581279503555500732, 24.50000000000000000, 12.35902778106247801 ) ) ;
#7105 = PLANE ( 'NONE',  #2812 ) ;
#7106 = LINE ( 'NONE', #2900, #2369 ) ;
#7107 = DIRECTION ( 'NONE',  ( 0.000000000000000000, 1.000000000000000000, -5.782411586589354927E-17 ) ) ;
#7108 = LINE ( 'NONE', #1204, #9017 ) ;
#7109 = VERTEX_POINT ( 'NONE', #4431 ) ;
#7110 = CARTESIAN_POINT ( 'NONE',  ( -25.00000000000000711, 29.50000000000000000, -38.00000000000002842 ) ) ;
#7111 = VECTOR ( 'NONE', #4898, 1000.000000000000000 ) ;
#7112 = CIRCLE ( 'NONE', #3878, 5.199999999999996625 ) ;
#7113 = EDGE_CURVE ( 'NONE', #194, #10016, #10286, .T. ) ;
#7114 = EDGE_CURVE ( 'NONE', #7811, #8097, #5160, .T. ) ;
#7115 = ORIENTED_EDGE ( 'NONE', *, *, #427, .F. ) ;
#7116 = PLANE ( 'NONE',  #5286 ) ;
#7117 = CARTESIAN_POINT ( 'NONE',  ( 25.00000000000000711, 30.00000000000000000, -29.00000000000002132 ) ) ;
#7118 = DIRECTION ( 'NONE',  ( 0.000000000000000000, 0.000000000000000000, -1.000000000000000000 ) ) ;
#7119 = VECTOR ( 'NONE', #11096, 1000.000000000000000 ) ;
#7120 = ORIENTED_EDGE ( 'NONE', *, *, #1114, .T. ) ;
#7121 = CARTESIAN_POINT ( 'NONE',  ( -1.661739175062546092, 24.49999999999999645, 6.137180302330119019 ) ) ;
#7122 = VECTOR ( 'NONE', #10809, 1000.000000000000000 ) ;
#7123 = CARTESIAN_POINT ( 'NONE',  ( 1.500000000000000222, 9.499999999999998224, -2.201678149889266134 ) ) ;
#7124 = DIRECTION ( 'NONE',  ( -0.000000000000000000, -1.000000000000000000, -0.000000000000000000 ) ) ;
#7125 = ORIENTED_EDGE ( 'NONE', *, *, #381, .F. ) ;
#7126 = EDGE_CURVE ( 'NONE', #1242, #8295, #3547, .T. ) ;
#7127 = PRODUCT_DEFINITION_FORMATION_WITH_SPECIFIED_SOURCE ( 'ANY', '', #961, .NOT_KNOWN. ) ;
#7128 = VERTEX_POINT ( 'NONE', #6966 ) ;
#7129 = CARTESIAN_POINT ( 'NONE',  ( -20.19999999999999574, 0.000000000000000000, -21.59999999999997300 ) ) ;
#7130 = EDGE_LOOP ( 'NONE', ( #8267, #6915, #1244, #10533 ) ) ;
#7131 = DIRECTION ( 'NONE',  ( -1.000000000000000000, -0.000000000000000000, -0.000000000000000000 ) ) ;
#7132 = CARTESIAN_POINT ( 'NONE',  ( 3.066671547350844129, 32.00000000000000711, 9.296756429332258875 ) ) ;
#7133 = EDGE_CURVE ( 'NONE', #2457, #3289, #840, .T. ) ;
#7134 = DIRECTION ( 'NONE',  ( -2.322494089076271146E-16, 0.000000000000000000, 1.000000000000000000 ) ) ;
#7135 = LINE ( 'NONE', #6284, #7239 ) ;
#7136 = EDGE_LOOP ( 'NONE', ( #334, #3359, #7356, #1421 ) ) ;
#7137 = DIRECTION ( 'NONE',  ( 0.000000000000000000, 0.000000000000000000, -1.000000000000000000 ) ) ;
#7138 = ADVANCED_FACE ( 'NONE', ( #2701 ), #6112, .F. ) ;
#7139 = ORIENTED_EDGE ( 'NONE', *, *, #3032, .F. ) ;
#7140 = LINE ( 'NONE', #2877, #8215 ) ;
#7141 = CONTEXT_DEPENDENT_SHAPE_REPRESENTATION ( #6771, #1496 ) ;
#7142 = FACE_BOUND ( 'NONE', #8837, .T. ) ;
#7143 = VERTEX_POINT ( 'NONE', #9445 ) ;
#7144 = FACE_OUTER_BOUND ( 'NONE', #9283, .T. ) ;
#7145 = EDGE_CURVE ( 'NONE', #4374, #4823, #2516, .T. ) ;
#7146 = LINE ( 'NONE', #10573, #3540 ) ;
#7147 = DIRECTION ( 'NONE',  ( 0.000000000000000000, 0.000000000000000000, 1.000000000000000000 ) ) ;
#7148 = DIRECTION ( 'NONE',  ( 0.000000000000000000, -0.000000000000000000, -1.000000000000000000 ) ) ;
#7149 = VERTEX_POINT ( 'NONE', #53 ) ;
#7150 = DIRECTION ( 'NONE',  ( -0.000000000000000000, -1.000000000000000000, -0.000000000000000000 ) ) ;
#7151 = CARTESIAN_POINT ( 'NONE',  ( -15.10000000000000497, -11.50000000000000000, -16.60000000000000497 ) ) ;
#7152 = LINE ( 'NONE', #10581, #3539 ) ;
#7153 = ORIENTED_EDGE ( 'NONE', *, *, #974, .F. ) ;
#7154 = ORIENTED_EDGE ( 'NONE', *, *, #7372, .T. ) ;
#7155 = DIRECTION ( 'NONE',  ( 0.000000000000000000, 1.000000000000000000, 2.940873454663932011E-27 ) ) ;
#7156 = FACE_OUTER_BOUND ( 'NONE', #4826, .T. ) ;
#7157 = CARTESIAN_POINT ( 'NONE',  ( -3.494955088444204439, 26.50000000000000000, 13.26303376472695916 ) ) ;
#7158 = EDGE_CURVE ( 'NONE', #10971, #7951, #5262, .T. ) ;
#7159 = DIRECTION ( 'NONE',  ( 0.7071067811865473507, 0.000000000000000000, 0.7071067811865477948 ) ) ;
#7160 = CARTESIAN_POINT ( 'NONE',  ( -34.25000000000000000, 3.000000000000000000, -29.00000000000000355 ) ) ;
#7161 = CYLINDRICAL_SURFACE ( 'NONE', #7400, 0.2504980238110278146 ) ;
#7162 = ORIENTED_EDGE ( 'NONE', *, *, #8962, .T. ) ;
#7163 = CARTESIAN_POINT ( 'NONE',  ( -15.00000000000000000, -13.00000000000000000, 13.39999999999998792 ) ) ;
#7164 = EDGE_LOOP ( 'NONE', ( #6839, #3518, #9340, #7362 ) ) ;
#7165 = ORIENTED_EDGE ( 'NONE', *, *, #71, .T. ) ;
#7166 = CARTESIAN_POINT ( 'NONE',  ( 1.581279503555507837, 24.50000000000000000, 11.48414578258328866 ) ) ;
#7167 = CARTESIAN_POINT ( 'NONE',  ( -14.10000000000000675, -5.500000000000000000, -16.60000000000000497 ) ) ;
#7168 = AXIS2_PLACEMENT_3D ( 'NONE', #4439, #1066, #4334 ) ;
#7169 = ORIENTED_EDGE ( 'NONE', *, *, #9852, .T. ) ;
#7170 = CARTESIAN_POINT ( 'NONE',  ( -2.364845074849327489, 24.50000000000000000, 6.748585731788833364 ) ) ;
#7171 = CARTESIAN_POINT ( 'NONE',  ( -19.81171673543281031, 9.499999999999998224, 27.23807268525122538 ) ) ;
#7172 = ADVANCED_FACE ( 'NONE', ( #10450 ), #2760, .F. ) ;
#7173 = EDGE_CURVE ( 'NONE', #6078, #3991, #1794, .T. ) ;
#7174 = DIRECTION ( 'NONE',  ( 1.000000000000000000, 0.000000000000000000, 0.000000000000000000 ) ) ;
#7175 = EDGE_CURVE ( 'NONE', #10688, #3754, #6801, .T. ) ;
#7176 = ORIENTED_EDGE ( 'NONE', *, *, #7503, .T. ) ;
#7177 = ORIENTED_EDGE ( 'NONE', *, *, #247, .T. ) ;
#7178 = CARTESIAN_POINT ( 'NONE',  ( -15.00000000000000000, -13.00000000000000000, -25.10000000000000853 ) ) ;
#7179 = AXIS2_PLACEMENT_3D ( 'NONE', #5636, #8347, #8401 ) ;
#7180 = VERTEX_POINT ( 'NONE', #6910 ) ;
#7181 = LINE ( 'NONE', #2136, #7316 ) ;
#7182 = CARTESIAN_POINT ( 'NONE',  ( 2.561370761353207293, 31.99999999999999289, 10.52772452016508353 ) ) ;
#7183 = CARTESIAN_POINT ( 'NONE',  ( -14.10000000000000675, -5.500000000000000000, -16.60000000000000497 ) ) ;
#7184 = ADVANCED_FACE ( 'NONE', ( #1914 ), #11015, .T. ) ;
#7185 = CARTESIAN_POINT ( 'NONE',  ( 7.599667529665894428, 32.00000000000000000, 16.80050947618696355 ) ) ;
#7186 = STYLED_ITEM ( 'NONE', ( #9723 ), #2704 ) ;
#7187 = DIRECTION ( 'NONE',  ( 1.000000000000000000, 0.000000000000000000, 2.312964634635748873E-16 ) ) ;
#7188 = AXIS2_PLACEMENT_3D ( 'NONE', #1687, #3319, #4986 ) ;
#7189 = ORIENTED_EDGE ( 'NONE', *, *, #9588, .T. ) ;
#7190 = DIRECTION ( 'NONE',  ( -0.000000000000000000, -1.000000000000000000, -0.000000000000000000 ) ) ;
#7191 = ORIENTED_EDGE ( 'NONE', *, *, #10399, .F. ) ;
#7192 = CARTESIAN_POINT ( 'NONE',  ( -13.49999999999999822, 0.5000000000000000000, 6.899999999999989697 ) ) ;
#7193 = DIRECTION ( 'NONE',  ( -0.000000000000000000, 1.000000000000000000, -0.000000000000000000 ) ) ;
#7194 = AXIS2_PLACEMENT_3D ( 'NONE', #305, #5403, #249 ) ;
#7195 = ORIENTED_EDGE ( 'NONE', *, *, #7832, .F. ) ;
#7196 = EDGE_CURVE ( 'NONE', #434, #6244, #285, .T. ) ;
#7197 = DIRECTION ( 'NONE',  ( 0.000000000000000000, 1.000000000000000000, 0.000000000000000000 ) ) ;
#7198 = DIRECTION ( 'NONE',  ( -1.000000000000000000, -0.000000000000000000, -0.000000000000000000 ) ) ;
#7199 = CARTESIAN_POINT ( 'NONE',  ( 0.000000000000000000, 24.50000000000000000, 0.000000000000000000 ) ) ;
#7200 = VERTEX_POINT ( 'NONE', #6061 ) ;
#7201 = FACE_BOUND ( 'NONE', #4533, .T. ) ;
#7202 = CIRCLE ( 'NONE', #8639, 10.00000000000000178 ) ;
#7203 = ORIENTED_EDGE ( 'NONE', *, *, #6495, .F. ) ;
#7204 = VERTEX_POINT ( 'NONE', #8646 ) ;
#7205 = EDGE_CURVE ( 'NONE', #4810, #10719, #4378, .T. ) ;
#7206 = CARTESIAN_POINT ( 'NONE',  ( 1.959271164369263296, 24.50000000000000711, 4.785209283498411459 ) ) ;
#7207 = EDGE_LOOP ( 'NONE', ( #2487, #10295, #10404, #1027 ) ) ;
#7208 = ORIENTED_EDGE ( 'NONE', *, *, #1334, .F. ) ;
#7209 = DIRECTION ( 'NONE',  ( 0.000000000000000000, 0.000000000000000000, -1.000000000000000000 ) ) ;
#7210 = DIRECTION ( 'NONE',  ( 0.000000000000000000, 0.000000000000000000, -1.000000000000000000 ) ) ;
#7211 = EDGE_CURVE ( 'NONE', #10683, #2825, #5952, .T. ) ;
#7212 = AXIS2_PLACEMENT_3D ( 'NONE', #9027, #10552, #2915 ) ;
#7213 = CARTESIAN_POINT ( 'NONE',  ( -10.91400877898168531, 32.00000000000000000, 18.55312925764786769 ) ) ;
#7214 = LINE ( 'NONE', #10537, #7922 ) ;
#7215 = CARTESIAN_POINT ( 'NONE',  ( -27.50000000000000355, 17.50000000000000000, 23.86623553487585525 ) ) ;
#7216 = LINE ( 'NONE', #193, #10284 ) ;
#7217 = EDGE_LOOP ( 'NONE', ( #7177, #6048, #9617, #9015 ) ) ;
#7218 = DIRECTION ( 'NONE',  ( 0.7071067811865465735, 0.000000000000000000, 0.7071067811865485719 ) ) ;
#7219 = AXIS2_PLACEMENT_3D ( 'NONE', #10607, #7124, #1269 ) ;
#7220 = VERTEX_POINT ( 'NONE', #7697 ) ;
#7221 = EDGE_LOOP ( 'NONE', ( #508, #9397, #10195, #5876 ) ) ;
#7222 = CARTESIAN_POINT ( 'NONE',  ( 34.00000000000000000, 29.50000000000000000, -29.00000000000002487 ) ) ;
#7223 = CARTESIAN_POINT ( 'NONE',  ( 2.999999999999983569, -13.99999999999999822, -2.370000000000013429 ) ) ;
#7224 = ORIENTED_EDGE ( 'NONE', *, *, #3528, .T. ) ;
#7225 = CARTESIAN_POINT ( 'NONE',  ( -3.053791813169754121, 24.50000000000000711, 8.135850515873077171 ) ) ;
#7226 = LINE ( 'NONE', #8970, #4060 ) ;
#7227 = AXIS2_PLACEMENT_3D ( 'NONE', #10375, #6888, #976 ) ;
#7228 = LINE ( 'NONE', #7068, #7038 ) ;
#7229 = ORIENTED_EDGE ( 'NONE', *, *, #9687, .F. ) ;
#7230 = VERTEX_POINT ( 'NONE', #3 ) ;
#7231 = EDGE_CURVE ( 'NONE', #6267, #4602, #10560, .T. ) ;
#7232 = EDGE_CURVE ( 'NONE', #7109, #3795, #3930, .T. ) ;
#7233 = FACE_OUTER_BOUND ( 'NONE', #2490, .T. ) ;
#7234 = VECTOR ( 'NONE', #10194, 1000.000000000000000 ) ;
#7235 = DIRECTION ( 'NONE',  ( 0.000000000000000000, -1.000000000000000000, -2.940873454663932011E-27 ) ) ;
#7236 = CARTESIAN_POINT ( 'NONE',  ( 0.0008204178503570802583, 24.49999999999999289, 13.06458333644164149 ) ) ;
#7237 = CARTESIAN_POINT ( 'NONE',  ( 3.888410194208734350, 24.99999999999999645, 16.59988183274022333 ) ) ;
#7238 = PLANE ( 'NONE',  #9255 ) ;
#7239 = VECTOR ( 'NONE', #161, 1000.000000000000000 ) ;
#7240 = DIRECTION ( 'NONE',  ( -1.000000000000000000, 0.000000000000000000, -0.000000000000000000 ) ) ;
#7241 = ORIENTED_EDGE ( 'NONE', *, *, #6114, .T. ) ;
#7242 = DIRECTION ( 'NONE',  ( -0.000000000000000000, -1.000000000000000000, -0.000000000000000000 ) ) ;
#7243 = EDGE_LOOP ( 'NONE', ( #9853, #5691, #10761, #8142 ) ) ;
#7244 = EDGE_CURVE ( 'NONE', #143, #6638, #3709, .T. ) ;
#7245 = DIRECTION ( 'NONE',  ( -0.000000000000000000, 1.000000000000000000, 3.491481338843133355E-15 ) ) ;
#7246 = DIRECTION ( 'NONE',  ( -0.9986117056576697681, 0.000000000000000000, 0.05267505409090383200 ) ) ;
#7247 = B_SPLINE_CURVE_WITH_KNOTS ( 'NONE', 3,
 ( #2469, #4141, #11001, #7574, #4749, #3915, #8190, #484, #10778, #9092 ),
 .UNSPECIFIED., .F., .F.,
 ( 4, 2, 2, 2, 4 ),
 ( 0.000000000000000000, 0.0008065422682639511367, 0.001613084536527902273, 0.002419626804791853193, 0.003226169073055804547 ),
 .UNSPECIFIED. ) ;
#7248 = VECTOR ( 'NONE', #6595, 1000.000000000000000 ) ;
#7249 = ORIENTED_EDGE ( 'NONE', *, *, #2346, .F. ) ;
#7250 = DIRECTION ( 'NONE',  ( 0.000000000000000000, -0.000000000000000000, 1.000000000000000000 ) ) ;
#7251 = CARTESIAN_POINT ( 'NONE',  ( -45.97666018330589566, 10.50049802381102815, 18.48421203201064955 ) ) ;
#7252 = VERTEX_POINT ( 'NONE', #1109 ) ;
#7253 = CARTESIAN_POINT ( 'NONE',  ( -5.945819592957627999E-10, 26.50000000000000000, 13.26303376488363739 ) ) ;
#7254 = EDGE_LOOP ( 'NONE', ( #9460, #2124, #4035, #1189 ) ) ;
#7255 = VERTEX_POINT ( 'NONE', #1167 ) ;
#7256 = EDGE_CURVE ( 'NONE', #6960, #4082, #4539, .T. ) ;
#7257 = ORIENTED_EDGE ( 'NONE', *, *, #6514, .T. ) ;
#7258 = DIRECTION ( 'NONE',  ( -1.000000000000000000, 1.318393914780417174E-37, -4.483001173306440485E-11 ) ) ;
#7259 = ORIENTED_EDGE ( 'NONE', *, *, #10264, .F. ) ;
#7260 = ORIENTED_EDGE ( 'NONE', *, *, #2577, .T. ) ;
#7261 = VECTOR ( 'NONE', #2135, 1000.000000000000000 ) ;
#7262 = LINE ( 'NONE', #6366, #4659 ) ;
#7263 = CARTESIAN_POINT ( 'NONE',  ( 1.999999999999982236, -13.99999999999999822, 6.559999999999986287 ) ) ;
#7264 = CARTESIAN_POINT ( 'NONE',  ( 50.00539578651591910, 10.50999999999999091, 23.06569260839445334 ) ) ;
#7265 = DIRECTION ( 'NONE',  ( 0.000000000000000000, -1.000000000000000000, 0.000000000000000000 ) ) ;
#7266 = EDGE_CURVE ( 'NONE', #9029, #2157, #2028, .T. ) ;
#7267 = CARTESIAN_POINT ( 'NONE',  ( 1.263944550813017820, 32.00000000000000711, 12.45646789961843837 ) ) ;
#7268 = LINE ( 'NONE', #9808, #6500 ) ;
#7269 = VERTEX_POINT ( 'NONE', #379 ) ;
#7270 = CARTESIAN_POINT ( 'NONE',  ( 25.00000000000000000, 3.000000000000000000, -38.25000000000000711 ) ) ;
#7271 = VECTOR ( 'NONE', #7429, 1000.000000000000000 ) ;
#7272 = EDGE_CURVE ( 'NONE', #9057, #1116, #7387, .T. ) ;
#7273 = AXIS2_PLACEMENT_3D ( 'NONE', #4213, #7700, #5105 ) ;
#7274 = ORIENTED_EDGE ( 'NONE', *, *, #5578, .F. ) ;
#7275 = ORIENTED_EDGE ( 'NONE', *, *, #10627, .T. ) ;
#7276 = DIRECTION ( 'NONE',  ( 0.000000000000000000, -1.000000000000000000, 0.000000000000000000 ) ) ;
#7277 = CARTESIAN_POINT ( 'NONE',  ( 7.599667529665884658, 29.50000000000000000, 18.11989491965052324 ) ) ;
#7278 = ORIENTED_EDGE ( 'NONE', *, *, #2515, .F. ) ;
#7279 = CARTESIAN_POINT ( 'NONE',  ( 14.09999999999999432, -5.500000000000000000, -22.60000000000000853 ) ) ;
#7280 = ADVANCED_FACE ( 'NONE', ( #326 ), #7785, .T. ) ;
#7281 = VECTOR ( 'NONE', #4155, 1000.000000000000000 ) ;
#7282 = CARTESIAN_POINT ( 'NONE',  ( 1.581279503555507837, 24.50000000000000355, 11.48414578258328866 ) ) ;
#7283 = AXIS2_PLACEMENT_3D ( 'NONE', #5625, #9062, #2496 ) ;
#7284 = ORIENTED_EDGE ( 'NONE', *, *, #6986, .F. ) ;
#7285 = ORIENTED_EDGE ( 'NONE', *, *, #6495, .T. ) ;
#7286 = DIRECTION ( 'NONE',  ( 0.000000000000000000, 1.000000000000000000, 0.000000000000000000 ) ) ;
#7287 = AXIS2_PLACEMENT_3D ( 'NONE', #7507, #10036, #2344 ) ;
#7288 = DIRECTION ( 'NONE',  ( -1.000000000000000000, 0.000000000000000000, -0.000000000000000000 ) ) ;
#7289 = CYLINDRICAL_SURFACE ( 'NONE', #4647, 5.000000000000000888 ) ;
#7290 = CARTESIAN_POINT ( 'NONE',  ( -3.877618601534404963, 10.50999999999999091, 16.59988183214694857 ) ) ;
#7291 = AXIS2_PLACEMENT_3D ( 'NONE', #4268, #2367, #5836 ) ;
#7292 = DIRECTION ( 'NONE',  ( -0.000000000000000000, -0.000000000000000000, 1.000000000000000000 ) ) ;
#7293 = EDGE_CURVE ( 'NONE', #8005, #2055, #8980, .T. ) ;
#7294 = CARTESIAN_POINT ( 'NONE',  ( 1.959434878635766709E-16, -2.999999999999999112, 16.73801126270788941 ) ) ;
#7295 = VERTEX_POINT ( 'NONE', #1277 ) ;
#7296 = DIRECTION ( 'NONE',  ( -0.02639125895083412748, -0.000000000000000000, 0.9996516900655897375 ) ) ;
#7297 = ORIENTED_EDGE ( 'NONE', *, *, #10765, .F. ) ;
#7298 = DIRECTION ( 'NONE',  ( 0.000000000000000000, -0.000000000000000000, 1.000000000000000000 ) ) ;
#7299 = CARTESIAN_POINT ( 'NONE',  ( 0.8839747706983227538, 24.99999999999999645, 16.75836064642668433 ) ) ;
#7300 = VERTEX_POINT ( 'NONE', #9881 ) ;
#7301 = DIRECTION ( 'NONE',  ( -1.000000000000000000, -0.000000000000000000, -0.000000000000000000 ) ) ;
#7302 = ADVANCED_FACE ( 'NONE', ( #10616 ), #4698, .F. ) ;
#7303 = ADVANCED_FACE ( 'NONE', ( #5595 ), #7289, .T. ) ;
#7304 = CARTESIAN_POINT ( 'NONE',  ( 5.299549528938837462, 32.00000000000000000, 16.80050947618696355 ) ) ;
#7305 = ORIENTED_EDGE ( 'NONE', *, *, #6697, .T. ) ;
#7306 = EDGE_CURVE ( 'NONE', #4362, #6016, #4483, .T. ) ;
#7307 = ORIENTED_EDGE ( 'NONE', *, *, #260, .F. ) ;
#7308 = ORIENTED_EDGE ( 'NONE', *, *, #4630, .T. ) ;
#7309 = ORIENTED_EDGE ( 'NONE', *, *, #3945, .F. ) ;
#7310 = DIRECTION ( 'NONE',  ( -0.000000000000000000, -1.000000000000000000, -0.000000000000000000 ) ) ;
#7311 = VERTEX_POINT ( 'NONE', #3655 ) ;
#7312 = DIRECTION ( 'NONE',  ( -1.000000000000000000, 0.000000000000000000, 0.000000000000000000 ) ) ;
#7313 = VECTOR ( 'NONE', #6510, 1000.000000000000000 ) ;
#7314 = ORIENTED_EDGE ( 'NONE', *, *, #10993, .T. ) ;
#7315 = DIRECTION ( 'NONE',  ( -6.982962677686266711E-15, -3.491481338843133355E-15, 1.000000000000000000 ) ) ;
#7316 = VECTOR ( 'NONE', #270, 1000.000000000000000 ) ;
#7317 = DIRECTION ( 'NONE',  ( -1.000000000000000000, 0.000000000000000000, 0.000000000000000000 ) ) ;
#7318 = CARTESIAN_POINT ( 'NONE',  ( -3.601026911978597145, 25.00000000000016698, 1.758059867859498748 ) ) ;
#7319 = DIRECTION ( 'NONE',  ( -0.000000000000000000, -1.000000000000000000, -0.000000000000000000 ) ) ;
#7320 = EDGE_CURVE ( 'NONE', #11070, #6036, #10506, .T. ) ;
#7321 = PLANE ( 'NONE',  #10883 ) ;
#7322 = DIRECTION ( 'NONE',  ( -1.000000000000000000, 0.000000000000000000, 0.000000000000000000 ) ) ;
#7323 = ORIENTED_EDGE ( 'NONE', *, *, #8260, .T. ) ;
#7324 = DIRECTION ( 'NONE',  ( 0.000000000000000000, -5.782891589540701605E-16, -1.000000000000000000 ) ) ;
#7325 = ORIENTED_EDGE ( 'NONE', *, *, #7050, .T. ) ;
#7326 = VERTEX_POINT ( 'NONE', #1972 ) ;
#7327 = PLANE ( 'NONE',  #5199 ) ;
#7328 = LINE ( 'NONE', #9250, #7711 ) ;
#7329 = EDGE_LOOP ( 'NONE', ( #6364, #9289, #523, #9501 ) ) ;
#7330 = CARTESIAN_POINT ( 'NONE',  ( -1.099844525993681765, 25.00000000000015277, 5.187071063562600948 ) ) ;
#7331 = DIRECTION ( 'NONE',  ( 0.000000000000000000, 0.000000000000000000, 1.000000000000000000 ) ) ;
#7332 = EDGE_CURVE ( 'NONE', #2206, #5901, #7341, .T. ) ;
#7333 = CARTESIAN_POINT ( 'NONE',  ( 14.99999999999996447, 0.5000000000000000000, -26.80000000000000426 ) ) ;
#7334 = B_SPLINE_CURVE_WITH_KNOTS ( 'NONE', 3,
 ( #4876, #8316, #7589, #3096, #5779, #609, #10959, #6688, #6745, #4933 ),
 .UNSPECIFIED., .F., .F.,
 ( 4, 2, 2, 2, 4 ),
 ( 0.000000000000000000, 0.0008053174564039072359, 0.001610634912807814472, 0.002415952369211721816, 0.003221269825615628943 ),
 .UNSPECIFIED. ) ;
#7335 = EDGE_LOOP ( 'NONE', ( #3192, #4872, #3955, #3553, #3889, #1748 ) ) ;
#7336 = ORIENTED_EDGE ( 'NONE', *, *, #4597, .T. ) ;
#7337 = CARTESIAN_POINT ( 'NONE',  ( -2.999999999999998224, 9.499999999999998224, 21.53801126270789368 ) ) ;
#7338 = EDGE_CURVE ( 'NONE', #4490, #6466, #3139, .T. ) ;
#7339 = FACE_OUTER_BOUND ( 'NONE', #6056, .T. ) ;
#7340 = CARTESIAN_POINT ( 'NONE',  ( 33.50000000000000000, 1.500000000000000000, 28.99999999999998934 ) ) ;
#7341 = CIRCLE ( 'NONE', #10227, 1.000000000000000888 ) ;
#7342 = DIRECTION ( 'NONE',  ( 0.000000000000000000, -1.000000000000000000, 0.000000000000000000 ) ) ;
#7343 = DIRECTION ( 'NONE',  ( 0.000000000000000000, 0.000000000000000000, 1.000000000000000000 ) ) ;
#7344 = EDGE_CURVE ( 'NONE', #651, #1511, #8300, .T. ) ;
#7345 = CYLINDRICAL_SURFACE ( 'NONE', #1536, 1.600000000000000755 ) ;
#7346 = CARTESIAN_POINT ( 'NONE',  ( 25.00000000000000711, 2.000000000000000000, 38.24999999999996447 ) ) ;
#7347 = VERTEX_POINT ( 'NONE', #7340 ) ;
#7348 = LINE ( 'NONE', #5658, #537 ) ;
#7349 = CIRCLE ( 'NONE', #5724, 10.00000000000000178 ) ;
#7350 = VERTEX_POINT ( 'NONE', #4919 ) ;
#7351 = LINE ( 'NONE', #9838, #4796 ) ;
#7352 = ADVANCED_FACE ( 'NONE', ( #7399, #3082 ), #3197, .T. ) ;
#7353 = DIRECTION ( 'NONE',  ( 0.000000000000000000, 0.000000000000000000, -1.000000000000000000 ) ) ;
#7354 = AXIS2_PLACEMENT_3D ( 'NONE', #5412, #455, #3052 ) ;
#7355 = DIRECTION ( 'NONE',  ( 0.000000000000000000, 0.000000000000000000, 1.000000000000000000 ) ) ;
#7356 = ORIENTED_EDGE ( 'NONE', *, *, #8494, .T. ) ;
#7357 = VECTOR ( 'NONE', #1427, 1000.000000000000000 ) ;
#7358 = VECTOR ( 'NONE', #8292, 1000.000000000000000 ) ;
#7359 = DIRECTION ( 'NONE',  ( 0.000000000000000000, 1.000000000000000000, 2.940873454663932011E-27 ) ) ;
#7360 = CARTESIAN_POINT ( 'NONE',  ( -13.50043034469988434, 23.00000000000000000, 12.01317212208040530 ) ) ;
#7361 = B_SPLINE_CURVE_WITH_KNOTS ( 'NONE', 3,
 ( #640, #4848, #6660, #9134, #7562, #9305, #697, #4128, #8456, #3185 ),
 .UNSPECIFIED., .F., .F.,
 ( 4, 3, 3, 4 ),
 ( 0.000000000000000000, 1.587457236082453503E-05, 3.175370610555695823E-05, 5.665839790398765740E-05 ),
 .UNSPECIFIED. ) ;
#7362 = ORIENTED_EDGE ( 'NONE', *, *, #11020, .T. ) ;
#7363 = SURFACE_STYLE_FILL_AREA ( #1296 ) ;
#7364 = VERTEX_POINT ( 'NONE', #3310 ) ;
#7365 = ORIENTED_EDGE ( 'NONE', *, *, #1208, .T. ) ;
#7366 = ORIENTED_EDGE ( 'NONE', *, *, #9247, .T. ) ;
#7367 =( GEOMETRIC_REPRESENTATION_CONTEXT ( 3 ) GLOBAL_UNCERTAINTY_ASSIGNED_CONTEXT ( ( #1309 ) ) GLOBAL_UNIT_ASSIGNED_CONTEXT ( ( #741, #2495, #4225 ) ) REPRESENTATION_CONTEXT ( 'NONE', 'WORKASPACE' ) );
#7368 = CARTESIAN_POINT ( 'NONE',  ( -33.50000000000000000, 2.000000000000001776, 28.99999999999997158 ) ) ;
#7369 = VERTEX_POINT ( 'NONE', #9034 ) ;
#7370 = EDGE_CURVE ( 'NONE', #6682, #6478, #8359, .T. ) ;
#7371 = DIRECTION ( 'NONE',  ( 0.000000000000000000, -1.000000000000000000, -2.940873454663932011E-27 ) ) ;
#7372 = EDGE_CURVE ( 'NONE', #8166, #10742, #1332, .T. ) ;
#7373 = EDGE_LOOP ( 'NONE', ( #4076, #9782, #9794, #9047 ) ) ;
#7374 = DIRECTION ( 'NONE',  ( 0.02639125895083412748, 2.939690163306099775E-27, -0.9996516900655897375 ) ) ;
#7375 = DIRECTION ( 'NONE',  ( -0.000000000000000000, -1.000000000000000000, -0.000000000000000000 ) ) ;
#7376 = LINE ( 'NONE', #10866, #9820 ) ;
#7377 = LINE ( 'NONE', #6649, #920 ) ;
#7378 = VECTOR ( 'NONE', #8065, 1000.000000000000000 ) ;
#7379 = LINE ( 'NONE', #6711, #7469 ) ;
#7380 = DIRECTION ( 'NONE',  ( 0.000000000000000000, -1.000000000000000000, -0.000000000000000000 ) ) ;
#7381 = ORIENTED_EDGE ( 'NONE', *, *, #10542, .T. ) ;
#7382 = CARTESIAN_POINT ( 'NONE',  ( -45.97666018330589566, 17.25000000000000000, 24.99999999999995381 ) ) ;
#7383 = ORIENTED_EDGE ( 'NONE', *, *, #1969, .F. ) ;
#7384 = ADVANCED_FACE ( 'NONE', ( #656, #9147 ), #8243, .T. ) ;
#7385 = VERTEX_POINT ( 'NONE', #6731 ) ;
#7386 = CARTESIAN_POINT ( 'NONE',  ( 3.000000000000003553, 29.09999999999999787, -20.04445395531110918 ) ) ;
#7387 = B_SPLINE_CURVE_WITH_KNOTS ( 'NONE', 3,
 ( #2978, #2924, #3813, #2190, #7182, #3863, #9774, #271, #3030, #7132, #8868, #8027 ),
 .UNSPECIFIED., .F., .F.,
 ( 4, 2, 2, 2, 2, 4 ),
 ( 0.000000000000000000, 0.0008041205928214066210, 0.001608241185642813242, 0.002010301482053518558, 0.002412361778464224091, 0.003216482371285635158 ),
 .UNSPECIFIED. ) ;
#7388 = FACE_BOUND ( 'NONE', #4106, .T. ) ;
#7389 = ORIENTED_EDGE ( 'NONE', *, *, #9832, .F. ) ;
#7390 = CARTESIAN_POINT ( 'NONE',  ( -27.50000000000000355, 10.49999999999999112, 14.74999999999995204 ) ) ;
#7391 = DIRECTION ( 'NONE',  ( 0.000000000000000000, 0.000000000000000000, -1.000000000000000000 ) ) ;
#7392 = LINE ( 'NONE', #3075, #5226 ) ;
#7393 = AXIS2_PLACEMENT_3D ( 'NONE', #10498, #3751, #6217 ) ;
#7394 = ORIENTED_EDGE ( 'NONE', *, *, #6972, .T. ) ;
#7395 = EDGE_LOOP ( 'NONE', ( #3476, #10477, #7443, #2349 ) ) ;
#7396 = EDGE_CURVE ( 'NONE', #7811, #1686, #3970, .T. ) ;
#7397 = CARTESIAN_POINT ( 'NONE',  ( 25.00000000000000711, 32.00000000000000000, -38.00000000000002132 ) ) ;
#7398 = CARTESIAN_POINT ( 'NONE',  ( 35.00000000000000000, 0.000000000000000000, -29.00000000000002132 ) ) ;
#7399 = FACE_BOUND ( 'NONE', #5132, .T. ) ;
#7400 = AXIS2_PLACEMENT_3D ( 'NONE', #5525, #2006, #9643 ) ;
#7401 = DIRECTION ( 'NONE',  ( 0.000000000000000000, -1.000000000000000000, 0.000000000000000000 ) ) ;
#7402 = CARTESIAN_POINT ( 'NONE',  ( 3.019196611365944527, 32.00000000000000711, 3.728771856952645347 ) ) ;
#7403 = VECTOR ( 'NONE', #5705, 1000.000000000000000 ) ;
#7404 = CARTESIAN_POINT ( 'NONE',  ( -35.00000000000000000, 0.000000000000000000, 28.99999999999998934 ) ) ;
#7405 = CARTESIAN_POINT ( 'NONE',  ( -3.026361226837360934E-10, 26.50000000000000000, 6.750748237269066365 ) ) ;
#7406 = EDGE_CURVE ( 'NONE', #5901, #8495, #2300, .T. ) ;
#7407 = DIRECTION ( 'NONE',  ( -0.000000000000000000, 1.000000000000000000, -0.000000000000000000 ) ) ;
#7408 = EDGE_LOOP ( 'NONE', ( #10954, #6082, #8754, #7176 ) ) ;
#7409 = CARTESIAN_POINT ( 'NONE',  ( 1.101485361694153120, 24.50000000000000000, 5.860867144937121687 ) ) ;
#7410 = AXIS2_PLACEMENT_3D ( 'NONE', #6859, #2486, #1699 ) ;
#7411 = EDGE_LOOP ( 'NONE', ( #8238, #8552, #7065, #3911 ) ) ;
#7412 = EDGE_CURVE ( 'NONE', #7350, #10154, #8245, .T. ) ;
#7413 = CARTESIAN_POINT ( 'NONE',  ( 14.21914622032904418, 26.50000000000000000, 23.06569260839445334 ) ) ;
#7414 = LINE ( 'NONE', #1179, #2664 ) ;
#7415 = CARTESIAN_POINT ( 'NONE',  ( -8.871527771929127226, 29.49999999999991473, 17.83061455813134089 ) ) ;
#7416 = EDGE_LOOP ( 'NONE', ( #6782, #1562, #7195, #10500 ) ) ;
#7417 = VECTOR ( 'NONE', #947, 1000.000000000000000 ) ;
#7418 = PLANE ( 'NONE',  #8360 ) ;
#7419 = EDGE_CURVE ( 'NONE', #7837, #1532, #2150, .T. ) ;
#7420 = DIRECTION ( 'NONE',  ( -1.000000000000000000, 0.000000000000000000, -4.483001173306440485E-11 ) ) ;
#7421 = ORIENTED_EDGE ( 'NONE', *, *, #1576, .T. ) ;
#7422 =( NAMED_UNIT ( * ) SI_UNIT ( $, .STERADIAN. ) SOLID_ANGLE_UNIT ( ) );
#7423 = ORIENTED_EDGE ( 'NONE', *, *, #8259, .F. ) ;
#7424 = ORIENTED_EDGE ( 'NONE', *, *, #5264, .F. ) ;
#7425 = ORIENTED_EDGE ( 'NONE', *, *, #10816, .T. ) ;
#7426 = VECTOR ( 'NONE', #10308, 1000.000000000000000 ) ;
#7427 = CARTESIAN_POINT ( 'NONE',  ( -8.100000000000001421, -5.500000000000000000, -22.60000000000000853 ) ) ;
#7428 = ORIENTED_EDGE ( 'NONE', *, *, #9131, .T. ) ;
#7429 = DIRECTION ( 'NONE',  ( 1.000000000000000000, 0.000000000000000000, 0.000000000000000000 ) ) ;
#7430 = ORIENTED_EDGE ( 'NONE', *, *, #1906, .T. ) ;
#7431 = CARTESIAN_POINT ( 'NONE',  ( 17.70476182858164549, 9.499999999999998224, 27.23807268525122538 ) ) ;
#7432 = DIRECTION ( 'NONE',  ( 0.000000000000000000, 0.000000000000000000, 1.000000000000000000 ) ) ;
#7433 = DIRECTION ( 'NONE',  ( -6.845469849541233612E-15, 0.000000000000000000, 1.000000000000000000 ) ) ;
#7434 = DIRECTION ( 'NONE',  ( -0.000000000000000000, -1.000000000000000000, -0.000000000000000000 ) ) ;
#7435 = VECTOR ( 'NONE', #7095, 1000.000000000000000 ) ;
#7436 = CARTESIAN_POINT ( 'NONE',  ( 15.00000000000000000, 0.000000000000000000, 8.399999999999987921 ) ) ;
#7437 = LINE ( 'NONE', #690, #7938 ) ;
#7438 = EDGE_CURVE ( 'NONE', #5411, #9650, #2413, .T. ) ;
#7439 = EDGE_CURVE ( 'NONE', #9059, #3660, #8414, .T. ) ;
#7440 = ORIENTED_EDGE ( 'NONE', *, *, #8355, .T. ) ;
#7441 = CARTESIAN_POINT ( 'NONE',  ( -25.00000000000000711, 30.00000000000000000, 38.99999999999996447 ) ) ;
#7442 = ORIENTED_EDGE ( 'NONE', *, *, #10435, .T. ) ;
#7443 = ORIENTED_EDGE ( 'NONE', *, *, #9324, .F. ) ;
#7444 = DIRECTION ( 'NONE',  ( 0.000000000000000000, 0.000000000000000000, -1.000000000000000000 ) ) ;
#7445 = FACE_BOUND ( 'NONE', #5114, .T. ) ;
#7446 = ORIENTED_EDGE ( 'NONE', *, *, #8833, .T. ) ;
#7447 = CARTESIAN_POINT ( 'NONE',  ( -27.50000000000000355, 10.50000000000000178, 23.86623553487585525 ) ) ;
#7448 = CARTESIAN_POINT ( 'NONE',  ( 3.504143963082937407, 10.50999999999999091, 13.26303376504072951 ) ) ;
#7449 = LINE ( 'NONE', #1495, #1110 ) ;
#7450 = VECTOR ( 'NONE', #3367, 1000.000000000000000 ) ;
#7451 = EDGE_CURVE ( 'NONE', #5775, #7255, #3044, .T. ) ;
#7452 = EDGE_CURVE ( 'NONE', #11107, #4877, #6499, .T. ) ;
#7453 = VECTOR ( 'NONE', #2553, 1000.000000000000000 ) ;
#7454 = ORIENTED_EDGE ( 'NONE', *, *, #9553, .F. ) ;
#7455 = ORIENTED_EDGE ( 'NONE', *, *, #2550, .T. ) ;
#7456 = CARTESIAN_POINT ( 'NONE',  ( 8.374824250234464529, 9.499999999999998224, 13.67730034089338531 ) ) ;
#7457 = CARTESIAN_POINT ( 'NONE',  ( 17.70476182858164549, 26.50000000000000000, 15.53801126270789190 ) ) ;
#7458 = CARTESIAN_POINT ( 'NONE',  ( -46.31370849898476649, 10.49999999999999822, 17.99999999999995381 ) ) ;
#7459 = AXIS2_PLACEMENT_3D ( 'NONE', #5723, #5782, #3827 ) ;
#7460 = CARTESIAN_POINT ( 'NONE',  ( -10.26147307730576586, 29.50000000000000000, 18.29275258562281437 ) ) ;
#7461 = VECTOR ( 'NONE', #8218, 1000.000000000000000 ) ;
#7462 = CARTESIAN_POINT ( 'NONE',  ( 15.84405090676714600, 28.49999999999999645, 13.67730034089338709 ) ) ;
#7463 = CARTESIAN_POINT ( 'NONE',  ( 6.346119218776774318, 9.499999999999998224, 11.64859530943569332 ) ) ;
#7464 = PLANE ( 'NONE',  #5479 ) ;
#7465 = EDGE_CURVE ( 'NONE', #4130, #10110, #7247, .T. ) ;
#7466 = PLANE ( 'NONE',  #2227 ) ;
#7467 = EDGE_LOOP ( 'NONE', ( #8519, #8807, #5084, #4627 ) ) ;
#7468 = LINE ( 'NONE', #2251, #1633 ) ;
#7469 = VECTOR ( 'NONE', #8221, 1000.000000000000000 ) ;
#7470 = VECTOR ( 'NONE', #3803, 1000.000000000000000 ) ;
#7471 = ORIENTED_EDGE ( 'NONE', *, *, #9572, .F. ) ;
#7472 = DIRECTION ( 'NONE',  ( 0.000000000000000000, 0.000000000000000000, 1.000000000000000000 ) ) ;
#7473 = CARTESIAN_POINT ( 'NONE',  ( -11.06228552285211464, 32.00000000000000000, 18.55733591888999712 ) ) ;
#7474 = LINE ( 'NONE', #2313, #9262 ) ;
#7475 = ADVANCED_FACE ( 'NONE', ( #876 ), #8688, .T. ) ;
#7476 = ORIENTED_EDGE ( 'NONE', *, *, #10224, .T. ) ;
#7477 = VECTOR ( 'NONE', #6416, 1000.000000000000000 ) ;
#7478 = AXIS2_PLACEMENT_3D ( 'NONE', #1816, #5224, #6817 ) ;
#7479 = FACE_OUTER_BOUND ( 'NONE', #4025, .T. ) ;
#7480 = EDGE_CURVE ( 'NONE', #3541, #7128, #984, .T. ) ;
#7481 = CARTESIAN_POINT ( 'NONE',  ( 50.00539578651591910, 10.50999999999999091, 23.06569260839445334 ) ) ;
#7482 = VERTEX_POINT ( 'NONE', #93 ) ;
#7483 = LINE ( 'NONE', #2207, #10317 ) ;
#7484 = EDGE_LOOP ( 'NONE', ( #6188, #9019, #2452, #1372 ) ) ;
#7485 = ORIENTED_EDGE ( 'NONE', *, *, #3785, .T. ) ;
#7486 = ORIENTED_EDGE ( 'NONE', *, *, #333, .T. ) ;
#7487 = AXIS2_PLACEMENT_3D ( 'NONE', #10352, #6179, #8765 ) ;
#7488 = ORIENTED_EDGE ( 'NONE', *, *, #9377, .F. ) ;
#7489 = CARTESIAN_POINT ( 'NONE',  ( -25.00000000000000711, 30.00000000000000000, -37.50000000000002842 ) ) ;
#7490 = EDGE_CURVE ( 'NONE', #6343, #9525, #4308, .T. ) ;
#7491 = ORIENTED_EDGE ( 'NONE', *, *, #4078, .F. ) ;
#7492 = DIRECTION ( 'NONE',  ( 0.000000000000000000, -1.000000000000000000, 0.000000000000000000 ) ) ;
#7493 = B_SPLINE_CURVE_WITH_KNOTS ( 'NONE', 2,
 ( #797, #3710, #1856 ),
 .UNSPECIFIED., .F., .F.,
 ( 3, 3 ),
 ( 7.000000000000000000, 8.000000000000000000 ),
 .UNSPECIFIED. ) ;
#7494 = CARTESIAN_POINT ( 'NONE',  ( -25.00000000000000711, 32.00000000000000000, -38.00000000000002842 ) ) ;
#7495 = LINE ( 'NONE', #461, #5112 ) ;
#7496 = FACE_OUTER_BOUND ( 'NONE', #9074, .T. ) ;
#7497 = FACE_BOUND ( 'NONE', #7102, .T. ) ;
#7498 = CARTESIAN_POINT ( 'NONE',  ( -14.10000000000000675, -5.500000000000000000, -22.60000000000000853 ) ) ;
#7499 = EDGE_LOOP ( 'NONE', ( #8321, #9942, #10124, #7758 ) ) ;
#7500 = DIRECTION ( 'NONE',  ( 0.000000000000000000, 0.000000000000000000, 1.000000000000000000 ) ) ;
#7501 = ORIENTED_EDGE ( 'NONE', *, *, #9480, .T. ) ;
#7502 = ORIENTED_EDGE ( 'NONE', *, *, #5096, .F. ) ;
#7503 = EDGE_CURVE ( 'NONE', #2489, #7837, #9378, .T. ) ;
#7504 = DIRECTION ( 'NONE',  ( 0.000000000000000000, 0.000000000000000000, 1.000000000000000000 ) ) ;
#7505 = DIRECTION ( 'NONE',  ( 1.000000000000000000, 0.000000000000000000, 4.336808689942017736E-16 ) ) ;
#7506 = ORIENTED_EDGE ( 'NONE', *, *, #8274, .T. ) ;
#7507 = CARTESIAN_POINT ( 'NONE',  ( -33.50000000000000000, 9.750498023811029924, 24.99999999999995381 ) ) ;
#7508 = DIRECTION ( 'NONE',  ( -0.000000000000000000, -1.000000000000000000, 5.782891589540701605E-16 ) ) ;
#7509 = CARTESIAN_POINT ( 'NONE',  ( -25.50000000000000355, 10.50000000000000178, 23.86623553487585525 ) ) ;
#7510 = EDGE_LOOP ( 'NONE', ( #111, #8346, #3512, #423 ) ) ;
#7511 = VERTEX_POINT ( 'NONE', #2688 ) ;
#7512 = CARTESIAN_POINT ( 'NONE',  ( -25.00000000000000711, 28.49999999999999645, 37.49999999999996447 ) ) ;
#7513 = EDGE_CURVE ( 'NONE', #5436, #9650, #880, .T. ) ;
#7514 = DIRECTION ( 'NONE',  ( 0.000000000000000000, 0.000000000000000000, 1.000000000000000000 ) ) ;
#7515 = ADVANCED_FACE ( 'NONE', ( #1679 ), #8633, .T. ) ;
#7516 = DIRECTION ( 'NONE',  ( 1.000000000000000000, -0.000000000000000000, 3.802133645976563900E-16 ) ) ;
#7517 = DIRECTION ( 'NONE',  ( -1.196361017915039486E-16, 0.000000000000000000, -1.000000000000000000 ) ) ;
#7518 = CARTESIAN_POINT ( 'NONE',  ( -19.81171673543281031, 9.499999999999998224, 12.01317212208040708 ) ) ;
#7519 = EDGE_CURVE ( 'NONE', #6204, #9472, #5197, .T. ) ;
#7520 = DIRECTION ( 'NONE',  ( -0.06163844014495914458, 0.000000000000000000, -0.9980985435799895056 ) ) ;
#7521 = LINE ( 'NONE', #660, #5130 ) ;
#7522 = FACE_OUTER_BOUND ( 'NONE', #3689, .T. ) ;
#7523 = VECTOR ( 'NONE', #954, 1000.000000000000000 ) ;
#7524 = VERTEX_POINT ( 'NONE', #1735 ) ;
#7525 = DIRECTION ( 'NONE',  ( 0.000000000000000000, 0.000000000000000000, -1.000000000000000000 ) ) ;
#7526 = AXIS2_PLACEMENT_3D ( 'NONE', #4548, #2770, #10462 ) ;
#7527 = ORIENTED_EDGE ( 'NONE', *, *, #8105, .T. ) ;
#7528 = CARTESIAN_POINT ( 'NONE',  ( 15.00000000000000000, -11.50000000000000000, -21.14000000000000767 ) ) ;
#7529 = VECTOR ( 'NONE', #10341, 1000.000000000000000 ) ;
#7530 = CARTESIAN_POINT ( 'NONE',  ( 2.491430667064947535, 24.49999999999998934, 10.88795047701371210 ) ) ;
#7531 = EDGE_CURVE ( 'NONE', #846, #10332, #8524, .T. ) ;
#7532 = CARTESIAN_POINT ( 'NONE',  ( -25.00000000000000000, 5.000000000000000000, 37.49999999999999289 ) ) ;
#7533 = ORIENTED_EDGE ( 'NONE', *, *, #10476, .T. ) ;
#7534 = FACE_OUTER_BOUND ( 'NONE', #10933, .T. ) ;
#7535 = AXIS2_PLACEMENT_3D ( 'NONE', #2231, #5695, #10932 ) ;
#7536 = CARTESIAN_POINT ( 'NONE',  ( -4.098455636355274656, 23.00000000000000000, 25.49999999999944222 ) ) ;
#7537 = ORIENTED_EDGE ( 'NONE', *, *, #5903, .T. ) ;
#7538 = DIRECTION ( 'NONE',  ( 0.000000000000000000, 1.000000000000000000, 3.491481338843133355E-15 ) ) ;
#7539 = VERTEX_POINT ( 'NONE', #5089 ) ;
#7540 = ORIENTED_EDGE ( 'NONE', *, *, #2416, .F. ) ;
#7541 = ORIENTED_EDGE ( 'NONE', *, *, #5530, .F. ) ;
#7542 = ORIENTED_EDGE ( 'NONE', *, *, #6302, .F. ) ;
#7543 = DIRECTION ( 'NONE',  ( 1.000000000000000000, 0.000000000000000000, 0.000000000000000000 ) ) ;
#7544 = ADVANCED_FACE ( 'NONE', ( #6097 ), #7684, .T. ) ;
#7545 = AXIS2_PLACEMENT_3D ( 'NONE', #2744, #8523, #10326 ) ;
#7546 = VECTOR ( 'NONE', #7677, 1000.000000000000000 ) ;
#7547 = EDGE_LOOP ( 'NONE', ( #9286, #2922, #8689, #3305 ) ) ;
#7548 = PLANE ( 'NONE',  #10783 ) ;
#7549 = CARTESIAN_POINT ( 'NONE',  ( -1.380882952920176265, 24.50000000000000000, 12.28088276325549089 ) ) ;
#7550 = CARTESIAN_POINT ( 'NONE',  ( 1.579985617222513516, 24.50000000000000000, 11.44345228739796738 ) ) ;
#7551 = LINE ( 'NONE', #10978, #3626 ) ;
#7552 = CARTESIAN_POINT ( 'NONE',  ( 1.581279503555507837, 24.50000000000000355, 11.48414578258328866 ) ) ;
#7553 = FACE_OUTER_BOUND ( 'NONE', #10964, .T. ) ;
#7554 = ORIENTED_EDGE ( 'NONE', *, *, #6348, .T. ) ;
#7555 = FACE_OUTER_BOUND ( 'NONE', #6597, .T. ) ;
#7556 = EDGE_CURVE ( 'NONE', #2465, #1459, #7349, .T. ) ;
#7557 = CIRCLE ( 'NONE', #4139, 8.499999999999996447 ) ;
#7558 = FACE_OUTER_BOUND ( 'NONE', #7849, .T. ) ;
#7559 = ORIENTED_EDGE ( 'NONE', *, *, #369, .F. ) ;
#7560 = EDGE_CURVE ( 'NONE', #1459, #7836, #3423, .T. ) ;
#7561 = VERTEX_POINT ( 'NONE', #8575 ) ;
#7562 = CARTESIAN_POINT ( 'NONE',  ( -1.579453351306496112, 24.50000000000000000, 11.46297966177918504 ) ) ;
#7563 = CARTESIAN_POINT ( 'NONE',  ( 10.26313544483707041, 23.00000000000000000, 18.29275258569049001 ) ) ;
#7564 = VECTOR ( 'NONE', #8835, 1000.000000000000000 ) ;
#7565 = ORIENTED_EDGE ( 'NONE', *, *, #5838, .F. ) ;
#7566 = DIRECTION ( 'NONE',  ( -1.000000000000000000, 3.903008586714626491E-40, -1.295630333478932463E-13 ) ) ;
#7567 = LINE ( 'NONE', #2678, #9330 ) ;
#7568 = DIRECTION ( 'NONE',  ( 0.000000000000000000, 1.000000000000000000, 3.491481338843133355E-15 ) ) ;
#7569 = ORIENTED_EDGE ( 'NONE', *, *, #5963, .F. ) ;
#7570 = VECTOR ( 'NONE', #7319, 1000.000000000000000 ) ;
#7571 = ORIENTED_EDGE ( 'NONE', *, *, #4318, .F. ) ;
#7572 = DIRECTION ( 'NONE',  ( -4.908688302946797707E-17, 0.000000000000000000, 1.000000000000000000 ) ) ;
#7573 = DIRECTION ( 'NONE',  ( 1.000000000000000000, 0.000000000000000000, 1.980797589838356288E-15 ) ) ;
#7574 = CARTESIAN_POINT ( 'NONE',  ( -2.988416466389634429, 31.99999999999999289, -0.2680478081731442197 ) ) ;
#7575 = CARTESIAN_POINT ( 'NONE',  ( -15.00000000000000000, -13.00000000000000000, -25.10000000000000853 ) ) ;
#7576 = CARTESIAN_POINT ( 'NONE',  ( 1.577748280683119564, 25.00000000000013500, 11.42771081216553064 ) ) ;
#7577 = CIRCLE ( 'NONE', #8830, 5.000000000000000888 ) ;
#7578 = DIRECTION ( 'NONE',  ( 0.000000000000000000, 1.000000000000000000, 3.491481338843133355E-15 ) ) ;
#7579 = CARTESIAN_POINT ( 'NONE',  ( -33.50000000000000000, 16.50000000000002132, 18.98421203201065666 ) ) ;
#7580 = DIRECTION ( 'NONE',  ( -0.000000000000000000, 1.000000000000000000, -0.000000000000000000 ) ) ;
#7581 = ADVANCED_FACE ( 'NONE', ( #10383 ), #10271, .F. ) ;
#7582 = ORIENTED_EDGE ( 'NONE', *, *, #4604, .F. ) ;
#7583 = ADVANCED_FACE ( 'NONE', ( #931 ), #10216, .T. ) ;
#7584 = CARTESIAN_POINT ( 'NONE',  ( 1.101485361694153120, 24.49999999999998579, 5.187071063562613382 ) ) ;
#7585 = ORIENTED_EDGE ( 'NONE', *, *, #4342, .T. ) ;
#7586 = LINE ( 'NONE', #3321, #6428 ) ;
#7587 = VECTOR ( 'NONE', #3897, 1000.000000000000000 ) ;
#7588 = CARTESIAN_POINT ( 'NONE',  ( -2.718593322160459014, 32.00000000000000711, 7.259863832289030761 ) ) ;
#7589 = CARTESIAN_POINT ( 'NONE',  ( 3.569651276120686223, 32.00000000000000000, 1.220887574729981884 ) ) ;
#7590 = EDGE_LOOP ( 'NONE', ( #1591, #6918, #4461, #420 ) ) ;
#7591 = DIRECTION ( 'NONE',  ( 1.724440263185883619E-16, 0.000000000000000000, 1.000000000000000000 ) ) ;
#7592 = VECTOR ( 'NONE', #177, 1000.000000000000000 ) ;
#7593 = CARTESIAN_POINT ( 'NONE',  ( -34.00000000000000000, 32.00000000000000000, 28.99999999999997158 ) ) ;
#7594 = ORIENTED_EDGE ( 'NONE', *, *, #661, .F. ) ;
#7595 = EDGE_CURVE ( 'NONE', #3277, #9057, #8341, .T. ) ;
#7596 = LINE ( 'NONE', #10348, #6358 ) ;
#7597 = VERTEX_POINT ( 'NONE', #7062 ) ;
#7598 = VERTEX_POINT ( 'NONE', #4686 ) ;
#7599 = ORIENTED_EDGE ( 'NONE', *, *, #4787, .F. ) ;
#7600 = DIRECTION ( 'NONE',  ( 0.000000000000000000, 0.000000000000000000, 1.000000000000000000 ) ) ;
#7601 = VECTOR ( 'NONE', #5656, 1000.000000000000000 ) ;
#7602 = ORIENTED_EDGE ( 'NONE', *, *, #10968, .F. ) ;
#7603 = FACE_OUTER_BOUND ( 'NONE', #3037, .T. ) ;
#7604 = LINE ( 'NONE', #9406, #2805 ) ;
#7605 = DIRECTION ( 'NONE',  ( -0.000000000000000000, -1.000000000000000000, -0.000000000000000000 ) ) ;
#7606 = FACE_OUTER_BOUND ( 'NONE', #7997, .T. ) ;
#7607 = LINE ( 'NONE', #3401, #3352 ) ;
#7608 = LINE ( 'NONE', #4288, #5063 ) ;
#7609 = ORIENTED_EDGE ( 'NONE', *, *, #4972, .F. ) ;
#7610 = EDGE_CURVE ( 'NONE', #2699, #7482, #5474, .T. ) ;
#7611 = PLANE ( 'NONE',  #11018 ) ;
#7612 = VECTOR ( 'NONE', #10470, 1000.000000000000000 ) ;
#7613 = DIRECTION ( 'NONE',  ( -1.000000000000000000, 0.000000000000000000, 0.000000000000000000 ) ) ;
#7614 = VERTEX_POINT ( 'NONE', #1097 ) ;
#7615 = ORIENTED_EDGE ( 'NONE', *, *, #5230, .T. ) ;
#7616 = DIRECTION ( 'NONE',  ( -1.093772683465830541E-16, -0.000000000000000000, 1.000000000000000000 ) ) ;
#7617 = CARTESIAN_POINT ( 'NONE',  ( 15.00000000000000000, -13.00000000000000000, -21.60000000000000853 ) ) ;
#7618 = ADVANCED_FACE ( 'NONE', ( #2854 ), #2071, .F. ) ;
#7619 = AXIS2_PLACEMENT_3D ( 'NONE', #4162, #6013, #5958 ) ;
#7620 = ORIENTED_EDGE ( 'NONE', *, *, #2962, .F. ) ;
#7621 = CARTESIAN_POINT ( 'NONE',  ( 14.21914622032904241, 10.50999999999999091, -39.28468037378117117 ) ) ;
#7622 = PLANE ( 'NONE',  #5206 ) ;
#7623 = LINE ( 'NONE', #2623, #7764 ) ;
#7624 = EDGE_CURVE ( 'NONE', #7180, #5789, #8908, .T. ) ;
#7625 = ORIENTED_EDGE ( 'NONE', *, *, #9588, .F. ) ;
#7626 = ORIENTED_EDGE ( 'NONE', *, *, #2703, .T. ) ;
#7627 = LINE ( 'NONE', #11054, #7450 ) ;
#7628 = CARTESIAN_POINT ( 'NONE',  ( 15.00000000000000000, 0.000000000000000000, 13.39999999999998792 ) ) ;
#7629 = CARTESIAN_POINT ( 'NONE',  ( 1.580183462353449642, 32.00000000000000000, 11.44412919867492029 ) ) ;
#7630 = EDGE_CURVE ( 'NONE', #3902, #2093, #1211, .T. ) ;
#7631 = CARTESIAN_POINT ( 'NONE',  ( -1.579617136008335088, 32.00000000000000000, 11.48414578258329399 ) ) ;
#7632 = DIRECTION ( 'NONE',  ( 2.748605226541390801E-16, 0.000000000000000000, 1.000000000000000000 ) ) ;
#7633 = DIRECTION ( 'NONE',  ( -0.000000000000000000, -1.000000000000000000, -0.000000000000000000 ) ) ;
#7634 = FACE_OUTER_BOUND ( 'NONE', #6949, .T. ) ;
#7635 = CARTESIAN_POINT ( 'NONE',  ( 25.00000000000000711, 28.49999999999999645, 28.99999999999997158 ) ) ;
#7636 = ORIENTED_EDGE ( 'NONE', *, *, #369, .T. ) ;
#7637 = DIRECTION ( 'NONE',  ( 9.815291161854818648E-14, 0.000000000000000000, 1.000000000000000000 ) ) ;
#7638 = VERTEX_POINT ( 'NONE', #3800 ) ;
#7639 = CARTESIAN_POINT ( 'NONE',  ( 14.21914622032904418, 26.50000000000000000, 20.06569260839445690 ) ) ;
#7640 = VECTOR ( 'NONE', #5430, 1000.000000000000000 ) ;
#7641 = AXIS2_PLACEMENT_3D ( 'NONE', #4442, #1871, #3669 ) ;
#7642 = DIRECTION ( 'NONE',  ( 0.000000000000000000, -0.000000000000000000, -1.000000000000000000 ) ) ;
#7643 = CARTESIAN_POINT ( 'NONE',  ( 10.26313544485287643, 23.00000000000000000, 18.29275258562293516 ) ) ;
#7644 = ORIENTED_EDGE ( 'NONE', *, *, #6680, .T. ) ;
#7645 = ADVANCED_FACE ( 'NONE', ( #9649 ), #2016, .F. ) ;
#7646 = CARTESIAN_POINT ( 'NONE',  ( 17.70476182858164549, 24.50000000000000000, 15.53801126270789190 ) ) ;
#7647 = AXIS2_PLACEMENT_3D ( 'NONE', #10811, #574, #689 ) ;
#7648 = CARTESIAN_POINT ( 'NONE',  ( -14.99999999999999645, 0.5000000000000000000, 8.399999999999991473 ) ) ;
#7649 = VECTOR ( 'NONE', #8897, 1000.000000000000000 ) ;
#7650 = ORIENTED_EDGE ( 'NONE', *, *, #6031, .F. ) ;
#7651 = CARTESIAN_POINT ( 'NONE',  ( -11.10000000000000675, 31.50000000000000000, -21.10000000000000853 ) ) ;
#7652 = ORIENTED_EDGE ( 'NONE', *, *, #4214, .F. ) ;
#7653 = ORIENTED_EDGE ( 'NONE', *, *, #7693, .F. ) ;
#7654 = VERTEX_POINT ( 'NONE', #7223 ) ;
#7655 = DIRECTION ( 'NONE',  ( -1.000000000000000000, -0.000000000000000000, -7.042722500554166628E-15 ) ) ;
#7656 = VECTOR ( 'NONE', #807, 1000.000000000000000 ) ;
#7657 = AXIS2_PLACEMENT_3D ( 'NONE', #6872, #7712, #2606 ) ;
#7658 = VERTEX_POINT ( 'NONE', #1265 ) ;
#7659 = CARTESIAN_POINT ( 'NONE',  ( 17.70476182858164549, 24.99999999999999645, 27.23807268525122538 ) ) ;
#7660 = ADVANCED_FACE ( 'NONE', ( #5415 ), #4286, .T. ) ;
#7661 = DIRECTION ( 'NONE',  ( 1.000000000000000000, 0.000000000000000000, 0.000000000000000000 ) ) ;
#7662 = ADVANCED_FACE ( 'NONE', ( #6379 ), #2682, .T. ) ;
#7663 = DIRECTION ( 'NONE',  ( -1.000000000000000000, 0.000000000000000000, -2.312964634635748873E-16 ) ) ;
#7664 = FACE_OUTER_BOUND ( 'NONE', #7975, .T. ) ;
#7665 = CARTESIAN_POINT ( 'NONE',  ( -25.88422689413609490, 14.99999999999999645, 10.99999999999995381 ) ) ;
#7666 = LINE ( 'NONE', #10250, #8838 ) ;
#7667 = ADVANCED_FACE ( 'NONE', ( #2799 ), #5359, .F. ) ;
#7668 = ORIENTED_EDGE ( 'NONE', *, *, #5622, .T. ) ;
#7669 = LINE ( 'NONE', #10416, #7426 ) ;
#7670 = DIRECTION ( 'NONE',  ( 0.000000000000000000, 0.000000000000000000, -1.000000000000000000 ) ) ;
#7671 = ORIENTED_EDGE ( 'NONE', *, *, #661, .T. ) ;
#7672 = ORIENTED_EDGE ( 'NONE', *, *, #2761, .T. ) ;
#7673 = CARTESIAN_POINT ( 'NONE',  ( -15.00000000000000000, -13.00000000000000000, 13.39999999999998792 ) ) ;
#7674 = DIRECTION ( 'NONE',  ( -1.000000000000000000, 1.318503921650895496E-37, -4.483001173306441131E-11 ) ) ;
#7675 = ADVANCED_FACE ( 'NONE', ( #8854 ), #8968, .F. ) ;
#7676 = FACE_BOUND ( 'NONE', #5057, .T. ) ;
#7677 = DIRECTION ( 'NONE',  ( 0.000000000000000000, 1.000000000000000000, 3.491481338843133355E-15 ) ) ;
#7678 = LINE ( 'NONE', #2679, #4359 ) ;
#7679 = VECTOR ( 'NONE', #9444, 1000.000000000000000 ) ;
#7680 = ORIENTED_EDGE ( 'NONE', *, *, #8508, .F. ) ;
#7681 = ORIENTED_EDGE ( 'NONE', *, *, #10198, .F. ) ;
#7682 = LINE ( 'NONE', #3420, #7807 ) ;
#7683 = CARTESIAN_POINT ( 'NONE',  ( 8.374824250234464529, 23.00000000000000000, 13.67730034089338531 ) ) ;
#7684 = PLANE ( 'NONE',  #9336 ) ;
#7685 = EDGE_CURVE ( 'NONE', #1090, #10463, #419, .T. ) ;
#7686 = CARTESIAN_POINT ( 'NONE',  ( -15.27500000000000746, -13.99999999999999822, -22.60000000000000853 ) ) ;
#7687 = CARTESIAN_POINT ( 'NONE',  ( -2.999999999999999112, 9.499999999999998224, 15.53801126270789190 ) ) ;
#7688 = LINE ( 'NONE', #8579, #9009 ) ;
#7689 = CARTESIAN_POINT ( 'NONE',  ( -25.50000000000000355, 19.50000000000000355, 23.86623553487585525 ) ) ;
#7690 = CARTESIAN_POINT ( 'NONE',  ( -8.743329047513924479, 23.00000000000000000, 7.256070824894444549 ) ) ;
#7691 = ORIENTED_EDGE ( 'NONE', *, *, #8993, .F. ) ;
#7692 = CARTESIAN_POINT ( 'NONE',  ( 0.000000000000000000, 23.00000000000000000, 18.33801126270789084 ) ) ;
#7693 = EDGE_CURVE ( 'NONE', #6012, #11070, #6155, .T. ) ;
#7694 = VERTEX_POINT ( 'NONE', #10601 ) ;
#7695 = FACE_OUTER_BOUND ( 'NONE', #3777, .T. ) ;
#7696 = CARTESIAN_POINT ( 'NONE',  ( -2.638482790986824700, 32.00000000000000711, 7.123331250798041303 ) ) ;
#7697 = CARTESIAN_POINT ( 'NONE',  ( -33.50000000000000000, 19.50000000000000355, 19.86623553487585170 ) ) ;
#7698 = EDGE_CURVE ( 'NONE', #8070, #7874, #1899, .T. ) ;
#7699 = VECTOR ( 'NONE', #6511, 1000.000000000000000 ) ;
#7700 = DIRECTION ( 'NONE',  ( 4.483001173306440485E-11, 2.940873454663932011E-27, -1.000000000000000000 ) ) ;
#7701 = DIRECTION ( 'NONE',  ( -4.336808689942017736E-16, -0.000000000000000000, 1.000000000000000000 ) ) ;
#7702 = EDGE_LOOP ( 'NONE', ( #2534, #10720, #9418, #2067 ) ) ;
#7703 = DIRECTION ( 'NONE',  ( 1.000000000000000000, -2.438088387897967896E-29, 6.982962677686266711E-15 ) ) ;
#7704 = AXIS2_PLACEMENT_3D ( 'NONE', #7737, #5938, #7843 ) ;
#7705 = ORIENTED_EDGE ( 'NONE', *, *, #372, .F. ) ;
#7706 = ORIENTED_EDGE ( 'NONE', *, *, #2591, .F. ) ;
#7707 = ORIENTED_EDGE ( 'NONE', *, *, #9275, .T. ) ;
#7708 = CARTESIAN_POINT ( 'NONE',  ( -2.799999999999999378, -2.999999999999999112, 21.13801126270789155 ) ) ;
#7709 = EDGE_LOOP ( 'NONE', ( #510, #8354, #2772, #2715 ) ) ;
#7710 = CARTESIAN_POINT ( 'NONE',  ( -13.49999999999999822, 0.5000000000000000000, 6.899999999999989697 ) ) ;
#7711 = VECTOR ( 'NONE', #10764, 1000.000000000000000 ) ;
#7712 = DIRECTION ( 'NONE',  ( 0.000000000000000000, 1.000000000000000000, 0.000000000000000000 ) ) ;
#7713 = LINE ( 'NONE', #8502, #10079 ) ;
#7714 = DIRECTION ( 'NONE',  ( 0.000000000000000000, 0.000000000000000000, -1.000000000000000000 ) ) ;
#7715 = CARTESIAN_POINT ( 'NONE',  ( -35.00000000000000000, 14.99999999999999645, 3.999999999999954259 ) ) ;
#7716 = ORIENTED_EDGE ( 'NONE', *, *, #9757, .F. ) ;
#7717 = CARTESIAN_POINT ( 'NONE',  ( 13.38518194069571443, 10.50999999999999091, 24.33278622262459123 ) ) ;
#7718 = EDGE_CURVE ( 'NONE', #2839, #4012, #7955, .T. ) ;
#7719 = EDGE_CURVE ( 'NONE', #5259, #1762, #1957, .T. ) ;
#7720 = VECTOR ( 'NONE', #3239, 1000.000000000000000 ) ;
#7721 = LINE ( 'NONE', #26, #5494 ) ;
#7722 = ORIENTED_EDGE ( 'NONE', *, *, #1461, .T. ) ;
#7723 = VERTEX_POINT ( 'NONE', #6487 ) ;
#7724 = DIRECTION ( 'NONE',  ( 4.336808689942017736E-16, 0.000000000000000000, -1.000000000000000000 ) ) ;
#7725 = DIRECTION ( 'NONE',  ( 0.000000000000000000, 0.000000000000000000, -1.000000000000000000 ) ) ;
#7726 = CARTESIAN_POINT ( 'NONE',  ( -25.00000000000000711, -3.000000000000000000, 28.99999999999997158 ) ) ;
#7727 = FILL_AREA_STYLE_COLOUR ( '', #2708 ) ;
#7728 = VECTOR ( 'NONE', #5856, 1000.000000000000000 ) ;
#7729 = DIRECTION ( 'NONE',  ( -0.000000000000000000, -1.000000000000000000, -0.000000000000000000 ) ) ;
#7730 = AXIS2_PLACEMENT_3D ( 'NONE', #10168, #8531, #5155 ) ;
#7731 = ORIENTED_EDGE ( 'NONE', *, *, #8679, .T. ) ;
#7732 = EDGE_CURVE ( 'NONE', #6700, #3591, #1319, .T. ) ;
#7733 = ORIENTED_EDGE ( 'NONE', *, *, #4772, .F. ) ;
#7734 = CARTESIAN_POINT ( 'NONE',  ( -19.81171673543281031, 26.50000000000000000, 12.01317212208040708 ) ) ;
#7735 = VECTOR ( 'NONE', #6196, 1000.000000000000000 ) ;
#7736 = CARTESIAN_POINT ( 'NONE',  ( 11.09999999999999076, 31.50000000000000000, -21.10000000000000853 ) ) ;
#7737 = CARTESIAN_POINT ( 'NONE',  ( -13.37439034813270311, 10.50999999999999091, 19.09402330380816437 ) ) ;
#7738 = PLANE ( 'NONE',  #2186 ) ;
#7739 = DIRECTION ( 'NONE',  ( -0.8056530427668326944, 0.000000000000000000, 0.5923876895079301930 ) ) ;
#7740 = CARTESIAN_POINT ( 'NONE',  ( 15.00000000000000000, 0.000000000000000000, 8.399999999999987921 ) ) ;
#7741 = VECTOR ( 'NONE', #2856, 1000.000000000000000 ) ;
#7742 = EDGE_LOOP ( 'NONE', ( #365, #6372, #7249, #6376 ) ) ;
#7743 = ADVANCED_FACE ( 'NONE', ( #7445, #6601, #10033, #6661, #7388, #9021, #2342, #9978 ), #5637, .F. ) ;
#7744 = EDGE_LOOP ( 'NONE', ( #9930, #590, #2439, #2454 ) ) ;
#7745 = DIRECTION ( 'NONE',  ( -1.000000000000000000, 0.000000000000000000, -1.310214105722663983E-16 ) ) ;
#7746 = ORIENTED_EDGE ( 'NONE', *, *, #5367, .T. ) ;
#7747 = CARTESIAN_POINT ( 'NONE',  ( 1.101485361694153120, 25.00000000000015277, 5.860867144937123463 ) ) ;
#7748 = CARTESIAN_POINT ( 'NONE',  ( 25.00000000000000711, 2.000000000000000000, 28.99999999999997158 ) ) ;
#7749 = VECTOR ( 'NONE', #7159, 999.9999999999998863 ) ;
#7750 = EDGE_CURVE ( 'NONE', #2049, #11107, #3070, .T. ) ;
#7751 = CARTESIAN_POINT ( 'NONE',  ( -1.579123913260913170, 32.00000000000000000, 11.45401321221913626 ) ) ;
#7752 = LINE ( 'NONE', #3441, #6693 ) ;
#7753 = ORIENTED_EDGE ( 'NONE', *, *, #6242, .F. ) ;
#7754 = FILL_AREA_STYLE ('',( #4329 ) ) ;
#7755 = ADVANCED_FACE ( 'NONE', ( #641 ), #4016, .F. ) ;
#7756 = VECTOR ( 'NONE', #9544, 999.9999999999998863 ) ;
#7757 = VERTEX_POINT ( 'NONE', #1553 ) ;
#7758 = ORIENTED_EDGE ( 'NONE', *, *, #1281, .F. ) ;
#7759 = ITEM_DEFINED_TRANSFORMATION ( 'NONE', 'NONE', #662,  #1005 ) ;
#7760 = CARTESIAN_POINT ( 'NONE',  ( 7.599667515478469859, 23.00000000000000000, 18.11989492295154491 ) ) ;
#7761 = VERTEX_POINT ( 'NONE', #1489 ) ;
#7762 = CARTESIAN_POINT ( 'NONE',  ( -0.4083112497799152862, 24.50000000000000000, 13.01490985343623663 ) ) ;
#7763 = EDGE_CURVE ( 'NONE', #7295, #8020, #4849, .T. ) ;
#7764 = VECTOR ( 'NONE', #7729, 1000.000000000000000 ) ;
#7765 = DIRECTION ( 'NONE',  ( 0.000000000000000000, -1.000000000000000000, 0.000000000000000000 ) ) ;
#7766 = LINE ( 'NONE', #69, #10979 ) ;
#7767 = VECTOR ( 'NONE', #8242, 1000.000000000000000 ) ;
#7768 = FACE_OUTER_BOUND ( 'NONE', #5507, .T. ) ;
#7769 = CARTESIAN_POINT ( 'NONE',  ( 15.09999999999999609, -11.50000000000000000, -16.60000000000000142 ) ) ;
#7770 = ORIENTED_EDGE ( 'NONE', *, *, #6909, .T. ) ;
#7771 = CARTESIAN_POINT ( 'NONE',  ( 3.000000000000000000, 29.09999999999999787, -14.04445395531110563 ) ) ;
#7772 = FACE_OUTER_BOUND ( 'NONE', #2785, .T. ) ;
#7773 = AXIS2_PLACEMENT_3D ( 'NONE', #4662, #6131, #1935 ) ;
#7774 = DIRECTION ( 'NONE',  ( 0.000000000000000000, 0.000000000000000000, -1.000000000000000000 ) ) ;
#7775 = ORIENTED_EDGE ( 'NONE', *, *, #6757, .F. ) ;
#7776 = ORIENTED_EDGE ( 'NONE', *, *, #11086, .T. ) ;
#7777 = CARTESIAN_POINT ( 'NONE',  ( -35.00000000000000000, 9.499999999999998224, 24.99999999999995381 ) ) ;
#7778 = FACE_OUTER_BOUND ( 'NONE', #7510, .T. ) ;
#7779 = DIRECTION ( 'NONE',  ( -0.000000000000000000, -1.000000000000000000, -0.000000000000000000 ) ) ;
#7780 = ADVANCED_FACE ( 'NONE', ( #8348 ), #9921, .F. ) ;
#7781 = FACE_OUTER_BOUND ( 'NONE', #9971, .T. ) ;
#7782 = VECTOR ( 'NONE', #3327, 1000.000000000000000 ) ;
#7783 = LINE ( 'NONE', #5026, #1118 ) ;
#7784 = EDGE_LOOP ( 'NONE', ( #882, #10121, #10, #113 ) ) ;
#7785 = B_SPLINE_SURFACE_WITH_KNOTS ( 'NONE', 3, 1, ( 
 ( #7236, #6443 ),
 ( #10670, #7076 ),
 ( #6394, #9830 ),
 ( #5543, #6280 ) ),
 .UNSPECIFIED., .F., .F., .F.,
 ( 4, 4 ),
 ( 2, 2 ),
 ( 2.000000000000000000, 3.000000000000000000 ),
 ( 0.000000000000000000, 1.000000000000000000 ),
 .UNSPECIFIED. ) ;
#7786 = ORIENTED_EDGE ( 'NONE', *, *, #220, .T. ) ;
#7787 = VERTEX_POINT ( 'NONE', #4075 ) ;
#7788 = PLANE ( 'NONE',  #3336 ) ;
#7789 = CIRCLE ( 'NONE', #7963, 3.499999999999999556 ) ;
#7790 = DIRECTION ( 'NONE',  ( 0.000000000000000000, 0.000000000000000000, 1.000000000000000000 ) ) ;
#7791 = CARTESIAN_POINT ( 'NONE',  ( -20.19999999999999574, 0.5000000000000000000, -21.59999999999997655 ) ) ;
#7792 = CARTESIAN_POINT ( 'NONE',  ( -15.00000000000000000, -13.00000000000000000, 8.399999999999987921 ) ) ;
#7793 = CARTESIAN_POINT ( 'NONE',  ( 10.59635991700607427, 32.00000000000000000, 18.40284782959528798 ) ) ;
#7794 = ADVANCED_FACE ( 'NONE', ( #473 ), #3957, .T. ) ;
#7795 = ADVANCED_FACE ( 'NONE', ( #3904 ), #1376, .F. ) ;
#7796 = CARTESIAN_POINT ( 'NONE',  ( -35.00000000000000000, 30.00000000000000000, 28.99999999999997158 ) ) ;
#7797 = CIRCLE ( 'NONE', #2964, 1.000000000000000888 ) ;
#7798 = ORIENTED_EDGE ( 'NONE', *, *, #502, .T. ) ;
#7799 = ORIENTED_EDGE ( 'NONE', *, *, #1208, .F. ) ;
#7800 = DIRECTION ( 'NONE',  ( -1.000000000000000000, -0.000000000000000000, -0.000000000000000000 ) ) ;
#7801 = ORIENTED_EDGE ( 'NONE', *, *, #1051, .T. ) ;
#7802 = CARTESIAN_POINT ( 'NONE',  ( -2.999999999999998224, 9.499999999999998224, 21.53801126270789368 ) ) ;
#7803 = DIRECTION ( 'NONE',  ( 0.000000000000000000, 1.000000000000000000, 3.491481338843133355E-15 ) ) ;
#7804 = EDGE_CURVE ( 'NONE', #6015, #2876, #5916, .T. ) ;
#7805 = FACE_OUTER_BOUND ( 'NONE', #6195, .T. ) ;
#7806 = PLANE ( 'NONE',  #8856 ) ;
#7807 = VECTOR ( 'NONE', #1149, 999.9999999999998863 ) ;
#7808 = ORIENTED_EDGE ( 'NONE', *, *, #5035, .F. ) ;
#7809 = AXIS2_PLACEMENT_3D ( 'NONE', #8093, #4713, #7250 ) ;
#7810 = ORIENTED_EDGE ( 'NONE', *, *, #7816, .F. ) ;
#7811 = VERTEX_POINT ( 'NONE', #4966 ) ;
#7812 = PRODUCT_CONTEXT ( 'NONE', #5031, 'mechanical' ) ;
#7813 = FACE_OUTER_BOUND ( 'NONE', #2690, .T. ) ;
#7814 = VERTEX_POINT ( 'NONE', #5810 ) ;
#7815 = CARTESIAN_POINT ( 'NONE',  ( 14.21914622032904241, 10.50999999999999091, 20.06569260839445690 ) ) ;
#7816 = EDGE_CURVE ( 'NONE', #7787, #4576, #7328, .T. ) ;
#7817 = AXIS2_PLACEMENT_3D ( 'NONE', #7665, #20, #4340 ) ;
#7818 = VECTOR ( 'NONE', #5007, 1000.000000000000000 ) ;
#7819 = DIRECTION ( 'NONE',  ( 0.000000000000000000, 0.000000000000000000, -1.000000000000000000 ) ) ;
#7820 = CARTESIAN_POINT ( 'NONE',  ( 2.999999999999982236, -13.99999999999999822, 7.559999999999986287 ) ) ;
#7821 = FACE_OUTER_BOUND ( 'NONE', #9053, .T. ) ;
#7822 = ORIENTED_EDGE ( 'NONE', *, *, #2830, .T. ) ;
#7823 = DIRECTION ( 'NONE',  ( 0.000000000000000000, 2.081668171172166620E-14, -1.000000000000000000 ) ) ;
#7824 = CARTESIAN_POINT ( 'NONE',  ( -2.549756024654625808, 24.49999999999998934, 4.724933036063095670 ) ) ;
#7825 = EDGE_CURVE ( 'NONE', #1483, #1630, #8402, .T. ) ;
#7826 = DIRECTION ( 'NONE',  ( -0.000000000000000000, -1.000000000000000000, 0.000000000000000000 ) ) ;
#7827 = VECTOR ( 'NONE', #2525, 1000.000000000000000 ) ;
#7828 = VERTEX_POINT ( 'NONE', #1428 ) ;
#7829 = ORIENTED_EDGE ( 'NONE', *, *, #7732, .F. ) ;
#7830 = PLANE ( 'NONE',  #10595 ) ;
#7831 = FACE_OUTER_BOUND ( 'NONE', #1985, .T. ) ;
#7832 = EDGE_CURVE ( 'NONE', #1998, #9195, #698, .T. ) ;
#7833 = CARTESIAN_POINT ( 'NONE',  ( 10.26313544485287643, 23.00000000000000000, 18.29275258562293516 ) ) ;
#7834 = CARTESIAN_POINT ( 'NONE',  ( 10.26313544485287643, 29.50000000000000000, 18.29275258562296003 ) ) ;
#7835 = DIRECTION ( 'NONE',  ( 0.000000000000000000, 0.000000000000000000, -1.000000000000000000 ) ) ;
#7836 = VERTEX_POINT ( 'NONE', #9868 ) ;
#7837 = VERTEX_POINT ( 'NONE', #2178 ) ;
#7838 = VECTOR ( 'NONE', #7193, 1000.000000000000000 ) ;
#7839 = VERTEX_POINT ( 'NONE', #5585 ) ;
#7840 = ADVANCED_FACE ( 'NONE', ( #1668, #10990 ), #10204, .F. ) ;
#7841 = LINE ( 'NONE', #2520, #987 ) ;
#7842 = PLANE ( 'NONE',  #1260 ) ;
#7843 = DIRECTION ( 'NONE',  ( 0.000000000000000000, 1.000000000000000000, 2.940873454663932011E-27 ) ) ;
#7844 = ORIENTED_EDGE ( 'NONE', *, *, #1859, .T. ) ;
#7845 = DIRECTION ( 'NONE',  ( 9.665489023696300246E-15, -0.000000000000000000, -1.000000000000000000 ) ) ;
#7846 = DIRECTION ( 'NONE',  ( 0.000000000000000000, 0.000000000000000000, 1.000000000000000000 ) ) ;
#7847 = DIRECTION ( 'NONE',  ( 1.000000000000000000, 0.000000000000000000, 2.322494089076271146E-16 ) ) ;
#7848 = EDGE_LOOP ( 'NONE', ( #7722, #10369, #10495, #8150 ) ) ;
#7849 = EDGE_LOOP ( 'NONE', ( #1026, #3732, #5960, #4892 ) ) ;
#7850 = EDGE_CURVE ( 'NONE', #9986, #124, #6884, .T. ) ;
#7851 = EDGE_CURVE ( 'NONE', #4358, #6192, #3520, .T. ) ;
#7852 = CARTESIAN_POINT ( 'NONE',  ( 2.999999999999981792, -5.500000000000000000, 5.594999999999988205 ) ) ;
#7853 = ORIENTED_EDGE ( 'NONE', *, *, #1513, .F. ) ;
#7854 = LINE ( 'NONE', #4482, #2462 ) ;
#7855 = CARTESIAN_POINT ( 'NONE',  ( -14.49833763245317364, 23.00000000000000000, 19.36521081018106827 ) ) ;
#7856 = EDGE_CURVE ( 'NONE', #4282, #1529, #11102, .T. ) ;
#7857 = CARTESIAN_POINT ( 'NONE',  ( 25.00000000000000711, 28.49999999999999645, -29.00000000000002132 ) ) ;
#7858 = DIRECTION ( 'NONE',  ( -0.000000000000000000, -1.000000000000000000, -0.000000000000000000 ) ) ;
#7859 = VECTOR ( 'NONE', #6626, 1000.000000000000000 ) ;
#7860 = CARTESIAN_POINT ( 'NONE',  ( 25.00000000000000711, 2.000000000000000000, 38.24999999999996447 ) ) ;
#7861 = ORIENTED_EDGE ( 'NONE', *, *, #10274, .F. ) ;
#7862 = DIRECTION ( 'NONE',  ( 1.445602896647339163E-16, 0.000000000000000000, 1.000000000000000000 ) ) ;
#7863 = ORIENTED_EDGE ( 'NONE', *, *, #8183, .F. ) ;
#7864 = EDGE_CURVE ( 'NONE', #1325, #5785, #10259, .T. ) ;
#7865 = ORIENTED_EDGE ( 'NONE', *, *, #6451, .T. ) ;
#7866 = CONTEXT_DEPENDENT_SHAPE_REPRESENTATION ( #8487, #9124 ) ;
#7867 = PLANE ( 'NONE',  #7168 ) ;
#7868 = EDGE_LOOP ( 'NONE', ( #9813, #10123, #5897, #549 ) ) ;
#7869 = DIRECTION ( 'NONE',  ( 0.000000000000000000, 0.000000000000000000, -1.000000000000000000 ) ) ;
#7870 = LINE ( 'NONE', #9625, #10355 ) ;
#7871 = CARTESIAN_POINT ( 'NONE',  ( -2.799999999999999378, -2.999999999999999112, 15.53801126270789190 ) ) ;
#7872 = CARTESIAN_POINT ( 'NONE',  ( -2.000000000000016875, 3.000000000000002665, -1.370000000000013651 ) ) ;
#7873 = SHAPE_REPRESENTATION ( 'Power Socket Front Panel v2', ( #1005 ), #5853 ) ;
#7874 = VERTEX_POINT ( 'NONE', #811 ) ;
#7875 = FACE_OUTER_BOUND ( 'NONE', #4438, .T. ) ;
#7876 = CLOSED_SHELL ( 'NONE', ( #10956, #2602, #4157, #9939, #9352, #7743, #10461, #1444, #8573, #5798, #5521, #478, #7581, #6318, #3011, #3581, #8069, #9298, #9363, #8780, #2652, #4193, #3196, #3051, #10772, #4496, #8000, #11062, #7971, #10984, #6692, #3311, #9167, #8224, #401, #877, #8909, #1498, #2919, #7302, #2321, #3405, #4313, #4690, #7014, #10090, #7007, #3741, #8145, #6279, #488, #7877, #7138, #7303, #8791, #4231, #3338, #3290, #3740, #10212, #7172, #10490, #5890, #2982, #321, #1113, #4519, #8974, #2844, #7384, #4971, #6868, #7929, #990, #673, #6611, #5004, #4281, #3039, #9679, #3868, #3576, #1917, #10553, #1329, #5070, #2050, #205, #9438, #3775, #6836, #7916, #9114, #8919 ) ) ;
#7877 = ADVANCED_FACE ( 'NONE', ( #9527 ), #8618, .T. ) ;
#7878 = DIRECTION ( 'NONE',  ( 0.000000000000000000, 1.000000000000000000, 2.940873454663932011E-27 ) ) ;
#7879 = DIRECTION ( 'NONE',  ( 0.000000000000000000, 0.000000000000000000, -1.000000000000000000 ) ) ;
#7880 = ORIENTED_EDGE ( 'NONE', *, *, #35, .F. ) ;
#7881 = VECTOR ( 'NONE', #5428, 1000.000000000000000 ) ;
#7882 = VERTEX_POINT ( 'NONE', #1830 ) ;
#7883 = CARTESIAN_POINT ( 'NONE',  ( -34.25000000000000711, 2.000000000000000000, -29.00000000000002132 ) ) ;
#7884 = CARTESIAN_POINT ( 'NONE',  ( 1.500000000000000000, 9.499999999999998224, 7.798321850110734310 ) ) ;
#7885 = DIRECTION ( 'NONE',  ( -0.000000000000000000, -1.000000000000000000, -0.000000000000000000 ) ) ;
#7886 = DIRECTION ( 'NONE',  ( 1.000000000000000000, 0.000000000000000000, 0.000000000000000000 ) ) ;
#7887 = EDGE_CURVE ( 'NONE', #6640, #9917, #5870, .T. ) ;
#7888 = CARTESIAN_POINT ( 'NONE',  ( -3.877618601942272925, 10.50999999999999091, 25.69803449914322613 ) ) ;
#7889 = FACE_OUTER_BOUND ( 'NONE', #705, .T. ) ;
#7890 = ORIENTED_EDGE ( 'NONE', *, *, #7113, .T. ) ;
#7891 = DIRECTION ( 'NONE',  ( 0.000000000000000000, 0.000000000000000000, -1.000000000000000000 ) ) ;
#7892 = ORIENTED_EDGE ( 'NONE', *, *, #6138, .T. ) ;
#7893 = EDGE_CURVE ( 'NONE', #1351, #4576, #9474, .T. ) ;
#7894 = ORIENTED_EDGE ( 'NONE', *, *, #3965, .T. ) ;
#7895 = CARTESIAN_POINT ( 'NONE',  ( -25.50000000000000355, 10.50000000000000178, 19.86623553487585170 ) ) ;
#7896 = CARTESIAN_POINT ( 'NONE',  ( 3.130937601190241004, 24.49999999999998934, -0.03804250837303049110 ) ) ;
#7897 = DIRECTION ( 'NONE',  ( -0.000000000000000000, -1.000000000000000000, -0.000000000000000000 ) ) ;
#7898 = AXIS2_PLACEMENT_3D ( 'NONE', #8853, #7276, #1955 ) ;
#7899 = ORIENTED_EDGE ( 'NONE', *, *, #4453, .F. ) ;
#7900 = CARTESIAN_POINT ( 'NONE',  ( 8.374824250234464529, 28.49999999999999645, 13.67730034089338531 ) ) ;
#7901 = AXIS2_PLACEMENT_3D ( 'NONE', #3090, #5774, #9943 ) ;
#7902 = LINE ( 'NONE', #2019, #289 ) ;
#7903 = CYLINDRICAL_SURFACE ( 'NONE', #7393, 5.000000000000000888 ) ;
#7904 = ORIENTED_EDGE ( 'NONE', *, *, #8095, .T. ) ;
#7905 = APPLICATION_CONTEXT ( 'automotive_design' ) ;
#7906 = VECTOR ( 'NONE', #8217, 1000.000000000000000 ) ;
#7907 = ORIENTED_EDGE ( 'NONE', *, *, #1052, .T. ) ;
#7908 = CARTESIAN_POINT ( 'NONE',  ( 1.959434878635766709E-16, 23.00000000000000000, 16.73801126270788941 ) ) ;
#7909 = ORIENTED_EDGE ( 'NONE', *, *, #7610, .F. ) ;
#7910 = LINE ( 'NONE', #2700, #6753 ) ;
#7911 = CARTESIAN_POINT ( 'NONE',  ( -27.50000000000000355, 10.49999999999999467, 1.749999999999952927 ) ) ;
#7912 = CARTESIAN_POINT ( 'NONE',  ( 11.09999999999999076, -12.99999999999999822, -19.60000000000000497 ) ) ;
#7913 = AXIS2_PLACEMENT_3D ( 'NONE', #3514, #2670, #6988 ) ;
#7914 = CARTESIAN_POINT ( 'NONE',  ( 15.09999999999999609, -5.500000000000000000, -16.60000000000000142 ) ) ;
#7915 = ADVANCED_FACE ( 'NONE', ( #5924 ), #5021, .T. ) ;
#7916 = ADVANCED_FACE ( 'NONE', ( #5077 ), #5980, .F. ) ;
#7917 = DIRECTION ( 'NONE',  ( 6.982962677686266711E-15, 3.491481338843133355E-15, -1.000000000000000000 ) ) ;
#7918 = VERTEX_POINT ( 'NONE', #5187 ) ;
#7919 = DIRECTION ( 'NONE',  ( 0.000000000000000000, -1.000000000000000000, 0.000000000000000000 ) ) ;
#7920 = ORIENTED_EDGE ( 'NONE', *, *, #220, .F. ) ;
#7921 = EDGE_LOOP ( 'NONE', ( #7285, #6971 ) ) ;
#7922 = VECTOR ( 'NONE', #7886, 1000.000000000000000 ) ;
#7923 = APPLICATION_PROTOCOL_DEFINITION ( 'draft international standard', 'automotive_design', 1998, #5454 ) ;
#7924 = CARTESIAN_POINT ( 'NONE',  ( 14.79276182858165534, 24.99999999999999645, 19.09402330482641830 ) ) ;
#7925 = VERTEX_POINT ( 'NONE', #1609 ) ;
#7926 = LINE ( 'NONE', #4552, #8717 ) ;
#7927 = CARTESIAN_POINT ( 'NONE',  ( 15.84405090676714600, 24.50000000000000000, 13.67730034089338709 ) ) ;
#7928 = CARTESIAN_POINT ( 'NONE',  ( 25.00000000000000000, 0.000000000000000000, -39.00000000000000711 ) ) ;
#7929 = ADVANCED_FACE ( 'NONE', ( #919 ), #9420, .F. ) ;
#7930 = EDGE_CURVE ( 'NONE', #7654, #6267, #1723, .T. ) ;
#7931 = AXIS2_PLACEMENT_3D ( 'NONE', #3486, #6901, #10331 ) ;
#7932 = DIRECTION ( 'NONE',  ( 0.000000000000000000, 1.000000000000000000, 0.000000000000000000 ) ) ;
#7933 = ORIENTED_EDGE ( 'NONE', *, *, #2955, .T. ) ;
#7934 = DIRECTION ( 'NONE',  ( -0.000000000000000000, 1.000000000000000000, -0.000000000000000000 ) ) ;
#7935 = CARTESIAN_POINT ( 'NONE',  ( -3.601026911978597145, 32.00000000000001421, 1.758059867859523395 ) ) ;
#7936 = FACE_OUTER_BOUND ( 'NONE', #2739, .T. ) ;
#7937 = EDGE_LOOP ( 'NONE', ( #7894, #837, #6020, #3447 ) ) ;
#7938 = VECTOR ( 'NONE', #9187, 1000.000000000000000 ) ;
#7939 = VERTEX_POINT ( 'NONE', #3297 ) ;
#7940 = CARTESIAN_POINT ( 'NONE',  ( 14.09999999999999432, -5.500000000000000000, -16.60000000000000142 ) ) ;
#7941 = LINE ( 'NONE', #7884, #712 ) ;
#7942 = AXIS2_PLACEMENT_3D ( 'NONE', #4197, #11056, #6786 ) ;
#7943 = CARTESIAN_POINT ( 'NONE',  ( -35.00000000000000000, 0.000000000000000000, 28.99999999999997158 ) ) ;
#7944 = CARTESIAN_POINT ( 'NONE',  ( 25.00000000000000711, 2.000000000000001776, 37.49999999999996447 ) ) ;
#7945 = ADVANCED_FACE ( 'NONE', ( #7778 ), #3209, .T. ) ;
#7946 = CARTESIAN_POINT ( 'NONE',  ( -25.00000000000000000, 0.000000000000000000, -39.00000000000000711 ) ) ;
#7947 = DIRECTION ( 'NONE',  ( 0.000000000000000000, 1.000000000000000000, 3.491481338843133355E-15 ) ) ;
#7948 = ORIENTED_EDGE ( 'NONE', *, *, #9540, .T. ) ;
#7949 = DIRECTION ( 'NONE',  ( -1.000000000000000000, 0.000000000000000000, 0.000000000000000000 ) ) ;
#7950 = AXIS2_PLACEMENT_3D ( 'NONE', #7360, #5669, #6460 ) ;
#7951 = VERTEX_POINT ( 'NONE', #10146 ) ;
#7952 = LINE ( 'NONE', #256, #10684 ) ;
#7953 = EDGE_CURVE ( 'NONE', #2211, #1067, #10410, .T. ) ;
#7954 = CARTESIAN_POINT ( 'NONE',  ( 0.000000000000000000, -0.5000000000000000000, 0.000000000000000000 ) ) ;
#7955 = LINE ( 'NONE', #7167, #6825 ) ;
#7956 = VECTOR ( 'NONE', #7407, 1000.000000000000000 ) ;
#7957 = ORIENTED_EDGE ( 'NONE', *, *, #7719, .F. ) ;
#7958 = CARTESIAN_POINT ( 'NONE',  ( 0.000000000000000000, 32.00000000000000000, 13.00000000000000000 ) ) ;
#7959 = PLANE ( 'NONE',  #8727 ) ;
#7960 = EDGE_CURVE ( 'NONE', #2942, #1098, #6777, .T. ) ;
#7961 = LINE ( 'NONE', #264, #3805 ) ;
#7962 = ORIENTED_EDGE ( 'NONE', *, *, #2378, .F. ) ;
#7963 = AXIS2_PLACEMENT_3D ( 'NONE', #10027, #3063, #8225 ) ;
#7964 = VERTEX_POINT ( 'NONE', #5520 ) ;
#7965 = DIRECTION ( 'NONE',  ( 0.000000000000000000, 0.000000000000000000, 1.000000000000000000 ) ) ;
#7966 = ADVANCED_FACE ( 'NONE', ( #9580 ), #1198, .T. ) ;
#7967 = VERTEX_POINT ( 'NONE', #6252 ) ;
#7968 = CARTESIAN_POINT ( 'NONE',  ( -35.00000000000000000, 14.99999999999999645, 10.99999999999995381 ) ) ;
#7969 = DIRECTION ( 'NONE',  ( -0.000000000000000000, 1.000000000000000000, -0.000000000000000000 ) ) ;
#7970 = CARTESIAN_POINT ( 'NONE',  ( -1.281637403228134797, 32.00000000000000711, 5.129127249904909647 ) ) ;
#7971 = ADVANCED_FACE ( 'NONE', ( #4566 ), #2787, .F. ) ;
#7972 = VECTOR ( 'NONE', #2488, 1000.000000000000000 ) ;
#7973 = CARTESIAN_POINT ( 'NONE',  ( 2.800000000000000266, 9.999999999999998224, -15.54000000000000448 ) ) ;
#7974 = CARTESIAN_POINT ( 'NONE',  ( 14.79276182858165889, 10.50999999999999091, 24.33278622262480440 ) ) ;
#7975 = EDGE_LOOP ( 'NONE', ( #2517, #10351, #4590, #10184 ) ) ;
#7976 = CARTESIAN_POINT ( 'NONE',  ( 15.84405090676714600, 26.50000000000000000, 13.67730034089338709 ) ) ;
#7977 = ORIENTED_EDGE ( 'NONE', *, *, #6691, .T. ) ;
#7978 = CARTESIAN_POINT ( 'NONE',  ( 2.510525938252074087E-15, 32.00000000000000000, 33.49999999999999289 ) ) ;
#7979 = SHAPE_DEFINITION_REPRESENTATION ( #2590, #9824 ) ;
#7980 = EDGE_CURVE ( 'NONE', #8975, #8216, #7941, .T. ) ;
#7981 = CARTESIAN_POINT ( 'NONE',  ( -1.099844525993681765, 32.00000000000000000, 5.860867144937134121 ) ) ;
#7982 = ORIENTED_EDGE ( 'NONE', *, *, #7856, .T. ) ;
#7983 = PLANE ( 'NONE',  #4587 ) ;
#7984 = DIRECTION ( 'NONE',  ( 0.000000000000000000, 1.000000000000000000, 3.491481338843133355E-15 ) ) ;
#7985 = PLANE ( 'NONE',  #9731 ) ;
#7986 = CIRCLE ( 'NONE', #4601, 2.000000000000001776 ) ;
#7987 = LINE ( 'NONE', #4612, #8311 ) ;
#7988 = ORIENTED_EDGE ( 'NONE', *, *, #1639, .T. ) ;
#7989 = CARTESIAN_POINT ( 'NONE',  ( -46.31370849898476649, 9.500000000000000000, 18.99999999999996092 ) ) ;
#7990 = LINE ( 'NONE', #297, #8991 ) ;
#7991 = DIRECTION ( 'NONE',  ( 0.000000000000000000, 0.000000000000000000, 1.000000000000000000 ) ) ;
#7992 = ORIENTED_EDGE ( 'NONE', *, *, #5981, .F. ) ;
#7993 = EDGE_CURVE ( 'NONE', #9896, #7300, #5400, .T. ) ;
#7994 = ADVANCED_FACE ( 'NONE', ( #10479 ), #9637, .T. ) ;
#7995 = VECTOR ( 'NONE', #487, 1000.000000000000000 ) ;
#7996 = VECTOR ( 'NONE', #1306, 1000.000000000000000 ) ;
#7997 = EDGE_LOOP ( 'NONE', ( #10405, #3182, #8048, #4217 ) ) ;
#7998 = LINE ( 'NONE', #245, #10428 ) ;
#7999 = DIRECTION ( 'NONE',  ( 1.000000000000000000, -0.000000000000000000, 0.000000000000000000 ) ) ;
#8000 = ADVANCED_FACE ( 'NONE', ( #6310 ), #4456, .F. ) ;
#8001 = PLANE ( 'NONE',  #1183 ) ;
#8002 = PLANE ( 'NONE',  #1831 ) ;
#8003 = CARTESIAN_POINT ( 'NONE',  ( 1.248478953295523386, 32.00000000000000711, 5.916821852582427432 ) ) ;
#8004 = LINE ( 'NONE', #10704, #9389 ) ;
#8005 = VERTEX_POINT ( 'NONE', #188 ) ;
#8006 = CARTESIAN_POINT ( 'NONE',  ( -2.800000000000000266, -0.5000000000000000000, -21.14000000000000767 ) ) ;
#8007 = AXIS2_PLACEMENT_3D ( 'NONE', #7436, #6592, #6651 ) ;
#8008 = VECTOR ( 'NONE', #3372, 1000.000000000000000 ) ;
#8009 = ORIENTED_EDGE ( 'NONE', *, *, #4214, .T. ) ;
#8010 = EDGE_CURVE ( 'NONE', #6331, #6204, #8731, .T. ) ;
#8011 = PLANE ( 'NONE',  #4839 ) ;
#8012 = EDGE_LOOP ( 'NONE', ( #3247, #11030, #4771, #7336 ) ) ;
#8013 = LINE ( 'NONE', #418, #3772 ) ;
#8014 = DIRECTION ( 'NONE',  ( -0.000000000000000000, -1.000000000000000000, -0.000000000000000000 ) ) ;
#8015 = VECTOR ( 'NONE', #8103, 1000.000000000000000 ) ;
#8016 = ORIENTED_EDGE ( 'NONE', *, *, #10718, .F. ) ;
#8017 = CARTESIAN_POINT ( 'NONE',  ( 0.000000000000000000, -9.999999999999998224, -20.43835307503515963 ) ) ;
#8018 = LINE ( 'NONE', #1156, #5309 ) ;
#8019 = CARTESIAN_POINT ( 'NONE',  ( 0.2095567943960539858, 24.49999999999999289, 13.06458333644163794 ) ) ;
#8020 = VERTEX_POINT ( 'NONE', #4512 ) ;
#8021 =( GEOMETRIC_REPRESENTATION_CONTEXT ( 3 ) GLOBAL_UNCERTAINTY_ASSIGNED_CONTEXT ( ( #55 ) ) GLOBAL_UNIT_ASSIGNED_CONTEXT ( ( #9674, #114, #953 ) ) REPRESENTATION_CONTEXT ( 'NONE', 'WORKASPACE' ) );
#8022 = ORIENTED_EDGE ( 'NONE', *, *, #3506, .T. ) ;
#8023 = ADVANCED_FACE ( 'NONE', ( #7156 ), #1945, .F. ) ;
#8024 = DIRECTION ( 'NONE',  ( -1.000000000000000000, -0.000000000000000000, -0.000000000000000000 ) ) ;
#8025 = ORIENTED_EDGE ( 'NONE', *, *, #7232, .T. ) ;
#8026 = CARTESIAN_POINT ( 'NONE',  ( -0.4156306683440225136, 32.00000000000000711, 13.02338483168158589 ) ) ;
#8027 = CARTESIAN_POINT ( 'NONE',  ( 3.101750864123765883, 32.00000000000000000, 8.757180451233494978 ) ) ;
#8028 = DIRECTION ( 'NONE',  ( -0.000000000000000000, -0.000000000000000000, -1.000000000000000000 ) ) ;
#8029 = PLANE ( 'NONE',  #4227 ) ;
#8030 = EDGE_CURVE ( 'NONE', #2917, #9744, #9803, .T. ) ;
#8031 = DIRECTION ( 'NONE',  ( 1.000000000000000000, 0.000000000000000000, -0.000000000000000000 ) ) ;
#8032 = ORIENTED_EDGE ( 'NONE', *, *, #7685, .F. ) ;
#8033 = DIRECTION ( 'NONE',  ( 0.000000000000000000, 1.000000000000000000, -5.782411586589354927E-17 ) ) ;
#8034 = ORIENTED_EDGE ( 'NONE', *, *, #4983, .T. ) ;
#8035 = ADVANCED_FACE ( 'NONE', ( #5460 ), #782, .T. ) ;
#8036 = LINE ( 'NONE', #3924, #8933 ) ;
#8037 = LINE ( 'NONE', #7299, #10035 ) ;
#8038 = EDGE_LOOP ( 'NONE', ( #7890, #3165, #4613, #995 ) ) ;
#8039 = VECTOR ( 'NONE', #5718, 1000.000000000000000 ) ;
#8040 = DIRECTION ( 'NONE',  ( -0.000000000000000000, -0.000000000000000000, 1.000000000000000000 ) ) ;
#8041 = DIRECTION ( 'NONE',  ( 0.000000000000000000, 0.000000000000000000, -1.000000000000000000 ) ) ;
#8042 = DIRECTION ( 'NONE',  ( -6.982962677686266711E-15, -3.491481338843133355E-15, 1.000000000000000000 ) ) ;
#8043 = ORIENTED_EDGE ( 'NONE', *, *, #936, .T. ) ;
#8044 = CARTESIAN_POINT ( 'NONE',  ( -5.800000000000000711, 9.999999999999998224, -11.54000000000000448 ) ) ;
#8045 = ORIENTED_EDGE ( 'NONE', *, *, #3692, .F. ) ;
#8046 = CARTESIAN_POINT ( 'NONE',  ( 3.120862784027169212, 24.50000000000000355, 3.563531218508560361 ) ) ;
#8047 = EDGE_LOOP ( 'NONE', ( #441, #5934, #1541, #10982 ) ) ;
#8048 = ORIENTED_EDGE ( 'NONE', *, *, #7953, .F. ) ;
#8049 = DIRECTION ( 'NONE',  ( -1.000000000000000000, -0.000000000000000000, -0.000000000000000000 ) ) ;
#8050 = DIRECTION ( 'NONE',  ( -1.000000000000000000, 0.000000000000000000, 0.000000000000000000 ) ) ;
#8051 = CARTESIAN_POINT ( 'NONE',  ( -25.00000000000000711, 32.00000000000000000, -29.00000000000002132 ) ) ;
#8052 = CARTESIAN_POINT ( 'NONE',  ( -15.00000000000000000, -13.00000000000000000, -26.60000000000000853 ) ) ;
#8053 = CARTESIAN_POINT ( 'NONE',  ( 3.101750864123772988, 32.00000000000000711, 7.434263784897550131 ) ) ;
#8054 = CARTESIAN_POINT ( 'NONE',  ( 34.00000000000000000, 32.00000000000000000, -29.00000000000002487 ) ) ;
#8055 = EDGE_CURVE ( 'NONE', #10820, #8563, #3625, .T. ) ;
#8056 = EDGE_CURVE ( 'NONE', #4082, #979, #6367, .T. ) ;
#8057 = ORIENTED_EDGE ( 'NONE', *, *, #6596, .F. ) ;
#8058 = DIRECTION ( 'NONE',  ( 0.000000000000000000, -0.000000000000000000, -1.000000000000000000 ) ) ;
#8059 = AXIS2_PLACEMENT_3D ( 'NONE', #3758, #2868, #8925 ) ;
#8060 = ORIENTED_EDGE ( 'NONE', *, *, #9687, .T. ) ;
#8061 = VERTEX_POINT ( 'NONE', #4406 ) ;
#8062 = DIRECTION ( 'NONE',  ( 0.000000000000000000, 1.000000000000000000, 0.000000000000000000 ) ) ;
#8063 = CARTESIAN_POINT ( 'NONE',  ( 0.000000000000000000, -13.91959594928933441, 18.33801126270789084 ) ) ;
#8064 = ORIENTED_EDGE ( 'NONE', *, *, #10334, .T. ) ;
#8065 = DIRECTION ( 'NONE',  ( 1.000000000000000000, 0.000000000000000000, -1.724440263185883619E-16 ) ) ;
#8066 = LINE ( 'NONE', #3698, #7470 ) ;
#8067 = VECTOR ( 'NONE', #9593, 1000.000000000000000 ) ;
#8068 = LINE ( 'NONE', #8126, #10276 ) ;
#8069 = ADVANCED_FACE ( 'NONE', ( #7831 ), #133, .F. ) ;
#8070 = VERTEX_POINT ( 'NONE', #8275 ) ;
#8071 = AXIS2_PLACEMENT_3D ( 'NONE', #2493, #8549, #849 ) ;
#8072 = ORIENTED_EDGE ( 'NONE', *, *, #913, .F. ) ;
#8073 = CARTESIAN_POINT ( 'NONE',  ( -2.819238454831717089, 24.49999999999999645, 10.05757038045173246 ) ) ;
#8074 = CIRCLE ( 'NONE', #3432, 10.00000000000000178 ) ;
#8075 = VECTOR ( 'NONE', #9025, 1000.000000000000000 ) ;
#8076 = CARTESIAN_POINT ( 'NONE',  ( -1.529943653002893811, 31.99999999999998579, 11.89327745021356186 ) ) ;
#8077 = DIRECTION ( 'NONE',  ( 0.7071067811865474617, 0.000000000000000000, -0.7071067811865476838 ) ) ;
#8078 = DIRECTION ( 'NONE',  ( 0.000000000000000000, 0.000000000000000000, -1.000000000000000000 ) ) ;
#8079 = PLANE ( 'NONE',  #6022 ) ;
#8080 = EDGE_CURVE ( 'NONE', #3238, #6811, #9181, .T. ) ;
#8081 = VECTOR ( 'NONE', #431, 1000.000000000000000 ) ;
#8082 = DIRECTION ( 'NONE',  ( 0.000000000000000000, 0.000000000000000000, -1.000000000000000000 ) ) ;
#8083 = ORIENTED_EDGE ( 'NONE', *, *, #2346, .T. ) ;
#8084 = CARTESIAN_POINT ( 'NONE',  ( 0.000000000000000000, -9.999999999999998224, -18.43835307503515608 ) ) ;
#8085 = ORIENTED_EDGE ( 'NONE', *, *, #7133, .F. ) ;
#8086 = VECTOR ( 'NONE', #8497, 1000.000000000000000 ) ;
#8087 = CARTESIAN_POINT ( 'NONE',  ( 10.26313544482804119, 32.00000000000000000, 18.29275258570828200 ) ) ;
#8088 = DIRECTION ( 'NONE',  ( -0.000000000000000000, 1.000000000000000000, -0.000000000000000000 ) ) ;
#8089 = PRODUCT_RELATED_PRODUCT_CATEGORY ( 'part', '', ( #5261 ) ) ;
#8090 = VECTOR ( 'NONE', #6100, 1000.000000000000000 ) ;
#8091 = ORIENTED_EDGE ( 'NONE', *, *, #2009, .F. ) ;
#8092 = VECTOR ( 'NONE', #9260, 1000.000000000000000 ) ;
#8093 = CARTESIAN_POINT ( 'NONE',  ( 0.000000000000000000, 10.50000000000000178, 0.000000000000000000 ) ) ;
#8094 = VECTOR ( 'NONE', #6758, 1000.000000000000000 ) ;
#8095 = EDGE_CURVE ( 'NONE', #2134, #9785, #1362, .T. ) ;
#8096 = FACE_OUTER_BOUND ( 'NONE', #8708, .T. ) ;
#8097 = VERTEX_POINT ( 'NONE', #1476 ) ;
#8098 = CARTESIAN_POINT ( 'NONE',  ( 20.19999999999999574, 0.000000000000000000, 8.399999999999952394 ) ) ;
#8099 = VECTOR ( 'NONE', #7198, 1000.000000000000000 ) ;
#8100 = ORIENTED_EDGE ( 'NONE', *, *, #6650, .F. ) ;
#8101 = ORIENTED_EDGE ( 'NONE', *, *, #9103, .T. ) ;
#8102 = ORIENTED_EDGE ( 'NONE', *, *, #535, .F. ) ;
#8103 = DIRECTION ( 'NONE',  ( -1.000000000000000000, -0.000000000000000000, -0.000000000000000000 ) ) ;
#8104 = ORIENTED_EDGE ( 'NONE', *, *, #10815, .T. ) ;
#8105 = EDGE_CURVE ( 'NONE', #9195, #6540, #570, .T. ) ;
#8106 = EDGE_LOOP ( 'NONE', ( #8203, #3999, #5326, #7933 ) ) ;
#8107 = CARTESIAN_POINT ( 'NONE',  ( 0.000000000000000000, -0.5000000000000000000, -18.43835307503515608 ) ) ;
#8108 = LINE ( 'NONE', #10700, #4412 ) ;
#8109 = AXIS2_PLACEMENT_3D ( 'NONE', #4081, #6668, #9141 ) ;
#8110 = CARTESIAN_POINT ( 'NONE',  ( 10.26313544485287643, 28.50000000000003197, 18.29275258562295647 ) ) ;
#8111 = DIRECTION ( 'NONE',  ( -1.000000000000000000, -0.000000000000000000, -0.000000000000000000 ) ) ;
#8112 = LINE ( 'NONE', #411, #8370 ) ;
#8113 = DIRECTION ( 'NONE',  ( 1.000000000000000000, -0.000000000000000000, -0.000000000000000000 ) ) ;
#8114 = ORIENTED_EDGE ( 'NONE', *, *, #8198, .T. ) ;
#8115 = DIRECTION ( 'NONE',  ( 0.000000000000000000, 0.000000000000000000, 1.000000000000000000 ) ) ;
#8116 = AXIS2_PLACEMENT_3D ( 'NONE', #6201, #1949, #9068 ) ;
#8117 = ORIENTED_EDGE ( 'NONE', *, *, #4616, .F. ) ;
#8118 = VERTEX_POINT ( 'NONE', #4835 ) ;
#8119 = ADVANCED_FACE ( 'NONE', ( #2328 ), #2275, .F. ) ;
#8120 = CARTESIAN_POINT ( 'NONE',  ( 1.581279503555507837, 32.00000000000000000, 11.46651120006818658 ) ) ;
#8121 = CARTESIAN_POINT ( 'NONE',  ( 10.26313544485287643, 29.50000000000000000, 18.29275258562296003 ) ) ;
#8122 =( REPRESENTATION_RELATIONSHIP ('NONE','NONE', #9028, #4370 ) REPRESENTATION_RELATIONSHIP_WITH_TRANSFORMATION ( #1982 )SHAPE_REPRESENTATION_RELATIONSHIP( ) );
#8123 = ORIENTED_EDGE ( 'NONE', *, *, #8236, .F. ) ;
#8124 = DIRECTION ( 'NONE',  ( -0.000000000000000000, 1.000000000000000000, -0.000000000000000000 ) ) ;
#8125 = AXIS2_PLACEMENT_3D ( 'NONE', #7, #6065, #675 ) ;
#8126 = CARTESIAN_POINT ( 'NONE',  ( 0.000000000000000000, 30.00001199999999812, -18.04445395531110563 ) ) ;
#8127 = ORIENTED_EDGE ( 'NONE', *, *, #10197, .F. ) ;
#8128 = ORIENTED_EDGE ( 'NONE', *, *, #2373, .T. ) ;
#8129 = LINE ( 'NONE', #7337, #436 ) ;
#8130 = VECTOR ( 'NONE', #384, 1000.000000000000000 ) ;
#8131 = EDGE_CURVE ( 'NONE', #9119, #2839, #10021, .T. ) ;
#8132 = CARTESIAN_POINT ( 'NONE',  ( -1.569640557954418814, 32.00000000000000000, 11.69121796693197446 ) ) ;
#8133 = ADVANCED_FACE ( 'NONE', ( #4894 ), #4001, .F. ) ;
#8134 = DIRECTION ( 'NONE',  ( 0.000000000000000000, 0.000000000000000000, -1.000000000000000000 ) ) ;
#8135 = CARTESIAN_POINT ( 'NONE',  ( 7.599667529665846466, 32.00000000000000000, 24.06419186098128549 ) ) ;
#8136 = EDGE_CURVE ( 'NONE', #10773, #9143, #9855, .T. ) ;
#8137 = FACE_OUTER_BOUND ( 'NONE', #7207, .T. ) ;
#8138 = AXIS2_PLACEMENT_3D ( 'NONE', #3900, #7324, #10759 ) ;
#8139 = DIRECTION ( 'NONE',  ( 0.000000000000000000, -1.000000000000000000, 0.000000000000000000 ) ) ;
#8140 = EDGE_LOOP ( 'NONE', ( #1950, #112, #9030, #5272, #3938, #11038, #5381, #8491 ) ) ;
#8141 = CARTESIAN_POINT ( 'NONE',  ( -2.999999999999996447, 29.09999999999999787, -14.04445395531110741 ) ) ;
#8142 = ORIENTED_EDGE ( 'NONE', *, *, #4904, .T. ) ;
#8143 = DIRECTION ( 'NONE',  ( 0.000000000000000000, -1.000000000000000000, 0.000000000000000000 ) ) ;
#8144 = DIRECTION ( 'NONE',  ( 0.000000000000000000, 0.000000000000000000, -1.000000000000000000 ) ) ;
#8145 = ADVANCED_FACE ( 'NONE', ( #5797 ), #512, .F. ) ;
#8146 = VECTOR ( 'NONE', #10122, 1000.000000000000000 ) ;
#8147 = ORIENTED_EDGE ( 'NONE', *, *, #3762, .T. ) ;
#8148 = LINE ( 'NONE', #10906, #8891 ) ;
#8149 = PLANE ( 'NONE',  #3652 ) ;
#8150 = ORIENTED_EDGE ( 'NONE', *, *, #6277, .T. ) ;
#8151 = PRESENTATION_STYLE_ASSIGNMENT (( #4882 ) ) ;
#8152 = EDGE_LOOP ( 'NONE', ( #9533, #4947, #6236, #6959 ) ) ;
#8153 = ORIENTED_EDGE ( 'NONE', *, *, #10169, .T. ) ;
#8154 = ORIENTED_EDGE ( 'NONE', *, *, #4838, .T. ) ;
#8155 = LINE ( 'NONE', #452, #1564 ) ;
#8156 = EDGE_LOOP ( 'NONE', ( #4605, #5365, #1301, #9495 ) ) ;
#8157 = EDGE_CURVE ( 'NONE', #526, #5794, #10864, .T. ) ;
#8158 = EDGE_LOOP ( 'NONE', ( #4150, #5298, #10621, #3389 ) ) ;
#8159 = VECTOR ( 'NONE', #3913, 1000.000000000000000 ) ;
#8160 = CARTESIAN_POINT ( 'NONE',  ( 2.251544362057745996, 25.00000000000017764, -1.046527771142002905 ) ) ;
#8161 = CARTESIAN_POINT ( 'NONE',  ( -33.50000000000000000, 3.000000000000000000, 28.99999999999998934 ) ) ;
#8162 = CARTESIAN_POINT ( 'NONE',  ( 1.580786280808085920, 24.50000000000000000, 11.45401321221913449 ) ) ;
#8163 = DIRECTION ( 'NONE',  ( 4.483001173306440485E-11, 2.940873454663932011E-27, -1.000000000000000000 ) ) ;
#8164 = DIRECTION ( 'NONE',  ( -1.000000000000000000, -0.000000000000000000, -0.000000000000000000 ) ) ;
#8165 = CARTESIAN_POINT ( 'NONE',  ( 34.25000000000000000, 5.000000000000000000, 28.99999999999999289 ) ) ;
#8166 = VERTEX_POINT ( 'NONE', #8332 ) ;
#8167 = DIRECTION ( 'NONE',  ( -0.000000000000000000, 1.000000000000000000, -0.000000000000000000 ) ) ;
#8168 = EDGE_CURVE ( 'NONE', #3403, #9602, #9931, .T. ) ;
#8169 = VECTOR ( 'NONE', #9483, 1000.000000000000000 ) ;
#8170 = VECTOR ( 'NONE', #612, 1000.000000000000000 ) ;
#8171 = VECTOR ( 'NONE', #7375, 1000.000000000000000 ) ;
#8172 = EDGE_LOOP ( 'NONE', ( #6099, #10996, #1468, #10112, #8434, #6705, #664, #9471 ) ) ;
#8173 = EDGE_CURVE ( 'NONE', #5360, #4452, #407, .T. ) ;
#8174 = ORIENTED_EDGE ( 'NONE', *, *, #9413, .T. ) ;
#8175 = CARTESIAN_POINT ( 'NONE',  ( 3.000000000000003553, 29.09999999999999787, -20.04445395531110918 ) ) ;
#8176 = CARTESIAN_POINT ( 'NONE',  ( 15.00000000000000000, -11.50000000000000000, 8.399999999999987921 ) ) ;
#8177 = EDGE_LOOP ( 'NONE', ( #3026, #5868, #3324, #8774 ) ) ;
#8178 = CYLINDRICAL_SURFACE ( 'NONE', #2272, 5.199999999999996625 ) ;
#8179 = PLANE ( 'NONE',  #9164 ) ;
#8180 = AXIS2_PLACEMENT_3D ( 'NONE', #4571, #3738, #306 ) ;
#8181 = FACE_OUTER_BOUND ( 'NONE', #948, .T. ) ;
#8182 = AXIS2_PLACEMENT_3D ( 'NONE', #2677, #5982, #83 ) ;
#8183 = EDGE_CURVE ( 'NONE', #9846, #1232, #6647, .T. ) ;
#8184 = ORIENTED_EDGE ( 'NONE', *, *, #7344, .F. ) ;
#8185 = VERTEX_POINT ( 'NONE', #4673 ) ;
#8186 = LINE ( 'NONE', #9827, #7261 ) ;
#8187 = VECTOR ( 'NONE', #4056, 1000.000000000000000 ) ;
#8188 = VECTOR ( 'NONE', #7197, 1000.000000000000000 ) ;
#8189 = LINE ( 'NONE', #8979, #10559 ) ;
#8190 = CARTESIAN_POINT ( 'NONE',  ( -3.453123658712819566, 32.00000000000000000, 0.6988153907315987068 ) ) ;
#8191 = CYLINDRICAL_SURFACE ( 'NONE', #737, 9.249999999999994671 ) ;
#8192 = FACE_OUTER_BOUND ( 'NONE', #2320, .T. ) ;
#8193 = VECTOR ( 'NONE', #216, 1000.000000000000000 ) ;
#8194 = DIRECTION ( 'NONE',  ( 0.000000000000000000, -1.000000000000000000, 0.000000000000000000 ) ) ;
#8195 = DIRECTION ( 'NONE',  ( -0.000000000000000000, -1.000000000000000000, -0.000000000000000000 ) ) ;
#8196 = EDGE_CURVE ( 'NONE', #9628, #10065, #8108, .T. ) ;
#8197 = EDGE_LOOP ( 'NONE', ( #503, #7455, #584, #7798 ) ) ;
#8198 = EDGE_CURVE ( 'NONE', #6513, #9628, #3113, .T. ) ;
#8199 = CARTESIAN_POINT ( 'NONE',  ( 2.999999999999982681, -11.50000000000000000, -1.405000000000014238 ) ) ;
#8200 = ORIENTED_EDGE ( 'NONE', *, *, #4293, .T. ) ;
#8201 = DIRECTION ( 'NONE',  ( 1.000000000000000000, 0.000000000000000000, 0.000000000000000000 ) ) ;
#8202 = DIRECTION ( 'NONE',  ( -0.000000000000000000, -1.000000000000000000, -0.000000000000000000 ) ) ;
#8203 = ORIENTED_EDGE ( 'NONE', *, *, #6838, .T. ) ;
#8204 = FACE_OUTER_BOUND ( 'NONE', #8038, .T. ) ;
#8205 = DIRECTION ( 'NONE',  ( -0.000000000000000000, -1.000000000000000000, -0.000000000000000000 ) ) ;
#8206 = ORIENTED_EDGE ( 'NONE', *, *, #10441, .T. ) ;
#8207 = EDGE_CURVE ( 'NONE', #2477, #8930, #6530, .T. ) ;
#8208 = DIRECTION ( 'NONE',  ( -1.000000000000000000, 0.000000000000000000, 0.000000000000000000 ) ) ;
#8209 = VERTEX_POINT ( 'NONE', #2163 ) ;
#8210 = EDGE_LOOP ( 'NONE', ( #4573, #3318, #5115, #9689, #10578, #4170, #9886, #9507, #9535, #10655, #10900, #4014 ) ) ;
#8211 = EDGE_LOOP ( 'NONE', ( #2052, #940, #3565, #1921 ) ) ;
#8212 = CARTESIAN_POINT ( 'NONE',  ( 0.000000000000000000, 29.50000000000000000, -17.04445395531110563 ) ) ;
#8213 = VERTEX_POINT ( 'NONE', #5571 ) ;
#8214 = DIRECTION ( 'NONE',  ( 0.000000000000000000, -0.000000000000000000, -1.000000000000000000 ) ) ;
#8215 = VECTOR ( 'NONE', #5439, 1000.000000000000000 ) ;
#8216 = VERTEX_POINT ( 'NONE', #9008 ) ;
#8217 = DIRECTION ( 'NONE',  ( 0.000000000000000000, 1.000000000000000000, 3.491481338843133355E-15 ) ) ;
#8218 = DIRECTION ( 'NONE',  ( 0.000000000000000000, -1.000000000000000000, 0.000000000000000000 ) ) ;
#8219 = DIRECTION ( 'NONE',  ( 0.000000000000000000, 1.000000000000000000, 3.491481338843133355E-15 ) ) ;
#8220 = CARTESIAN_POINT ( 'NONE',  ( -2.553044450121756626, 10.50999999999999091, -4.768333691879734104 ) ) ;
#8221 = DIRECTION ( 'NONE',  ( -0.000000000000000000, -1.000000000000000000, -0.000000000000000000 ) ) ;
#8222 = CARTESIAN_POINT ( 'NONE',  ( -35.00000000000000000, 14.99999999999999645, 3.999999999999954259 ) ) ;
#8223 = VERTEX_POINT ( 'NONE', #460 ) ;
#8224 = ADVANCED_FACE ( 'NONE', ( #3893 ), #9906, .T. ) ;
#8225 = DIRECTION ( 'NONE',  ( 0.000000000000000000, 0.000000000000000000, -1.000000000000000000 ) ) ;
#8226 = AXIS2_PLACEMENT_3D ( 'NONE', #4209, #2366, #7472 ) ;
#8227 = ORIENTED_EDGE ( 'NONE', *, *, #3848, .F. ) ;
#8228 = ORIENTED_EDGE ( 'NONE', *, *, #5082, .F. ) ;
#8229 = LINE ( 'NONE', #7386, #7357 ) ;
#8230 = CARTESIAN_POINT ( 'NONE',  ( -10.26147307730576586, 32.00000000000000000, 18.29275258562282147 ) ) ;
#8231 = EDGE_CURVE ( 'NONE', #1853, #6623, #9461, .T. ) ;
#8232 = VERTEX_POINT ( 'NONE', #6764 ) ;
#8233 = LINE ( 'NONE', #7390, #5131 ) ;
#8234 = PLANE ( 'NONE',  #9523 ) ;
#8235 = FACE_BOUND ( 'NONE', #4641, .T. ) ;
#8236 = EDGE_CURVE ( 'NONE', #2615, #1998, #6707, .T. ) ;
#8237 = VECTOR ( 'NONE', #10456, 1000.000000000000000 ) ;
#8238 = ORIENTED_EDGE ( 'NONE', *, *, #10800, .T. ) ;
#8239 = EDGE_LOOP ( 'NONE', ( #5978, #7032, #5397, #5193 ) ) ;
#8240 = AXIS2_PLACEMENT_3D ( 'NONE', #3722, #8599, #6070 ) ;
#8241 = DIRECTION ( 'NONE',  ( -0.000000000000000000, 1.000000000000000000, -0.000000000000000000 ) ) ;
#8242 = DIRECTION ( 'NONE',  ( 0.000000000000000000, -1.000000000000000000, 0.000000000000000000 ) ) ;
#8243 = PLANE ( 'NONE',  #6816 ) ;
#8244 = EDGE_CURVE ( 'NONE', #1483, #5750, #9293, .T. ) ;
#8245 = CIRCLE ( 'NONE', #3416, 8.500000000000000000 ) ;
#8246 = LINE ( 'NONE', #540, #4506 ) ;
#8247 = LINE ( 'NONE', #5708, #1348 ) ;
#8248 = LINE ( 'NONE', #2940, #3983 ) ;
#8249 = CARTESIAN_POINT ( 'NONE',  ( -14.27500000000000568, -13.99999999999999822, -17.60000000000000853 ) ) ;
#8250 = CARTESIAN_POINT ( 'NONE',  ( -33.50000000000000000, 16.49999999999999645, 13.24999999999995559 ) ) ;
#8251 = ORIENTED_EDGE ( 'NONE', *, *, #6734, .T. ) ;
#8252 = FACE_OUTER_BOUND ( 'NONE', #561, .T. ) ;
#8253 = AXIS2_PLACEMENT_3D ( 'NONE', #8176, #5752, #10822 ) ;
#8254 = ORIENTED_EDGE ( 'NONE', *, *, #6810, .F. ) ;
#8255 = CARTESIAN_POINT ( 'NONE',  ( 1.224646799147355672E-16, 29.50000000000000000, -16.04445395531110563 ) ) ;
#8256 = LINE ( 'NONE', #1342, #9677 ) ;
#8257 = LINE ( 'NONE', #3985, #9988 ) ;
#8258 = ORIENTED_EDGE ( 'NONE', *, *, #7851, .F. ) ;
#8259 = EDGE_CURVE ( 'NONE', #10154, #2148, #3398, .T. ) ;
#8260 = EDGE_CURVE ( 'NONE', #3996, #8682, #10301, .T. ) ;
#8261 = VECTOR ( 'NONE', #7637, 1000.000000000000000 ) ;
#8262 = DIRECTION ( 'NONE',  ( 0.000000000000000000, 1.000000000000000000, 2.940873454663932011E-27 ) ) ;
#8263 = DIRECTION ( 'NONE',  ( 1.000000000000000000, 0.000000000000000000, 0.000000000000000000 ) ) ;
#8264 = ORIENTED_EDGE ( 'NONE', *, *, #6152, .F. ) ;
#8265 = ORIENTED_EDGE ( 'NONE', *, *, #5294, .T. ) ;
#8266 = VERTEX_POINT ( 'NONE', #904 ) ;
#8267 = ORIENTED_EDGE ( 'NONE', *, *, #2920, .F. ) ;
#8268 = VECTOR ( 'NONE', #159, 1000.000000000000000 ) ;
#8269 = LINE ( 'NONE', #6525, #3714 ) ;
#8270 = EDGE_LOOP ( 'NONE', ( #8671, #4224, #6755, #3580 ) ) ;
#8271 = CARTESIAN_POINT ( 'NONE',  ( 7.099999999999995204, -11.50000000000000000, -16.60000000000000142 ) ) ;
#8272 = ORIENTED_EDGE ( 'NONE', *, *, #7531, .T. ) ;
#8273 = CARTESIAN_POINT ( 'NONE',  ( -25.00000000000000711, 0.000000000000000000, 38.99999999999996447 ) ) ;
#8274 = EDGE_CURVE ( 'NONE', #5673, #3537, #8443, .T. ) ;
#8275 = CARTESIAN_POINT ( 'NONE',  ( 6.924999999999993605, -13.99999999999999822, -22.60000000000000853 ) ) ;
#8276 = ADVANCED_FACE ( 'NONE', ( #67 ), #2604, .T. ) ;
#8277 = DIRECTION ( 'NONE',  ( 0.000000000000000000, 1.000000000000000000, 2.940873454663932011E-27 ) ) ;
#8278 = CARTESIAN_POINT ( 'NONE',  ( -2.999999999999996447, 29.09999999999999787, -14.04445395531110741 ) ) ;
#8279 = VECTOR ( 'NONE', #7517, 1000.000000000000000 ) ;
#8280 = DIRECTION ( 'NONE',  ( 1.000000000000000000, 0.000000000000000000, 0.000000000000000000 ) ) ;
#8281 = FACE_OUTER_BOUND ( 'NONE', #7411, .T. ) ;
#8282 = ORIENTED_EDGE ( 'NONE', *, *, #7205, .T. ) ;
#8283 = DIRECTION ( 'NONE',  ( 1.000000000000000000, 0.000000000000000000, 0.000000000000000000 ) ) ;
#8284 = ORIENTED_EDGE ( 'NONE', *, *, #4389, .T. ) ;
#8285 = VECTOR ( 'NONE', #801, 1000.000000000000000 ) ;
#8286 = ORIENTED_EDGE ( 'NONE', *, *, #3169, .F. ) ;
#8287 = PLANE ( 'NONE',  #10952 ) ;
#8288 = DIRECTION ( 'NONE',  ( 0.000000000000000000, 1.000000000000000000, 3.491481338843133355E-15 ) ) ;
#8289 = EDGE_CURVE ( 'NONE', #6852, #863, #7604, .T. ) ;
#8290 = ORIENTED_EDGE ( 'NONE', *, *, #6508, .T. ) ;
#8291 = FACE_OUTER_BOUND ( 'NONE', #1643, .T. ) ;
#8292 = DIRECTION ( 'NONE',  ( -1.000000000000000000, -0.000000000000000000, -0.000000000000000000 ) ) ;
#8293 = LINE ( 'NONE', #5816, #9207 ) ;
#8294 = VECTOR ( 'NONE', #5709, 1000.000000000000000 ) ;
#8295 = VERTEX_POINT ( 'NONE', #1709 ) ;
#8296 = EDGE_CURVE ( 'NONE', #1290, #3391, #10133, .T. ) ;
#8297 = ORIENTED_EDGE ( 'NONE', *, *, #9403, .F. ) ;
#8298 = DIRECTION ( 'NONE',  ( 1.000000000000000000, 0.000000000000000000, -0.000000000000000000 ) ) ;
#8299 = CARTESIAN_POINT ( 'NONE',  ( 15.00000000000000000, -11.50000000000000000, 8.399999999999987921 ) ) ;
#8300 = LINE ( 'NONE', #1386, #10403 ) ;
#8301 = EDGE_CURVE ( 'NONE', #6904, #2093, #5119, .T. ) ;
#8302 = VECTOR ( 'NONE', #2570, 1000.000000000000000 ) ;
#8303 = PLANE ( 'NONE',  #1458 ) ;
#8304 = FACE_OUTER_BOUND ( 'NONE', #7217, .T. ) ;
#8305 = CARTESIAN_POINT ( 'NONE',  ( 13.38518194069569134, 10.50999999999999091, 19.09402330482620513 ) ) ;
#8306 = DIRECTION ( 'NONE',  ( 0.000000000000000000, 1.000000000000000000, 3.491481338843133355E-15 ) ) ;
#8307 = PLANE ( 'NONE',  #5433 ) ;
#8308 = ORIENTED_EDGE ( 'NONE', *, *, #9968, .T. ) ;
#8309 = CARTESIAN_POINT ( 'NONE',  ( -7.601536384991169903, 23.00000000000000000, 16.80050947618687118 ) ) ;
#8310 = EDGE_CURVE ( 'NONE', #3885, #2157, #798, .T. ) ;
#8311 = VECTOR ( 'NONE', #3672, 1000.000000000000000 ) ;
#8312 = VERTEX_POINT ( 'NONE', #2552 ) ;
#8313 = CARTESIAN_POINT ( 'NONE',  ( -15.27500000000000746, -13.99999999999999822, -16.60000000000000853 ) ) ;
#8314 = CARTESIAN_POINT ( 'NONE',  ( -1.394245600767247018, 32.00000000000001421, 5.972045880556295039 ) ) ;
#8315 = B_SPLINE_SURFACE_WITH_KNOTS ( 'NONE', 3, 1, ( 
 ( #9520, #1133 ),
 ( #7824, #6934 ),
 ( #3620, #5395 ),
 ( #4560, #7935 ) ),
 .UNSPECIFIED., .F., .F., .F.,
 ( 4, 4 ),
 ( 2, 2 ),
 ( 14.00000000000000000, 15.00000000000000000 ),
 ( 0.000000000000000000, 1.000000000000000000 ),
 .UNSPECIFIED. ) ;
#8316 = CARTESIAN_POINT ( 'NONE',  ( 3.599158056653549043, 32.00000000000000000, 1.487710579218682660 ) ) ;
#8317 = ORIENTED_EDGE ( 'NONE', *, *, #8818, .F. ) ;
#8318 = VECTOR ( 'NONE', #7580, 1000.000000000000000 ) ;
#8319 = CARTESIAN_POINT ( 'NONE',  ( 7.599667529665843801, 25.00000000000008882, 24.06419186098128904 ) ) ;
#8320 = CYLINDRICAL_SURFACE ( 'NONE', #3998, 2.000000000000001776 ) ;
#8321 = ORIENTED_EDGE ( 'NONE', *, *, #4356, .F. ) ;
#8322 = ORIENTED_EDGE ( 'NONE', *, *, #2962, .T. ) ;
#8323 = ADVANCED_FACE ( 'NONE', ( #4226 ), #8553, .F. ) ;
#8324 = ORIENTED_EDGE ( 'NONE', *, *, #8340, .F. ) ;
#8325 = ORIENTED_EDGE ( 'NONE', *, *, #210, .F. ) ;
#8326 = AXIS2_PLACEMENT_3D ( 'NONE', #8666, #4290, #7823 ) ;
#8327 = DIRECTION ( 'NONE',  ( 0.000000000000000000, 1.000000000000000000, 2.940873454663932011E-27 ) ) ;
#8328 = ORIENTED_EDGE ( 'NONE', *, *, #5954, .F. ) ;
#8329 = CARTESIAN_POINT ( 'NONE',  ( -15.00000000000000000, 0.000000000000000000, -26.60000000000000853 ) ) ;
#8330 = ORIENTED_EDGE ( 'NONE', *, *, #8407, .T. ) ;
#8331 = DIRECTION ( 'NONE',  ( 0.000000000000000000, -1.000000000000000000, 0.000000000000000000 ) ) ;
#8332 = CARTESIAN_POINT ( 'NONE',  ( 7.599667529665843801, 23.00000000000000000, 24.06419186098130325 ) ) ;
#8333 = DIRECTION ( 'NONE',  ( -0.000000000000000000, -1.000000000000000000, -0.000000000000000000 ) ) ;
#8334 = CARTESIAN_POINT ( 'NONE',  ( -8.743329047513924479, 26.50000000000000000, 7.256070824894444549 ) ) ;
#8335 = MECHANICAL_DESIGN_GEOMETRIC_PRESENTATION_REPRESENTATION (  '', ( #6170 ), #2240 ) ;
#8336 = CARTESIAN_POINT ( 'NONE',  ( -3.494955088444204439, 10.50999999999999091, 13.26303376472695916 ) ) ;
#8337 = CARTESIAN_POINT ( 'NONE',  ( 3.067485291360588118, 24.50000000000000711, 9.292957242215576841 ) ) ;
#8338 = VERTEX_POINT ( 'NONE', #11089 ) ;
#8339 = DIRECTION ( 'NONE',  ( 0.000000000000000000, 1.000000000000000000, 0.000000000000000000 ) ) ;
#8340 = EDGE_CURVE ( 'NONE', #2639, #7180, #852, .T. ) ;
#8341 = B_SPLINE_CURVE_WITH_KNOTS ( 'NONE', 3,
 ( #146, #7006, #10437, #5881, #1622, #8469, #767, #7629, #11057, #2522 ),
 .UNSPECIFIED., .F., .F.,
 ( 4, 3, 3, 4 ),
 ( 0.000000000000000000, 1.587457236082354570E-05, 3.175370610555323128E-05, 5.665839790398910752E-05 ),
 .UNSPECIFIED. ) ;
#8342 = EDGE_CURVE ( 'NONE', #6906, #6306, #17, .T. ) ;
#8343 = ORIENTED_EDGE ( 'NONE', *, *, #4045, .F. ) ;
#8344 = AXIS2_PLACEMENT_3D ( 'NONE', #5703, #707, #5879 ) ;
#8345 = EDGE_CURVE ( 'NONE', #4099, #3187, #5358, .T. ) ;
#8346 = ORIENTED_EDGE ( 'NONE', *, *, #1157, .F. ) ;
#8347 = DIRECTION ( 'NONE',  ( 0.000000000000000000, 1.000000000000000000, -0.000000000000000000 ) ) ;
#8348 = FACE_OUTER_BOUND ( 'NONE', #638, .T. ) ;
#8349 = ORIENTED_EDGE ( 'NONE', *, *, #8776, .T. ) ;
#8350 = CARTESIAN_POINT ( 'NONE',  ( 20.00000000000000000, -13.00000000000000000, -21.60000000000000853 ) ) ;
#8351 = FACE_OUTER_BOUND ( 'NONE', #238, .T. ) ;
#8352 = LINE ( 'NONE', #531, #4692 ) ;
#8353 = VECTOR ( 'NONE', #7433, 1000.000000000000000 ) ;
#8354 = ORIENTED_EDGE ( 'NONE', *, *, #3713, .T. ) ;
#8355 = EDGE_CURVE ( 'NONE', #2895, #7598, #2044, .T. ) ;
#8356 = ORIENTED_EDGE ( 'NONE', *, *, #2502, .T. ) ;
#8357 = DIRECTION ( 'NONE',  ( 0.000000000000000000, 0.000000000000000000, 1.000000000000000000 ) ) ;
#8358 = CARTESIAN_POINT ( 'NONE',  ( -15.27500000000000746, -13.00000000000000000, -16.60000000000000853 ) ) ;
#8359 = LINE ( 'NONE', #2244, #10937 ) ;
#8360 = AXIS2_PLACEMENT_3D ( 'NONE', #10737, #6409, #2315 ) ;
#8361 = CARTESIAN_POINT ( 'NONE',  ( -27.50000000000000355, 10.49999999999999112, 13.24999999999995204 ) ) ;
#8362 = VECTOR ( 'NONE', #5062, 1000.000000000000000 ) ;
#8363 = CARTESIAN_POINT ( 'NONE',  ( 25.00000000000000000, 5.000000000000000000, -29.00000000000000355 ) ) ;
#8364 = LINE ( 'NONE', #10946, #4874 ) ;
#8365 = DIRECTION ( 'NONE',  ( 0.000000000000000000, 0.000000000000000000, -1.000000000000000000 ) ) ;
#8366 = CARTESIAN_POINT ( 'NONE',  ( -33.50000000000000000, 3.000000000000000000, 28.99999999999998934 ) ) ;
#8367 = ORIENTED_EDGE ( 'NONE', *, *, #3383, .T. ) ;
#8368 = DIRECTION ( 'NONE',  ( 0.000000000000000000, -1.000000000000000000, -3.491481338843133355E-15 ) ) ;
#8369 = EDGE_CURVE ( 'NONE', #5257, #5775, #7926, .T. ) ;
#8370 = VECTOR ( 'NONE', #3844, 1000.000000000000000 ) ;
#8371 = ORIENTED_EDGE ( 'NONE', *, *, #7419, .F. ) ;
#8372 = PLANE ( 'NONE',  #6605 ) ;
#8373 = VECTOR ( 'NONE', #10285, 1000.000000000000000 ) ;
#8374 = CARTESIAN_POINT ( 'NONE',  ( -19.81171673543281031, 24.50000000000000000, 12.01317212208040708 ) ) ;
#8375 = CARTESIAN_POINT ( 'NONE',  ( 8.099999999999996092, -11.50000000000000000, -22.60000000000001208 ) ) ;
#8376 = ORIENTED_EDGE ( 'NONE', *, *, #6152, .T. ) ;
#8377 = ADVANCED_FACE ( 'NONE', ( #10409, #7144 ), #7983, .F. ) ;
#8378 = AXIS2_PLACEMENT_3D ( 'NONE', #298, #8725, #347 ) ;
#8379 = CARTESIAN_POINT ( 'NONE',  ( -1.579617136008335088, 32.00000000000000000, 11.47586458442107826 ) ) ;
#8380 = CARTESIAN_POINT ( 'NONE',  ( -7.925000000000008704, -13.99999999999999822, -17.60000000000000853 ) ) ;
#8381 = ORIENTED_EDGE ( 'NONE', *, *, #8664, .F. ) ;
#8382 = DIRECTION ( 'NONE',  ( 1.000000000000000000, 0.000000000000000000, 0.000000000000000000 ) ) ;
#8383 = ADVANCED_FACE ( 'NONE', ( #10464, #10520 ), #232, .T. ) ;
#8384 = VERTEX_POINT ( 'NONE', #7815 ) ;
#8385 = EDGE_LOOP ( 'NONE', ( #4470, #308, #6658, #5762 ) ) ;
#8386 = ORIENTED_EDGE ( 'NONE', *, *, #6202, .F. ) ;
#8387 = ORIENTED_EDGE ( 'NONE', *, *, #1971, .T. ) ;
#8388 = FACE_OUTER_BOUND ( 'NONE', #5613, .T. ) ;
#8389 = ORIENTED_EDGE ( 'NONE', *, *, #9354, .F. ) ;
#8390 = LINE ( 'NONE', #4000, #1640 ) ;
#8391 = CARTESIAN_POINT ( 'NONE',  ( 14.50000000000024869, 23.00000000000000000, 19.36521081018127077 ) ) ;
#8392 = CARTESIAN_POINT ( 'NONE',  ( 10.59628567718386805, 23.00000000000000000, 18.40282330123068277 ) ) ;
#8393 = LINE ( 'NONE', #1711, #2191 ) ;
#8394 = LINE ( 'NONE', #9186, #645 ) ;
#8395 = LINE ( 'NONE', #7498, #3988 ) ;
#8396 = VERTEX_POINT ( 'NONE', #7090 ) ;
#8397 = CARTESIAN_POINT ( 'NONE',  ( 3.000000000000000888, 24.99999999999999645, 15.53801126270789190 ) ) ;
#8398 = CARTESIAN_POINT ( 'NONE',  ( -14.99999999999995737, 0.5000000000000000000, 13.59999999999998899 ) ) ;
#8399 = ORIENTED_EDGE ( 'NONE', *, *, #10913, .T. ) ;
#8400 = ORIENTED_EDGE ( 'NONE', *, *, #2117, .F. ) ;
#8401 = DIRECTION ( 'NONE',  ( 0.000000000000000000, 0.000000000000000000, -1.000000000000000000 ) ) ;
#8402 = LINE ( 'NONE', #6432, #4480 ) ;
#8403 = ORIENTED_EDGE ( 'NONE', *, *, #8236, .T. ) ;
#8404 = CARTESIAN_POINT ( 'NONE',  ( -14.78197023601864046, 24.99999999999999645, 19.09402330374506107 ) ) ;
#8405 = ADVANCED_FACE ( 'NONE', ( #8827 ), #8880, .F. ) ;
#8406 = CARTESIAN_POINT ( 'NONE',  ( -14.99999999999995737, 0.5000000000000000000, 13.59999999999998899 ) ) ;
#8407 = EDGE_CURVE ( 'NONE', #3331, #8921, #7034, .T. ) ;
#8408 = AXIS2_PLACEMENT_3D ( 'NONE', #10057, #4930, #4096 ) ;
#8409 = LINE ( 'NONE', #6725, #1485 ) ;
#8410 = EDGE_LOOP ( 'NONE', ( #1634, #471, #4723, #4884 ) ) ;
#8411 = EDGE_LOOP ( 'NONE', ( #4828, #699 ) ) ;
#8412 = FACE_OUTER_BOUND ( 'NONE', #8547, .T. ) ;
#8413 = LINE ( 'NONE', #709, #10973 ) ;
#8414 = LINE ( 'NONE', #6554, #8425 ) ;
#8415 = DIRECTION ( 'NONE',  ( 1.000000000000000000, 0.000000000000000000, 0.000000000000000000 ) ) ;
#8416 = CARTESIAN_POINT ( 'NONE',  ( 2.261570138442322797, 32.00000000000000000, 4.566165954495694734 ) ) ;
#8417 = EDGE_CURVE ( 'NONE', #8875, #7269, #6238, .T. ) ;
#8418 = LINE ( 'NONE', #9322, #10987 ) ;
#8419 = LINE ( 'NONE', #6679, #4949 ) ;
#8420 = DIRECTION ( 'NONE',  ( 1.000000000000000000, 0.000000000000000000, 0.000000000000000000 ) ) ;
#8421 = ORIENTED_EDGE ( 'NONE', *, *, #6858, .F. ) ;
#8422 = FACE_OUTER_BOUND ( 'NONE', #3595, .T. ) ;
#8423 = ORIENTED_EDGE ( 'NONE', *, *, #2296, .F. ) ;
#8424 = PLANE ( 'NONE',  #8408 ) ;
#8425 = VECTOR ( 'NONE', #2355, 1000.000000000000000 ) ;
#8426 = CARTESIAN_POINT ( 'NONE',  ( 1.577748280683119564, 32.00000000000000000, 11.42771081216555373 ) ) ;
#8427 = LINE ( 'NONE', #727, #7281 ) ;
#8428 = EDGE_LOOP ( 'NONE', ( #7365, #1378, #9600, #7486 ) ) ;
#8429 = ADVANCED_FACE ( 'NONE', ( #8192 ), #9313, .T. ) ;
#8430 = DIRECTION ( 'NONE',  ( 1.000000000000000000, -0.000000000000000000, -0.000000000000000000 ) ) ;
#8431 = CARTESIAN_POINT ( 'NONE',  ( 13.38518194069547285, 10.50999999999999091, 26.19897291513763093 ) ) ;
#8432 = ORIENTED_EDGE ( 'NONE', *, *, #9377, .T. ) ;
#8433 = SURFACE_SIDE_STYLE ('',( #1644 ) ) ;
#8434 = ORIENTED_EDGE ( 'NONE', *, *, #2945, .F. ) ;
#8435 = EDGE_LOOP ( 'NONE', ( #8492, #8184, #5426, #4959 ) ) ;
#8436 = ORIENTED_EDGE ( 'NONE', *, *, #9912, .T. ) ;
#8437 = DIRECTION ( 'NONE',  ( 1.000000000000000000, 0.000000000000000000, 0.000000000000000000 ) ) ;
#8438 = CARTESIAN_POINT ( 'NONE',  ( 7.924999999999992717, 3.000000000000002665, -21.60000000000000853 ) ) ;
#8439 = AXIS2_PLACEMENT_3D ( 'NONE', #7117, #6323, #2966 ) ;
#8440 = VECTOR ( 'NONE', #4436, 1000.000000000000000 ) ;
#8441 = ORIENTED_EDGE ( 'NONE', *, *, #6008, .F. ) ;
#8442 = FILL_AREA_STYLE ('',( #5374 ) ) ;
#8443 = LINE ( 'NONE', #742, #8362 ) ;
#8444 = ADVANCED_FACE ( 'NONE', ( #2881 ), #6983, .T. ) ;
#8445 = DIRECTION ( 'NONE',  ( -4.483001173306440485E-11, -2.940873454663932011E-27, 1.000000000000000000 ) ) ;
#8446 = DIRECTION ( 'NONE',  ( 0.000000000000000000, 1.000000000000000000, -0.000000000000000000 ) ) ;
#8447 = DIRECTION ( 'NONE',  ( 0.000000000000000000, 0.000000000000000000, -1.000000000000000000 ) ) ;
#8448 = DIRECTION ( 'NONE',  ( 1.000000000000000000, -1.318393914780417174E-37, 4.483001173306440485E-11 ) ) ;
#8449 = VERTEX_POINT ( 'NONE', #2717 ) ;
#8450 = CARTESIAN_POINT ( 'NONE',  ( -13.49999999999999822, 1.500000000000000000, -22.33097289055185897 ) ) ;
#8451 = AXIS2_PLACEMENT_3D ( 'NONE', #11088, #6281, #9665 ) ;
#8452 = EDGE_CURVE ( 'NONE', #10222, #8864, #9509, .T. ) ;
#8453 = DIRECTION ( 'NONE',  ( -0.000000000000000000, 1.000000000000000000, -0.000000000000000000 ) ) ;
#8454 = ORIENTED_EDGE ( 'NONE', *, *, #10159, .T. ) ;
#8455 = ORIENTED_EDGE ( 'NONE', *, *, #1793, .T. ) ;
#8456 = CARTESIAN_POINT ( 'NONE',  ( -1.577713192576071899, 24.50000000000000000, 11.43583728693407942 ) ) ;
#8457 = CARTESIAN_POINT ( 'NONE',  ( -25.00000000000000711, 2.000000000000000000, -29.00000000000002132 ) ) ;
#8458 = AXIS2_PLACEMENT_3D ( 'NONE', #7010, #10439, #6955 ) ;
#8459 = ORIENTED_EDGE ( 'NONE', *, *, #5447, .T. ) ;
#8460 = CARTESIAN_POINT ( 'NONE',  ( -2.553044450212822891, 26.50000000000000000, -2.736966231231034552 ) ) ;
#8461 = CARTESIAN_POINT ( 'NONE',  ( -4.496853450377910733, 10.50999999999999091, -2.736966231318176845 ) ) ;
#8462 = FACE_OUTER_BOUND ( 'NONE', #10205, .T. ) ;
#8463 = ORIENTED_EDGE ( 'NONE', *, *, #10882, .F. ) ;
#8464 = AXIS2_PLACEMENT_3D ( 'NONE', #10753, #4837, #2222 ) ;
#8465 = ORIENTED_EDGE ( 'NONE', *, *, #5035, .T. ) ;
#8466 = EDGE_CURVE ( 'NONE', #399, #8764, #119, .T. ) ;
#8467 = LINE ( 'NONE', #9088, #6907 ) ;
#8468 = FACE_OUTER_BOUND ( 'NONE', #454, .T. ) ;
#8469 = CARTESIAN_POINT ( 'NONE',  ( 1.580960042670308541, 32.00000000000000000, 11.45768715575857755 ) ) ;
#8470 = DIRECTION ( 'NONE',  ( -0.000000000000000000, 1.000000000000000000, -0.000000000000000000 ) ) ;
#8471 = CARTESIAN_POINT ( 'NONE',  ( 3.291110106079696340, 32.00000000000000711, 3.230757126767237697 ) ) ;
#8472 = VECTOR ( 'NONE', #6353, 1000.000000000000000 ) ;
#8473 = DIRECTION ( 'NONE',  ( -0.000000000000000000, -1.000000000000000000, 0.000000000000000000 ) ) ;
#8474 = DIRECTION ( 'NONE',  ( 0.000000000000000000, 1.000000000000000000, 0.000000000000000000 ) ) ;
#8475 = CARTESIAN_POINT ( 'NONE',  ( -4.000000000000017764, -5.500000000000000000, -1.405000000000013349 ) ) ;
#8476 = ORIENTED_EDGE ( 'NONE', *, *, #1051, .F. ) ;
#8477 = PLANE ( 'NONE',  #1806 ) ;
#8478 = VERTEX_POINT ( 'NONE', #3560 ) ;
#8479 = EDGE_CURVE ( 'NONE', #4988, #9136, #6980, .T. ) ;
#8480 = EDGE_CURVE ( 'NONE', #10733, #10818, #5276, .T. ) ;
#8481 = DIRECTION ( 'NONE',  ( -0.000000000000000000, -1.000000000000000000, -0.000000000000000000 ) ) ;
#8482 = VECTOR ( 'NONE', #2738, 1000.000000000000000 ) ;
#8483 = CARTESIAN_POINT ( 'NONE',  ( -11.67964663380889689, 32.00000000000000000, 19.01947394638949973 ) ) ;
#8484 = CARTESIAN_POINT ( 'NONE',  ( 25.00000000000000000, 3.000000000000000000, -29.00000000000000355 ) ) ;
#8485 = EDGE_CURVE ( 'NONE', #9236, #9795, #8892, .T. ) ;
#8486 = VERTEX_POINT ( 'NONE', #5768 ) ;
#8487 =( REPRESENTATION_RELATIONSHIP ('NONE','NONE', #9028, #7873 ) REPRESENTATION_RELATIONSHIP_WITH_TRANSFORMATION ( #3664 )SHAPE_REPRESENTATION_RELATIONSHIP( ) );
#8488 = LINE ( 'NONE', #10232, #1346 ) ;
#8489 = CIRCLE ( 'NONE', #5793, 8.999999999999998224 ) ;
#8490 = CARTESIAN_POINT ( 'NONE',  ( -34.00000000000000711, 29.50000000000000000, -29.00000000000002132 ) ) ;
#8491 = ORIENTED_EDGE ( 'NONE', *, *, #5713, .F. ) ;
#8492 = ORIENTED_EDGE ( 'NONE', *, *, #11098, .T. ) ;
#8493 = ORIENTED_EDGE ( 'NONE', *, *, #9962, .T. ) ;
#8494 = EDGE_CURVE ( 'NONE', #2262, #1548, #3525, .T. ) ;
#8495 = VERTEX_POINT ( 'NONE', #6676 ) ;
#8496 = CARTESIAN_POINT ( 'NONE',  ( 0.000000000000000000, 0.000000000000000000, 0.000000000000000000 ) ) ;
#8497 = DIRECTION ( 'NONE',  ( -0.000000000000000000, 0.000000000000000000, -1.000000000000000000 ) ) ;
#8498 = VECTOR ( 'NONE', #8650, 1000.000000000000000 ) ;
#8499 = EDGE_LOOP ( 'NONE', ( #9362, #500, #9586, #10167 ) ) ;
#8500 = DIRECTION ( 'NONE',  ( -1.000000000000000000, 2.438088387897967896E-29, -6.982962677686266711E-15 ) ) ;
#8501 = DIRECTION ( 'NONE',  ( -1.000000000000000000, 0.000000000000000000, -0.000000000000000000 ) ) ;
#8502 = CARTESIAN_POINT ( 'NONE',  ( -3.000000000000016875, -13.00000000000000000, 7.559999999999986287 ) ) ;
#8503 = CARTESIAN_POINT ( 'NONE',  ( 2.800000000000000266, -11.50000000000000000, -21.14000000000000767 ) ) ;
#8504 = LINE ( 'NONE', #747, #7057 ) ;
#8505 = ORIENTED_EDGE ( 'NONE', *, *, #9510, .T. ) ;
#8506 = DIRECTION ( 'NONE',  ( 0.000000000000000000, 0.000000000000000000, 1.000000000000000000 ) ) ;
#8507 = VECTOR ( 'NONE', #2561, 1000.000000000000000 ) ;
#8508 = EDGE_CURVE ( 'NONE', #10085, #9057, #4200, .T. ) ;
#8509 = CARTESIAN_POINT ( 'NONE',  ( 15.09999999999999609, -5.500000000000000000, -23.60000000000000853 ) ) ;
#8510 = ORIENTED_EDGE ( 'NONE', *, *, #10718, .T. ) ;
#8511 = ORIENTED_EDGE ( 'NONE', *, *, #10051, .F. ) ;
#8512 = CARTESIAN_POINT ( 'NONE',  ( -13.49999999999999822, 0.5000000000000000000, -22.33097289055185897 ) ) ;
#8513 = DIRECTION ( 'NONE',  ( 0.000000000000000000, 0.000000000000000000, -1.000000000000000000 ) ) ;
#8514 = ORIENTED_EDGE ( 'NONE', *, *, #3556, .T. ) ;
#8515 = FACE_OUTER_BOUND ( 'NONE', #3901, .T. ) ;
#8516 = ADVANCED_FACE ( 'NONE', ( #8304 ), #3199, .F. ) ;
#8517 = DIRECTION ( 'NONE',  ( 1.000000000000000000, 0.000000000000000000, 0.000000000000000000 ) ) ;
#8518 = VECTOR ( 'NONE', #6274, 1000.000000000000000 ) ;
#8519 = ORIENTED_EDGE ( 'NONE', *, *, #5127, .T. ) ;
#8520 = EDGE_CURVE ( 'NONE', #8486, #4988, #5843, .T. ) ;
#8521 = ORIENTED_EDGE ( 'NONE', *, *, #164, .F. ) ;
#8522 = DIRECTION ( 'NONE',  ( 4.483001173306440485E-11, 2.940873454663932011E-27, -1.000000000000000000 ) ) ;
#8523 = DIRECTION ( 'NONE',  ( 0.000000000000000000, -1.000000000000000000, 0.000000000000000000 ) ) ;
#8524 = LINE ( 'NONE', #3369, #6452 ) ;
#8525 = DIRECTION ( 'NONE',  ( -1.000000000000000000, 0.000000000000000000, 0.000000000000000000 ) ) ;
#8526 = LINE ( 'NONE', #10218, #110 ) ;
#8527 = CARTESIAN_POINT ( 'NONE',  ( 0.0008204178503570802583, 24.50000000000000000, 13.06458333644164149 ) ) ;
#8528 = LINE ( 'NONE', #1889, #2100 ) ;
#8529 = FACE_OUTER_BOUND ( 'NONE', #605, .T. ) ;
#8530 = ORIENTED_EDGE ( 'NONE', *, *, #8683, .F. ) ;
#8531 = DIRECTION ( 'NONE',  ( -1.000000000000000000, 0.000000000000000000, 0.000000000000000000 ) ) ;
#8532 = EDGE_LOOP ( 'NONE', ( #6727, #8852, #405, #5503 ) ) ;
#8533 = DIRECTION ( 'NONE',  ( 0.000000000000000000, -0.000000000000000000, -1.000000000000000000 ) ) ;
#8534 = VECTOR ( 'NONE', #4935, 1000.000000000000000 ) ;
#8535 = VECTOR ( 'NONE', #9937, 1000.000000000000000 ) ;
#8536 = DIRECTION ( 'NONE',  ( 0.000000000000000000, -1.000000000000000000, 0.000000000000000000 ) ) ;
#8537 = CARTESIAN_POINT ( 'NONE',  ( -7.601536384984108885, 28.50000000000003197, 18.11989491967201715 ) ) ;
#8538 = CARTESIAN_POINT ( 'NONE',  ( -3.877618600790230019, 24.99999999999999645, -1.738336873697747799E-10 ) ) ;
#8539 = EDGE_CURVE ( 'NONE', #6192, #3932, #658, .T. ) ;
#8540 = EDGE_CURVE ( 'NONE', #9770, #9482, #6194, .T. ) ;
#8541 = VECTOR ( 'NONE', #907, 1000.000000000000000 ) ;
#8542 = DIRECTION ( 'NONE',  ( 0.000000000000000000, 1.000000000000000000, 2.940873454663932011E-27 ) ) ;
#8543 = VECTOR ( 'NONE', #2234, 1000.000000000000000 ) ;
#8544 = VERTEX_POINT ( 'NONE', #9265 ) ;
#8545 = DIRECTION ( 'NONE',  ( -0.000000000000000000, -0.000000000000000000, -1.000000000000000000 ) ) ;
#8546 = ORIENTED_EDGE ( 'NONE', *, *, #10689, .T. ) ;
#8547 = EDGE_LOOP ( 'NONE', ( #10634, #6608, #215, #4320 ) ) ;
#8548 = ORIENTED_EDGE ( 'NONE', *, *, #3837, .T. ) ;
#8549 = DIRECTION ( 'NONE',  ( -0.000000000000000000, 1.000000000000000000, 0.000000000000000000 ) ) ;
#8550 = VECTOR ( 'NONE', #7099, 1000.000000000000000 ) ;
#8551 = CIRCLE ( 'NONE', #9433, 9.250000000000001776 ) ;
#8552 = ORIENTED_EDGE ( 'NONE', *, *, #5847, .F. ) ;
#8553 = PLANE ( 'NONE',  #637 ) ;
#8554 = DIRECTION ( 'NONE',  ( 1.000000000000000000, -1.318393914780417174E-37, 4.483001173306440485E-11 ) ) ;
#8555 = DIRECTION ( 'NONE',  ( 1.000000000000000000, 0.000000000000000000, 7.707402235806649088E-15 ) ) ;
#8556 = ADVANCED_FACE ( 'NONE', ( #1568 ), #10163, .T. ) ;
#8557 = CARTESIAN_POINT ( 'NONE',  ( 1.500000000000000000, 10.50999999999999091, 7.798321850110734310 ) ) ;
#8558 = CARTESIAN_POINT ( 'NONE',  ( -13.37439034799843540, 10.50999999999999091, 16.09894341631909853 ) ) ;
#8559 = ORIENTED_EDGE ( 'NONE', *, *, #2681, .T. ) ;
#8560 = PLANE ( 'NONE',  #6162 ) ;
#8561 = DIRECTION ( 'NONE',  ( 0.000000000000000000, 1.000000000000000000, 2.940873454663932011E-27 ) ) ;
#8562 = ORIENTED_EDGE ( 'NONE', *, *, #6481, .T. ) ;
#8563 = VERTEX_POINT ( 'NONE', #714 ) ;
#8564 = CARTESIAN_POINT ( 'NONE',  ( -25.00000000000000711, 30.00000000000000000, 38.99999999999996447 ) ) ;
#8565 = DIRECTION ( 'NONE',  ( -0.000000000000000000, 1.000000000000000000, -0.000000000000000000 ) ) ;
#8566 = CARTESIAN_POINT ( 'NONE',  ( 11.67777777848358411, 32.00000000000000000, 19.01947394638965960 ) ) ;
#8567 = DIRECTION ( 'NONE',  ( 0.000000000000000000, 0.000000000000000000, -1.000000000000000000 ) ) ;
#8568 = EDGE_CURVE ( 'NONE', #2056, #9195, #8247, .T. ) ;
#8569 = CARTESIAN_POINT ( 'NONE',  ( -46.31370849898476649, 10.49999999999999822, 18.99999999999995381 ) ) ;
#8570 = ORIENTED_EDGE ( 'NONE', *, *, #9487, .F. ) ;
#8571 = EDGE_LOOP ( 'NONE', ( #5973, #2129, #4710, #6814, #4385, #7169, #7982, #7559 ) ) ;
#8572 = DIRECTION ( 'NONE',  ( -1.000000000000000000, 0.000000000000000000, -0.000000000000000000 ) ) ;
#8573 = ADVANCED_FACE ( 'NONE', ( #9094 ), #2246, .T. ) ;
#8574 = DIRECTION ( 'NONE',  ( 0.000000000000000000, 0.000000000000000000, -1.000000000000000000 ) ) ;
#8575 = CARTESIAN_POINT ( 'NONE',  ( -35.00000000000000000, 14.99999999999999645, 10.99999999999995381 ) ) ;
#8576 = DIRECTION ( 'NONE',  ( -0.000000000000000000, -1.000000000000000000, -0.000000000000000000 ) ) ;
#8577 = LINE ( 'NONE', #6789, #8008 ) ;
#8578 = ADVANCED_FACE ( 'NONE', ( #597 ), #4031, .F. ) ;
#8579 = CARTESIAN_POINT ( 'NONE',  ( 8.374824250234464529, 9.499999999999998224, 13.67730034089338531 ) ) ;
#8580 = LINE ( 'NONE', #10050, #10832 ) ;
#8581 = ORIENTED_EDGE ( 'NONE', *, *, #3406, .T. ) ;
#8582 = CARTESIAN_POINT ( 'NONE',  ( -19.81171673543281031, 9.499999999999998224, 27.23807268525122538 ) ) ;
#8583 = ORIENTED_EDGE ( 'NONE', *, *, #2898, .F. ) ;
#8584 = DIRECTION ( 'NONE',  ( 0.000000000000000000, -1.000000000000000000, 0.000000000000000000 ) ) ;
#8585 = EDGE_CURVE ( 'NONE', #4999, #7524, #541, .T. ) ;
#8586 = ORIENTED_EDGE ( 'NONE', *, *, #6710, .F. ) ;
#8587 = CARTESIAN_POINT ( 'NONE',  ( -2.799999999999999378, 23.00000000000000000, 21.13801126270789155 ) ) ;
#8588 = B_SPLINE_SURFACE_WITH_KNOTS ( 'NONE', 3, 1, ( 
 ( #6995, #2511 ),
 ( #2735, #10425 ),
 ( #32, #1612 ),
 ( #5926, #9368 ) ),
 .UNSPECIFIED., .F., .F., .F.,
 ( 4, 4 ),
 ( 2, 2 ),
 ( 9.000000000000000000, 10.00000000000000000 ),
 ( 0.000000000000000000, 1.000000000000000000 ),
 .UNSPECIFIED. ) ;
#8589 = DIRECTION ( 'NONE',  ( 1.000000000000000000, 0.000000000000000000, 0.000000000000000000 ) ) ;
#8590 = LINE ( 'NONE', #54, #6742 ) ;
#8591 = UNCERTAINTY_MEASURE_WITH_UNIT (LENGTH_MEASURE( 1.000000000000000082E-05 ), #2600, 'distance_accuracy_value', 'NONE');
#8592 = CARTESIAN_POINT ( 'NONE',  ( 0.000000000000000000, 29.50000000000000000, 13.00000000000000000 ) ) ;
#8593 = ORIENTED_EDGE ( 'NONE', *, *, #2173, .T. ) ;
#8594 = DIRECTION ( 'NONE',  ( 0.000000000000000000, -1.000000000000000000, -3.491481338843133355E-15 ) ) ;
#8595 = VECTOR ( 'NONE', #2647, 1000.000000000000000 ) ;
#8596 = ORIENTED_EDGE ( 'NONE', *, *, #1839, .T. ) ;
#8597 = VERTEX_POINT ( 'NONE', #7462 ) ;
#8598 = EDGE_CURVE ( 'NONE', #11023, #4376, #945, .T. ) ;
#8599 = DIRECTION ( 'NONE',  ( 0.000000000000000000, -1.000000000000000000, 0.000000000000000000 ) ) ;
#8600 = ADVANCED_FACE ( 'NONE', ( #4257 ), #6159, .T. ) ;
#8601 = VERTEX_POINT ( 'NONE', #9432 ) ;
#8602 = CARTESIAN_POINT ( 'NONE',  ( -0.1035570110230923657, 24.50000000000000355, 13.06458333644163794 ) ) ;
#8603 = AXIS2_PLACEMENT_3D ( 'NONE', #2058, #7999, #7210 ) ;
#8604 = DIRECTION ( 'NONE',  ( -0.000000000000000000, -1.000000000000000000, -0.000000000000000000 ) ) ;
#8605 = LINE ( 'NONE', #5970, #745 ) ;
#8606 = PLANE ( 'NONE',  #7817 ) ;
#8607 = FACE_OUTER_BOUND ( 'NONE', #775, .T. ) ;
#8608 = ORIENTED_EDGE ( 'NONE', *, *, #7232, .F. ) ;
#8609 = DIRECTION ( 'NONE',  ( -1.000000000000000000, 1.318503921650895287E-37, -4.483001173306440485E-11 ) ) ;
#8610 = PLANE ( 'NONE',  #7913 ) ;
#8611 = AXIS2_PLACEMENT_3D ( 'NONE', #524, #2288, #10989 ) ;
#8612 = DIRECTION ( 'NONE',  ( 0.000000000000000000, 1.000000000000000000, 2.940873454663932011E-27 ) ) ;
#8613 = VERTEX_POINT ( 'NONE', #5253 ) ;
#8614 = EDGE_CURVE ( 'NONE', #3391, #1436, #879, .T. ) ;
#8615 = EDGE_CURVE ( 'NONE', #10930, #8232, #8526, .T. ) ;
#8616 = ORIENTED_EDGE ( 'NONE', *, *, #5011, .T. ) ;
#8617 = DIRECTION ( 'NONE',  ( 0.000000000000000000, 0.000000000000000000, -1.000000000000000000 ) ) ;
#8618 = CYLINDRICAL_SURFACE ( 'NONE', #10769, 5.000000000000000888 ) ;
#8619 = CIRCLE ( 'NONE', #1437, 1.500000000000000222 ) ;
#8620 = CARTESIAN_POINT ( 'NONE',  ( 35.00000000000000000, 30.00000000000000000, -29.00000000000002132 ) ) ;
#8621 = CARTESIAN_POINT ( 'NONE',  ( -14.27500000000000568, 3.000000000000002665, -21.60000000000000853 ) ) ;
#8622 = AXIS2_PLACEMENT_3D ( 'NONE', #1082, #3007, #10645 ) ;
#8623 = FACE_OUTER_BOUND ( 'NONE', #2407, .T. ) ;
#8624 = VECTOR ( 'NONE', #7862, 1000.000000000000000 ) ;
#8626 = ORIENTED_EDGE ( 'NONE', *, *, #1257, .T. ) ;
#8625 = B_SPLINE_CURVE_WITH_KNOTS ( 'NONE', 3,
 ( #6654, #2226, #9129, #5015, #5863, #692 ),
 .UNSPECIFIED., .F., .F.,
 ( 4, 2, 4 ),
 ( 0.000000000000000000, 0.001051932242637271817, 0.002103864485274543634 ),
 .UNSPECIFIED. ) ;
#8627 = VERTEX_POINT ( 'NONE', #10440 ) ;
#8628 = EDGE_LOOP ( 'NONE', ( #8562, #3858, #7018, #3986, #7636, #4239, #9611, #9893 ) ) ;
#8629 = EDGE_CURVE ( 'NONE', #6540, #6401, #2559, .T. ) ;
#8630 = LINE ( 'NONE', #929, #10862 ) ;
#8631 = AXIS2_PLACEMENT_3D ( 'NONE', #769, #4199, #5707 ) ;
#8632 = PLANE ( 'NONE',  #5557 ) ;
#8633 = PLANE ( 'NONE',  #6091 ) ;
#8634 = LINE ( 'NONE', #2580, #3619 ) ;
#8635 = CARTESIAN_POINT ( 'NONE',  ( -3.362422779585199528, 24.50000000000000000, 0.4393780330285817493 ) ) ;
#8636 = CIRCLE ( 'NONE', #3444, 8.500000000000000000 ) ;
#8637 = CARTESIAN_POINT ( 'NONE',  ( -2.249903526357163841, 32.00000000000000000, -1.050058994014394509 ) ) ;
#8638 = EDGE_CURVE ( 'NONE', #4161, #2174, #8711, .T. ) ;
#8639 = AXIS2_PLACEMENT_3D ( 'NONE', #8829, #4501, #8041 ) ;
#8640 = ORIENTED_EDGE ( 'NONE', *, *, #5796, .T. ) ;
#8641 = ORIENTED_EDGE ( 'NONE', *, *, #7490, .T. ) ;
#8642 = EDGE_CURVE ( 'NONE', #10401, #7828, #8577, .T. ) ;
#8643 = PLANE ( 'NONE',  #8768 ) ;
#8644 = ORIENTED_EDGE ( 'NONE', *, *, #1839, .F. ) ;
#8645 = CARTESIAN_POINT ( 'NONE',  ( 4.219146220329037966, 9.499999999999998224, 23.06569260839445334 ) ) ;
#8646 = CARTESIAN_POINT ( 'NONE',  ( -14.27500000000000568, -12.99999999999999822, -21.60000000000000853 ) ) ;
#8647 = VECTOR ( 'NONE', #5421, 1000.000000000000000 ) ;
#8648 = CARTESIAN_POINT ( 'NONE',  ( -5.301418384264122707, 23.00000000000000000, 16.80050947618688539 ) ) ;
#8649 = ADVANCED_FACE ( 'NONE', ( #1902 ), #5895, .T. ) ;
#8650 = DIRECTION ( 'NONE',  ( 1.000000000000000000, 0.000000000000000000, 2.312964634635748873E-16 ) ) ;
#8651 = ORIENTED_EDGE ( 'NONE', *, *, #5102, .T. ) ;
#8652 = CARTESIAN_POINT ( 'NONE',  ( -7.601536384991211648, 25.00000000000008882, 24.06419186098118246 ) ) ;
#8653 = AXIS2_PLACEMENT_3D ( 'NONE', #5874, #3963, #10884 ) ;
#8654 = ORIENTED_EDGE ( 'NONE', *, *, #9528, .T. ) ;
#8655 = ORIENTED_EDGE ( 'NONE', *, *, #9865, .F. ) ;
#8656 = APPLICATION_PROTOCOL_DEFINITION ( 'draft international standard', 'automotive_design', 1998, #2754 ) ;
#8657 = LINE ( 'NONE', #2827, #5731 ) ;
#8658 = ORIENTED_EDGE ( 'NONE', *, *, #231, .T. ) ;
#8659 = DIRECTION ( 'NONE',  ( 1.000000000000000000, -0.000000000000000000, 0.000000000000000000 ) ) ;
#8660 = VECTOR ( 'NONE', #5465, 1000.000000000000000 ) ;
#8661 = CARTESIAN_POINT ( 'NONE',  ( -7.601536384991222306, 32.00000000000000000, 25.49999999999943867 ) ) ;
#8662 = CARTESIAN_POINT ( 'NONE',  ( -34.25000000000000000, 5.000000000000000000, -29.00000000000000355 ) ) ;
#8663 = CARTESIAN_POINT ( 'NONE',  ( -25.00000000000000711, 2.000000000000000000, -38.25000000000002842 ) ) ;
#8664 = EDGE_CURVE ( 'NONE', #859, #3379, #4311, .T. ) ;
#8665 = ORIENTED_EDGE ( 'NONE', *, *, #8168, .T. ) ;
#8666 = CARTESIAN_POINT ( 'NONE',  ( -35.00000000000000000, 16.50000000000000000, 18.99999999999995737 ) ) ;
#8667 = CARTESIAN_POINT ( 'NONE',  ( -3.601026911978597145, 24.50000000000000000, 1.758059867859497194 ) ) ;
#8668 = VECTOR ( 'NONE', #6077, 1000.000000000000000 ) ;
#8669 = LINE ( 'NONE', #9631, #8550 ) ;
#8670 = ORIENTED_EDGE ( 'NONE', *, *, #10176, .F. ) ;
#8671 = ORIENTED_EDGE ( 'NONE', *, *, #5622, .F. ) ;
#8672 = CARTESIAN_POINT ( 'NONE',  ( 2.999999999999982681, -5.500000000000000000, 6.594999999999988205 ) ) ;
#8673 = CARTESIAN_POINT ( 'NONE',  ( 8.869658908818193410, 28.50000000000003197, 17.83061455561480457 ) ) ;
#8674 = DIRECTION ( 'NONE',  ( -0.000000000000000000, -0.000000000000000000, -1.000000000000000000 ) ) ;
#8675 = CARTESIAN_POINT ( 'NONE',  ( -25.00000000000000711, 32.00000000000000000, 28.99999999999997158 ) ) ;
#8676 = VECTOR ( 'NONE', #8872, 1000.000000000000000 ) ;
#8677 = CARTESIAN_POINT ( 'NONE',  ( -33.50000000000000000, 18.00000000000000000, 0.2499999999999529543 ) ) ;
#8678 = EDGE_CURVE ( 'NONE', #3238, #6950, #5091, .T. ) ;
#8679 = EDGE_CURVE ( 'NONE', #5383, #2667, #5995, .T. ) ;
#8680 = ORIENTED_EDGE ( 'NONE', *, *, #3406, .F. ) ;
#8681 = PRODUCT_DEFINITION_SHAPE ( 'NONE', 'NONE',  #943 ) ;
#8682 = VERTEX_POINT ( 'NONE', #44 ) ;
#8683 = EDGE_CURVE ( 'NONE', #10695, #7761, #828, .T. ) ;
#8684 = ORIENTED_EDGE ( 'NONE', *, *, #64, .F. ) ;
#8685 = CARTESIAN_POINT ( 'NONE',  ( 3.888410194208734350, 10.50999999999999091, 16.59988183274022333 ) ) ;
#8686 = VECTOR ( 'NONE', #5229, 1000.000000000000000 ) ;
#8687 = DIRECTION ( 'NONE',  ( 0.000000000000000000, -1.000000000000000000, 0.000000000000000000 ) ) ;
#8688 = PLANE ( 'NONE',  #7704 ) ;
#8689 = ORIENTED_EDGE ( 'NONE', *, *, #4179, .F. ) ;
#8690 = DIRECTION ( 'NONE',  ( -4.483001173306440485E-11, 0.000000000000000000, 1.000000000000000000 ) ) ;
#8691 = CARTESIAN_POINT ( 'NONE',  ( 3.888410194208734350, 10.50999999999999091, 16.59988183274022333 ) ) ;
#8692 = CARTESIAN_POINT ( 'NONE',  ( -25.00000000000001066, 32.00000000000000000, -39.00000000000002842 ) ) ;
#8693 = EDGE_CURVE ( 'NONE', #7839, #6637, #6900, .T. ) ;
#8694 = ORIENTED_EDGE ( 'NONE', *, *, #9048, .F. ) ;
#8695 = ORIENTED_EDGE ( 'NONE', *, *, #7256, .T. ) ;
#8696 = CARTESIAN_POINT ( 'NONE',  ( -8.743329047513924479, 24.50000000000000000, -6.021333691102118024 ) ) ;
#8697 = VERTEX_POINT ( 'NONE', #8691 ) ;
#8698 = CARTESIAN_POINT ( 'NONE',  ( -25.00000000000000711, 2.000000000000001776, 37.49999999999996447 ) ) ;
#8699 = DIRECTION ( 'NONE',  ( 5.906722184143108780E-15, -0.000000000000000000, -1.000000000000000000 ) ) ;
#8700 = CARTESIAN_POINT ( 'NONE',  ( 14.99999999999996092, 0.5000000000000000000, 13.59999999999998899 ) ) ;
#8701 = CYLINDRICAL_SURFACE ( 'NONE', #2626, 20.49999999999999645 ) ;
#8702 = EDGE_CURVE ( 'NONE', #9728, #695, #2749, .T. ) ;
#8703 = CARTESIAN_POINT ( 'NONE',  ( 14.09999999999999432, -5.500000000000000000, -16.60000000000000142 ) ) ;
#8704 = VECTOR ( 'NONE', #2409, 1000.000000000000000 ) ;
#8705 = ORIENTED_EDGE ( 'NONE', *, *, #6042, .F. ) ;
#8706 = PLANE ( 'NONE',  #1997 ) ;
#8707 = VECTOR ( 'NONE', #9049, 1000.000000000000000 ) ;
#8708 = EDGE_LOOP ( 'NONE', ( #8510, #148, #3869, #2519 ) ) ;
#8709 = ORIENTED_EDGE ( 'NONE', *, *, #2196, .T. ) ;
#8710 = APPLICATION_PROTOCOL_DEFINITION ( 'draft international standard', 'automotive_design', 1998, #7905 ) ;
#8711 = B_SPLINE_CURVE_WITH_KNOTS ( 'NONE', 3,
 ( #1739, #5201, #5151, #6845, #8635, #10329, #933, #6053, #3535, #1682 ),
 .UNSPECIFIED., .F., .F.,
 ( 4, 2, 2, 2, 4 ),
 ( 0.000000000000000000, 0.0008065441996259331559, 0.001613088399251866312, 0.002419632598877799468, 0.003226176798503732623 ),
 .UNSPECIFIED. ) ;
#8712 = CARTESIAN_POINT ( 'NONE',  ( -4.219146220329037966, 26.50000000000000000, 20.06569260839445690 ) ) ;
#8713 = EDGE_CURVE ( 'NONE', #10070, #3281, #3021, .T. ) ;
#8714 = ORIENTED_EDGE ( 'NONE', *, *, #4395, .F. ) ;
#8715 = CARTESIAN_POINT ( 'NONE',  ( -19.81171673543281031, 9.499999999999998224, 12.01317212208040708 ) ) ;
#8716 = VECTOR ( 'NONE', #1628, 1000.000000000000000 ) ;
#8717 = VECTOR ( 'NONE', #7343, 1000.000000000000000 ) ;
#8718 = LINE ( 'NONE', #10411, #10330 ) ;
#8719 = DIRECTION ( 'NONE',  ( 1.445602896647337931E-16, 0.000000000000000000, -1.000000000000000000 ) ) ;
#8720 = ADVANCED_FACE ( 'NONE', ( #6216 ), #5418, .F. ) ;
#8721 = CARTESIAN_POINT ( 'NONE',  ( -13.37439034836756413, 24.99999999999999645, 24.33278622160655047 ) ) ;
#8722 = ORIENTED_EDGE ( 'NONE', *, *, #4318, .T. ) ;
#8723 = CARTESIAN_POINT ( 'NONE',  ( -5.800000000000000711, 9.999999999999998224, -11.54000000000000448 ) ) ;
#8724 = CARTESIAN_POINT ( 'NONE',  ( -3.527045866399507901, 24.50000000000000000, 2.511971170203881165 ) ) ;
#8725 = DIRECTION ( 'NONE',  ( 0.000000000000000000, -1.000000000000000000, 0.000000000000000000 ) ) ;
#8726 = CIRCLE ( 'NONE', #10170, 9.250000000000001776 ) ;
#8727 = AXIS2_PLACEMENT_3D ( 'NONE', #9870, #263, #4584 ) ;
#8728 = EDGE_LOOP ( 'NONE', ( #4273, #10307, #5413, #10741 ) ) ;
#8729 = ORIENTED_EDGE ( 'NONE', *, *, #8342, .F. ) ;
#8730 = DIRECTION ( 'NONE',  ( -1.000000000000000000, 0.000000000000000000, 7.228014483236697048E-17 ) ) ;
#8731 = LINE ( 'NONE', #3735, #5192 ) ;
#8732 = AXIS2_PLACEMENT_3D ( 'NONE', #5720, #668, #10958 ) ;
#8733 = DIRECTION ( 'NONE',  ( 0.000000000000000000, 0.000000000000000000, 1.000000000000000000 ) ) ;
#8734 = FACE_OUTER_BOUND ( 'NONE', #1196, .T. ) ;
#8735 = PRODUCT_DEFINITION_FORMATION_WITH_SPECIFIED_SOURCE ( 'ANY', '', #5261, .NOT_KNOWN. ) ;
#8736 = CARTESIAN_POINT ( 'NONE',  ( -27.50000000000000355, 17.50000000000000000, 19.86623553487585170 ) ) ;
#8737 = CARTESIAN_POINT ( 'NONE',  ( -20.00000000000000000, 0.000000000000000000, -21.60000000000000853 ) ) ;
#8738 = VERTEX_POINT ( 'NONE', #5477 ) ;
#8739 = EDGE_LOOP ( 'NONE', ( #2217, #10874, #10362, #533 ) ) ;
#8740 = ORIENTED_EDGE ( 'NONE', *, *, #9573, .T. ) ;
#8741 = DIRECTION ( 'NONE',  ( 0.000000000000000000, 0.000000000000000000, -1.000000000000000000 ) ) ;
#8742 = EDGE_CURVE ( 'NONE', #6809, #951, #4529, .T. ) ;
#8743 = CARTESIAN_POINT ( 'NONE',  ( -34.25000000000000000, 5.000000000000000000, 28.99999999999998934 ) ) ;
#8744 = ADVANCED_FACE ( 'NONE', ( #9023 ), #208, .F. ) ;
#8745 = CARTESIAN_POINT ( 'NONE',  ( 7.599667529665884658, 28.49999999999999645, 18.11989491965051968 ) ) ;
#8746 = VERTEX_POINT ( 'NONE', #2857 ) ;
#8747 = DIRECTION ( 'NONE',  ( 1.000000000000000000, -0.000000000000000000, -0.000000000000000000 ) ) ;
#8748 = CARTESIAN_POINT ( 'NONE',  ( -3.601026911978597145, 24.49999999999998934, 1.758059867859497194 ) ) ;
#8749 = CARTESIAN_POINT ( 'NONE',  ( -18.50000000000000000, -11.50000000000000000, -21.60000000000000853 ) ) ;
#8750 = VERTEX_POINT ( 'NONE', #1268 ) ;
#8751 = ORIENTED_EDGE ( 'NONE', *, *, #7033, .F. ) ;
#8752 = CARTESIAN_POINT ( 'NONE',  ( 13.49999999999999822, 0.5000000000000000000, 6.899999999999990585 ) ) ;
#8753 = VECTOR ( 'NONE', #493, 1000.000000000000000 ) ;
#8754 = ORIENTED_EDGE ( 'NONE', *, *, #2173, .F. ) ;
#8755 = CYLINDRICAL_SURFACE ( 'NONE', #3365, 1.000000000000000888 ) ;
#8756 = EDGE_CURVE ( 'NONE', #4437, #8934, #7902, .T. ) ;
#8757 = CARTESIAN_POINT ( 'NONE',  ( -7.601536384984108885, 23.00000000000000000, 18.11989491967201715 ) ) ;
#8758 = LINE ( 'NONE', #9606, #2352 ) ;
#8759 = DIRECTION ( 'NONE',  ( 0.000000000000000000, 1.000000000000000000, 0.000000000000000000 ) ) ;
#8760 = CYLINDRICAL_SURFACE ( 'NONE', #415, 8.499999999999992895 ) ;
#8761 = EDGE_LOOP ( 'NONE', ( #4734, #6322, #3299, #178 ) ) ;
#8762 = LINE ( 'NONE', #2931, #8440 ) ;
#8763 = VERTEX_POINT ( 'NONE', #2802 ) ;
#8764 = VERTEX_POINT ( 'NONE', #2130 ) ;
#8765 = DIRECTION ( 'NONE',  ( 1.000000000000000000, 0.000000000000000000, 0.000000000000000000 ) ) ;
#8766 = FACE_BOUND ( 'NONE', #8210, .T. ) ;
#8767 = EDGE_CURVE ( 'NONE', #9914, #16, #9652, .T. ) ;
#8768 = AXIS2_PLACEMENT_3D ( 'NONE', #9601, #8584, #8533 ) ;
#8769 = ORIENTED_EDGE ( 'NONE', *, *, #10849, .T. ) ;
#8770 = DIRECTION ( 'NONE',  ( 0.000000000000000000, 1.000000000000000000, 0.000000000000000000 ) ) ;
#8771 = CARTESIAN_POINT ( 'NONE',  ( -33.50000000000000000, 1.500000000000000000, -29.00000000000000355 ) ) ;
#8772 = CARTESIAN_POINT ( 'NONE',  ( 13.38518194069571443, 10.50999999999999091, 24.33278622262459123 ) ) ;
#8773 = LINE ( 'NONE', #4502, #4706 ) ;
#8774 = ORIENTED_EDGE ( 'NONE', *, *, #6970, .T. ) ;
#8775 = LINE ( 'NONE', #5508, #601 ) ;
#8776 = EDGE_CURVE ( 'NONE', #4833, #8682, #10606, .T. ) ;
#8777 = FACE_OUTER_BOUND ( 'NONE', #10665, .T. ) ;
#8778 = CARTESIAN_POINT ( 'NONE',  ( 2.799354331628083337, 24.50000000000000355, 4.030042667858619865 ) ) ;
#8779 = EDGE_LOOP ( 'NONE', ( #1807, #9202, #4717, #6399 ) ) ;
#8780 = ADVANCED_FACE ( 'NONE', ( #8859 ), #3750, .F. ) ;
#8781 =( GEOMETRIC_REPRESENTATION_CONTEXT ( 3 ) GLOBAL_UNCERTAINTY_ASSIGNED_CONTEXT ( ( #5106 ) ) GLOBAL_UNIT_ASSIGNED_CONTEXT ( ( #1833, #5080, #4300 ) ) REPRESENTATION_CONTEXT ( 'NONE', 'WORKASPACE' ) );
#8782 = VERTEX_POINT ( 'NONE', #1960 ) ;
#8783 = CARTESIAN_POINT ( 'NONE',  ( -13.37439034799843540, 10.50999999999999091, 16.09894341631909853 ) ) ;
#8784 = DIRECTION ( 'NONE',  ( 0.000000000000000000, 0.000000000000000000, 1.000000000000000000 ) ) ;
#8785 = CARTESIAN_POINT ( 'NONE',  ( -12.05359021688597032, 32.00000000000000000, 19.36521081018109314 ) ) ;
#8786 = LINE ( 'NONE', #1142, #37 ) ;
#8787 = CARTESIAN_POINT ( 'NONE',  ( -33.50000000000000000, 10.00049802381102992, 24.98421203201064600 ) ) ;
#8788 = FACE_OUTER_BOUND ( 'NONE', #1577, .T. ) ;
#8789 = ORIENTED_EDGE ( 'NONE', *, *, #4860, .T. ) ;
#8790 = DIRECTION ( 'NONE',  ( 1.000000000000000000, 0.000000000000000000, 1.310214105722663983E-16 ) ) ;
#8791 = ADVANCED_FACE ( 'NONE', ( #5587 ), #7959, .F. ) ;
#8792 = AXIS2_PLACEMENT_3D ( 'NONE', #9306, #972, #5238 ) ;
#8793 = ORIENTED_EDGE ( 'NONE', *, *, #1726, .T. ) ;
#8794 = CARTESIAN_POINT ( 'NONE',  ( -8.743329047513924479, 28.49999999999999645, -6.021333691102118024 ) ) ;
#8795 = VECTOR ( 'NONE', #1094, 1000.000000000000000 ) ;
#8796 = PLANE ( 'NONE',  #1433 ) ;
#8797 = CARTESIAN_POINT ( 'NONE',  ( 8.869658908823275567, 32.00000000000000000, 17.83061455560378405 ) ) ;
#8798 = VECTOR ( 'NONE', #6431, 1000.000000000000000 ) ;
#8799 = ORIENTED_EDGE ( 'NONE', *, *, #3713, .F. ) ;
#8800 = CARTESIAN_POINT ( 'NONE',  ( 0.000000000000000000, 23.00000000000000000, 18.33801126270789084 ) ) ;
#8801 = AXIS2_PLACEMENT_3D ( 'NONE', #3361, #5928, #1778 ) ;
#8802 = CARTESIAN_POINT ( 'NONE',  ( -14.21914622032904774, 10.50999999999999091, 23.06569260839445334 ) ) ;
#8803 = CARTESIAN_POINT ( 'NONE',  ( -2.999999999999996447, 28.49999999999999645, -20.04445395531110918 ) ) ;
#8804 = EDGE_CURVE ( 'NONE', #4435, #4303, #8018, .T. ) ;
#8805 = EDGE_LOOP ( 'NONE', ( #5073, #9248, #4942, #5908 ) ) ;
#8806 = CIRCLE ( 'NONE', #8983, 9.999999999999994671 ) ;
#8807 = ORIENTED_EDGE ( 'NONE', *, *, #7560, .F. ) ;
#8808 = CARTESIAN_POINT ( 'NONE',  ( -2.999999999999996447, 29.09999999999999787, -14.04445395531110741 ) ) ;
#8809 = ORIENTED_EDGE ( 'NONE', *, *, #4825, .T. ) ;
#8810 = DIRECTION ( 'NONE',  ( -1.000000000000000000, -0.000000000000000000, -0.000000000000000000 ) ) ;
#8811 = DIRECTION ( 'NONE',  ( 1.000000000000000000, 0.000000000000000000, 3.802133645976563900E-16 ) ) ;
#8812 = SURFACE_STYLE_FILL_AREA ( #8442 ) ;
#8813 = VECTOR ( 'NONE', #4256, 1000.000000000000000 ) ;
#8814 = CARTESIAN_POINT ( 'NONE',  ( -20.00000000000000000, -13.00000000000000000, 8.399999999999987921 ) ) ;
#8815 = CARTESIAN_POINT ( 'NONE',  ( 20.20000000000000284, 0.000000000000000000, -21.59999999999996589 ) ) ;
#8816 = ADVANCED_FACE ( 'NONE', ( #2914 ), #3644, .T. ) ;
#8817 = EDGE_LOOP ( 'NONE', ( #2210, #3218, #8371, #8102, #2806, #1611, #27, #6166 ) ) ;
#8818 = EDGE_CURVE ( 'NONE', #16, #3801, #3534, .T. ) ;
#8819 = DIRECTION ( 'NONE',  ( 1.000000000000000000, 0.000000000000000000, -0.000000000000000000 ) ) ;
#8820 = VERTEX_POINT ( 'NONE', #2075 ) ;
#8821 = VERTEX_POINT ( 'NONE', #8802 ) ;
#8822 = AXIS2_PLACEMENT_3D ( 'NONE', #3842, #7265, #10702 ) ;
#8823 = PRODUCT_CONTEXT ( 'NONE', #1964, 'mechanical' ) ;
#8824 = EDGE_CURVE ( 'NONE', #526, #6642, #8066, .T. ) ;
#8825 = DIRECTION ( 'NONE',  ( -0.000000000000000000, 1.000000000000000000, -0.000000000000000000 ) ) ;
#8826 = EDGE_LOOP ( 'NONE', ( #1941, #9564, #7672, #10458 ) ) ;
#8827 = FACE_OUTER_BOUND ( 'NONE', #4167, .T. ) ;
#8828 = DIRECTION ( 'NONE',  ( 0.7071067811865465735, 0.000000000000000000, 0.7071067811865485719 ) ) ;
#8829 = CARTESIAN_POINT ( 'NONE',  ( 25.00000000000000000, 3.000000000000000000, -29.00000000000000355 ) ) ;
#8830 = AXIS2_PLACEMENT_3D ( 'NONE', #7740, #4369, #5092 ) ;
#8831 = CARTESIAN_POINT ( 'NONE',  ( 3.101750864123765883, 25.00000000000014211, 8.757180451233470109 ) ) ;
#8832 = ORIENTED_EDGE ( 'NONE', *, *, #5149, .F. ) ;
#8833 = EDGE_CURVE ( 'NONE', #142, #10268, #7226, .T. ) ;
#8834 = CARTESIAN_POINT ( 'NONE',  ( 10.26313544485287643, 23.00000000000000000, 18.29275258562293516 ) ) ;
#8835 = DIRECTION ( 'NONE',  ( -7.080019743072022631E-15, 0.000000000000000000, 1.000000000000000000 ) ) ;
#8836 = CARTESIAN_POINT ( 'NONE',  ( 1.458119989226522639, 24.50000000000000355, 5.056607137796286899 ) ) ;
#8837 = EDGE_LOOP ( 'NONE', ( #6974, #7880, #1930, #3668, #5657, #5791, #153, #6122, #7594, #9110, #8381, #1714 ) ) ;
#8838 = VECTOR ( 'NONE', #2558, 1000.000000000000000 ) ;
#8839 = ORIENTED_EDGE ( 'NONE', *, *, #7960, .T. ) ;
#8840 = CARTESIAN_POINT ( 'NONE',  ( 0.000000000000000000, -2.999999999999999112, 19.93801126270789226 ) ) ;
#8841 = CARTESIAN_POINT ( 'NONE',  ( -14.10000000000000675, -5.500000000000000000, -22.60000000000000853 ) ) ;
#8842 = DIRECTION ( 'NONE',  ( 0.000000000000000000, 0.000000000000000000, 1.000000000000000000 ) ) ;
#8843 = CARTESIAN_POINT ( 'NONE',  ( -12.05359021688597032, 32.00000000000000000, 19.36521081018109314 ) ) ;
#8844 = CARTESIAN_POINT ( 'NONE',  ( 3.101750864123765883, 32.00000000000000000, 8.757180451233494978 ) ) ;
#8845 = DIRECTION ( 'NONE',  ( -1.000000000000000000, 0.000000000000000000, 1.445602896647339656E-16 ) ) ;
#8846 = ORIENTED_EDGE ( 'NONE', *, *, #1504, .T. ) ;
#8847 = EDGE_CURVE ( 'NONE', #10065, #1232, #6382, .T. ) ;
#8848 = DIRECTION ( 'NONE',  ( 0.000000000000000000, 0.000000000000000000, -1.000000000000000000 ) ) ;
#8849 = CIRCLE ( 'NONE', #7773, 5.000000000000000888 ) ;
#8850 = ORIENTED_EDGE ( 'NONE', *, *, #9822, .F. ) ;
#8851 = FACE_OUTER_BOUND ( 'NONE', #4182, .T. ) ;
#8852 = ORIENTED_EDGE ( 'NONE', *, *, #56, .T. ) ;
#8853 = CARTESIAN_POINT ( 'NONE',  ( -15.00000000000000000, -11.50000000000000000, 8.399999999999987921 ) ) ;
#8854 = FACE_OUTER_BOUND ( 'NONE', #6979, .T. ) ;
#8855 = EDGE_CURVE ( 'NONE', #4372, #7295, #7112, .T. ) ;
#8856 = AXIS2_PLACEMENT_3D ( 'NONE', #109, #7917, #2707 ) ;
#8857 = VERTEX_POINT ( 'NONE', #3073 ) ;
#8858 = CARTESIAN_POINT ( 'NONE',  ( -2.914268844323597119, 24.50000000000000711, 7.687611681424682430 ) ) ;
#8859 = FACE_OUTER_BOUND ( 'NONE', #7784, .T. ) ;
#8860 = CARTESIAN_POINT ( 'NONE',  ( 1.571258113506633025, 24.50000000000001066, 11.69115324308192783 ) ) ;
#8861 = EDGE_CURVE ( 'NONE', #1212, #4376, #5756, .T. ) ;
#8862 = ORIENTED_EDGE ( 'NONE', *, *, #6017, .F. ) ;
#8863 = AXIS2_PLACEMENT_3D ( 'NONE', #1132, #3729, #2888 ) ;
#8864 = VERTEX_POINT ( 'NONE', #4019 ) ;
#8865 = CARTESIAN_POINT ( 'NONE',  ( -2.560248185573030355, 24.50000000000000000, 10.52812526547739047 ) ) ;
#8866 = ORIENTED_EDGE ( 'NONE', *, *, #64, .T. ) ;
#8867 = DIRECTION ( 'NONE',  ( -1.000000000000000000, -0.000000000000000000, -6.536324237897399040E-15 ) ) ;
#8868 = CARTESIAN_POINT ( 'NONE',  ( 3.101750864123764106, 32.00000000000000000, 9.027356204728524958 ) ) ;
#8869 = CARTESIAN_POINT ( 'NONE',  ( 14.27499999999998792, -13.99999999999999822, -17.60000000000000497 ) ) ;
#8870 = AXIS2_PLACEMENT_3D ( 'NONE', #7042, #7934, #2778 ) ;
#8871 = DIRECTION ( 'NONE',  ( 1.000000000000000000, 0.000000000000000000, 0.000000000000000000 ) ) ;
#8872 = DIRECTION ( 'NONE',  ( 0.000000000000000000, 1.000000000000000000, 2.940873454663932011E-27 ) ) ;
#8873 = ORIENTED_EDGE ( 'NONE', *, *, #9716, .F. ) ;
#8874 = CARTESIAN_POINT ( 'NONE',  ( -8.743329047513924479, 24.50000000000000000, -6.021333691102118024 ) ) ;
#8875 = VERTEX_POINT ( 'NONE', #6544 ) ;
#8876 = CARTESIAN_POINT ( 'NONE',  ( -3.877618601534404963, 10.50999999999999091, 16.59988183214694857 ) ) ;
#8877 = CARTESIAN_POINT ( 'NONE',  ( -19.81171673543281031, 23.00000000000000000, 12.01317212208040708 ) ) ;
#8878 = ORIENTED_EDGE ( 'NONE', *, *, #2237, .F. ) ;
#8879 = EDGE_CURVE ( 'NONE', #2157, #10585, #457, .T. ) ;
#8880 = PLANE ( 'NONE',  #5300 ) ;
#8881 = EDGE_CURVE ( 'NONE', #1638, #9360, #643, .T. ) ;
#8882 = CARTESIAN_POINT ( 'NONE',  ( 25.00000000000000711, 32.00000000000000000, 28.99999999999997158 ) ) ;
#8883 = LINE ( 'NONE', #8772, #5761 ) ;
#8884 = VECTOR ( 'NONE', #9581, 1000.000000000000000 ) ;
#8885 = PLANE ( 'NONE',  #10465 ) ;
#8886 = ORIENTED_EDGE ( 'NONE', *, *, #11055, .T. ) ;
#8887 = LINE ( 'NONE', #4448, #1706 ) ;
#8888 = ORIENTED_EDGE ( 'NONE', *, *, #6263, .F. ) ;
#8889 = CARTESIAN_POINT ( 'NONE',  ( 7.924999999999992717, -13.99999999999999822, -21.60000000000000853 ) ) ;
#8890 = ORIENTED_EDGE ( 'NONE', *, *, #4123, .F. ) ;
#8891 = VECTOR ( 'NONE', #7359, 1000.000000000000000 ) ;
#8892 = CIRCLE ( 'NONE', #4228, 1.500000000000001332 ) ;
#8893 = ORIENTED_EDGE ( 'NONE', *, *, #3548, .T. ) ;
#8894 = CARTESIAN_POINT ( 'NONE',  ( -18.50000000000000000, -11.50000000000000000, 8.399999999999987921 ) ) ;
#8895 = CARTESIAN_POINT ( 'NONE',  ( 1.581279503555507837, 32.00000000000000711, 11.48414578258331531 ) ) ;
#8896 = EDGE_CURVE ( 'NONE', #391, #2281, #3961, .T. ) ;
#8897 = DIRECTION ( 'NONE',  ( 1.000000000000000000, -0.000000000000000000, -0.000000000000000000 ) ) ;
#8898 = LINE ( 'NONE', #8052, #9191 ) ;
#8899 = CARTESIAN_POINT ( 'NONE',  ( 2.269200476419590107, 32.00000000000001421, 6.305370589921522217 ) ) ;
#8900 = DIRECTION ( 'NONE',  ( -0.000000000000000000, -0.000000000000000000, 1.000000000000000000 ) ) ;
#8901 = ORIENTED_EDGE ( 'NONE', *, *, #3812, .F. ) ;
#8902 = CARTESIAN_POINT ( 'NONE',  ( -5.301418384264122707, 25.00000000000011724, 16.80050947618687118 ) ) ;
#8903 = VECTOR ( 'NONE', #6997, 1000.000000000000000 ) ;
#8904 = VECTOR ( 'NONE', #4131, 1000.000000000000000 ) ;
#8905 = ORIENTED_EDGE ( 'NONE', *, *, #170, .T. ) ;
#8906 = ORIENTED_EDGE ( 'NONE', *, *, #6858, .T. ) ;
#8907 = CARTESIAN_POINT ( 'NONE',  ( 1.581279503555507837, 24.50000000000000000, 11.46651120006815994 ) ) ;
#8908 = LINE ( 'NONE', #363, #8067 ) ;
#8909 = ADVANCED_FACE ( 'NONE', ( #8291 ), #2402, .F. ) ;
#8910 = APPLICATION_CONTEXT ( 'automotive_design' ) ;
#8911 = VECTOR ( 'NONE', #7991, 1000.000000000000000 ) ;
#8912 = ORIENTED_EDGE ( 'NONE', *, *, #4799, .F. ) ;
#8913 = LINE ( 'NONE', #9764, #7378 ) ;
#8914 = VECTOR ( 'NONE', #1764, 1000.000000000000000 ) ;
#8915 = DIRECTION ( 'NONE',  ( 0.000000000000000000, 0.000000000000000000, -1.000000000000000000 ) ) ;
#8916 = FACE_OUTER_BOUND ( 'NONE', #186, .T. ) ;
#8917 = VECTOR ( 'NONE', #4875, 1000.000000000000000 ) ;
#8918 = ORIENTED_EDGE ( 'NONE', *, *, #1064, .T. ) ;
#8919 = ADVANCED_FACE ( 'NONE', ( #4793 ), #4077, .F. ) ;
#8920 = PLANE ( 'NONE',  #7730 ) ;
#8921 = VERTEX_POINT ( 'NONE', #585 ) ;
#8922 = CARTESIAN_POINT ( 'NONE',  ( 25.00000000000000711, 0.000000000000000000, 28.99999999999997158 ) ) ;
#8923 = ORIENTED_EDGE ( 'NONE', *, *, #311, .T. ) ;
#8924 = FACE_OUTER_BOUND ( 'NONE', #6877, .T. ) ;
#8925 = DIRECTION ( 'NONE',  ( 0.000000000000000000, 0.000000000000000000, -1.000000000000000000 ) ) ;
#8926 = EDGE_CURVE ( 'NONE', #5275, #1353, #9252, .T. ) ;
#8927 = DIRECTION ( 'NONE',  ( 0.000000000000000000, 0.000000000000000000, -1.000000000000000000 ) ) ;
#8928 = DIRECTION ( 'NONE',  ( 0.000000000000000000, 0.000000000000000000, 1.000000000000000000 ) ) ;
#8929 = FACE_OUTER_BOUND ( 'NONE', #9570, .T. ) ;
#8930 = VERTEX_POINT ( 'NONE', #1555 ) ;
#8931 = DIRECTION ( 'NONE',  ( 0.000000000000000000, 0.000000000000000000, -1.000000000000000000 ) ) ;
#8932 = EDGE_CURVE ( 'NONE', #1774, #1316, #8233, .T. ) ;
#8933 = VECTOR ( 'NONE', #1120, 1000.000000000000000 ) ;
#8934 = VERTEX_POINT ( 'NONE', #8404 ) ;
#8935 = VECTOR ( 'NONE', #5647, 1000.000000000000000 ) ;
#8936 = VECTOR ( 'NONE', #5555, 1000.000000000000000 ) ;
#8937 = CARTESIAN_POINT ( 'NONE',  ( 25.00000000000000000, 5.000000000000000000, -38.25000000000000711 ) ) ;
#8938 = CARTESIAN_POINT ( 'NONE',  ( -35.00000000000000000, 3.000000000000000000, 28.99999999999998934 ) ) ;
#8939 = ORIENTED_EDGE ( 'NONE', *, *, #9344, .T. ) ;
#8940 = AXIS2_PLACEMENT_3D ( 'NONE', #996, #7745, #9494 ) ;
#8941 = CARTESIAN_POINT ( 'NONE',  ( 14.79276182858165534, 10.50999999999999091, 19.09402330482641830 ) ) ;
#8942 = UNCERTAINTY_MEASURE_WITH_UNIT (LENGTH_MEASURE( 1.000000000000000082E-05 ), #9398, 'distance_accuracy_value', 'NONE');
#8943 = CARTESIAN_POINT ( 'NONE',  ( -7.925000000000008704, -13.00000000000000000, -17.60000000000000853 ) ) ;
#8944 = ORIENTED_EDGE ( 'NONE', *, *, #1576, .F. ) ;
#8945 = CARTESIAN_POINT ( 'NONE',  ( 2.449293598294705428E-16, -9.999999999999998224, -16.43835307503515608 ) ) ;
#8946 = EDGE_LOOP ( 'NONE', ( #8644, #2241, #7707, #4732 ) ) ;
#8947 = ADVANCED_FACE ( 'NONE', ( #2291 ), #476, .T. ) ;
#8948 = EDGE_LOOP ( 'NONE', ( #1161, #5423, #5925, #1528 ) ) ;
#8949 = ORIENTED_EDGE ( 'NONE', *, *, #1256, .T. ) ;
#8950 = DIRECTION ( 'NONE',  ( 0.7071067811865464625, 0.000000000000000000, 0.7071067811865486830 ) ) ;
#8951 = VERTEX_POINT ( 'NONE', #8350 ) ;
#8952 = ORIENTED_EDGE ( 'NONE', *, *, #7306, .F. ) ;
#8953 = DIRECTION ( 'NONE',  ( 0.000000000000000000, 0.000000000000000000, -1.000000000000000000 ) ) ;
#8954 = CARTESIAN_POINT ( 'NONE',  ( 1.581279503555500732, 32.00000000000000000, 12.35902778106250466 ) ) ;
#8955 = FACE_OUTER_BOUND ( 'NONE', #3691, .T. ) ;
#8956 = CARTESIAN_POINT ( 'NONE',  ( 11.09999999999999076, -11.49999999999999645, -18.10000000000000497 ) ) ;
#8957 = CARTESIAN_POINT ( 'NONE',  ( 2.365873012224965155, 31.99999999999997868, 6.749355101976200366 ) ) ;
#8958 = CARTESIAN_POINT ( 'NONE',  ( -25.00000000000000711, 2.000000000000000000, 38.24999999999996447 ) ) ;
#8959 = ORIENTED_EDGE ( 'NONE', *, *, #2518, .T. ) ;
#8960 = CARTESIAN_POINT ( 'NONE',  ( -2.800000000000000266, -0.5000000000000004441, -21.14000000000000767 ) ) ;
#8961 = EDGE_CURVE ( 'NONE', #6623, #2265, #5697, .T. ) ;
#8962 = EDGE_CURVE ( 'NONE', #10332, #9287, #6392, .T. ) ;
#8963 = VECTOR ( 'NONE', #8699, 1000.000000000000000 ) ;
#8964 = VERTEX_POINT ( 'NONE', #9196 ) ;
#8965 = ADVANCED_FACE ( 'NONE', ( #10992 ), #8178, .F. ) ;
#8966 = EDGE_LOOP ( 'NONE', ( #1148, #9635, #9347, #3489, #5218, #3473, #5470, #2228, #11079, #9558, #3041 ) ) ;
#8967 = FACE_BOUND ( 'NONE', #9055, .T. ) ;
#8968 = CYLINDRICAL_SURFACE ( 'NONE', #1247, 8.500000000000000000 ) ;
#8969 = ORIENTED_EDGE ( 'NONE', *, *, #8494, .F. ) ;
#8970 = CARTESIAN_POINT ( 'NONE',  ( -3.877618601942272925, 10.50999999999999091, 25.69803449914322613 ) ) ;
#8971 = AXIS2_PLACEMENT_3D ( 'NONE', #6942, #8513, #4352 ) ;
#8972 = LINE ( 'NONE', #1158, #2925 ) ;
#8973 = ORIENTED_EDGE ( 'NONE', *, *, #7763, .F. ) ;
#8974 = ADVANCED_FACE ( 'NONE', ( #10149 ), #10767, .F. ) ;
#8975 = VERTEX_POINT ( 'NONE', #4739 ) ;
#8976 = DIRECTION ( 'NONE',  ( 1.000000000000000000, 0.000000000000000000, 0.000000000000000000 ) ) ;
#8977 = VECTOR ( 'NONE', #3799, 1000.000000000000000 ) ;
#8978 = STYLED_ITEM ( 'NONE', ( #9530 ), #7040 ) ;
#8979 = CARTESIAN_POINT ( 'NONE',  ( -2.999999999999999112, 24.99999999999999645, 15.53801126270789190 ) ) ;
#8980 = LINE ( 'NONE', #9722, #5544 ) ;
#8981 = LINE ( 'NONE', #5429, #2901 ) ;
#8982 = PLANE ( 'NONE',  #10872 ) ;
#8983 = AXIS2_PLACEMENT_3D ( 'NONE', #1138, #1305, #8953 ) ;
#8984 = LINE ( 'NONE', #6505, #2947 ) ;
#8985 = ORIENTED_EDGE ( 'NONE', *, *, #10435, .F. ) ;
#8986 = CARTESIAN_POINT ( 'NONE',  ( 3.101750864123765883, 24.49999999999999645, 8.757180451233468332 ) ) ;
#8987 = EDGE_CURVE ( 'NONE', #11052, #2176, #3907, .T. ) ;
#8988 = ORIENTED_EDGE ( 'NONE', *, *, #5404, .F. ) ;
#8989 = CARTESIAN_POINT ( 'NONE',  ( 15.00000000000000000, -3.469446951953614189E-15, -25.10000000000000853 ) ) ;
#8990 = CARTESIAN_POINT ( 'NONE',  ( 25.00000000000000711, 28.49999999999999645, 37.49999999999996447 ) ) ;
#8991 = VECTOR ( 'NONE', #3730, 1000.000000000000000 ) ;
#8992 = ORIENTED_EDGE ( 'NONE', *, *, #2297, .F. ) ;
#8993 = EDGE_CURVE ( 'NONE', #5168, #1838, #5639, .T. ) ;
#8994 = CIRCLE ( 'NONE', #377, 9.250000000000001776 ) ;
#8995 = CARTESIAN_POINT ( 'NONE',  ( -33.50000000000000000, 16.49999999999999645, 13.24999999999995559 ) ) ;
#8996 = CARTESIAN_POINT ( 'NONE',  ( 3.888410194209629189, 10.50999999999999091, 25.69803449973652931 ) ) ;
#8997 = ORIENTED_EDGE ( 'NONE', *, *, #9354, .T. ) ;
#8998 = LINE ( 'NONE', #1750, #7529 ) ;
#8999 = EDGE_CURVE ( 'NONE', #6526, #2206, #2621, .T. ) ;
#9000 = VECTOR ( 'NONE', #8111, 1000.000000000000000 ) ;
#9001 = ORIENTED_EDGE ( 'NONE', *, *, #4416, .T. ) ;
#9002 = VERTEX_POINT ( 'NONE', #6040 ) ;
#9003 = ORIENTED_EDGE ( 'NONE', *, *, #2221, .T. ) ;
#9004 = LINE ( 'NONE', #621, #5139 ) ;
#9005 = ORIENTED_EDGE ( 'NONE', *, *, #2761, .F. ) ;
#9006 = ORIENTED_EDGE ( 'NONE', *, *, #1150, .F. ) ;
#9007 = CARTESIAN_POINT ( 'NONE',  ( -15.00000000000000000, -11.50000000000000000, -25.10000000000000853 ) ) ;
#9008 = CARTESIAN_POINT ( 'NONE',  ( -1.500000000000000000, 9.499999999999998224, 7.798321850110734310 ) ) ;
#9009 = VECTOR ( 'NONE', #9490, 1000.000000000000000 ) ;
#9010 = DIRECTION ( 'NONE',  ( -0.000000000000000000, 1.000000000000000000, -0.000000000000000000 ) ) ;
#9011 = EDGE_CURVE ( 'NONE', #8478, #5947, #1832, .T. ) ;
#9012 = DIRECTION ( 'NONE',  ( -0.05267505404603461255, 2.936534719685217163E-27, -0.9986117056600365416 ) ) ;
#9013 = CARTESIAN_POINT ( 'NONE',  ( 2.037950071319532874, 32.00000000000000711, 6.418099619134823186 ) ) ;
#9014 = CARTESIAN_POINT ( 'NONE',  ( 2.964752030452224130, 24.50000000000000711, 9.681763336001845133 ) ) ;
#9015 = ORIENTED_EDGE ( 'NONE', *, *, #5715, .T. ) ;
#9016 = CARTESIAN_POINT ( 'NONE',  ( 4.100096472055489549, 25.00000000000008527, 25.49999999999948486 ) ) ;
#9017 = VECTOR ( 'NONE', #3013, 1000.000000000000000 ) ;
#9018 = ORIENTED_EDGE ( 'NONE', *, *, #10365, .T. ) ;
#9019 = ORIENTED_EDGE ( 'NONE', *, *, #8157, .F. ) ;
#9020 = DIRECTION ( 'NONE',  ( 1.000000000000000000, 0.000000000000000000, -0.000000000000000000 ) ) ;
#9021 = FACE_BOUND ( 'NONE', #5317, .T. ) ;
#9022 = ORIENTED_EDGE ( 'NONE', *, *, #5256, .F. ) ;
#9023 = FACE_OUTER_BOUND ( 'NONE', #6389, .T. ) ;
#9024 = EDGE_CURVE ( 'NONE', #10116, #4362, #868, .T. ) ;
#9025 = DIRECTION ( 'NONE',  ( -1.000000000000000000, -0.000000000000000000, -0.000000000000000000 ) ) ;
#9026 = EDGE_CURVE ( 'NONE', #4900, #8, #3413, .T. ) ;
#9027 = CARTESIAN_POINT ( 'NONE',  ( 17.70476182858164549, 26.50000000000000000, 15.53801126270789190 ) ) ;
#9028 = SHAPE_REPRESENTATION ( 'Assem1', ( #10538, #5676, #7487, #4253, #662 ), #8021 ) ;
#9029 = VERTEX_POINT ( 'NONE', #5239 ) ;
#9030 = ORIENTED_EDGE ( 'NONE', *, *, #8540, .F. ) ;
#9031 = CARTESIAN_POINT ( 'NONE',  ( -3.000000000000016875, -11.50000000000000000, -0.4050000000000138489 ) ) ;
#9032 = VECTOR ( 'NONE', #2305, 1000.000000000000000 ) ;
#9033 = CARTESIAN_POINT ( 'NONE',  ( -1.420632916443173244, 31.99999999999999289, 12.18516938435013408 ) ) ;
#9034 = CARTESIAN_POINT ( 'NONE',  ( -2.553044450121756626, 10.50999999999999091, -4.768333691879734104 ) ) ;
#9035 = CARTESIAN_POINT ( 'NONE',  ( -7.925000000000008704, -13.00000000000000000, -17.60000000000000853 ) ) ;
#9036 = EDGE_CURVE ( 'NONE', #7654, #3797, #5189, .T. ) ;
#9037 = FACE_OUTER_BOUND ( 'NONE', #1647, .T. ) ;
#9038 = VECTOR ( 'NONE', #180, 1000.000000000000000 ) ;
#9039 = LINE ( 'NONE', #8250, #8130 ) ;
#9040 = ORIENTED_EDGE ( 'NONE', *, *, #7438, .F. ) ;
#9041 = DIRECTION ( 'NONE',  ( -0.9986117056553137639, 1.549372121660643051E-28, -0.05267505413556723692 ) ) ;
#9042 = ORIENTED_EDGE ( 'NONE', *, *, #3469, .T. ) ;
#9043 = CARTESIAN_POINT ( 'NONE',  ( 7.599667515478469859, 32.00000000000000000, 18.11989492295154491 ) ) ;
#9044 = B_SPLINE_CURVE_WITH_KNOTS ( 'NONE', 3,
 ( #3782, #5342, #5455, #4508, #1882, #8046, #5284, #8778, #242, #2671, #3677, #7206, #9688, #8836, #1996, #3621 ),
 .UNSPECIFIED., .F., .F.,
 ( 4, 2, 2, 2, 2, 2, 2, 4 ),
 ( 0.000000000000000000, 0.001127792604888379693, 0.001691688907332569540, 0.002255585209776759387, 0.002819481512220949233, 0.003383377814665139080, 0.003947274117109328927, 0.004511170419553518773 ),
 .UNSPECIFIED. ) ;
#9045 = CARTESIAN_POINT ( 'NONE',  ( -15.00000000000000000, -11.50000000000000000, 11.89999999999998792 ) ) ;
#9046 = AXIS2_PLACEMENT_3D ( 'NONE', #8084, #1009, #7137 ) ;
#9047 = ORIENTED_EDGE ( 'NONE', *, *, #8157, .T. ) ;
#9048 = EDGE_CURVE ( 'NONE', #8384, #2114, #1724, .T. ) ;
#9049 = DIRECTION ( 'NONE',  ( 0.000000000000000000, 1.000000000000000000, 3.491481338843133355E-15 ) ) ;
#9050 = DIRECTION ( 'NONE',  ( -0.000000000000000000, -1.000000000000000000, -0.000000000000000000 ) ) ;
#9051 = EDGE_LOOP ( 'NONE', ( #611, #9257, #723, #5687 ) ) ;
#9052 = FACE_OUTER_BOUND ( 'NONE', #6411, .T. ) ;
#9053 = EDGE_LOOP ( 'NONE', ( #8878, #5517, #8258, #12, #4788, #6762, #5631, #5957 ) ) ;
#9054 = ORIENTED_EDGE ( 'NONE', *, *, #7503, .F. ) ;
#9055 = EDGE_LOOP ( 'NONE', ( #7191, #4785 ) ) ;
#9056 = ADVANCED_FACE ( 'NONE', ( #973 ), #4407, .F. ) ;
#9057 = VERTEX_POINT ( 'NONE', #9422 ) ;
#9058 = CARTESIAN_POINT ( 'NONE',  ( 6.346119218776775206, 9.499999999999998224, -6.021333691102119801 ) ) ;
#9059 = VERTEX_POINT ( 'NONE', #8460 ) ;
#9060 = VECTOR ( 'NONE', #3755, 1000.000000000000000 ) ;
#9061 = LINE ( 'NONE', #3892, #191 ) ;
#9062 = DIRECTION ( 'NONE',  ( 0.000000000000000000, 0.000000000000000000, -1.000000000000000000 ) ) ;
#9063 = ADVANCED_FACE ( 'NONE', ( #8515 ), #9220, .T. ) ;
#9064 = CARTESIAN_POINT ( 'NONE',  ( -11.10000000000000675, 31.50000000000000000, -19.60000000000000497 ) ) ;
#9065 = PLANE ( 'NONE',  #211 ) ;
#9066 = B_SPLINE_CURVE_WITH_KNOTS ( 'NONE', 3,
 ( #517, #3949, #8337, #9014, #9127, #6477, #1420, #1311, #4731, #3231, #632, #4841 ),
 .UNSPECIFIED., .F., .F.,
 ( 4, 2, 2, 2, 2, 4 ),
 ( 0.000000000000000000, 0.0008009853158819714479, 0.001201477973822959828, 0.001601970631763948317, 0.002402955947645924427, 0.003203941263527900103 ),
 .UNSPECIFIED. ) ;
#9067 = DIRECTION ( 'NONE',  ( -0.000000000000000000, 1.000000000000000000, -0.000000000000000000 ) ) ;
#9068 = DIRECTION ( 'NONE',  ( 0.000000000000000000, 0.000000000000000000, -1.000000000000000000 ) ) ;
#9069 = EDGE_LOOP ( 'NONE', ( #4667, #2573, #1843, #1230 ) ) ;
#9070 = DIRECTION ( 'NONE',  ( -4.908688302946797091E-17, 0.000000000000000000, 1.000000000000000000 ) ) ;
#9071 = ADVANCED_FACE ( 'NONE', ( #3360, #6943, #4187, #6885, #759 ), #4243, .F. ) ;
#9072 = CIRCLE ( 'NONE', #7459, 0.5000000000000004441 ) ;
#9073 = VECTOR ( 'NONE', #4609, 1000.000000000000000 ) ;
#9074 = EDGE_LOOP ( 'NONE', ( #5878, #6645, #2201, #1049 ) ) ;
#9075 = ORIENTED_EDGE ( 'NONE', *, *, #5929, .F. ) ;
#9076 = LINE ( 'NONE', #5751, #3064 ) ;
#9077 = DIRECTION ( 'NONE',  ( 0.000000000000000000, 0.000000000000000000, -1.000000000000000000 ) ) ;
#9078 = ORIENTED_EDGE ( 'NONE', *, *, #4772, .T. ) ;
#9079 = DIRECTION ( 'NONE',  ( 0.000000000000000000, -1.000000000000000000, 0.000000000000000000 ) ) ;
#9080 = DIRECTION ( 'NONE',  ( 0.000000000000000000, -0.000000000000000000, -1.000000000000000000 ) ) ;
#9081 = VECTOR ( 'NONE', #4119, 1000.000000000000000 ) ;
#9082 = CARTESIAN_POINT ( 'NONE',  ( 0.000000000000000000, 29.50000000000000000, -7.499999999999998224 ) ) ;
#9083 = AXIS2_PLACEMENT_3D ( 'NONE', #7726, #3521, #10206 ) ;
#9084 = ORIENTED_EDGE ( 'NONE', *, *, #10509, .F. ) ;
#9085 = ORIENTED_EDGE ( 'NONE', *, *, #10600, .T. ) ;
#9086 = ADVANCED_FACE ( 'NONE', ( #7676, #6831 ), #10318, .T. ) ;
#9087 = ADVANCED_FACE ( 'NONE', ( #6086 ), #8588, .T. ) ;
#9088 = CARTESIAN_POINT ( 'NONE',  ( 4.100096472055489549, 32.00000000000000000, 25.49999999999952038 ) ) ;
#9089 = VECTOR ( 'NONE', #5976, 1000.000000000000000 ) ;
#9090 = VECTOR ( 'NONE', #8445, 1000.000000000000000 ) ;
#9091 = LINE ( 'NONE', #7968, #10377 ) ;
#9092 = CARTESIAN_POINT ( 'NONE',  ( -3.601026911978597145, 32.00000000000000000, 1.758059867859523395 ) ) ;
#9093 = CARTESIAN_POINT ( 'NONE',  ( 13.38518194069547285, 10.50999999999999091, 26.19897291513763093 ) ) ;
#9094 = FACE_OUTER_BOUND ( 'NONE', #6577, .T. ) ;
#9095 = CARTESIAN_POINT ( 'NONE',  ( 2.251544362057745996, 25.00000000000017764, -1.046527771142002905 ) ) ;
#9096 = DIRECTION ( 'NONE',  ( -1.000000000000000000, 0.000000000000000000, -4.483001173306440485E-11 ) ) ;
#9097 = AXIS2_PLACEMENT_3D ( 'NONE', #4168, #3278, #10127 ) ;
#9098 = CARTESIAN_POINT ( 'NONE',  ( 0.000000000000000000, 29.09999999999999787, 0.000000000000000000 ) ) ;
#9099 = VERTEX_POINT ( 'NONE', #2568 ) ;
#9100 = CARTESIAN_POINT ( 'NONE',  ( 3.053660572321895916, 24.50000000000001066, 8.128370371428170316 ) ) ;
#9101 = ORIENTED_EDGE ( 'NONE', *, *, #1934, .T. ) ;
#9102 = EDGE_CURVE ( 'NONE', #7598, #2855, #136, .T. ) ;
#9103 = EDGE_CURVE ( 'NONE', #3105, #1981, #3841, .T. ) ;
#9104 = CARTESIAN_POINT ( 'NONE',  ( 34.00000000000000000, 32.00000000000000000, -29.00000000000002487 ) ) ;
#9105 = LINE ( 'NONE', #4709, #8936 ) ;
#9106 = FACE_OUTER_BOUND ( 'NONE', #8946, .T. ) ;
#9107 = ORIENTED_EDGE ( 'NONE', *, *, #4689, .F. ) ;
#9108 = DIRECTION ( 'NONE',  ( 0.000000000000000000, -1.000000000000000000, -3.491481338843133355E-15 ) ) ;
#9109 = DIRECTION ( 'NONE',  ( 0.000000000000000000, 1.000000000000000000, 2.940873454663932011E-27 ) ) ;
#9110 = ORIENTED_EDGE ( 'NONE', *, *, #9247, .F. ) ;
#9111 = SURFACE_SIDE_STYLE ('',( #7363 ) ) ;
#9112 = ORIENTED_EDGE ( 'NONE', *, *, #2733, .F. ) ;
#9113 = VERTEX_POINT ( 'NONE', #2003 ) ;
#9114 = ADVANCED_FACE ( 'NONE', ( #2059 ), #248, .F. ) ;
#9115 = EDGE_LOOP ( 'NONE', ( #6359, #5319, #2079, #5569 ) ) ;
#9116 = CARTESIAN_POINT ( 'NONE',  ( -34.25000000000000711, 0.000000000000000000, -29.00000000000002132 ) ) ;
#9117 = ORIENTED_EDGE ( 'NONE', *, *, #1648, .F. ) ;
#9118 = LINE ( 'NONE', #1412, #4402 ) ;
#9119 = VERTEX_POINT ( 'NONE', #5402 ) ;
#9120 = DIRECTION ( 'NONE',  ( 0.000000000000000000, 1.000000000000000000, 5.782411586589351722E-16 ) ) ;
#9121 = CARTESIAN_POINT ( 'NONE',  ( 20.00000000000000000, -13.00000000000000000, -21.60000000000000853 ) ) ;
#9122 = CARTESIAN_POINT ( 'NONE',  ( 10.91468612899347335, 23.00000000000000355, 18.55293219675728622 ) ) ;
#9123 = LINE ( 'NONE', #5741, #3974 ) ;
#9124 = PRODUCT_DEFINITION_SHAPE ( 'NONE', 'NONE',  #11120 ) ;
#9125 = EDGE_CURVE ( 'NONE', #1098, #2724, #9804, .T. ) ;
#9126 = DIRECTION ( 'NONE',  ( 0.000000000000000000, 1.000000000000000000, 2.940873454663932011E-27 ) ) ;
#9127 = CARTESIAN_POINT ( 'NONE',  ( 2.921446106669394638, 24.50000000000000355, 9.810787865717829348 ) ) ;
#9128 = ORIENTED_EDGE ( 'NONE', *, *, #7231, .F. ) ;
#9129 = CARTESIAN_POINT ( 'NONE',  ( -11.51379719909759203, 23.00000000000000355, 18.91526484160409538 ) ) ;
#9130 = VECTOR ( 'NONE', #7800, 1000.000000000000000 ) ;
#9131 = EDGE_CURVE ( 'NONE', #9525, #4452, #6312, .T. ) ;
#9132 = ORIENTED_EDGE ( 'NONE', *, *, #5898, .F. ) ;
#9133 = ORIENTED_EDGE ( 'NONE', *, *, #8030, .T. ) ;
#9134 = CARTESIAN_POINT ( 'NONE',  ( -1.579533881469934897, 24.50000000000000000, 11.46827142854182391 ) ) ;
#9135 = DIRECTION ( 'NONE',  ( 0.000000000000000000, 0.000000000000000000, -1.000000000000000000 ) ) ;
#9136 = VERTEX_POINT ( 'NONE', #7943 ) ;
#9137 = VECTOR ( 'NONE', #8202, 1000.000000000000000 ) ;
#9138 = DIRECTION ( 'NONE',  ( -0.000000000000000000, -1.000000000000000000, -0.000000000000000000 ) ) ;
#9139 = LINE ( 'NONE', #4079, #4845 ) ;
#9140 = EDGE_CURVE ( 'NONE', #360, #2729, #5461, .T. ) ;
#9141 = DIRECTION ( 'NONE',  ( 0.000000000000000000, -0.000000000000000000, -1.000000000000000000 ) ) ;
#9142 = VECTOR ( 'NONE', #1842, 1000.000000000000000 ) ;
#9143 = VERTEX_POINT ( 'NONE', #10536 ) ;
#9144 = ORIENTED_EDGE ( 'NONE', *, *, #2638, .F. ) ;
#9145 = CARTESIAN_POINT ( 'NONE',  ( 0.000000000000000000, -9.999999999999998224, -17.43835307503515608 ) ) ;
#9146 = LINE ( 'NONE', #1442, #2040 ) ;
#9147 = FACE_BOUND ( 'NONE', #4682, .T. ) ;
#9148 = VECTOR ( 'NONE', #2745, 1000.000000000000000 ) ;
#9149 = CARTESIAN_POINT ( 'NONE',  ( -34.25000000000000000, 2.000000000000000000, 28.99999999999997158 ) ) ;
#9150 = CARTESIAN_POINT ( 'NONE',  ( 3.584437647193350784, 32.00000000000000711, 2.137575003535403972 ) ) ;
#9151 = FACE_BOUND ( 'NONE', #8817, .T. ) ;
#9152 = CARTESIAN_POINT ( 'NONE',  ( 1.500000000000000222, 26.50000000000000000, -2.201678149889266134 ) ) ;
#9153 = EDGE_CURVE ( 'NONE', #6738, #526, #4594, .T. ) ;
#9154 = DIRECTION ( 'NONE',  ( -0.000000000000000000, 1.000000000000000000, -0.000000000000000000 ) ) ;
#9155 = ORIENTED_EDGE ( 'NONE', *, *, #5173, .F. ) ;
#9156 = CARTESIAN_POINT ( 'NONE',  ( 2.914276305806235534, 24.50000000000000711, 7.683895435547922759 ) ) ;
#9157 = AXIS2_PLACEMENT_3D ( 'NONE', #8512, #81, #6941 ) ;
#9158 = ORIENTED_EDGE ( 'NONE', *, *, #7000, .T. ) ;
#9159 = DIRECTION ( 'NONE',  ( -0.000000000000000000, -1.000000000000000000, -0.000000000000000000 ) ) ;
#9160 = FACE_OUTER_BOUND ( 'NONE', #1413, .T. ) ;
#9161 = PLANE ( 'NONE',  #4411 ) ;
#9162 = ORIENTED_EDGE ( 'NONE', *, *, #5096, .T. ) ;
#9163 = VECTOR ( 'NONE', #8049, 1000.000000000000000 ) ;
#9164 = AXIS2_PLACEMENT_3D ( 'NONE', #6604, #1493, #9080 ) ;
#9165 = CARTESIAN_POINT ( 'NONE',  ( 7.099999999999996092, -11.50000000000000000, -23.60000000000000853 ) ) ;
#9166 = EDGE_CURVE ( 'NONE', #2265, #898, #1946, .T. ) ;
#9167 = ADVANCED_FACE ( 'NONE', ( #8955 ), #7105, .F. ) ;
#9168 = FACE_OUTER_BOUND ( 'NONE', #163, .T. ) ;
#9169 = ORIENTED_EDGE ( 'NONE', *, *, #2996, .F. ) ;
#9170 = LINE ( 'NONE', #501, #9949 ) ;
#9171 = ADVANCED_FACE ( 'NONE', ( #5522 ), #8001, .F. ) ;
#9172 = VERTEX_POINT ( 'NONE', #8110 ) ;
#9173 = ORIENTED_EDGE ( 'NONE', *, *, #5753, .T. ) ;
#9174 = ORIENTED_EDGE ( 'NONE', *, *, #6508, .F. ) ;
#9175 = AXIS2_PLACEMENT_3D ( 'NONE', #10417, #1994, #1822 ) ;
#9176 = DIRECTION ( 'NONE',  ( 0.000000000000000000, 0.000000000000000000, -1.000000000000000000 ) ) ;
#9177 = VERTEX_POINT ( 'NONE', #7157 ) ;
#9178 = CARTESIAN_POINT ( 'NONE',  ( -3.897126922361618284, 10.50999999999999091, 6.750748237094362558 ) ) ;
#9179 = EDGE_LOOP ( 'NONE', ( #451, #6653, #7446, #1411 ) ) ;
#9180 = CARTESIAN_POINT ( 'NONE',  ( -33.50000000000000000, 10.49999999999999112, 13.24999999999995204 ) ) ;
#9181 = LINE ( 'NONE', #9965, #2987 ) ;
#9182 = CARTESIAN_POINT ( 'NONE',  ( 11.51371982958092310, 22.99999999999999289, 18.91564796581036489 ) ) ;
#9183 = PLANE ( 'NONE',  #4156 ) ;
#9184 = EDGE_CURVE ( 'NONE', #2174, #4183, #5348, .T. ) ;
#9185 = VECTOR ( 'NONE', #8690, 1000.000000000000000 ) ;
#9186 = CARTESIAN_POINT ( 'NONE',  ( -3.000000000000016875, -13.99999999999999822, 7.559999999999986287 ) ) ;
#9187 = DIRECTION ( 'NONE',  ( -2.168404344971008868E-17, 0.000000000000000000, 1.000000000000000000 ) ) ;
#9188 = EDGE_LOOP ( 'NONE', ( #8147, #5366, #7257, #5855, #4934, #5803 ) ) ;
#9189 = CARTESIAN_POINT ( 'NONE',  ( -27.50000000000000355, 10.49999999999999467, 0.2499999999999533706 ) ) ;
#9190 = VERTEX_POINT ( 'NONE', #10701 ) ;
#9191 = VECTOR ( 'NONE', #10426, 1000.000000000000000 ) ;
#9192 = ORIENTED_EDGE ( 'NONE', *, *, #2309, .F. ) ;
#9193 = LINE ( 'NONE', #9977, #4844 ) ;
#9194 = DIRECTION ( 'NONE',  ( 7.263418566698637880E-15, -0.000000000000000000, -1.000000000000000000 ) ) ;
#9195 = VERTEX_POINT ( 'NONE', #2899 ) ;
#9196 = CARTESIAN_POINT ( 'NONE',  ( 0.000000000000000000, -13.00000000000000000, -20.43835307503515963 ) ) ;
#9197 = CARTESIAN_POINT ( 'NONE',  ( -2.489789831364566552, 32.00000000000000000, 10.88795047701370322 ) ) ;
#9198 = EDGE_CURVE ( 'NONE', #7149, #6682, #10481, .T. ) ;
#9199 = DIRECTION ( 'NONE',  ( 0.000000000000000000, 0.000000000000000000, 1.000000000000000000 ) ) ;
#9200 = VECTOR ( 'NONE', #3255, 1000.000000000000000 ) ;
#9201 = VERTEX_POINT ( 'NONE', #10647 ) ;
#9202 = ORIENTED_EDGE ( 'NONE', *, *, #5646, .T. ) ;
#9203 = LINE ( 'NONE', #7397, #8704 ) ;
#9204 = EDGE_CURVE ( 'NONE', #4362, #202, #189, .T. ) ;
#9205 = DIRECTION ( 'NONE',  ( -0.000000000000000000, -0.000000000000000000, 1.000000000000000000 ) ) ;
#9206 = DIRECTION ( 'NONE',  ( -0.000000000000000000, -1.000000000000000000, -0.000000000000000000 ) ) ;
#9207 = VECTOR ( 'NONE', #4021, 1000.000000000000000 ) ;
#9208 = DIRECTION ( 'NONE',  ( -0.000000000000000000, -1.000000000000000000, -0.000000000000000000 ) ) ;
#9209 = CARTESIAN_POINT ( 'NONE',  ( 2.251544362057766868, 25.00000000000018829, -4.500214463258177311 ) ) ;
#9210 = EDGE_CURVE ( 'NONE', #2114, #2834, #409, .T. ) ;
#9211 = PLANE ( 'NONE',  #9737 ) ;
#9212 = FACE_BOUND ( 'NONE', #6453, .T. ) ;
#9213 = DIRECTION ( 'NONE',  ( 1.000000000000000000, 0.000000000000000000, 0.000000000000000000 ) ) ;
#9214 = ORIENTED_EDGE ( 'NONE', *, *, #9210, .F. ) ;
#9215 = CARTESIAN_POINT ( 'NONE',  ( -34.00000000000000000, 32.00000000000000000, -29.00000000000002487 ) ) ;
#9216 = VECTOR ( 'NONE', #9410, 1000.000000000000000 ) ;
#9217 = EDGE_LOOP ( 'NONE', ( #1104, #8809, #2383, #10861 ) ) ;
#9218 = CARTESIAN_POINT ( 'NONE',  ( 3.888410194208734350, 10.50999999999999091, 16.59988183274022333 ) ) ;
#9219 = CARTESIAN_POINT ( 'NONE',  ( -3.052026013626515155, 32.00000000000001421, 8.128352566521725109 ) ) ;
#9220 = B_SPLINE_SURFACE_WITH_KNOTS ( 'NONE', 3, 1, ( 
 ( #7833, #5137 ),
 ( #134, #4299 ),
 ( #11046, #8566 ),
 ( #6144, #3574 ) ),
 .UNSPECIFIED., .F., .F., .F.,
 ( 4, 4 ),
 ( 2, 2 ),
 ( 6.000000000000000000, 7.000000000000000000 ),
 ( 0.000000000000000000, 1.000000000000000000 ),
 .UNSPECIFIED. ) ;
#9221 = CARTESIAN_POINT ( 'NONE',  ( -8.871527771929127226, 32.00000000000000000, 17.83061455813134089 ) ) ;
#9222 = ORIENTED_EDGE ( 'NONE', *, *, #9204, .T. ) ;
#9223 = VECTOR ( 'NONE', #8195, 1000.000000000000000 ) ;
#9224 = DIRECTION ( 'NONE',  ( 0.000000000000000000, -0.000000000000000000, -1.000000000000000000 ) ) ;
#9225 = CARTESIAN_POINT ( 'NONE',  ( -15.10000000000000497, -11.50000000000000000, -16.60000000000000497 ) ) ;
#9226 = EDGE_LOOP ( 'NONE', ( #9792, #9387, #6295, #557 ) ) ;
#9227 = CARTESIAN_POINT ( 'NONE',  ( -33.50000000000000000, 5.000000000000000000, -29.00000000000000355 ) ) ;
#9228 = VERTEX_POINT ( 'NONE', #3627 ) ;
#9229 = VERTEX_POINT ( 'NONE', #3009 ) ;
#9230 = ORIENTED_EDGE ( 'NONE', *, *, #710, .T. ) ;
#9231 = VECTOR ( 'NONE', #3015, 1000.000000000000000 ) ;
#9232 = EDGE_LOOP ( 'NONE', ( #458, #1742, #9763, #253 ) ) ;
#9233 = EDGE_CURVE ( 'NONE', #2876, #3331, #6028, .T. ) ;
#9234 = LINE ( 'NONE', #738, #8086 ) ;
#9235 = EDGE_CURVE ( 'NONE', #6244, #2615, #9517, .T. ) ;
#9236 = VERTEX_POINT ( 'NONE', #1363 ) ;
#9237 = CARTESIAN_POINT ( 'NONE',  ( 25.00000000000000711, 32.00000000000000000, 28.99999999999997158 ) ) ;
#9238 = CARTESIAN_POINT ( 'NONE',  ( -1.044130070771513763, 24.50000000000000711, 12.67574051958970394 ) ) ;
#9239 = DIRECTION ( 'NONE',  ( 0.000000000000000000, 0.000000000000000000, 1.000000000000000000 ) ) ;
#9240 = DIRECTION ( 'NONE',  ( -0.000000000000000000, -1.000000000000000000, -0.000000000000000000 ) ) ;
#9241 = PLANE ( 'NONE',  #9447 ) ;
#9242 = CARTESIAN_POINT ( 'NONE',  ( 14.27499999999998970, -12.99999999999999822, -17.60000000000000497 ) ) ;
#9243 = ORIENTED_EDGE ( 'NONE', *, *, #3882, .T. ) ;
#9244 = CARTESIAN_POINT ( 'NONE',  ( 0.000000000000000000, -11.49999999999999645, 2.594999999999985985 ) ) ;
#9245 = LINE ( 'NONE', #10311, #1370 ) ;
#9246 = ORIENTED_EDGE ( 'NONE', *, *, #2753, .T. ) ;
#9247 = EDGE_CURVE ( 'NONE', #3379, #6892, #2277, .T. ) ;
#9248 = ORIENTED_EDGE ( 'NONE', *, *, #10676, .F. ) ;
#9249 = DIRECTION ( 'NONE',  ( -1.000000000000000000, 0.000000000000000000, 0.000000000000000000 ) ) ;
#9250 = CARTESIAN_POINT ( 'NONE',  ( -20.00000000000000000, -13.00000000000000000, -21.60000000000000853 ) ) ;
#9251 = ORIENTED_EDGE ( 'NONE', *, *, #7993, .F. ) ;
#9252 = LINE ( 'NONE', #527, #8904 ) ;
#9253 = CARTESIAN_POINT ( 'NONE',  ( -13.50043034469988434, 24.50000000000000000, 12.01317212208040530 ) ) ;
#9254 = DIRECTION ( 'NONE',  ( 0.000000000000000000, 0.000000000000000000, 1.000000000000000000 ) ) ;
#9255 = AXIS2_PLACEMENT_3D ( 'NONE', #10672, #6396, #4702 ) ;
#9256 = ORIENTED_EDGE ( 'NONE', *, *, #7439, .F. ) ;
#9257 = ORIENTED_EDGE ( 'NONE', *, *, #6572, .F. ) ;
#9258 = EDGE_CURVE ( 'NONE', #4537, #2010, #7376, .T. ) ;
#9259 = LINE ( 'NONE', #1500, #3507 ) ;
#9260 = DIRECTION ( 'NONE',  ( 0.000000000000000000, 0.000000000000000000, 1.000000000000000000 ) ) ;
#9261 = DIRECTION ( 'NONE',  ( -4.832744511848150123E-15, -0.000000000000000000, 1.000000000000000000 ) ) ;
#9262 = VECTOR ( 'NONE', #1580, 1000.000000000000000 ) ;
#9263 = LINE ( 'NONE', #5939, #9537 ) ;
#9264 = AXIS2_PLACEMENT_3D ( 'NONE', #9121, #7317, #7432 ) ;
#9265 = CARTESIAN_POINT ( 'NONE',  ( 25.00000000000000711, 0.000000000000000000, 38.24999999999996447 ) ) ;
#9266 = DIRECTION ( 'NONE',  ( -0.000000000000000000, -1.000000000000000000, -0.000000000000000000 ) ) ;
#9267 = CARTESIAN_POINT ( 'NONE',  ( 1.500000000000001332, 10.50999999999999091, -39.28468037378117117 ) ) ;
#9268 = EDGE_CURVE ( 'NONE', #142, #6567, #4836, .T. ) ;
#9269 = CARTESIAN_POINT ( 'NONE',  ( 33.50000000000000000, 3.000000000000000000, 28.99999999999998934 ) ) ;
#9270 = ORIENTED_EDGE ( 'NONE', *, *, #7693, .T. ) ;
#9271 = DIRECTION ( 'NONE',  ( 0.7071067811865473507, 0.000000000000000000, -0.7071067811865476838 ) ) ;
#9272 = AXIS2_PLACEMENT_3D ( 'NONE', #3107, #3937, #2268 ) ;
#9273 = VECTOR ( 'NONE', #8842, 1000.000000000000000 ) ;
#9274 = ORIENTED_EDGE ( 'NONE', *, *, #5654, .T. ) ;
#9275 = EDGE_CURVE ( 'NONE', #9279, #1732, #513, .T. ) ;
#9276 = CARTESIAN_POINT ( 'NONE',  ( 25.00000000000000711, 2.000000000000001776, -29.00000000000002132 ) ) ;
#9277 = CARTESIAN_POINT ( 'NONE',  ( 3.101750864123765883, 24.49999999999999645, 8.757180451233468332 ) ) ;
#9278 = DIRECTION ( 'NONE',  ( 0.000000000000000000, 0.000000000000000000, 1.000000000000000000 ) ) ;
#9279 = VERTEX_POINT ( 'NONE', #4728 ) ;
#9280 = DIRECTION ( 'NONE',  ( -1.000000000000000000, 0.000000000000000000, 0.000000000000000000 ) ) ;
#9281 = EDGE_CURVE ( 'NONE', #4296, #8118, #3175, .T. ) ;
#9282 = DIRECTION ( 'NONE',  ( 0.000000000000000000, 0.000000000000000000, -1.000000000000000000 ) ) ;
#9283 = EDGE_LOOP ( 'NONE', ( #3055, #7442, #10255, #6903, #4192, #2214, #8593, #10762 ) ) ;
#9284 = CARTESIAN_POINT ( 'NONE',  ( -8.743329047513924479, 9.499999999999998224, -6.021333691102118024 ) ) ;
#9285 = VECTOR ( 'NONE', #6349, 1000.000000000000000 ) ;
#9286 = ORIENTED_EDGE ( 'NONE', *, *, #1626, .T. ) ;
#9287 = VERTEX_POINT ( 'NONE', #10022 ) ;
#9288 = EDGE_LOOP ( 'NONE', ( #6494, #10321, #7488, #8064 ) ) ;
#9289 = ORIENTED_EDGE ( 'NONE', *, *, #8055, .F. ) ;
#9290 = FACE_OUTER_BOUND ( 'NONE', #3204, .T. ) ;
#9291 = ORIENTED_EDGE ( 'NONE', *, *, #8080, .F. ) ;
#9292 = CARTESIAN_POINT ( 'NONE',  ( 12.05172136156067175, 23.00000000000000000, 19.36521081018123525 ) ) ;
#9293 = LINE ( 'NONE', #5966, #9615 ) ;
#9294 = CARTESIAN_POINT ( 'NONE',  ( -2.553044450121756626, 10.50999999999999091, -4.768333691879734104 ) ) ;
#9295 = PLANE ( 'NONE',  #10798 ) ;
#9296 = CARTESIAN_POINT ( 'NONE',  ( 3.902784574711857246, 10.50999999999999091, 6.750748237444033961 ) ) ;
#9297 = LINE ( 'NONE', #7715, #9216 ) ;
#9298 = ADVANCED_FACE ( 'NONE', ( #2330 ), #629, .F. ) ;
#9299 = ORIENTED_EDGE ( 'NONE', *, *, #989, .T. ) ;
#9300 = FACE_OUTER_BOUND ( 'NONE', #1675, .T. ) ;
#9301 = CIRCLE ( 'NONE', #4467, 1.500000000000001332 ) ;
#9302 = CARTESIAN_POINT ( 'NONE',  ( 6.346119218776775206, 28.49999999999999645, -6.021333691102119801 ) ) ;
#9303 = ORIENTED_EDGE ( 'NONE', *, *, #4151, .F. ) ;
#9304 = ORIENTED_EDGE ( 'NONE', *, *, #6342, .T. ) ;
#9305 = CARTESIAN_POINT ( 'NONE',  ( -1.579297675123135791, 24.50000000000000000, 11.45768715575852958 ) ) ;
#9306 = CARTESIAN_POINT ( 'NONE',  ( -2.800000000000000266, 9.999999999999998224, -15.54000000000000448 ) ) ;
#9307 = VERTEX_POINT ( 'NONE', #10077 ) ;
#9308 = CARTESIAN_POINT ( 'NONE',  ( -15.27500000000000746, -13.99999999999999822, -16.60000000000000853 ) ) ;
#9309 = FACE_OUTER_BOUND ( 'NONE', #9188, .T. ) ;
#9310 = DIRECTION ( 'NONE',  ( 0.000000000000000000, 0.000000000000000000, -1.000000000000000000 ) ) ;
#9311 = EDGE_CURVE ( 'NONE', #10085, #10432, #1877, .T. ) ;
#9312 = EDGE_CURVE ( 'NONE', #5851, #9602, #4064, .T. ) ;
#9313 = B_SPLINE_SURFACE_WITH_KNOTS ( 'NONE', 3, 1, ( 
 ( #2773, #9621 ),
 ( #5332, #486 ),
 ( #287, #1986 ),
 ( #173, #10572 ) ),
 .UNSPECIFIED., .F., .F., .F.,
 ( 4, 4 ),
 ( 2, 2 ),
 ( 1.000000000000000000, 2.000000000000000000 ),
 ( 0.000000000000000000, 1.000000000000000000 ),
 .UNSPECIFIED. ) ;
#9314 = EDGE_LOOP ( 'NONE', ( #4973, #8890, #7865, #3167 ) ) ;
#9315 = EDGE_CURVE ( 'NONE', #9819, #8563, #7495, .T. ) ;
#9316 = ORIENTED_EDGE ( 'NONE', *, *, #841, .F. ) ;
#9317 = CARTESIAN_POINT ( 'NONE',  ( -33.50000000000000000, 10.49999999999999112, 13.24999999999995204 ) ) ;
#9318 = DIRECTION ( 'NONE',  ( 0.000000000000000000, 0.000000000000000000, -1.000000000000000000 ) ) ;
#9319 = DIRECTION ( 'NONE',  ( -0.000000000000000000, -1.000000000000000000, -0.000000000000000000 ) ) ;
#9320 = LINE ( 'NONE', #9149, #8279 ) ;
#9321 = CARTESIAN_POINT ( 'NONE',  ( 1.464597157213851419, 32.00000000000000000, 5.070451885943363379 ) ) ;
#9322 = CARTESIAN_POINT ( 'NONE',  ( -2.799999999999999378, -13.91959594928933441, 21.13801126270789155 ) ) ;
#9323 = DIRECTION ( 'NONE',  ( 1.000000000000000000, 0.000000000000000000, 0.000000000000000000 ) ) ;
#9324 = EDGE_CURVE ( 'NONE', #2545, #3833, #8551, .T. ) ;
#9325 = CARTESIAN_POINT ( 'NONE',  ( 34.25000000000000000, 0.000000000000000000, 28.99999999999997513 ) ) ;
#9326 = EDGE_LOOP ( 'NONE', ( #10804, #9454, #375, #3429 ) ) ;
#9327 = FACE_OUTER_BOUND ( 'NONE', #2252, .T. ) ;
#9328 = ORIENTED_EDGE ( 'NONE', *, *, #5692, .T. ) ;
#9329 = CARTESIAN_POINT ( 'NONE',  ( -14.49833763245317364, 25.00000000000010658, 19.36521081018105406 ) ) ;
#9330 = VECTOR ( 'NONE', #5240, 1000.000000000000000 ) ;
#9331 = CARTESIAN_POINT ( 'NONE',  ( 3.101750864123765883, 32.00000000000001421, 8.757180451233494978 ) ) ;
#9332 = DIRECTION ( 'NONE',  ( 0.000000000000000000, 0.000000000000000000, -1.000000000000000000 ) ) ;
#9333 = EDGE_LOOP ( 'NONE', ( #1645, #3807, #2350, #10368, #4928, #3035, #8455, #4798 ) ) ;
#9334 = DIRECTION ( 'NONE',  ( 0.000000000000000000, 1.000000000000000000, -0.000000000000000000 ) ) ;
#9335 = EDGE_CURVE ( 'NONE', #1408, #7347, #5496, .T. ) ;
#9336 = AXIS2_PLACEMENT_3D ( 'NONE', #6843, #9539, #6954 ) ;
#9337 = LINE ( 'NONE', #58, #7782 ) ;
#9338 = ORIENTED_EDGE ( 'NONE', *, *, #4589, .F. ) ;
#9339 = VERTEX_POINT ( 'NONE', #4954 ) ;
#9340 = ORIENTED_EDGE ( 'NONE', *, *, #8131, .F. ) ;
#9341 = ORIENTED_EDGE ( 'NONE', *, *, #2746, .T. ) ;
#9342 =( NAMED_UNIT ( * ) PLANE_ANGLE_UNIT ( ) SI_UNIT ( $, .RADIAN. ) );
#9343 = DIRECTION ( 'NONE',  ( -4.908688302946797707E-17, 0.000000000000000000, 1.000000000000000000 ) ) ;
#9344 = EDGE_CURVE ( 'NONE', #7255, #1312, #10977, .T. ) ;
#9345 = VECTOR ( 'NONE', #2230, 1000.000000000000000 ) ;
#9346 = VECTOR ( 'NONE', #9981, 1000.000000000000000 ) ;
#9347 = ORIENTED_EDGE ( 'NONE', *, *, #4760, .T. ) ;
#9348 = CARTESIAN_POINT ( 'NONE',  ( -3.542715143589082238, 31.99999999999998579, 2.511203261466494752 ) ) ;
#9349 = DIRECTION ( 'NONE',  ( -0.000000000000000000, 1.000000000000000000, -0.000000000000000000 ) ) ;
#9350 = CARTESIAN_POINT ( 'NONE',  ( -25.00000000000000711, 30.00000000000000000, 37.49999999999996447 ) ) ;
#9351 = DIRECTION ( 'NONE',  ( 0.000000000000000000, 0.000000000000000000, 1.000000000000000000 ) ) ;
#9352 = ADVANCED_FACE ( 'NONE', ( #1307 ), #9857, .F. ) ;
#9353 = DIRECTION ( 'NONE',  ( -1.000000000000000000, -0.000000000000000000, -0.000000000000000000 ) ) ;
#9354 = EDGE_CURVE ( 'NONE', #4161, #10110, #5626, .T. ) ;
#9355 = LINE ( 'NONE', #6768, #3100 ) ;
#9356 = ORIENTED_EDGE ( 'NONE', *, *, #1477, .T. ) ;
#9357 = CARTESIAN_POINT ( 'NONE',  ( -25.50000000000000355, 19.50000000000000355, 19.86623553487585170 ) ) ;
#9358 = VECTOR ( 'NONE', #1652, 1000.000000000000000 ) ;
#9359 = LINE ( 'NONE', #4291, #467 ) ;
#9360 = VERTEX_POINT ( 'NONE', #6927 ) ;
#9361 = B_SPLINE_CURVE_WITH_KNOTS ( 'NONE', 3,
 ( #10649, #2957, #10703, #6255, #4678, #5524, #9859, #2166, #3012, #7267, #5464, #1254, #9697, #1310 ),
 .UNSPECIFIED., .F., .F.,
 ( 4, 2, 2, 2, 2, 2, 4 ),
 ( 0.000000000000000000, 0.0003086731120362993771, 0.0006173462240725987541, 0.0009260193361088982396, 0.001234692448145197508, 0.001852038672217796913, 0.002469384896290396317 ),
 .UNSPECIFIED. ) ;
#9362 = ORIENTED_EDGE ( 'NONE', *, *, #6064, .T. ) ;
#9363 = ADVANCED_FACE ( 'NONE', ( #6708 ), #2497, .F. ) ;
#9364 = CARTESIAN_POINT ( 'NONE',  ( -7.925000000000006928, -13.99999999999999822, -21.60000000000000853 ) ) ;
#9365 = DIRECTION ( 'NONE',  ( 0.000000000000000000, 0.000000000000000000, 1.000000000000000000 ) ) ;
#9366 = CIRCLE ( 'NONE', #10071, 3.499999999999999556 ) ;
#9367 = EDGE_LOOP ( 'NONE', ( #51, #5379, #10060, #261, #3653, #1977, #4593, #1702 ) ) ;
#9368 = CARTESIAN_POINT ( 'NONE',  ( 3.599158056653548154, 32.00000000000000000, 1.758059867859572023 ) ) ;
#9369 = PLANE ( 'NONE',  #3783 ) ;
#9370 = CARTESIAN_POINT ( 'NONE',  ( -34.00000000000000000, 32.00000000000000000, 28.99999999999997158 ) ) ;
#9371 = ORIENTED_EDGE ( 'NONE', *, *, #3770, .T. ) ;
#9372 = VECTOR ( 'NONE', #630, 1000.000000000000000 ) ;
#9373 = ORIENTED_EDGE ( 'NONE', *, *, #1343, .T. ) ;
#9374 = CARTESIAN_POINT ( 'NONE',  ( -19.81171673543281031, 9.499999999999998224, 27.23807268525122538 ) ) ;
#9375 = EDGE_CURVE ( 'NONE', #4635, #7882, #854, .T. ) ;
#9376 = DIRECTION ( 'NONE',  ( 0.000000000000000000, -0.000000000000000000, 1.000000000000000000 ) ) ;
#9377 = EDGE_CURVE ( 'NONE', #2491, #7658, #4337, .T. ) ;
#9378 = LINE ( 'NONE', #7791, #10576 ) ;
#9379 = LINE ( 'NONE', #7686, #6662 ) ;
#9380 = CARTESIAN_POINT ( 'NONE',  ( 10.26313544482804119, 32.00000000000000000, 18.29275258570828200 ) ) ;
#9381 = VECTOR ( 'NONE', #1904, 1000.000000000000000 ) ;
#9382 = LINE ( 'NONE', #3590, #9381 ) ;
#9383 = CARTESIAN_POINT ( 'NONE',  ( -35.00000000000000000, 17.00000000000002842, 18.98421203201066021 ) ) ;
#9384 = PLANE ( 'NONE',  #9762 ) ;
#9385 = ORIENTED_EDGE ( 'NONE', *, *, #1993, .F. ) ;
#9386 = DIRECTION ( 'NONE',  ( 1.000000000000000000, 0.000000000000000000, 2.891205793294679805E-16 ) ) ;
#9387 = ORIENTED_EDGE ( 'NONE', *, *, #2870, .F. ) ;
#9388 = CARTESIAN_POINT ( 'NONE',  ( 13.38518194069521527, 10.50999999999999091, 16.09894341733712508 ) ) ;
#9389 = VECTOR ( 'NONE', #9585, 1000.000000000000000 ) ;
#9390 = CARTESIAN_POINT ( 'NONE',  ( -12.05359021688597032, 32.00000000000000000, 19.36521081018109314 ) ) ;
#9391 = B_SPLINE_CURVE_WITH_KNOTS ( 'NONE', 3,
 ( #1042, #11111, #4468, #203, #7896, #875, #3640, #5088, #7061, #1734 ),
 .UNSPECIFIED., .F., .F.,
 ( 4, 2, 2, 2, 4 ),
 ( 0.000000000000000000, 0.0008052601676585969918, 0.001610520335317193984, 0.002415780502975790976, 0.003221040670634387967 ),
 .UNSPECIFIED. ) ;
#9392 = EDGE_CURVE ( 'NONE', #624, #1436, #11090, .T. ) ;
#9393 = CARTESIAN_POINT ( 'NONE',  ( -25.00000000000000000, 3.000000000000000000, 37.49999999999999289 ) ) ;
#9394 = LINE ( 'NONE', #4159, #4750 ) ;
#9395 = AXIS2_PLACEMENT_3D ( 'NONE', #7593, #2651, #9500 ) ;
#9396 = FACE_OUTER_BOUND ( 'NONE', #666, .T. ) ;
#9397 = ORIENTED_EDGE ( 'NONE', *, *, #8664, .T. ) ;
#9398 =( LENGTH_UNIT ( ) NAMED_UNIT ( * ) SI_UNIT ( .MILLI., .METRE. ) );
#9399 = ORIENTED_EDGE ( 'NONE', *, *, #9048, .T. ) ;
#9400 = ORIENTED_EDGE ( 'NONE', *, *, #10447, .F. ) ;
#9401 = ORIENTED_EDGE ( 'NONE', *, *, #790, .F. ) ;
#9402 = DIRECTION ( 'NONE',  ( -1.000000000000000000, 0.000000000000000000, -4.908688302946797707E-17 ) ) ;
#9403 = EDGE_CURVE ( 'NONE', #2174, #4130, #6073, .T. ) ;
#9404 = VECTOR ( 'NONE', #6681, 1000.000000000000114 ) ;
#9405 = EDGE_LOOP ( 'NONE', ( #3306, #4148, #5061, #2655 ) ) ;
#9406 = CARTESIAN_POINT ( 'NONE',  ( 4.502511103578837215, 10.50999999999999091, -2.736966230914735565 ) ) ;
#9407 = FACE_OUTER_BOUND ( 'NONE', #10887, .T. ) ;
#9408 = CARTESIAN_POINT ( 'NONE',  ( -2.553044450121756626, 26.50000000000000000, -4.768333691879734104 ) ) ;
#9409 = CARTESIAN_POINT ( 'NONE',  ( -20.19999999999999574, 0.000000000000000000, 8.399999999999952394 ) ) ;
#9410 = DIRECTION ( 'NONE',  ( 0.000000000000000000, -1.000000000000000000, 0.000000000000000000 ) ) ;
#9411 = EDGE_LOOP ( 'NONE', ( #1471, #925, #62, #475 ) ) ;
#9412 = LINE ( 'NONE', #860, #1869 ) ;
#9413 = EDGE_CURVE ( 'NONE', #3941, #10239, #9459, .T. ) ;
#9414 = AXIS2_PLACEMENT_3D ( 'NONE', #5527, #4574, #8848 ) ;
#9415 = CARTESIAN_POINT ( 'NONE',  ( -4.496853450377910733, 10.50999999999999091, -2.736966231318176845 ) ) ;
#9416 = ORIENTED_EDGE ( 'NONE', *, *, #1543, .F. ) ;
#9417 = EDGE_CURVE ( 'NONE', #8951, #6434, #5912, .T. ) ;
#9418 = ORIENTED_EDGE ( 'NONE', *, *, #1865, .F. ) ;
#9419 = DIRECTION ( 'NONE',  ( 0.8064779581994560020, -0.000000000000000000, 0.5912641566494931666 ) ) ;
#9420 = PLANE ( 'NONE',  #8971 ) ;
#9421 = CIRCLE ( 'NONE', #9046, 1.000000000000000888 ) ;
#9422 = CARTESIAN_POINT ( 'NONE',  ( 1.577748280683119564, 32.00000000000000000, 11.42771081216555373 ) ) ;
#9423 = FILL_AREA_STYLE ('',( #7727 ) ) ;
#9424 = DIRECTION ( 'NONE',  ( -0.000000000000000000, -1.000000000000000000, -0.000000000000000000 ) ) ;
#9425 = EDGE_CURVE ( 'NONE', #1136, #286, #1168, .T. ) ;
#9426 = ORIENTED_EDGE ( 'NONE', *, *, #1999, .T. ) ;
#9427 = EDGE_LOOP ( 'NONE', ( #1065, #1207, #8085, #10543 ) ) ;
#9428 = DIRECTION ( 'NONE',  ( -1.196361017915039486E-16, 0.000000000000000000, -1.000000000000000000 ) ) ;
#9429 = DIRECTION ( 'NONE',  ( 1.000000000000000000, 0.000000000000000000, -0.000000000000000000 ) ) ;
#9430 = DIRECTION ( 'NONE',  ( 0.000000000000000000, 0.000000000000000000, -1.000000000000000000 ) ) ;
#9431 = CYLINDRICAL_SURFACE ( 'NONE', #3257, 8.500000000000000000 ) ;
#9432 = CARTESIAN_POINT ( 'NONE',  ( 15.00000000000000000, -11.50000000000000000, 11.89999999999998792 ) ) ;
#9433 = AXIS2_PLACEMENT_3D ( 'NONE', #6531, #1537, #9966 ) ;
#9434 = CARTESIAN_POINT ( 'NONE',  ( 8.374824250234464529, 9.499999999999998224, 13.67730034089338531 ) ) ;
#9435 = DIRECTION ( 'NONE',  ( 1.000000000000000000, -0.000000000000000000, 0.000000000000000000 ) ) ;
#9436 = EDGE_CURVE ( 'NONE', #6221, #225, #7986, .T. ) ;
#9437 = ORIENTED_EDGE ( 'NONE', *, *, #2934, .F. ) ;
#9438 = ADVANCED_FACE ( 'NONE', ( #6024 ), #9512, .F. ) ;
#9439 = DIRECTION ( 'NONE',  ( -0.000000000000000000, 1.000000000000000000, -0.000000000000000000 ) ) ;
#9440 = ORIENTED_EDGE ( 'NONE', *, *, #9311, .T. ) ;
#9441 = LINE ( 'NONE', #4479, #6365 ) ;
#9442 = VECTOR ( 'NONE', #6339, 1000.000000000000000 ) ;
#9443 = VECTOR ( 'NONE', #6472, 1000.000000000000000 ) ;
#9444 = DIRECTION ( 'NONE',  ( 0.000000000000000000, 0.000000000000000000, 1.000000000000000000 ) ) ;
#9445 = CARTESIAN_POINT ( 'NONE',  ( -25.50000000000000355, 19.50000000000000355, 19.86623553487585170 ) ) ;
#9446 = CARTESIAN_POINT ( 'NONE',  ( -1.576085913135946814, 32.00000000000000000, 11.42771081216553419 ) ) ;
#9447 = AXIS2_PLACEMENT_3D ( 'NONE', #10024, #2333, #4956 ) ;
#9448 = DIRECTION ( 'NONE',  ( 0.000000000000000000, 0.000000000000000000, 1.000000000000000000 ) ) ;
#9449 = VECTOR ( 'NONE', #1777, 1000.000000000000000 ) ;
#9450 = ADVANCED_FACE ( 'NONE', ( #9407 ), #3343, .T. ) ;
#9451 = ORIENTED_EDGE ( 'NONE', *, *, #10787, .F. ) ;
#9452 = EDGE_CURVE ( 'NONE', #4576, #5398, #9633, .T. ) ;
#9453 = CARTESIAN_POINT ( 'NONE',  ( -15.00000000000000000, -13.00000000000000000, -26.60000000000000853 ) ) ;
#9454 = ORIENTED_EDGE ( 'NONE', *, *, #3848, .T. ) ;
#9455 = ORIENTED_EDGE ( 'NONE', *, *, #1582, .F. ) ;
#9456 = VERTEX_POINT ( 'NONE', #68 ) ;
#9457 =( NAMED_UNIT ( * ) PLANE_ANGLE_UNIT ( ) SI_UNIT ( $, .RADIAN. ) );
#9458 = DIRECTION ( 'NONE',  ( -1.000000000000000000, 0.000000000000000000, -0.000000000000000000 ) ) ;
#9459 = CIRCLE ( 'NONE', #7657, 8.500000000000000000 ) ;
#9460 = ORIENTED_EDGE ( 'NONE', *, *, #5230, .F. ) ;
#9461 = LINE ( 'NONE', #10190, #5121 ) ;
#9462 = CARTESIAN_POINT ( 'NONE',  ( -2.799999999999999378, -2.999999999999999112, 15.53801126270789190 ) ) ;
#9463 = LINE ( 'NONE', #2663, #559 ) ;
#9464 = LINE ( 'NONE', #5066, #8541 ) ;
#9465 = DIRECTION ( 'NONE',  ( 0.000000000000000000, -1.000000000000000000, -2.940873454663932011E-27 ) ) ;
#9466 = ORIENTED_EDGE ( 'NONE', *, *, #1394, .T. ) ;
#9467 = ADVANCED_FACE ( 'NONE', ( #3508 ), #2662, .F. ) ;
#9468 = LINE ( 'NONE', #7771, #6715 ) ;
#9469 = LINE ( 'NONE', #1771, #1649 ) ;
#9470 = DIRECTION ( 'NONE',  ( 0.000000000000000000, 1.000000000000000000, 0.000000000000000000 ) ) ;
#9471 = ORIENTED_EDGE ( 'NONE', *, *, #10894, .F. ) ;
#9472 = VERTEX_POINT ( 'NONE', #8661 ) ;
#9473 = PLANE ( 'NONE',  #5376 ) ;
#9474 = LINE ( 'NONE', #4242, #5919 ) ;
#9475 = ADVANCED_FACE ( 'NONE', ( #6765 ), #959, .F. ) ;
#9476 = DIRECTION ( 'NONE',  ( -0.000000000000000000, -1.000000000000000000, -0.000000000000000000 ) ) ;
#9477 = FACE_BOUND ( 'NONE', #9861, .T. ) ;
#9478 = CARTESIAN_POINT ( 'NONE',  ( -13.37439034813270311, 24.99999999999999645, 19.09402330380816437 ) ) ;
#9479 = EDGE_LOOP ( 'NONE', ( #8432, #2463, #6092, #1063, #2433, #4330, #3475, #5043 ) ) ;
#9480 = EDGE_CURVE ( 'NONE', #1797, #7204, #10135, .T. ) ;
#9481 = ORIENTED_EDGE ( 'NONE', *, *, #5664, .F. ) ;
#9482 = VERTEX_POINT ( 'NONE', #5858 ) ;
#9483 = DIRECTION ( 'NONE',  ( 0.000000000000000000, 0.000000000000000000, 1.000000000000000000 ) ) ;
#9484 = ORIENTED_EDGE ( 'NONE', *, *, #10894, .T. ) ;
#9485 = DIRECTION ( 'NONE',  ( 0.5923876895079395188, -2.812922564402562005E-15, 0.8056530427668260330 ) ) ;
#9486 = DIRECTION ( 'NONE',  ( -0.000000000000000000, 1.000000000000000000, -0.000000000000000000 ) ) ;
#9487 = EDGE_CURVE ( 'NONE', #7364, #6852, #1599, .T. ) ;
#9488 = LINE ( 'NONE', #5308, #8090 ) ;
#9489 = DIRECTION ( 'NONE',  ( -1.000000000000000000, 0.000000000000000000, -4.239071229693654001E-15 ) ) ;
#9490 = DIRECTION ( 'NONE',  ( -0.000000000000000000, 1.000000000000000000, -0.000000000000000000 ) ) ;
#9491 = ORIENTED_EDGE ( 'NONE', *, *, #529, .F. ) ;
#9492 = VECTOR ( 'NONE', #5258, 1000.000000000000000 ) ;
#9493 = ORIENTED_EDGE ( 'NONE', *, *, #8999, .F. ) ;
#9494 = DIRECTION ( 'NONE',  ( -1.310214105722663983E-16, 0.000000000000000000, 1.000000000000000000 ) ) ;
#9495 = ORIENTED_EDGE ( 'NONE', *, *, #3812, .T. ) ;
#9496 = CARTESIAN_POINT ( 'NONE',  ( -7.601536384991169903, 29.50000000000000000, 18.11989491965042021 ) ) ;
#9497 = CARTESIAN_POINT ( 'NONE',  ( 15.27499999999998614, -13.99999999999999822, -16.60000000000000497 ) ) ;
#9498 = EDGE_CURVE ( 'NONE', #6637, #4130, #743, .T. ) ;
#9499 = CARTESIAN_POINT ( 'NONE',  ( 18.50000000000000000, 0.000000000000000000, -21.60000000000000853 ) ) ;
#9500 = DIRECTION ( 'NONE',  ( -0.000000000000000000, 0.000000000000000000, 1.000000000000000000 ) ) ;
#9501 = ORIENTED_EDGE ( 'NONE', *, *, #11072, .T. ) ;
#9502 = DIRECTION ( 'NONE',  ( 0.000000000000000000, 1.000000000000000000, 2.940873454663932011E-27 ) ) ;
#9503 = VERTEX_POINT ( 'NONE', #3613 ) ;
#9504 = ORIENTED_EDGE ( 'NONE', *, *, #2575, .T. ) ;
#9505 = PRODUCT_CONTEXT ( 'NONE', #5454, 'mechanical' ) ;
#9506 = DIRECTION ( 'NONE',  ( 0.000000000000000000, -0.000000000000000000, 1.000000000000000000 ) ) ;
#9507 = ORIENTED_EDGE ( 'NONE', *, *, #1270, .F. ) ;
#9508 = EDGE_CURVE ( 'NONE', #3187, #2904, #1872, .T. ) ;
#9509 = LINE ( 'NONE', #1815, #10697 ) ;
#9510 = EDGE_CURVE ( 'NONE', #10660, #1560, #3670, .T. ) ;
#9511 = VECTOR ( 'NONE', #866, 1000.000000000000000 ) ;
#9512 = PLANE ( 'NONE',  #2820 ) ;
#9513 = CARTESIAN_POINT ( 'NONE',  ( -34.25000000000000000, 5.000000000000000000, -29.00000000000000355 ) ) ;
#9514 = DIRECTION ( 'NONE',  ( 0.000000000000000000, 0.000000000000000000, -1.000000000000000000 ) ) ;
#9515 = CARTESIAN_POINT ( 'NONE',  ( -34.25000000000000000, 5.000000000000000000, 28.99999999999998934 ) ) ;
#9516 = ADVANCED_FACE ( 'NONE', ( #1988 ), #1070, .F. ) ;
#9517 = B_SPLINE_CURVE_WITH_KNOTS ( 'NONE', 3,
 ( #5683, #8392, #9122, #9182, #6590, #3946 ),
 .UNSPECIFIED., .F., .F.,
 ( 4, 2, 4 ),
 ( 0.000000000000000000, 0.001049923319283610750, 0.002099846638567221500 ),
 .UNSPECIFIED. ) ;
#9518 = ORIENTED_EDGE ( 'NONE', *, *, #5188, .T. ) ;
#9519 = DIRECTION ( 'NONE',  ( -0.000000000000000000, -1.000000000000000000, -0.000000000000000000 ) ) ;
#9520 = CARTESIAN_POINT ( 'NONE',  ( -1.099844525993681765, 24.49999999999998579, 5.187071063562599171 ) ) ;
#9521 = AXIS2_PLACEMENT_3D ( 'NONE', #4184, #2399, #7504 ) ;
#9522 = FACE_OUTER_BOUND ( 'NONE', #7164, .T. ) ;
#9523 = AXIS2_PLACEMENT_3D ( 'NONE', #7448, #6436, #644 ) ;
#9524 = EDGE_LOOP ( 'NONE', ( #3526, #6136, #7680, #9440 ) ) ;
#9525 = VERTEX_POINT ( 'NONE', #8771 ) ;
#9526 = CARTESIAN_POINT ( 'NONE',  ( -45.97666018330589566, 17.00000000000011724, 7.843441091614861172E-14 ) ) ;
#9527 = FACE_OUTER_BOUND ( 'NONE', #2043, .T. ) ;
#9528 = EDGE_CURVE ( 'NONE', #808, #7614, #8718, .T. ) ;
#9529 = CARTESIAN_POINT ( 'NONE',  ( 7.099999999999996092, -5.500000000000000000, -23.60000000000000853 ) ) ;
#9530 = PRESENTATION_STYLE_ASSIGNMENT (( #6087 ) ) ;
#9531 = CARTESIAN_POINT ( 'NONE',  ( 35.00000000000000000, 32.00000000000000000, -29.00000000000002132 ) ) ;
#9532 = ORIENTED_EDGE ( 'NONE', *, *, #3184, .F. ) ;
#9533 = ORIENTED_EDGE ( 'NONE', *, *, #10509, .T. ) ;
#9534 = AXIS2_PLACEMENT_3D ( 'NONE', #7489, #10915, #3334 ) ;
#9535 = ORIENTED_EDGE ( 'NONE', *, *, #8407, .F. ) ;
#9536 = CARTESIAN_POINT ( 'NONE',  ( -3.066020282426710430, 31.99999999999999289, 9.293041621729663859 ) ) ;
#9537 = VECTOR ( 'NONE', #8415, 1000.000000000000000 ) ;
#9538 = FACE_OUTER_BOUND ( 'NONE', #1107, .T. ) ;
#9539 = DIRECTION ( 'NONE',  ( 1.000000000000000000, -2.438088387897967896E-29, 6.982962677686266711E-15 ) ) ;
#9540 = EDGE_CURVE ( 'NONE', #6257, #624, #4248, .T. ) ;
#9541 = ORIENTED_EDGE ( 'NONE', *, *, #6330, .T. ) ;
#9542 = CARTESIAN_POINT ( 'NONE',  ( 33.50000000000000000, 2.000000000000001776, 28.99999999999997158 ) ) ;
#9543 = CARTESIAN_POINT ( 'NONE',  ( 11.79413926943030688, 32.00000000000000000, 19.12705824190019399 ) ) ;
#9544 = DIRECTION ( 'NONE',  ( -0.2982749931359467976, -0.000000000000000000, 0.9544799780350298191 ) ) ;
#9545 = VECTOR ( 'NONE', #4003, 1000.000000000000000 ) ;
#9546 = ORIENTED_EDGE ( 'NONE', *, *, #2416, .T. ) ;
#9547 = ADVANCED_FACE ( 'NONE', ( #5278 ), #7036, .F. ) ;
#9548 = ORIENTED_EDGE ( 'NONE', *, *, #1270, .T. ) ;
#9549 = LINE ( 'NONE', #1851, #506 ) ;
#9550 = ORIENTED_EDGE ( 'NONE', *, *, #5171, .F. ) ;
#9551 = PLANE ( 'NONE',  #3711 ) ;
#9552 = DIRECTION ( 'NONE',  ( 1.000000000000000000, 0.000000000000000000, 0.000000000000000000 ) ) ;
#9553 = EDGE_CURVE ( 'NONE', #6638, #956, #7146, .T. ) ;
#9554 = AXIS2_PLACEMENT_3D ( 'NONE', #934, #7013, #10442 ) ;
#9555 = CARTESIAN_POINT ( 'NONE',  ( -7.601536384991169903, 23.00000000000000000, 18.11989491965041665 ) ) ;
#9556 = CARTESIAN_POINT ( 'NONE',  ( -4.000000000000016875, -5.500000000000000000, 6.594999999999988205 ) ) ;
#9557 = LINE ( 'NONE', #8815, #10118 ) ;
#9558 = ORIENTED_EDGE ( 'NONE', *, *, #4693, .T. ) ;
#9559 = LINE ( 'NONE', #6120, #8237 ) ;
#9560 = AXIS2_PLACEMENT_3D ( 'NONE', #871, #8517, #815 ) ;
#9561 = ORIENTED_EDGE ( 'NONE', *, *, #3665, .F. ) ;
#9562 = ORIENTED_EDGE ( 'NONE', *, *, #10854, .F. ) ;
#9563 = CARTESIAN_POINT ( 'NONE',  ( 2.799999999999999378, -13.91959594928933441, 15.53801126270789190 ) ) ;
#9564 = ORIENTED_EDGE ( 'NONE', *, *, #3370, .T. ) ;
#9565 = DIRECTION ( 'NONE',  ( -1.000000000000000000, 0.000000000000000000, -7.095716575588796197E-15 ) ) ;
#9566 = AXIS2_PLACEMENT_3D ( 'NONE', #10064, #9050, #9895 ) ;
#9567 = DIRECTION ( 'NONE',  ( 0.000000000000000000, 1.000000000000000000, -0.000000000000000000 ) ) ;
#9568 = CARTESIAN_POINT ( 'NONE',  ( 2.800000000000000266, 9.999999999999998224, -21.14000000000000767 ) ) ;
#9569 = CARTESIAN_POINT ( 'NONE',  ( -12.05359021688597032, 25.00000000000010658, 19.36521081018106827 ) ) ;
#9570 = EDGE_LOOP ( 'NONE', ( #10848, #9708, #8521, #7502, #10300, #1010, #3728, #9303 ) ) ;
#9571 = LINE ( 'NONE', #8450, #9940 ) ;
#9572 = EDGE_CURVE ( 'NONE', #8627, #9798, #2884, .T. ) ;
#9573 = EDGE_CURVE ( 'NONE', #3260, #5219, #1017, .T. ) ;
#9574 = CARTESIAN_POINT ( 'NONE',  ( 1.581279503555507837, 32.00000000000000000, 11.48414578258331531 ) ) ;
#9575 = VECTOR ( 'NONE', #5828, 1000.000000000000000 ) ;
#9576 = LINE ( 'NONE', #1078, #653 ) ;
#9577 = ORIENTED_EDGE ( 'NONE', *, *, #6847, .F. ) ;
#9578 = ORIENTED_EDGE ( 'NONE', *, *, #4615, .F. ) ;
#9579 = CARTESIAN_POINT ( 'NONE',  ( -27.50000000000000355, 10.50000000000000178, 19.86623553487585170 ) ) ;
#9580 = FACE_OUTER_BOUND ( 'NONE', #2730, .T. ) ;
#9581 = DIRECTION ( 'NONE',  ( -1.000000000000000000, -0.000000000000000000, -0.000000000000000000 ) ) ;
#9582 = CARTESIAN_POINT ( 'NONE',  ( -1.576085913135946814, 25.00000000000013500, 11.42771081216550932 ) ) ;
#9583 = VECTOR ( 'NONE', #4344, 1000.000000000000000 ) ;
#9584 = CARTESIAN_POINT ( 'NONE',  ( 5.800000000000000711, 9.999999999999998224, -11.54000000000000448 ) ) ;
#9585 = DIRECTION ( 'NONE',  ( -0.000000000000000000, 1.000000000000000000, -0.000000000000000000 ) ) ;
#9586 = ORIENTED_EDGE ( 'NONE', *, *, #7332, .T. ) ;
#9587 = ORIENTED_EDGE ( 'NONE', *, *, #3615, .F. ) ;
#9588 = EDGE_CURVE ( 'NONE', #4851, #2482, #5445, .T. ) ;
#9589 = ORIENTED_EDGE ( 'NONE', *, *, #9757, .T. ) ;
#9590 = CARTESIAN_POINT ( 'NONE',  ( -46.31370849898476649, 16.50000000000000000, 18.99999999999995381 ) ) ;
#9591 = VECTOR ( 'NONE', #11080, 1000.000000000000000 ) ;
#9592 = PLANE ( 'NONE',  #10418 ) ;
#9593 = DIRECTION ( 'NONE',  ( 1.000000000000000000, 0.000000000000000000, 3.212450881438532364E-17 ) ) ;
#9594 = ORIENTED_EDGE ( 'NONE', *, *, #8030, .F. ) ;
#9595 = CARTESIAN_POINT ( 'NONE',  ( -27.50000000000000355, 17.50000000000000000, 23.86623553487585525 ) ) ;
#9596 = CARTESIAN_POINT ( 'NONE',  ( -4.098455636355274656, 25.00000000000008527, 25.49999999999942801 ) ) ;
#9597 = CYLINDRICAL_SURFACE ( 'NONE', #4348, 0.5000000000000073275 ) ;
#9598 = ORIENTED_EDGE ( 'NONE', *, *, #5188, .F. ) ;
#9599 = EDGE_CURVE ( 'NONE', #8764, #3068, #6184, .T. ) ;
#9600 = ORIENTED_EDGE ( 'NONE', *, *, #164, .T. ) ;
#9601 = CARTESIAN_POINT ( 'NONE',  ( -25.50000000000000355, 19.50000000000000355, 23.86623553487585525 ) ) ;
#9602 = VERTEX_POINT ( 'NONE', #3561 ) ;
#9603 = VECTOR ( 'NONE', #8241, 1000.000000000000000 ) ;
#9604 = CARTESIAN_POINT ( 'NONE',  ( -35.00000000000000000, 17.50000000000000000, 24.99999999999995026 ) ) ;
#9605 = DIRECTION ( 'NONE',  ( 0.000000000000000000, 0.000000000000000000, -1.000000000000000000 ) ) ;
#9606 = CARTESIAN_POINT ( 'NONE',  ( 17.70476182858164549, 24.99999999999999645, 15.53801126270789190 ) ) ;
#9607 = ADVANCED_FACE ( 'NONE', ( #1237 ), #4444, .F. ) ;
#9608 = PLANE ( 'NONE',  #2803 ) ;
#9609 = CARTESIAN_POINT ( 'NONE',  ( 3.902784574711857246, 10.50999999999999091, 6.750748237444033961 ) ) ;
#9610 = VECTOR ( 'NONE', #89, 1000.000000000000000 ) ;
#9611 = ORIENTED_EDGE ( 'NONE', *, *, #311, .F. ) ;
#9612 = FACE_OUTER_BOUND ( 'NONE', #10240, .T. ) ;
#9613 = ADVANCED_FACE ( 'NONE', ( #6297 ), #9735, .T. ) ;
#9614 = AXIS2_PLACEMENT_3D ( 'NONE', #786, #9334, #1641 ) ;
#9615 = VECTOR ( 'NONE', #10245, 1000.000000000000000 ) ;
#9616 = VERTEX_POINT ( 'NONE', #5334 ) ;
#9617 = ORIENTED_EDGE ( 'NONE', *, *, #8480, .F. ) ;
#9618 = SHAPE_DEFINITION_REPRESENTATION ( #10393, #4370 ) ;
#9619 = PLANE ( 'NONE',  #6824 ) ;
#9620 = ORIENTED_EDGE ( 'NONE', *, *, #6177, .T. ) ;
#9621 = CARTESIAN_POINT ( 'NONE',  ( -1.579617136008335088, 32.00000000000000000, 11.48414578258329399 ) ) ;
#9622 = EDGE_CURVE ( 'NONE', #9339, #6078, #7870, .T. ) ;
#9623 = AXIS2_PLACEMENT_3D ( 'NONE', #5093, #8474, #6619 ) ;
#9624 = VECTOR ( 'NONE', #1379, 1000.000000000000000 ) ;
#9625 = CARTESIAN_POINT ( 'NONE',  ( -35.00000000000000000, 32.00000000000000000, 28.99999999999997158 ) ) ;
#9626 = CARTESIAN_POINT ( 'NONE',  ( -2.799999999999999378, -2.999999999999999112, 21.13801126270789155 ) ) ;
#9627 = PLANE ( 'NONE',  #768 ) ;
#9628 = VERTEX_POINT ( 'NONE', #4500 ) ;
#9629 = DIRECTION ( 'NONE',  ( -0.000000000000000000, -0.000000000000000000, 1.000000000000000000 ) ) ;
#9630 = CARTESIAN_POINT ( 'NONE',  ( -1.579617136008335088, 24.50000000000000000, 11.48414578258326912 ) ) ;
#9631 = CARTESIAN_POINT ( 'NONE',  ( -33.50000000000000000, 10.00049802381102992, 0.000000000000000000 ) ) ;
#9632 = VECTOR ( 'NONE', #8453, 1000.000000000000000 ) ;
#9633 = CIRCLE ( 'NONE', #1192, 5.000000000000000888 ) ;
#9634 = ORIENTED_EDGE ( 'NONE', *, *, #1163, .T. ) ;
#9635 = ORIENTED_EDGE ( 'NONE', *, *, #4010, .T. ) ;
#9636 = CARTESIAN_POINT ( 'NONE',  ( 14.79276182858165889, 10.50999999999999091, 24.33278622262480440 ) ) ;
#9637 = CYLINDRICAL_SURFACE ( 'NONE', #10045, 9.999999999999994671 ) ;
#9638 = CARTESIAN_POINT ( 'NONE',  ( -11.79564475250961841, 32.00000000000000000, 19.12672227897299138 ) ) ;
#9639 = ADVANCED_FACE ( 'NONE', ( #2102 ), #2831, .T. ) ;
#9640 = PLANE ( 'NONE',  #2734 ) ;
#9641 = APPLICATION_CONTEXT ( 'automotive_design' ) ;
#9642 = LINE ( 'NONE', #7946, #1358 ) ;
#9643 = DIRECTION ( 'NONE',  ( 0.000000000000000000, 0.000000000000000000, -1.000000000000000000 ) ) ;
#9644 = ORIENTED_EDGE ( 'NONE', *, *, #10681, .T. ) ;
#9645 = CARTESIAN_POINT ( 'NONE',  ( -27.50000000000000355, 18.00000000000000000, 14.74999999999995204 ) ) ;
#9646 = ORIENTED_EDGE ( 'NONE', *, *, #10921, .F. ) ;
#9647 = DIRECTION ( 'NONE',  ( 0.000000000000000000, 0.000000000000000000, -1.000000000000000000 ) ) ;
#9648 = FACE_OUTER_BOUND ( 'NONE', #9427, .T. ) ;
#9649 = FACE_OUTER_BOUND ( 'NONE', #7136, .T. ) ;
#9650 = VERTEX_POINT ( 'NONE', #6240 ) ;
#9651 = LINE ( 'NONE', #207, #6115 ) ;
#9652 = LINE ( 'NONE', #318, #2635 ) ;
#9653 = ADVANCED_FACE ( 'NONE', ( #6981 ), #2719, .T. ) ;
#9654 = ADVANCED_FACE ( 'NONE', ( #7479 ), #443, .T. ) ;
#9655 = LINE ( 'NONE', #4638, #1665 ) ;
#9656 = ADVANCED_FACE ( 'NONE', ( #2258 ), #10850, .T. ) ;
#9657 = EDGE_LOOP ( 'NONE', ( #7440, #4743, #1137, #3501 ) ) ;
#9658 = VECTOR ( 'NONE', #2, 1000.000000000000000 ) ;
#9659 = ORIENTED_EDGE ( 'NONE', *, *, #7000, .F. ) ;
#9660 = DIRECTION ( 'NONE',  ( -0.000000000000000000, -1.000000000000000000, -0.000000000000000000 ) ) ;
#9661 = ORIENTED_EDGE ( 'NONE', *, *, #8987, .F. ) ;
#9662 = CARTESIAN_POINT ( 'NONE',  ( -10.26147307730576586, 28.49999999999999645, 18.29275258562281081 ) ) ;
#9663 = AXIS2_PLACEMENT_3D ( 'NONE', #3757, #1330, #7235 ) ;
#9664 = DIRECTION ( 'NONE',  ( 1.000000000000000000, 0.000000000000000000, 0.000000000000000000 ) ) ;
#9665 = DIRECTION ( 'NONE',  ( 0.000000000000000000, 0.000000000000000000, 1.000000000000000000 ) ) ;
#9666 = EDGE_CURVE ( 'NONE', #10908, #3649, #8148, .T. ) ;
#9667 = DIRECTION ( 'NONE',  ( 0.000000000000000000, 0.000000000000000000, -1.000000000000000000 ) ) ;
#9668 = AXIS2_PLACEMENT_3D ( 'NONE', #9276, #607, #1515 ) ;
#9669 = CARTESIAN_POINT ( 'NONE',  ( -25.00000000000000711, 0.000000000000000000, 38.99999999999996447 ) ) ;
#9670 = ORIENTED_EDGE ( 'NONE', *, *, #3615, .T. ) ;
#9671 = DIRECTION ( 'NONE',  ( 0.000000000000000000, 2.940873454663932011E-27, -1.000000000000000000 ) ) ;
#9672 = EDGE_LOOP ( 'NONE', ( #8325, #2194, #6659, #4715 ) ) ;
#9673 = ORIENTED_EDGE ( 'NONE', *, *, #8207, .T. ) ;
#9674 =( LENGTH_UNIT ( ) NAMED_UNIT ( * ) SI_UNIT ( .MILLI., .METRE. ) );
#9675 = FACE_OUTER_BOUND ( 'NONE', #4905, .T. ) ;
#9676 = VERTEX_POINT ( 'NONE', #10063 ) ;
#9677 = VECTOR ( 'NONE', #6292, 1000.000000000000000 ) ;
#9678 = CARTESIAN_POINT ( 'NONE',  ( 6.924999999999992717, -13.99999999999999822, -16.60000000000000497 ) ) ;
#9679 = ADVANCED_FACE ( 'NONE', ( #2994 ), #7418, .F. ) ;
#9680 = DIRECTION ( 'NONE',  ( -1.196361017915039732E-16, 0.000000000000000000, -1.000000000000000000 ) ) ;
#9681 = CARTESIAN_POINT ( 'NONE',  ( -15.27500000000000746, -13.99999999999999822, -22.60000000000000853 ) ) ;
#9682 = VECTOR ( 'NONE', #217, 1000.000000000000000 ) ;
#9683 = CARTESIAN_POINT ( 'NONE',  ( 2.251544362057745996, 24.50000000000000000, -1.046527771142004681 ) ) ;
#9684 = ORIENTED_EDGE ( 'NONE', *, *, #4658, .F. ) ;
#9685 = LINE ( 'NONE', #10579, #3127 ) ;
#9686 = LINE ( 'NONE', #5232, #201 ) ;
#9687 = EDGE_CURVE ( 'NONE', #8613, #10683, #496, .T. ) ;
#9688 = CARTESIAN_POINT ( 'NONE',  ( 1.795714051576962289, 24.50000000000000000, 4.885283151817581881 ) ) ;
#9689 = ORIENTED_EDGE ( 'NONE', *, *, #1392, .F. ) ;
#9690 = VECTOR ( 'NONE', #3437, 1000.000000000000000 ) ;
#9691 = ORIENTED_EDGE ( 'NONE', *, *, #6002, .T. ) ;
#9692 = DIRECTION ( 'NONE',  ( 0.000000000000000000, 0.000000000000000000, 1.000000000000000000 ) ) ;
#9693 = DIRECTION ( 'NONE',  ( -0.000000000000000000, 1.000000000000000000, -0.000000000000000000 ) ) ;
#9694 = EDGE_CURVE ( 'NONE', #10939, #3108, #4818, .T. ) ;
#9695 = CARTESIAN_POINT ( 'NONE',  ( -10.26147307730576586, 29.50000000000000000, 18.29275258562281437 ) ) ;
#9696 = DIRECTION ( 'NONE',  ( 0.000000000000000000, 1.000000000000000000, -0.000000000000000000 ) ) ;
#9697 = CARTESIAN_POINT ( 'NONE',  ( 1.581279503555506283, 32.00000000000000000, 11.69288143493316134 ) ) ;
#9698 = LINE ( 'NONE', #5406, #5235 ) ;
#9699 = ORIENTED_EDGE ( 'NONE', *, *, #6237, .F. ) ;
#9700 = CARTESIAN_POINT ( 'NONE',  ( 34.25000000000000000, 5.000000000000000000, -29.00000000000000355 ) ) ;
#9701 = VECTOR ( 'NONE', #1139, 1000.000000000000000 ) ;
#9702 = EDGE_LOOP ( 'NONE', ( #8709, #7089, #952, #9040 ) ) ;
#9703 = PLANE ( 'NONE',  #1936 ) ;
#9704 = VERTEX_POINT ( 'NONE', #3043 ) ;
#9705 = CARTESIAN_POINT ( 'NONE',  ( -25.00000000000000000, 1.500000000000000000, 28.99999999999998934 ) ) ;
#9706 = CARTESIAN_POINT ( 'NONE',  ( 7.599667515476986601, 29.49999999999983302, 18.11989492294209114 ) ) ;
#9707 = VECTOR ( 'NONE', #3956, 1000.000000000000000 ) ;
#9708 = ORIENTED_EDGE ( 'NONE', *, *, #10324, .F. ) ;
#9709 = CARTESIAN_POINT ( 'NONE',  ( -2.856015666920964868, 24.50000000000000711, 7.541194726343437793 ) ) ;
#9710 = CIRCLE ( 'NONE', #6656, 1.600000000000000755 ) ;
#9711 = DIRECTION ( 'NONE',  ( 2.312964634635749366E-16, 0.000000000000000000, -1.000000000000000000 ) ) ;
#9712 = CARTESIAN_POINT ( 'NONE',  ( -1.576085913135946814, 32.00000000000000000, 11.42771081216553419 ) ) ;
#9713 = ORIENTED_EDGE ( 'NONE', *, *, #6235, .T. ) ;
#9714 = VECTOR ( 'NONE', #10617, 1000.000000000000000 ) ;
#9715 = ORIENTED_EDGE ( 'NONE', *, *, #8244, .F. ) ;
#9716 = EDGE_CURVE ( 'NONE', #4738, #5673, #9842, .T. ) ;
#9717 = ADVANCED_FACE ( 'NONE', ( #8204 ), #3098, .T. ) ;
#9718 = CARTESIAN_POINT ( 'NONE',  ( -34.25000000000000000, 3.000000000000000000, -29.00000000000000355 ) ) ;
#9719 = ORIENTED_EDGE ( 'NONE', *, *, #8702, .F. ) ;
#9720 = LINE ( 'NONE', #6278, #226 ) ;
#9721 = VECTOR ( 'NONE', #1650, 1000.000000000000000 ) ;
#9722 = CARTESIAN_POINT ( 'NONE',  ( -3.000000000000016875, -11.50000000000000000, 5.594999999999989093 ) ) ;
#9723 = PRESENTATION_STYLE_ASSIGNMENT (( #273 ) ) ;
#9724 = CARTESIAN_POINT ( 'NONE',  ( 34.00000000000000000, 32.00000000000000000, 28.99999999999997513 ) ) ;
#9725 = PLANE ( 'NONE',  #1688 ) ;
#9726 = ORIENTED_EDGE ( 'NONE', *, *, #8881, .T. ) ;
#9727 = CARTESIAN_POINT ( 'NONE',  ( 6.346119218776774318, 28.49999999999999645, 11.64859530943569332 ) ) ;
#9728 = VERTEX_POINT ( 'NONE', #10008 ) ;
#9729 = ADVANCED_FACE ( 'NONE', ( #3929, #6516, #393 ), #9951, .T. ) ;
#9730 = CARTESIAN_POINT ( 'NONE',  ( -45.97666018330589566, 10.00049802381102992, 18.98421203201065666 ) ) ;
#9731 = AXIS2_PLACEMENT_3D ( 'NONE', #3614, #2832, #8719 ) ;
#9732 = CARTESIAN_POINT ( 'NONE',  ( 8.099999999999996092, -5.500000000000000000, -22.60000000000001208 ) ) ;
#9733 = ORIENTED_EDGE ( 'NONE', *, *, #3629, .F. ) ;
#9734 = CARTESIAN_POINT ( 'NONE',  ( -1.579617136008334866, 24.49999999999999289, 11.69293641902079806 ) ) ;
#9735 = CYLINDRICAL_SURFACE ( 'NONE', #4071, 10.00000000000000178 ) ;
#9736 = CARTESIAN_POINT ( 'NONE',  ( 2.800000000000000266, -0.5000000000000004441, -21.14000000000000767 ) ) ;
#9737 = AXIS2_PLACEMENT_3D ( 'NONE', #7463, #5826, #5505 ) ;
#9738 = DIRECTION ( 'NONE',  ( 0.000000000000000000, 0.000000000000000000, 1.000000000000000000 ) ) ;
#9739 = VERTEX_POINT ( 'NONE', #1402 ) ;
#9740 = LINE ( 'NONE', #1021, #7435 ) ;
#9741 = EDGE_CURVE ( 'NONE', #2603, #2184, #9072, .T. ) ;
#9742 = ORIENTED_EDGE ( 'NONE', *, *, #1654, .T. ) ;
#9743 = CARTESIAN_POINT ( 'NONE',  ( 15.09999999999999609, -5.500000000000000000, -23.60000000000000853 ) ) ;
#9744 = VERTEX_POINT ( 'NONE', #1345 ) ;
#9745 = VECTOR ( 'NONE', #9254, 1000.000000000000000 ) ;
#9746 = EDGE_LOOP ( 'NONE', ( #11009, #9455, #6233, #5068 ) ) ;
#9747 = LINE ( 'NONE', #2786, #10602 ) ;
#9748 = DIRECTION ( 'NONE',  ( 0.000000000000000000, 0.000000000000000000, -1.000000000000000000 ) ) ;
#9749 = CARTESIAN_POINT ( 'NONE',  ( -25.50000000000000355, 10.50000000000000178, 19.86623553487585170 ) ) ;
#9750 = CARTESIAN_POINT ( 'NONE',  ( 1.101485361694153120, 24.50000000000000000, 5.860867144937121687 ) ) ;
#9751 = EDGE_CURVE ( 'NONE', #8, #5947, #5668, .T. ) ;
#9752 = CARTESIAN_POINT ( 'NONE',  ( 1.101485361694153120, 32.00000000000001421, 5.860867144937147444 ) ) ;
#9753 = FACE_OUTER_BOUND ( 'NONE', #1497, .T. ) ;
#9754 = VERTEX_POINT ( 'NONE', #1462 ) ;
#9755 = CYLINDRICAL_SURFACE ( 'NONE', #5991, 3.499999999999999556 ) ;
#9756 = VECTOR ( 'NONE', #6243, 1000.000000000000000 ) ;
#9757 = EDGE_CURVE ( 'NONE', #792, #3025, #4878, .T. ) ;
#9758 = ORIENTED_EDGE ( 'NONE', *, *, #279, .F. ) ;
#9759 = ORIENTED_EDGE ( 'NONE', *, *, #6017, .T. ) ;
#9760 = CARTESIAN_POINT ( 'NONE',  ( 1.577748280683119564, 32.00000000000000000, 11.42771081216555373 ) ) ;
#9761 = CARTESIAN_POINT ( 'NONE',  ( 10.26313544485287643, 28.49999999999999645, 18.29275258562295647 ) ) ;
#9762 = AXIS2_PLACEMENT_3D ( 'NONE', #7690, #4147, #1685 ) ;
#9763 = ORIENTED_EDGE ( 'NONE', *, *, #10600, .F. ) ;
#9764 = CARTESIAN_POINT ( 'NONE',  ( -8.743329047513924479, 28.49999999999999645, -6.021333691102118024 ) ) ;
#9765 = DIRECTION ( 'NONE',  ( 0.000000000000000000, 0.000000000000000000, -1.000000000000000000 ) ) ;
#9766 = ADVANCED_FACE ( 'NONE', ( #6632 ), #1521, .F. ) ;
#9767 = CARTESIAN_POINT ( 'NONE',  ( 8.099999999999996092, -5.500000000000000000, -16.60000000000000142 ) ) ;
#9768 = ORIENTED_EDGE ( 'NONE', *, *, #9417, .F. ) ;
#9769 = CIRCLE ( 'NONE', #9414, 9.999999999999998224 ) ;
#9770 = VERTEX_POINT ( 'NONE', #10685 ) ;
#9771 = LINE ( 'NONE', #482, #2972 ) ;
#9772 = VERTEX_POINT ( 'NONE', #8995 ) ;
#9773 = DIRECTION ( 'NONE',  ( 0.000000000000000000, 0.000000000000000000, -1.000000000000000000 ) ) ;
#9774 = CARTESIAN_POINT ( 'NONE',  ( 2.820321055567309720, 32.00000000000002132, 10.05728054203522603 ) ) ;
#9775 = PLANE ( 'NONE',  #5213 ) ;
#9776 = COLOUR_RGB ( '',0.7921568627450980005, 0.8196078431372548767, 0.9333333333333333481 ) ;
#9777 = DIRECTION ( 'NONE',  ( -1.000000000000000000, 0.000000000000000000, -0.000000000000000000 ) ) ;
#9778 = EDGE_CURVE ( 'NONE', #4851, #2825, #1752, .T. ) ;
#9779 = DIRECTION ( 'NONE',  ( 0.000000000000000000, 1.000000000000000000, -0.000000000000000000 ) ) ;
#9780 = VERTEX_POINT ( 'NONE', #10288 ) ;
#9781 = DIRECTION ( 'NONE',  ( 0.7071067811865473507, 0.000000000000000000, 0.7071067811865477948 ) ) ;
#9782 = ORIENTED_EDGE ( 'NONE', *, *, #683, .F. ) ;
#9783 = CARTESIAN_POINT ( 'NONE',  ( 15.09999999999999609, -11.50000000000000000, -23.60000000000001208 ) ) ;
#9784 = DIRECTION ( 'NONE',  ( 0.000000000000000000, -0.000000000000000000, -1.000000000000000000 ) ) ;
#9785 = VERTEX_POINT ( 'NONE', #11019 ) ;
#9786 = DIRECTION ( 'NONE',  ( -0.000000000000000000, -1.000000000000000000, -0.000000000000000000 ) ) ;
#9787 = CARTESIAN_POINT ( 'NONE',  ( -33.50000000000000000, 19.50000000000000355, 19.86623553487585170 ) ) ;
#9788 = ADVANCED_FACE ( 'NONE', ( #1584 ), #6911, .T. ) ;
#9789 = EDGE_CURVE ( 'NONE', #9954, #9676, #2649, .T. ) ;
#9790 = VECTOR ( 'NONE', #2871, 1000.000000000000000 ) ;
#9791 = DIRECTION ( 'NONE',  ( -0.000000000000000000, 1.000000000000000000, 3.491481338843133355E-15 ) ) ;
#9792 = ORIENTED_EDGE ( 'NONE', *, *, #1691, .T. ) ;
#9793 = DIRECTION ( 'NONE',  ( 0.000000000000000000, 0.000000000000000000, 1.000000000000000000 ) ) ;
#9794 = ORIENTED_EDGE ( 'NONE', *, *, #8824, .F. ) ;
#9795 = VERTEX_POINT ( 'NONE', #6009 ) ;
#9796 = ORIENTED_EDGE ( 'NONE', *, *, #5314, .F. ) ;
#9797 = CARTESIAN_POINT ( 'NONE',  ( -3.877618601942272925, 10.50999999999999091, 25.69803449914322613 ) ) ;
#9798 = VERTEX_POINT ( 'NONE', #7646 ) ;
#9799 = AXIS2_PLACEMENT_3D ( 'NONE', #7025, #2763, #6171 ) ;
#9800 = VECTOR ( 'NONE', #4114, 1000.000000000000000 ) ;
#9801 = ORIENTED_EDGE ( 'NONE', *, *, #8289, .F. ) ;
#9802 = CARTESIAN_POINT ( 'NONE',  ( 25.00000000000000000, 5.000000000000000000, 28.99999999999998934 ) ) ;
#9803 = LINE ( 'NONE', #5346, #1175 ) ;
#9804 = LINE ( 'NONE', #6368, #1359 ) ;
#9805 = DIRECTION ( 'NONE',  ( 4.483001173306440485E-11, 2.940873454663932011E-27, -1.000000000000000000 ) ) ;
#9806 = ADVANCED_FACE ( 'NONE', ( #10178 ), #10343, .F. ) ;
#9807 = LINE ( 'NONE', #1144, #9982 ) ;
#9808 = CARTESIAN_POINT ( 'NONE',  ( -2.999999999999998224, 24.99999999999999645, 21.53801126270789368 ) ) ;
#9809 = ORIENTED_EDGE ( 'NONE', *, *, #11098, .F. ) ;
#9810 = CARTESIAN_POINT ( 'NONE',  ( 15.00000000000000000, -13.00000000000000000, -21.60000000000000853 ) ) ;
#9811 = VECTOR ( 'NONE', #1571, 1000.000000000000000 ) ;
#9812 = AXIS2_PLACEMENT_3D ( 'NONE', #9980, #7566, #3188 ) ;
#9813 = ORIENTED_EDGE ( 'NONE', *, *, #4799, .T. ) ;
#9814 = PRODUCT_RELATED_PRODUCT_CATEGORY ( 'part', '', ( #961 ) ) ;
#9815 = ORIENTED_EDGE ( 'NONE', *, *, #715, .F. ) ;
#9816 = FACE_BOUND ( 'NONE', #5179, .T. ) ;
#9817 = CARTESIAN_POINT ( 'NONE',  ( 8.869658916609672872, 29.50000000000000355, 17.83061455812347518 ) ) ;
#9818 = VECTOR ( 'NONE', #5233, 1000.000000000000000 ) ;
#9819 = VERTEX_POINT ( 'NONE', #9499 ) ;
#9820 = VECTOR ( 'NONE', #687, 1000.000000000000000 ) ;
#9821 = CARTESIAN_POINT ( 'NONE',  ( 15.00000000000000355, 0.5000000000000000000, -21.60000000000000853 ) ) ;
#9822 = EDGE_CURVE ( 'NONE', #4136, #2904, #6539, .T. ) ;
#9823 = CARTESIAN_POINT ( 'NONE',  ( 1.191759522828910622, 24.50000000000000711, 12.52847512629694116 ) ) ;
#9824 = SHAPE_REPRESENTATION ( 'Back Part 2', ( #1005 ), #1751 ) ;
#9825 = ORIENTED_EDGE ( 'NONE', *, *, #3053, .T. ) ;
#9826 = ORIENTED_EDGE ( 'NONE', *, *, #10997, .F. ) ;
#9827 = CARTESIAN_POINT ( 'NONE',  ( -25.00000000000000000, 3.000000000000000000, -37.50000000000000711 ) ) ;
#9828 = EDGE_CURVE ( 'NONE', #2211, #11097, #8590, .T. ) ;
#9829 = CARTESIAN_POINT ( 'NONE',  ( 35.00000000000000000, 0.000000000000000000, 28.99999999999998934 ) ) ;
#9830 = CARTESIAN_POINT ( 'NONE',  ( -1.579617136008335088, 32.00000000000000000, 12.35902778106248334 ) ) ;
#9831 = LINE ( 'NONE', #8869, #364 ) ;
#9832 = EDGE_CURVE ( 'NONE', #9628, #9846, #3496, .T. ) ;
#9833 = DIRECTION ( 'NONE',  ( -0.000000000000000000, -1.000000000000000000, -0.000000000000000000 ) ) ;
#9834 = DIRECTION ( 'NONE',  ( -1.000000000000000000, 1.318503921650895287E-37, -4.483001173306440485E-11 ) ) ;
#9835 = EDGE_LOOP ( 'NONE', ( #10969, #11042, #1911, #129 ) ) ;
#9836 = DIRECTION ( 'NONE',  ( -0.000000000000000000, 1.000000000000000000, -0.000000000000000000 ) ) ;
#9837 = ORIENTED_EDGE ( 'NONE', *, *, #3824, .F. ) ;
#9838 = CARTESIAN_POINT ( 'NONE',  ( 7.599667529665884658, 32.00000000000000000, 18.11989491965052324 ) ) ;
#9839 = ADVANCED_FACE ( 'NONE', ( #7534 ), #4270, .F. ) ;
#9840 = FACE_OUTER_BOUND ( 'NONE', #5158, .T. ) ;
#9841 = EDGE_LOOP ( 'NONE', ( #564, #6635, #2380, #970 ) ) ;
#9842 = LINE ( 'NONE', #10794, #3864 ) ;
#9843 = CARTESIAN_POINT ( 'NONE',  ( 17.70476182858164549, 23.00000000000000000, 27.23807268525122538 ) ) ;
#9844 = EDGE_LOOP ( 'NONE', ( #4221, #8322, #10155, #10421 ) ) ;
#9845 = PLANE ( 'NONE',  #8863 ) ;
#9846 = VERTEX_POINT ( 'NONE', #6747 ) ;
#9847 = ORIENTED_EDGE ( 'NONE', *, *, #4838, .F. ) ;
#9848 = ORIENTED_EDGE ( 'NONE', *, *, #7750, .T. ) ;
#9849 = DIRECTION ( 'NONE',  ( 0.000000000000000000, 0.000000000000000000, 1.000000000000000000 ) ) ;
#9850 = ORIENTED_EDGE ( 'NONE', *, *, #10664, .F. ) ;
#9851 = EDGE_CURVE ( 'NONE', #8544, #1258, #2428, .T. ) ;
#9852 = EDGE_CURVE ( 'NONE', #5457, #4282, #2483, .T. ) ;
#9853 = ORIENTED_EDGE ( 'NONE', *, *, #2945, .T. ) ;
#9854 = CARTESIAN_POINT ( 'NONE',  ( 4.219146220329037966, 10.50999999999999091, 20.06569260839445690 ) ) ;
#9855 = LINE ( 'NONE', #2387, #3160 ) ;
#9856 = EDGE_CURVE ( 'NONE', #820, #8613, #3385, .T. ) ;
#9857 = CYLINDRICAL_SURFACE ( 'NONE', #10865, 1.000000000000000888 ) ;
#9858 = DIRECTION ( 'NONE',  ( 0.000000000000000000, -1.000000000000000000, 0.000000000000000000 ) ) ;
#9859 = CARTESIAN_POINT ( 'NONE',  ( 0.7921790862652122733, 31.99999999999999289, 12.85644404718360789 ) ) ;
#9860 = DIRECTION ( 'NONE',  ( 0.000000000000000000, 1.000000000000000000, 2.940873454663932011E-27 ) ) ;
#9861 = EDGE_LOOP ( 'NONE', ( #6718, #9684 ) ) ;
#9862 = CARTESIAN_POINT ( 'NONE',  ( 0.000000000000000000, -13.00000000000000000, -18.43835307503515608 ) ) ;
#9863 = AXIS2_PLACEMENT_3D ( 'NONE', #9497, #4269, #2537 ) ;
#9864 = ORIENTED_EDGE ( 'NONE', *, *, #6137, .F. ) ;
#9865 = EDGE_CURVE ( 'NONE', #10012, #7787, #9394, .T. ) ;
#9866 = EDGE_LOOP ( 'NONE', ( #6869, #447, #1606, #10917, #9133, #9670, #7644, #4250, #10801, #9713, #10675, #10692 ) ) ;
#9867 = FACE_OUTER_BOUND ( 'NONE', #8106, .T. ) ;
#9868 = CARTESIAN_POINT ( 'NONE',  ( -25.00000000000000000, 0.000000000000000000, 38.99999999999999289 ) ) ;
#9869 = ORIENTED_EDGE ( 'NONE', *, *, #3916, .T. ) ;
#9870 = CARTESIAN_POINT ( 'NONE',  ( -20.00000000000000000, -13.00000000000000000, 8.399999999999987921 ) ) ;
#9871 = LINE ( 'NONE', #3074, #6101 ) ;
#9872 = AXIS2_PLACEMENT_3D ( 'NONE', #3240, #7505, #10089 ) ;
#9873 = FACE_OUTER_BOUND ( 'NONE', #8047, .T. ) ;
#9874 = ORIENTED_EDGE ( 'NONE', *, *, #6972, .F. ) ;
#9875 = ORIENTED_EDGE ( 'NONE', *, *, #9036, .F. ) ;
#9876 = EDGE_CURVE ( 'NONE', #4452, #3754, #11050, .T. ) ;
#9877 = FACE_BOUND ( 'NONE', #4103, .T. ) ;
#9878 = AXIS2_PLACEMENT_3D ( 'NONE', #6842, #2631, #8574 ) ;
#9879 = VECTOR ( 'NONE', #5498, 1000.000000000000000 ) ;
#9880 = CARTESIAN_POINT ( 'NONE',  ( -0.9721252079207256536, 32.00000000000000711, 12.74790640847031220 ) ) ;
#9881 = CARTESIAN_POINT ( 'NONE',  ( -6.925000000000007816, -13.00000000000000000, -22.60000000000000853 ) ) ;
#9882 = DIRECTION ( 'NONE',  ( -0.000000000000000000, -1.000000000000000000, -0.000000000000000000 ) ) ;
#9883 = CARTESIAN_POINT ( 'NONE',  ( 1.577748280683119564, 24.50000000000000000, 11.42771081216552886 ) ) ;
#9884 = EDGE_CURVE ( 'NONE', #10517, #6567, #5052, .T. ) ;
#9885 = CARTESIAN_POINT ( 'NONE',  ( 15.00000000000000000, -13.00000000000000000, 8.399999999999987921 ) ) ;
#9886 = ORIENTED_EDGE ( 'NONE', *, *, #3971, .F. ) ;
#9887 = CARTESIAN_POINT ( 'NONE',  ( 1.395526456518546787, 24.50000000000000711, 5.972797082272181868 ) ) ;
#9888 = ORIENTED_EDGE ( 'NONE', *, *, #4760, .F. ) ;
#9889 = EDGE_CURVE ( 'NONE', #1340, #6960, #8488, .T. ) ;
#9890 = PLANE ( 'NONE',  #6962 ) ;
#9891 = LINE ( 'NONE', #5502, #3549 ) ;
#9892 = VECTOR ( 'NONE', #5417, 1000.000000000000000 ) ;
#9893 = ORIENTED_EDGE ( 'NONE', *, *, #4293, .F. ) ;
#9894 = CARTESIAN_POINT ( 'NONE',  ( 0.000000000000000000, 23.00000000000000000, 0.000000000000000000 ) ) ;
#9895 = DIRECTION ( 'NONE',  ( 0.000000000000000000, 0.000000000000000000, -1.000000000000000000 ) ) ;
#9896 = VERTEX_POINT ( 'NONE', #160 ) ;
#9897 = VECTOR ( 'NONE', #8163, 1000.000000000000000 ) ;
#9898 = ORIENTED_EDGE ( 'NONE', *, *, #9968, .F. ) ;
#9899 = ORIENTED_EDGE ( 'NONE', *, *, #1040, .T. ) ;
#9900 = VERTEX_POINT ( 'NONE', #9724 ) ;
#9901 = CARTESIAN_POINT ( 'NONE',  ( 15.00000000000000000, -13.00000000000000000, 11.89999999999998792 ) ) ;
#9902 = ORIENTED_EDGE ( 'NONE', *, *, #1662, .F. ) ;
#9903 = DIRECTION ( 'NONE',  ( -1.000000000000000000, 0.000000000000000000, 8.673617379884035472E-16 ) ) ;
#9904 = ORIENTED_EDGE ( 'NONE', *, *, #9315, .F. ) ;
#9905 = LINE ( 'NONE', #9180, #5566 ) ;
#9906 = PLANE ( 'NONE',  #7283 ) ;
#9907 = VECTOR ( 'NONE', #588, 1000.000000000000000 ) ;
#9908 = CARTESIAN_POINT ( 'NONE',  ( 0.000000000000000000, 29.50000000000000000, 37.99999999999996447 ) ) ;
#9909 = DIRECTION ( 'NONE',  ( 1.000000000000000000, -0.000000000000000000, -0.000000000000000000 ) ) ;
#9910 = CARTESIAN_POINT ( 'NONE',  ( -27.50000000000000355, 10.49999999999999467, 1.749999999999952927 ) ) ;
#9911 = DIRECTION ( 'NONE',  ( 0.7071067811865465735, 0.000000000000000000, 0.7071067811865485719 ) ) ;
#9912 = EDGE_CURVE ( 'NONE', #4620, #9785, #2928, .T. ) ;
#9913 = EDGE_CURVE ( 'NONE', #4072, #6827, #2817, .T. ) ;
#9914 = VERTEX_POINT ( 'NONE', #944 ) ;
#9915 = LINE ( 'NONE', #8397, #4017 ) ;
#9916 = AXIS2_PLACEMENT_3D ( 'NONE', #1602, #73, #1818 ) ;
#9917 = VERTEX_POINT ( 'NONE', #8648 ) ;
#9918 = VECTOR ( 'NONE', #6730, 1000.000000000000000 ) ;
#9919 = ORIENTED_EDGE ( 'NONE', *, *, #8683, .T. ) ;
#9920 = CARTESIAN_POINT ( 'NONE',  ( 5.800000000000000711, -11.50000000000000000, -11.54000000000000448 ) ) ;
#9921 = PLANE ( 'NONE',  #3054 ) ;
#9922 = VERTEX_POINT ( 'NONE', #10396 ) ;
#9923 = DIRECTION ( 'NONE',  ( -1.000000000000000000, 0.000000000000000000, -0.000000000000000000 ) ) ;
#9924 = PLANE ( 'NONE',  #4660 ) ;
#9925 = CIRCLE ( 'NONE', #2405, 10.00000000000000178 ) ;
#9926 = CARTESIAN_POINT ( 'NONE',  ( -25.00000000000000711, 2.000000000000001776, -37.50000000000002132 ) ) ;
#9927 = EDGE_CURVE ( 'NONE', #7204, #6496, #6282, .T. ) ;
#9928 = ADVANCED_FACE ( 'NONE', ( #5214 ), #9608, .F. ) ;
#9929 = ORIENTED_EDGE ( 'NONE', *, *, #3870, .T. ) ;
#9930 = ORIENTED_EDGE ( 'NONE', *, *, #2795, .T. ) ;
#9931 = B_SPLINE_CURVE_WITH_KNOTS ( 'NONE', 2,
 ( #627, #3226, #4726 ),
 .UNSPECIFIED., .F., .F.,
 ( 3, 3 ),
 ( 7.000000000000000000, 8.000000000000000000 ),
 .UNSPECIFIED. ) ;
#9932 = PLANE ( 'NONE',  #1159 ) ;
#9933 = VECTOR ( 'NONE', #10652, 1000.000000000000000 ) ;
#9934 = CARTESIAN_POINT ( 'NONE',  ( -1.499747920382778821, 31.99999999999999289, 11.99370165127355570 ) ) ;
#9935 = CARTESIAN_POINT ( 'NONE',  ( 7.599667529665898869, 23.00000000000000000, 16.80050947618697776 ) ) ;
#9936 = DIRECTION ( 'NONE',  ( -0.000000000000000000, -1.000000000000000000, 0.000000000000000000 ) ) ;
#9937 = DIRECTION ( 'NONE',  ( 1.000000000000000000, 0.000000000000000000, -2.748605226541390308E-16 ) ) ;
#9938 = DIRECTION ( 'NONE',  ( 1.000000000000000000, -0.000000000000000000, 2.168404344971008868E-17 ) ) ;
#9939 = ADVANCED_FACE ( 'NONE', ( #7805 ), #4541, .F. ) ;
#9940 = VECTOR ( 'NONE', #4178, 1000.000000000000000 ) ;
#9941 = DIRECTION ( 'NONE',  ( -1.100068704781132848E-41, -1.000000000000000000, -2.940873454663932011E-27 ) ) ;
#9942 = ORIENTED_EDGE ( 'NONE', *, *, #11117, .T. ) ;
#9943 = DIRECTION ( 'NONE',  ( 0.000000000000000000, 0.000000000000000000, -1.000000000000000000 ) ) ;
#9944 = ORIENTED_EDGE ( 'NONE', *, *, #210, .T. ) ;
#9945 = DIRECTION ( 'NONE',  ( -3.212450881438532980E-17, 0.000000000000000000, 1.000000000000000000 ) ) ;
#9946 = LINE ( 'NONE', #390, #5712 ) ;
#9947 = LINE ( 'NONE', #1399, #5667 ) ;
#9948 = EDGE_CURVE ( 'NONE', #8266, #1351, #817, .T. ) ;
#9949 = VECTOR ( 'NONE', #2153, 1000.000000000000000 ) ;
#9950 = EDGE_LOOP ( 'NONE', ( #819, #5586, #9960, #4997, #3236, #11026, #2161, #7428 ) ) ;
#9951 = PLANE ( 'NONE',  #5120 ) ;
#9952 = ADVANCED_FACE ( 'NONE', ( #4599 ), #8029, .T. ) ;
#9953 = LINE ( 'NONE', #3931, #3826 ) ;
#9954 = VERTEX_POINT ( 'NONE', #7185 ) ;
#9955 = FACE_BOUND ( 'NONE', #6066, .T. ) ;
#9956 = ORIENTED_EDGE ( 'NONE', *, *, #6874, .F. ) ;
#9957 = ORIENTED_EDGE ( 'NONE', *, *, #9210, .T. ) ;
#9958 = VERTEX_POINT ( 'NONE', #7914 ) ;
#9959 = CARTESIAN_POINT ( 'NONE',  ( -15.10000000000000497, -5.500000000000000000, -16.60000000000000497 ) ) ;
#9960 = ORIENTED_EDGE ( 'NONE', *, *, #9335, .T. ) ;
#9961 = FACE_OUTER_BOUND ( 'NONE', #4707, .T. ) ;
#9962 = EDGE_CURVE ( 'NONE', #265, #2134, #221, .T. ) ;
#9963 = ORIENTED_EDGE ( 'NONE', *, *, #9852, .F. ) ;
#9964 = FACE_BOUND ( 'NONE', #2840, .T. ) ;
#9965 = CARTESIAN_POINT ( 'NONE',  ( 3.000000000000000888, 9.499999999999998224, 15.53801126270789190 ) ) ;
#9966 = DIRECTION ( 'NONE',  ( 0.000000000000000000, 0.000000000000000000, 1.000000000000000000 ) ) ;
#9967 = DIRECTION ( 'NONE',  ( 0.000000000000000000, 0.000000000000000000, -1.000000000000000000 ) ) ;
#9968 = EDGE_CURVE ( 'NONE', #6325, #1524, #1803, .T. ) ;
#9969 = CARTESIAN_POINT ( 'NONE',  ( 3.902784574711857246, 10.50999999999999091, 6.750748237444033961 ) ) ;
#9970 = DIRECTION ( 'NONE',  ( 0.000000000000000000, -5.782411586589351722E-16, 1.000000000000000000 ) ) ;
#9971 = EDGE_LOOP ( 'NONE', ( #7506, #5722, #3753, #2794 ) ) ;
#9972 = DIRECTION ( 'NONE',  ( 0.000000000000000000, 1.000000000000000000, 3.491481338843133355E-15 ) ) ;
#9973 = VECTOR ( 'NONE', #5682, 1000.000000000000000 ) ;
#9974 = ORIENTED_EDGE ( 'NONE', *, *, #9312, .F. ) ;
#9975 = EDGE_LOOP ( 'NONE', ( #10376, #8923, #5246, #2887, #8695, #4945, #3881, #2547, #8308, #10637 ) ) ;
#9976 = ADVANCED_FACE ( 'NONE', ( #274 ), #4380, .F. ) ;
#9977 = CARTESIAN_POINT ( 'NONE',  ( 1.999999999999982236, -13.00000000000000000, 6.559999999999986287 ) ) ;
#9978 = FACE_BOUND ( 'NONE', #2475, .T. ) ;
#9979 = ORIENTED_EDGE ( 'NONE', *, *, #4381, .T. ) ;
#9980 = CARTESIAN_POINT ( 'NONE',  ( 13.38518194069571443, 10.50999999999999091, 24.33278622262459123 ) ) ;
#9981 = DIRECTION ( 'NONE',  ( -0.000000000000000000, 1.000000000000000000, -0.000000000000000000 ) ) ;
#9982 = VECTOR ( 'NONE', #7107, 1000.000000000000000 ) ;
#9983 = FACE_OUTER_BOUND ( 'NONE', #10213, .T. ) ;
#9984 = AXIS2_PLACEMENT_3D ( 'NONE', #8051, #2118, #1141 ) ;
#9985 = EDGE_LOOP ( 'NONE', ( #5616, #10986, #4563, #6304 ) ) ;
#9986 = VERTEX_POINT ( 'NONE', #1975 ) ;
#9987 = FACE_OUTER_BOUND ( 'NONE', #6695, .T. ) ;
#9988 = VECTOR ( 'NONE', #10142, 1000.000000000000000 ) ;
#9989 = AXIS2_PLACEMENT_3D ( 'NONE', #10629, #5388, #10466 ) ;
#9990 = EDGE_CURVE ( 'NONE', #5203, #5794, #6116, .T. ) ;
#9991 = LINE ( 'NONE', #2299, #7403 ) ;
#9992 = EDGE_CURVE ( 'NONE', #2942, #7828, #107, .T. ) ;
#9993 = DIRECTION ( 'NONE',  ( 0.000000000000000000, 1.000000000000000000, 0.000000000000000000 ) ) ;
#9994 = CARTESIAN_POINT ( 'NONE',  ( 6.346119218776774318, 23.00000000000000000, 11.64859530943569332 ) ) ;
#9995 = CARTESIAN_POINT ( 'NONE',  ( 3.363402195232424230, 32.00000000000000000, 3.057247613399983521 ) ) ;
#9996 = EDGE_CURVE ( 'NONE', #1607, #10349, #2259, .T. ) ;
#9997 = LINE ( 'NONE', #2303, #9200 ) ;
#9998 = CYLINDRICAL_SURFACE ( 'NONE', #6555, 10.00000000000000178 ) ;
#9999 = FACE_OUTER_BOUND ( 'NONE', #8532, .T. ) ;
#10000 = ORIENTED_EDGE ( 'NONE', *, *, #3798, .T. ) ;
#10001 = CARTESIAN_POINT ( 'NONE',  ( 2.719875891303838333, 24.50000000000000000, 7.260215154862638798 ) ) ;
#10002 = VERTEX_POINT ( 'NONE', #10453 ) ;
#10003 = LINE ( 'NONE', #9218, #870 ) ;
#10004 = CARTESIAN_POINT ( 'NONE',  ( 15.27499999999998614, -13.99999999999999822, -16.60000000000000497 ) ) ;
#10005 = ADVANCED_FACE ( 'NONE', ( #6227 ), #8701, .T. ) ;
#10006 = CARTESIAN_POINT ( 'NONE',  ( -25.00000000000000000, 3.000000000000000000, -39.00000000000000711 ) ) ;
#10007 = ORIENTED_EDGE ( 'NONE', *, *, #9694, .F. ) ;
#10008 = CARTESIAN_POINT ( 'NONE',  ( 14.27499999999998792, -13.99999999999999822, -17.60000000000000497 ) ) ;
#10009 = FACE_OUTER_BOUND ( 'NONE', #10356, .T. ) ;
#10010 = ORIENTED_EDGE ( 'NONE', *, *, #2502, .F. ) ;
#10011 = CARTESIAN_POINT ( 'NONE',  ( -12.05359021688597032, 25.00000000000010658, 19.36521081018106827 ) ) ;
#10012 = VERTEX_POINT ( 'NONE', #8814 ) ;
#10013 = VERTEX_POINT ( 'NONE', #7973 ) ;
#10014 = ORIENTED_EDGE ( 'NONE', *, *, #7480, .T. ) ;
#10015 = LINE ( 'NONE', #9901, #3362 ) ;
#10016 = VERTEX_POINT ( 'NONE', #3712 ) ;
#10017 = DIRECTION ( 'NONE',  ( 8.673617379884035472E-16, 0.000000000000000000, 1.000000000000000000 ) ) ;
#10018 = ADVANCED_FACE ( 'NONE', ( #8137 ), #9998, .T. ) ;
#10019 = ORIENTED_EDGE ( 'NONE', *, *, #715, .T. ) ;
#10020 = DIRECTION ( 'NONE',  ( -8.673617379884035472E-16, 0.000000000000000000, -1.000000000000000000 ) ) ;
#10021 = LINE ( 'NONE', #1415, #7996 ) ;
#10022 = CARTESIAN_POINT ( 'NONE',  ( -33.50000000000000000, 9.500000000000001776, 24.99999999999995381 ) ) ;
#10023 = CARTESIAN_POINT ( 'NONE',  ( -25.88422689413609490, 14.99999999999999645, 10.99999999999995381 ) ) ;
#10024 = CARTESIAN_POINT ( 'NONE',  ( -2.999999999999999112, 9.499999999999998224, 15.53801126270789190 ) ) ;
#10025 = CARTESIAN_POINT ( 'NONE',  ( 0.000000000000000000, -13.00000000000000000, 0.000000000000000000 ) ) ;
#10026 = VERTEX_POINT ( 'NONE', #3202 ) ;
#10027 = CARTESIAN_POINT ( 'NONE',  ( 15.00000000000000000, -11.50000000000000000, -21.60000000000000853 ) ) ;
#10028 = EDGE_CURVE ( 'NONE', #10719, #1430, #2140, .T. ) ;
#10029 = ORIENTED_EDGE ( 'NONE', *, *, #130, .T. ) ;
#10030 = EDGE_CURVE ( 'NONE', #4617, #3591, #6504, .T. ) ;
#10031 = VERTEX_POINT ( 'NONE', #1390 ) ;
#10032 = DIRECTION ( 'NONE',  ( 0.000000000000000000, 1.000000000000000000, 2.940873454663932011E-27 ) ) ;
#10033 = FACE_BOUND ( 'NONE', #7335, .T. ) ;
#10034 = VERTEX_POINT ( 'NONE', #1335 ) ;
#10035 = VECTOR ( 'NONE', #7246, 1000.000000000000000 ) ;
#10036 = DIRECTION ( 'NONE',  ( 1.000000000000000000, -0.000000000000000000, 0.000000000000000000 ) ) ;
#10037 = CARTESIAN_POINT ( 'NONE',  ( -12.05359021688597032, 23.00000000000000000, 19.36521081018106116 ) ) ;
#10038 = CARTESIAN_POINT ( 'NONE',  ( 1.224646799147354933E-16, 30.00001199999999812, -16.04445395531110563 ) ) ;
#10039 = AXIS2_PLACEMENT_3D ( 'NONE', #1695, #106, #9552 ) ;
#10040 = ORIENTED_EDGE ( 'NONE', *, *, #1754, .F. ) ;
#10041 = ORIENTED_EDGE ( 'NONE', *, *, #6810, .T. ) ;
#10042 = FACE_OUTER_BOUND ( 'NONE', #10415, .T. ) ;
#10043 = DIRECTION ( 'NONE',  ( 0.000000000000000000, -1.000000000000000000, 0.000000000000000000 ) ) ;
#10044 = CARTESIAN_POINT ( 'NONE',  ( 0.000000000000000000, -13.99999999999999822, 0.000000000000000000 ) ) ;
#10045 = AXIS2_PLACEMENT_3D ( 'NONE', #10587, #1886, #303 ) ;
#10046 = CARTESIAN_POINT ( 'NONE',  ( 18.50000000000000000, -13.00000000000000000, -21.60000000000000853 ) ) ;
#10047 = DIRECTION ( 'NONE',  ( 0.000000000000000000, 1.000000000000000000, -0.000000000000000000 ) ) ;
#10048 = CARTESIAN_POINT ( 'NONE',  ( 33.50000000000000000, 3.000000000000000000, 28.99999999999998934 ) ) ;
#10049 = CARTESIAN_POINT ( 'NONE',  ( -27.50000000000000355, 10.49999999999999112, 13.24999999999995204 ) ) ;
#10050 = CARTESIAN_POINT ( 'NONE',  ( -25.00000000000000711, 28.49999999999999645, 37.49999999999996447 ) ) ;
#10051 = EDGE_CURVE ( 'NONE', #8097, #8921, #10782, .T. ) ;
#10052 = EDGE_LOOP ( 'NONE', ( #4632, #2946, #4158, #1700 ) ) ;
#10053 = EDGE_CURVE ( 'NONE', #7252, #8857, #5710, .T. ) ;
#10054 = CARTESIAN_POINT ( 'NONE',  ( -25.00000000000000711, 0.000000000000000000, -38.25000000000003553 ) ) ;
#10055 = VECTOR ( 'NONE', #2566, 1000.000000000000000 ) ;
#10056 = ORIENTED_EDGE ( 'NONE', *, *, #3154, .F. ) ;
#10057 = CARTESIAN_POINT ( 'NONE',  ( -5.800000000000000711, 9.999999999999998224, -11.54000000000000448 ) ) ;
#10058 = LINE ( 'NONE', #2425, #2464 ) ;
#10059 = CARTESIAN_POINT ( 'NONE',  ( -7.601536384981955052, 29.49999999999991473, 18.11989491965854171 ) ) ;
#10060 = ORIENTED_EDGE ( 'NONE', *, *, #2816, .T. ) ;
#10061 = AXIS2_PLACEMENT_3D ( 'NONE', #5596, #3815, #3083 ) ;
#10062 = AXIS2_PLACEMENT_3D ( 'NONE', #1556, #6490, #7391 ) ;
#10063 = CARTESIAN_POINT ( 'NONE',  ( 5.299549528938837462, 32.00000000000000000, 16.80050947618696355 ) ) ;
#10064 = CARTESIAN_POINT ( 'NONE',  ( 25.00000000000000000, 5.000000000000000000, -29.00000000000000355 ) ) ;
#10065 = VERTEX_POINT ( 'NONE', #2981 ) ;
#10066 = ADVANCED_FACE ( 'NONE', ( #5546 ), #3976, .F. ) ;
#10067 = PLANE ( 'NONE',  #5452 ) ;
#10068 = ORIENTED_EDGE ( 'NONE', *, *, #10583, .T. ) ;
#10069 = ORIENTED_EDGE ( 'NONE', *, *, #10275, .F. ) ;
#10070 = VERTEX_POINT ( 'NONE', #4868 ) ;
#10071 = AXIS2_PLACEMENT_3D ( 'NONE', #4598, #9936, #6556 ) ;
#10072 = ORIENTED_EDGE ( 'NONE', *, *, #5312, .T. ) ;
#10073 = CARTESIAN_POINT ( 'NONE',  ( -25.00000000000000711, 2.000000000000000000, -38.25000000000002842 ) ) ;
#10074 = ORIENTED_EDGE ( 'NONE', *, *, #831, .T. ) ;
#10075 = PLANE ( 'NONE',  #6841 ) ;
#10076 = CARTESIAN_POINT ( 'NONE',  ( 1.500000000000000222, 26.50000000000000000, -2.201678149889266134 ) ) ;
#10077 = CARTESIAN_POINT ( 'NONE',  ( 25.00000000000000711, 2.000000000000000000, -38.25000000000002132 ) ) ;
#10078 = DIRECTION ( 'NONE',  ( -0.000000000000000000, 1.000000000000000000, -0.000000000000000000 ) ) ;
#10079 = VECTOR ( 'NONE', #4285, 1000.000000000000000 ) ;
#10080 = DIRECTION ( 'NONE',  ( 0.000000000000000000, 1.000000000000000000, 2.940873454663932011E-27 ) ) ;
#10081 = DIRECTION ( 'NONE',  ( 0.000000000000000000, -1.000000000000000000, -5.782411586589351722E-16 ) ) ;
#10082 = ORIENTED_EDGE ( 'NONE', *, *, #1228, .F. ) ;
#10083 = ADVANCED_FACE ( 'NONE', ( #3919 ), #8982, .T. ) ;
#10084 = CARTESIAN_POINT ( 'NONE',  ( -33.50000000000000000, 10.49999999999999467, 1.749999999999952927 ) ) ;
#10085 = VERTEX_POINT ( 'NONE', #9883 ) ;
#10086 = CIRCLE ( 'NONE', #9554, 10.00000000000000178 ) ;
#10087 = ORIENTED_EDGE ( 'NONE', *, *, #7113, .F. ) ;
#10088 = CARTESIAN_POINT ( 'NONE',  ( -25.00000000000000000, 1.500000000000000000, -37.50000000000000711 ) ) ;
#10089 = DIRECTION ( 'NONE',  ( 4.336808689942017736E-16, 0.000000000000000000, -1.000000000000000000 ) ) ;
#10090 = ADVANCED_FACE ( 'NONE', ( #2192 ), #8079, .F. ) ;
#10091 = PRODUCT_RELATED_PRODUCT_CATEGORY ( 'part', '', ( #70 ) ) ;
#10092 = ORIENTED_EDGE ( 'NONE', *, *, #4825, .F. ) ;
#10093 = CARTESIAN_POINT ( 'NONE',  ( 0.000000000000000000, 9.999999999999998224, 0.000000000000000000 ) ) ;
#10094 = CARTESIAN_POINT ( 'NONE',  ( 17.70476182858164549, 24.99999999999999645, 15.53801126270789190 ) ) ;
#10095 = CARTESIAN_POINT ( 'NONE',  ( -13.37439034836756413, 10.50999999999999091, 24.33278622160655047 ) ) ;
#10096 = ADVANCED_FACE ( 'NONE', ( #1280 ), #7464, .F. ) ;
#10097 = VECTOR ( 'NONE', #8900, 1000.000000000000000 ) ;
#10098 = EDGE_LOOP ( 'NONE', ( #1646, #5166, #8436, #3829 ) ) ;
#10099 = VERTEX_POINT ( 'NONE', #5597 ) ;
#10100 = FACE_OUTER_BOUND ( 'NONE', #10378, .T. ) ;
#10101 = CARTESIAN_POINT ( 'NONE',  ( -15.10000000000000142, -11.50000000000000000, -23.60000000000001208 ) ) ;
#10102 = DIRECTION ( 'NONE',  ( 0.000000000000000000, -1.000000000000000000, 0.000000000000000000 ) ) ;
#10103 = ADVANCED_FACE ( 'NONE', ( #2087 ), #7345, .F. ) ;
#10104 = VECTOR ( 'NONE', #10414, 1000.000000000000000 ) ;
#10105 = DIRECTION ( 'NONE',  ( 0.000000000000000000, 1.000000000000000000, 5.782411586589351722E-16 ) ) ;
#10106 = CARTESIAN_POINT ( 'NONE',  ( -25.00000000000000711, 0.000000000000000000, -29.00000000000002132 ) ) ;
#10107 = LINE ( 'NONE', #4032, #2029 ) ;
#10108 = LINE ( 'NONE', #9584, #10344 ) ;
#10109 = DIRECTION ( 'NONE',  ( 0.000000000000000000, 0.000000000000000000, -1.000000000000000000 ) ) ;
#10110 = VERTEX_POINT ( 'NONE', #1227 ) ;
#10111 = LINE ( 'NONE', #6851, #10243 ) ;
#10112 = ORIENTED_EDGE ( 'NONE', *, *, #9884, .F. ) ;
#10113 = LINE ( 'NONE', #7413, #147 ) ;
#10114 = CARTESIAN_POINT ( 'NONE',  ( -2.150110125183557042, 31.99999999999997868, 6.520570557710887449 ) ) ;
#10115 = PLANE ( 'NONE',  #1557 ) ;
#10116 = VERTEX_POINT ( 'NONE', #3086 ) ;
#10117 = EDGE_CURVE ( 'NONE', #1258, #3281, #6375, .T. ) ;
#10118 = VECTOR ( 'NONE', #10563, 1000.000000000000000 ) ;
#10119 = DIRECTION ( 'NONE',  ( 1.000000000000000000, 0.000000000000000000, -1.724440263185883619E-16 ) ) ;
#10120 = CARTESIAN_POINT ( 'NONE',  ( -25.00000000000000711, 2.000000000000000000, -38.25000000000002842 ) ) ;
#10121 = ORIENTED_EDGE ( 'NONE', *, *, #9778, .F. ) ;
#10122 = DIRECTION ( 'NONE',  ( -0.000000000000000000, -1.000000000000000000, -0.000000000000000000 ) ) ;
#10123 = ORIENTED_EDGE ( 'NONE', *, *, #11099, .F. ) ;
#10124 = ORIENTED_EDGE ( 'NONE', *, *, #4152, .T. ) ;
#10125 = EDGE_LOOP ( 'NONE', ( #7094, #6417, #2023, #1263, #9246, #2069 ) ) ;
#10126 = VECTOR ( 'NONE', #9070, 1000.000000000000000 ) ;
#10127 = DIRECTION ( 'NONE',  ( 1.000000000000000000, 0.000000000000000000, 0.000000000000000000 ) ) ;
#10128 = ORIENTED_EDGE ( 'NONE', *, *, #7719, .T. ) ;
#10129 = LINE ( 'NONE', #3222, #8094 ) ;
#10130 = ORIENTED_EDGE ( 'NONE', *, *, #1317, .T. ) ;
#10131 = CARTESIAN_POINT ( 'NONE',  ( -35.00000000000000000, 10.50049802381102815, 18.48421203201064955 ) ) ;
#10132 = ADVANCED_FACE ( 'NONE', ( #9037 ), #7238, .F. ) ;
#10133 = LINE ( 'NONE', #3283, #5481 ) ;
#10134 = EDGE_CURVE ( 'NONE', #7143, #7694, #432, .T. ) ;
#10135 = LINE ( 'NONE', #10247, #2284 ) ;
#10136 = DIRECTION ( 'NONE',  ( 1.000000000000000000, 0.000000000000000000, 4.483001173306440485E-11 ) ) ;
#10137 = LINE ( 'NONE', #463, #4592 ) ;
#10138 = CARTESIAN_POINT ( 'NONE',  ( -46.31370849898476649, 17.50000000000000000, 24.99999999999994671 ) ) ;
#10139 = EDGE_CURVE ( 'NONE', #2457, #8384, #10725, .T. ) ;
#10140 = VERTEX_POINT ( 'NONE', #830 ) ;
#10141 = DIRECTION ( 'NONE',  ( 4.336808689942017736E-16, -0.000000000000000000, -1.000000000000000000 ) ) ;
#10142 = DIRECTION ( 'NONE',  ( -0.000000000000000000, -1.000000000000000000, -0.000000000000000000 ) ) ;
#10143 = ORIENTED_EDGE ( 'NONE', *, *, #6008, .T. ) ;
#10144 = ORIENTED_EDGE ( 'NONE', *, *, #8296, .F. ) ;
#10145 = DIRECTION ( 'NONE',  ( -4.483001173306440485E-11, -2.940873454663932011E-27, 1.000000000000000000 ) ) ;
#10146 = CARTESIAN_POINT ( 'NONE',  ( 14.27499999999998970, -13.99999999999999822, -21.60000000000000853 ) ) ;
#10147 = EDGE_CURVE ( 'NONE', #7967, #10031, #717, .T. ) ;
#10148 = ORIENTED_EDGE ( 'NONE', *, *, #8452, .T. ) ;
#10149 = FACE_OUTER_BOUND ( 'NONE', #11100, .T. ) ;
#10150 = CARTESIAN_POINT ( 'NONE',  ( 15.00000000000000000, -13.00000000000000000, -21.60000000000000853 ) ) ;
#10151 = CARTESIAN_POINT ( 'NONE',  ( -2.000000000000016875, 3.000000000000002665, -1.370000000000013651 ) ) ;
#10152 = VECTOR ( 'NONE', #3269, 1000.000000000000000 ) ;
#10153 = AXIS2_PLACEMENT_3D ( 'NONE', #6558, #4143, #1506 ) ;
#10154 = VERTEX_POINT ( 'NONE', #10220 ) ;
#10155 = ORIENTED_EDGE ( 'NONE', *, *, #2410, .T. ) ;
#10156 = CARTESIAN_POINT ( 'NONE',  ( 0.000000000000000000, -13.91959594928933441, 19.93801126270789226 ) ) ;
#10157 = LINE ( 'NONE', #4027, #6117 ) ;
#10158 = DIRECTION ( 'NONE',  ( -0.000000000000000000, -0.000000000000000000, 1.000000000000000000 ) ) ;
#10159 = EDGE_CURVE ( 'NONE', #7694, #1853, #4982, .T. ) ;
#10160 = VECTOR ( 'NONE', #9353, 1000.000000000000000 ) ;
#10161 = LINE ( 'NONE', #713, #1821 ) ;
#10162 = AXIS2_PLACEMENT_3D ( 'NONE', #3573, #10424, #6142 ) ;
#10163 = PLANE ( 'NONE',  #3873 ) ;
#10164 = CARTESIAN_POINT ( 'NONE',  ( -14.99999999999995737, 0.5000000000000000000, -26.80000000000001137 ) ) ;
#10165 = DIRECTION ( 'NONE',  ( -1.000000000000000000, 0.000000000000000000, -0.000000000000000000 ) ) ;
#10166 = CARTESIAN_POINT ( 'NONE',  ( 14.27499999999998792, -13.00000000000000000, -17.60000000000000497 ) ) ;
#10167 = ORIENTED_EDGE ( 'NONE', *, *, #5048, .F. ) ;
#10168 = CARTESIAN_POINT ( 'NONE',  ( -27.50000000000000355, 0.000000000000000000, 0.000000000000000000 ) ) ;
#10169 = EDGE_CURVE ( 'NONE', #10910, #581, #5886, .T. ) ;
#10170 = AXIS2_PLACEMENT_3D ( 'NONE', #8484, #783, #7355 ) ;
#10171 = AXIS2_PLACEMENT_3D ( 'NONE', #10093, #700, #1492 ) ;
#10172 = VERTEX_POINT ( 'NONE', #5296 ) ;
#10173 = DIRECTION ( 'NONE',  ( 0.000000000000000000, 1.000000000000000000, 2.940873454663932011E-27 ) ) ;
#10174 = CARTESIAN_POINT ( 'NONE',  ( -11.67964663380889689, 22.99999999999999645, 19.01947394638946776 ) ) ;
#10175 = CARTESIAN_POINT ( 'NONE',  ( -25.00000000000000000, 3.000000000000000000, 38.99999999999999289 ) ) ;
#10176 = EDGE_CURVE ( 'NONE', #7836, #2729, #8419, .T. ) ;
#10177 = EDGE_LOOP ( 'NONE', ( #4718, #7706, #1864, #9270 ) ) ;
#10178 = FACE_OUTER_BOUND ( 'NONE', #5642, .T. ) ;
#10179 = LINE ( 'NONE', #4272, #3292 ) ;
#10180 = ORIENTED_EDGE ( 'NONE', *, *, #3133, .F. ) ;
#10181 = CARTESIAN_POINT ( 'NONE',  ( 0.000000000000000000, 29.09999999999999787, -17.04445395531110563 ) ) ;
#10182 = EDGE_LOOP ( 'NONE', ( #8045, #10691, #3779, #6286 ) ) ;
#10183 = EDGE_CURVE ( 'NONE', #9099, #7482, #4091, .T. ) ;
#10184 = ORIENTED_EDGE ( 'NONE', *, *, #7560, .T. ) ;
#10185 = ORIENTED_EDGE ( 'NONE', *, *, #3261, .F. ) ;
#10186 =( NAMED_UNIT ( * ) SI_UNIT ( $, .STERADIAN. ) SOLID_ANGLE_UNIT ( ) );
#10187 = CARTESIAN_POINT ( 'NONE',  ( -2.800000000000000266, 23.00000000000000000, 15.53801126270789190 ) ) ;
#10188 = ORIENTED_EDGE ( 'NONE', *, *, #11021, .F. ) ;
#10189 = CARTESIAN_POINT ( 'NONE',  ( 13.38518194069571443, 10.50999999999999091, 24.33278622262459123 ) ) ;
#10190 = CARTESIAN_POINT ( 'NONE',  ( -25.50000000000000355, 10.50000000000000178, 23.86623553487585525 ) ) ;
#10191 = DIRECTION ( 'NONE',  ( 0.000000000000000000, 1.000000000000000000, 3.491481338843133355E-15 ) ) ;
#10192 = PLANE ( 'NONE',  #1657 ) ;
#10193 = LINE ( 'NONE', #2608, #10160 ) ;
#10194 = DIRECTION ( 'NONE',  ( -0.000000000000000000, -1.000000000000000000, -0.000000000000000000 ) ) ;
#10195 = ORIENTED_EDGE ( 'NONE', *, *, #4808, .F. ) ;
#10196 = DIRECTION ( 'NONE',  ( 0.000000000000000000, 0.000000000000000000, 1.000000000000000000 ) ) ;
#10197 = EDGE_CURVE ( 'NONE', #2624, #10967, #10108, .T. ) ;
#10198 = EDGE_CURVE ( 'NONE', #951, #10034, #5944, .T. ) ;
#10199 = FACE_OUTER_BOUND ( 'NONE', #7742, .T. ) ;
#10200 = ORIENTED_EDGE ( 'NONE', *, *, #3824, .T. ) ;
#10201 = VECTOR ( 'NONE', #2083, 1000.000000000000000 ) ;
#10202 = ORIENTED_EDGE ( 'NONE', *, *, #8274, .F. ) ;
#10203 = FACE_OUTER_BOUND ( 'NONE', #4619, .T. ) ;
#10204 = PLANE ( 'NONE',  #174 ) ;
#10205 = EDGE_LOOP ( 'NONE', ( #7977, #3622, #3978, #10929 ) ) ;
#10206 = DIRECTION ( 'NONE',  ( 0.000000000000000000, -0.000000000000000000, -1.000000000000000000 ) ) ;
#10207 = CARTESIAN_POINT ( 'NONE',  ( 2.562233326286126989, 10.50999999999999091, -2.736966231001714878 ) ) ;
#10208 = CIRCLE ( 'NONE', #8226, 9.250000000000001776 ) ;
#10209 = DIRECTION ( 'NONE',  ( 1.000000000000000000, -0.000000000000000000, 3.802133645976563900E-16 ) ) ;
#10210 = B_SPLINE_SURFACE_WITH_KNOTS ( 'NONE', 3, 1, ( 
 ( #6314, #9752 ),
 ( #2062, #8899 ),
 ( #1203, #8053 ),
 ( #355, #3791 ) ),
 .UNSPECIFIED., .F., .F., .F.,
 ( 4, 4 ),
 ( 2, 2 ),
 ( 6.000000000000000000, 7.000000000000000000 ),
 ( 0.000000000000000000, 1.000000000000000000 ),
 .UNSPECIFIED. ) ;
#10211 = ORIENTED_EDGE ( 'NONE', *, *, #9452, .T. ) ;
#10212 = ADVANCED_FACE ( 'NONE', ( #7634 ), #137, .F. ) ;
#10213 = EDGE_LOOP ( 'NONE', ( #3557, #4265, #4068, #6406 ) ) ;
#10214 = LINE ( 'NONE', #5086, #4038 ) ;
#10215 = LINE ( 'NONE', #2521, #7767 ) ;
#10216 = PLANE ( 'NONE',  #1623 ) ;
#10217 = CARTESIAN_POINT ( 'NONE',  ( -3.000000000000016875, -5.500000000000000000, -0.4050000000000138489 ) ) ;
#10218 = CARTESIAN_POINT ( 'NONE',  ( 4.100096472055509977, 23.00000000000000000, 22.45905727886303183 ) ) ;
#10219 = DIRECTION ( 'NONE',  ( 0.000000000000000000, 0.000000000000000000, -1.000000000000000000 ) ) ;
#10220 = CARTESIAN_POINT ( 'NONE',  ( 25.00000000000000000, 1.500000000000000000, -37.50000000000000711 ) ) ;
#10221 = DIRECTION ( 'NONE',  ( -4.336808689942013792E-16, -0.000000000000000000, 1.000000000000000000 ) ) ;
#10222 = VERTEX_POINT ( 'NONE', #9383 ) ;
#10223 = DIRECTION ( 'NONE',  ( 0.000000000000000000, 0.000000000000000000, -1.000000000000000000 ) ) ;
#10224 = EDGE_CURVE ( 'NONE', #909, #10222, #8528, .T. ) ;
#10225 = ORIENTED_EDGE ( 'NONE', *, *, #6897, .T. ) ;
#10226 = DIRECTION ( 'NONE',  ( 7.080019743072041564E-15, 0.000000000000000000, -1.000000000000000000 ) ) ;
#10227 = AXIS2_PLACEMENT_3D ( 'NONE', #5373, #8811, #539 ) ;
#10228 = FACE_OUTER_BOUND ( 'NONE', #4509, .T. ) ;
#10229 = DIRECTION ( 'NONE',  ( 0.000000000000000000, 0.000000000000000000, 1.000000000000000000 ) ) ;
#10230 = EDGE_LOOP ( 'NONE', ( #8722, #9759, #10469, #4964 ) ) ;
#10231 = EDGE_CURVE ( 'NONE', #4602, #2563, #7521, .T. ) ;
#10232 = CARTESIAN_POINT ( 'NONE',  ( -19.81171673543281031, 24.50000000000000000, 12.01317212208040708 ) ) ;
#10233 = VECTOR ( 'NONE', #4737, 1000.000000000000000 ) ;
#10234 = CARTESIAN_POINT ( 'NONE',  ( -15.27500000000000746, -13.00000000000000000, -16.60000000000000853 ) ) ;
#10235 = VERTEX_POINT ( 'NONE', #1033 ) ;
#10236 =( NAMED_UNIT ( * ) SI_UNIT ( $, .STERADIAN. ) SOLID_ANGLE_UNIT ( ) );
#10237 = EDGE_CURVE ( 'NONE', #9846, #10596, #4145, .T. ) ;
#10238 = ORIENTED_EDGE ( 'NONE', *, *, #295, .T. ) ;
#10239 = VERTEX_POINT ( 'NONE', #2359 ) ;
#10240 = EDGE_LOOP ( 'NONE', ( #7569, #2894, #9929, #10796 ) ) ;
#10241 = DIRECTION ( 'NONE',  ( 0.000000000000000000, 0.000000000000000000, 1.000000000000000000 ) ) ;
#10242 = CIRCLE ( 'NONE', #9521, 5.200000000000000178 ) ;
#10243 = VECTOR ( 'NONE', #9439, 1000.000000000000000 ) ;
#10244 = ORIENTED_EDGE ( 'NONE', *, *, #2870, .T. ) ;
#10245 = DIRECTION ( 'NONE',  ( 1.000000000000000000, -0.000000000000000000, 3.802133645976563900E-16 ) ) ;
#10246 = ADVANCED_FACE ( 'NONE', ( #5771, #9212, #10947 ), #2418, .T. ) ;
#10247 = CARTESIAN_POINT ( 'NONE',  ( -14.27500000000000568, -13.00000000000000000, -17.60000000000000853 ) ) ;
#10248 = DIRECTION ( 'NONE',  ( -0.000000000000000000, 0.000000000000000000, -1.000000000000000000 ) ) ;
#10249 = DIRECTION ( 'NONE',  ( 0.000000000000000000, -1.000000000000000000, 0.000000000000000000 ) ) ;
#10250 = CARTESIAN_POINT ( 'NONE',  ( -7.601536384991169903, 23.00000000000000000, 18.11989491965041665 ) ) ;
#10251 = VERTEX_POINT ( 'NONE', #8736 ) ;
#10252 = LINE ( 'NONE', #6133, #8507 ) ;
#10253 = VECTOR ( 'NONE', #6446, 1000.000000000000000 ) ;
#10254 = LINE ( 'NONE', #915, #7656 ) ;
#10255 = ORIENTED_EDGE ( 'NONE', *, *, #3720, .T. ) ;
#10256 = AXIS2_PLACEMENT_3D ( 'NONE', #8438, #4169, #7600 ) ;
#10257 = ORIENTED_EDGE ( 'NONE', *, *, #7338, .T. ) ;
#10258 = CARTESIAN_POINT ( 'NONE',  ( 25.00000000000000000, 3.000000000000000000, 28.99999999999998934 ) ) ;
#10259 = LINE ( 'NONE', #2509, #2338 ) ;
#10260 = VECTOR ( 'NONE', #6675, 1000.000000000000000 ) ;
#10261 = CARTESIAN_POINT ( 'NONE',  ( 2.999999999999982236, -13.99999999999999822, 7.559999999999986287 ) ) ;
#10262 = EDGE_CURVE ( 'NONE', #8864, #7482, #3705, .T. ) ;
#10263 = LINE ( 'NONE', #8621, #2533 ) ;
#10264 = EDGE_CURVE ( 'NONE', #10432, #3277, #5827, .T. ) ;
#10265 = CARTESIAN_POINT ( 'NONE',  ( 0.000000000000000000, 32.00000000000000000, -7.499999999999998224 ) ) ;
#10266 = ORIENTED_EDGE ( 'NONE', *, *, #10310, .F. ) ;
#10267 = VECTOR ( 'NONE', #19, 1000.000000000000000 ) ;
#10268 = VERTEX_POINT ( 'NONE', #7888 ) ;
#10269 = CARTESIAN_POINT ( 'NONE',  ( -2.818252580799507800, 32.00000000000001421, 10.05975139779702587 ) ) ;
#10270 = CARTESIAN_POINT ( 'NONE',  ( -25.50000000000000355, 10.50000000000000178, 23.86623553487585525 ) ) ;
#10271 = CYLINDRICAL_SURFACE ( 'NONE', #5551, 3.499999999999999556 ) ;
#10272 = DIRECTION ( 'NONE',  ( -1.000000000000000000, -0.000000000000000000, -0.000000000000000000 ) ) ;
#10273 = CARTESIAN_POINT ( 'NONE',  ( -13.49999999999999822, 0.5000000000000000000, -22.33097289055185897 ) ) ;
#10274 = EDGE_CURVE ( 'NONE', #10911, #10515, #10429, .T. ) ;
#10275 = EDGE_CURVE ( 'NONE', #4082, #396, #1508, .T. ) ;
#10276 = VECTOR ( 'NONE', #2804, 1000.000000000000000 ) ;
#10277 = FACE_OUTER_BOUND ( 'NONE', #4777, .T. ) ;
#10278 = AXIS2_PLACEMENT_3D ( 'NONE', #10558, #5489, #2867 ) ;
#10279 = LINE ( 'NONE', #1036, #8318 ) ;
#10280 = ORIENTED_EDGE ( 'NONE', *, *, #6330, .F. ) ;
#10281 = CARTESIAN_POINT ( 'NONE',  ( -35.00000000000000000, 11.99999999999999645, 3.999999999999954259 ) ) ;
#10282 = ORIENTED_EDGE ( 'NONE', *, *, #5409, .T. ) ;
#10283 = DIRECTION ( 'NONE',  ( 0.000000000000000000, 0.000000000000000000, 1.000000000000000000 ) ) ;
#10284 = VECTOR ( 'NONE', #1255, 1000.000000000000000 ) ;
#10285 = DIRECTION ( 'NONE',  ( 0.000000000000000000, 1.000000000000000000, 3.491481338843133355E-15 ) ) ;
#10286 = LINE ( 'NONE', #3597, #6627 ) ;
#10287 = EDGE_CURVE ( 'NONE', #6806, #4851, #3256, .T. ) ;
#10288 = CARTESIAN_POINT ( 'NONE',  ( 17.70476182858164549, 28.49999999999999645, 27.23807268525122538 ) ) ;
#10289 = VECTOR ( 'NONE', #5725, 1000.000000000000000 ) ;
#10290 = PLANE ( 'NONE',  #5250 ) ;
#10291 = EDGE_LOOP ( 'NONE', ( #3926, #4800, #2187, #387, #10904, #6485, #1404, #10656 ) ) ;
#10292 = LINE ( 'NONE', #4274, #5628 ) ;
#10293 = ORIENTED_EDGE ( 'NONE', *, *, #6464, .F. ) ;
#10294 = VERTEX_POINT ( 'NONE', #7215 ) ;
#10295 = ORIENTED_EDGE ( 'NONE', *, *, #6666, .F. ) ;
#10296 = EDGE_CURVE ( 'NONE', #2447, #11023, #8112, .T. ) ;
#10297 = SHAPE_REPRESENTATION_RELATIONSHIP ( 'NONE' , 'NONE' ,  #1722, #1549 ) ;
#10298 = DIRECTION ( 'NONE',  ( -0.000000000000000000, -1.000000000000000000, -0.000000000000000000 ) ) ;
#10299 = AXIS2_PLACEMENT_3D ( 'NONE', #9098, #9779, #546 ) ;
#10300 = ORIENTED_EDGE ( 'NONE', *, *, #6897, .F. ) ;
#10301 = LINE ( 'NONE', #1598, #6557 ) ;
#10302 = EDGE_CURVE ( 'NONE', #3801, #1560, #9642, .T. ) ;
#10303 = DIRECTION ( 'NONE',  ( 0.000000000000000000, -1.000000000000000000, 0.000000000000000000 ) ) ;
#10304 = CARTESIAN_POINT ( 'NONE',  ( 15.00000000000000000, -13.00000000000000000, 11.89999999999998792 ) ) ;
#10305 = DIRECTION ( 'NONE',  ( 1.000000000000000000, 0.000000000000000000, 2.322494089076271146E-16 ) ) ;
#10306 = CARTESIAN_POINT ( 'NONE',  ( -8.100000000000001421, -5.500000000000000000, -23.60000000000000853 ) ) ;
#10307 = ORIENTED_EDGE ( 'NONE', *, *, #4916, .F. ) ;
#10308 = DIRECTION ( 'NONE',  ( -0.000000000000000000, -0.000000000000000000, -1.000000000000000000 ) ) ;
#10309 = VECTOR ( 'NONE', #6932, 1000.000000000000000 ) ;
#10310 = EDGE_CURVE ( 'NONE', #2777, #3277, #9361, .T. ) ;
#10311 = CARTESIAN_POINT ( 'NONE',  ( 34.25000000000000000, 3.000000000000000000, 28.99999999999999289 ) ) ;
#10312 = ORIENTED_EDGE ( 'NONE', *, *, #542, .F. ) ;
#10313 = ORIENTED_EDGE ( 'NONE', *, *, #6757, .T. ) ;
#10314 = CARTESIAN_POINT ( 'NONE',  ( -33.50000000000000000, 16.50000000000000000, 1.749999999999954703 ) ) ;
#10315 = CARTESIAN_POINT ( 'NONE',  ( 33.50000000000000000, 30.00000000000000000, 28.99999999999997158 ) ) ;
#10316 = EDGE_CURVE ( 'NONE', #1116, #9002, #4394, .T. ) ;
#10317 = VECTOR ( 'NONE', #10909, 1000.000000000000000 ) ;
#10318 = PLANE ( 'NONE',  #9083 ) ;
#10319 = DIRECTION ( 'NONE',  ( 0.000000000000000000, -0.000000000000000000, -1.000000000000000000 ) ) ;
#10320 = DIRECTION ( 'NONE',  ( -0.000000000000000000, -0.000000000000000000, 1.000000000000000000 ) ) ;
#10321 = ORIENTED_EDGE ( 'NONE', *, *, #1826, .F. ) ;
#10322 = ORIENTED_EDGE ( 'NONE', *, *, #7332, .F. ) ;
#10323 = ORIENTED_EDGE ( 'NONE', *, *, #10815, .F. ) ;
#10324 = EDGE_CURVE ( 'NONE', #1131, #5000, #2790, .T. ) ;
#10325 = DIRECTION ( 'NONE',  ( 0.000000000000000000, 0.000000000000000000, 1.000000000000000000 ) ) ;
#10326 = DIRECTION ( 'NONE',  ( 0.000000000000000000, 0.000000000000000000, -1.000000000000000000 ) ) ;
#10327 = CARTESIAN_POINT ( 'NONE',  ( -15.00000000000000000, -13.00000000000000000, -21.60000000000000853 ) ) ;
#10328 = LINE ( 'NONE', #2748, #3449 ) ;
#10329 = CARTESIAN_POINT ( 'NONE',  ( -3.130299353382402394, 24.49999999999999645, -0.04195408413816992949 ) ) ;
#10330 = VECTOR ( 'NONE', #6128, 1000.000000000000000 ) ;
#10331 = DIRECTION ( 'NONE',  ( 0.000000000000000000, 0.000000000000000000, -1.000000000000000000 ) ) ;
#10332 = VERTEX_POINT ( 'NONE', #8787 ) ;
#10333 = ORIENTED_EDGE ( 'NONE', *, *, #6804, .F. ) ;
#10334 = EDGE_CURVE ( 'NONE', #2491, #1312, #1088, .T. ) ;
#10335 = EDGE_CURVE ( 'NONE', #6016, #10099, #9807, .T. ) ;
#10336 = CARTESIAN_POINT ( 'NONE',  ( 0.000000000000000000, -13.99999999999999822, -17.43835307503515608 ) ) ;
#10337 = AXIS2_PLACEMENT_3D ( 'NONE', #9152, #9938, #1448 ) ;
#10338 = ORIENTED_EDGE ( 'NONE', *, *, #4629, .T. ) ;
#10339 = VECTOR ( 'NONE', #3057, 1000.000000000000000 ) ;
#10340 = DIRECTION ( 'NONE',  ( -0.2982749931359467976, -0.000000000000000000, -0.9544799780350298191 ) ) ;
#10341 = DIRECTION ( 'NONE',  ( 1.000000000000000000, 0.000000000000000000, 0.000000000000000000 ) ) ;
#10342 = ADVANCED_FACE ( 'NONE', ( #10539 ), #2846, .F. ) ;
#10343 = PLANE ( 'NONE',  #2442 ) ;
#10344 = VECTOR ( 'NONE', #5040, 1000.000000000000000 ) ;
#10345 = FACE_OUTER_BOUND ( 'NONE', #2250, .T. ) ;
#10346 = VECTOR ( 'NONE', #3855, 1000.000000000000000 ) ;
#10347 = ORIENTED_EDGE ( 'NONE', *, *, #10735, .T. ) ;
#10348 = CARTESIAN_POINT ( 'NONE',  ( 25.00000000000000711, 30.00000000000000000, 38.99999999999996447 ) ) ;
#10349 = VERTEX_POINT ( 'NONE', #7160 ) ;
#10350 = ADVANCED_FACE ( 'NONE', ( #2902 ), #10210, .T. ) ;
#10351 = ORIENTED_EDGE ( 'NONE', *, *, #9140, .F. ) ;
#10352 = CARTESIAN_POINT ( 'NONE',  ( 695.9594270195614172, 869.6231861209188310, 1305.124402200102850 ) ) ;
#10353 = CARTESIAN_POINT ( 'NONE',  ( -2.999999999999999112, 24.99999999999999645, 15.53801126270789190 ) ) ;
#10354 = AXIS2_PLACEMENT_3D ( 'NONE', #8509, #7613, #5866 ) ;
#10355 = VECTOR ( 'NONE', #9680, 1000.000000000000000 ) ;
#10356 = EDGE_LOOP ( 'NONE', ( #5331, #5497, #10830, #9691 ) ) ;
#10357 = CARTESIAN_POINT ( 'NONE',  ( -0.7002031839165150373, 24.50000000000000355, 12.90559911687657291 ) ) ;
#10358 = CARTESIAN_POINT ( 'NONE',  ( -15.00000000000000000, 0.000000000000000000, -21.60000000000000853 ) ) ;
#10359 = LINE ( 'NONE', #11091, #3085 ) ;
#10360 = CARTESIAN_POINT ( 'NONE',  ( 8.374824250234464529, 26.50000000000000000, 13.67730034089338531 ) ) ;
#10361 = CARTESIAN_POINT ( 'NONE',  ( -13.37439034845122521, 10.50999999999999091, 26.19897291411961859 ) ) ;
#10362 = ORIENTED_EDGE ( 'NONE', *, *, #7630, .T. ) ;
#10363 = CARTESIAN_POINT ( 'NONE',  ( -35.00000000000000711, 32.00000000000000000, -29.00000000000001776 ) ) ;
#10364 = ORIENTED_EDGE ( 'NONE', *, *, #535, .T. ) ;
#10365 = EDGE_CURVE ( 'NONE', #3950, #36, #3287, .T. ) ;
#10366 = CARTESIAN_POINT ( 'NONE',  ( -2.406309248611178120, 24.50000000000000355, 4.443777404816303012 ) ) ;
#10367 = FACE_OUTER_BOUND ( 'NONE', #6599, .T. ) ;
#10368 = ORIENTED_EDGE ( 'NONE', *, *, #9024, .T. ) ;
#10369 = ORIENTED_EDGE ( 'NONE', *, *, #3752, .T. ) ;
#10370 = DIRECTION ( 'NONE',  ( 0.000000000000000000, -1.000000000000000000, 0.000000000000000000 ) ) ;
#10371 = CARTESIAN_POINT ( 'NONE',  ( 7.599667515476915547, 23.00000000000000000, 18.11989492295201742 ) ) ;
#10372 = DIRECTION ( 'NONE',  ( -0.000000000000000000, 1.000000000000000000, 0.000000000000000000 ) ) ;
#10373 = DIRECTION ( 'NONE',  ( -0.000000000000000000, -1.000000000000000000, -0.000000000000000000 ) ) ;
#10374 = EDGE_CURVE ( 'NONE', #8295, #8738, #10980, .T. ) ;
#10375 = CARTESIAN_POINT ( 'NONE',  ( -35.00000000000000000, 9.750498023811029924, 24.99999999999995381 ) ) ;
#10376 = ORIENTED_EDGE ( 'NONE', *, *, #9572, .T. ) ;
#10377 = VECTOR ( 'NONE', #1385, 1000.000000000000000 ) ;
#10378 = EDGE_LOOP ( 'NONE', ( #9699, #8873, #1154, #6126 ) ) ;
#10379 = EDGE_CURVE ( 'NONE', #8697, #2752, #1539, .T. ) ;
#10380 = ORIENTED_EDGE ( 'NONE', *, *, #4100, .F. ) ;
#10381 = CARTESIAN_POINT ( 'NONE',  ( -33.50000000000000000, 17.00000000000000000, 24.99999999999995381 ) ) ;
#10382 = LINE ( 'NONE', #2686, #5608 ) ;
#10383 = FACE_OUTER_BOUND ( 'NONE', #10489, .T. ) ;
#10384 = CIRCLE ( 'NONE', #9668, 8.499999999999996447 ) ;
#10385 = DIRECTION ( 'NONE',  ( 0.000000000000000000, 0.000000000000000000, -1.000000000000000000 ) ) ;
#10386 = CARTESIAN_POINT ( 'NONE',  ( -3.075391468316590604, 24.49999999999999645, -0.3903447404358540429 ) ) ;
#10387 = DIRECTION ( 'NONE',  ( 0.000000000000000000, 0.000000000000000000, -1.000000000000000000 ) ) ;
#10388 = ORIENTED_EDGE ( 'NONE', *, *, #10920, .F. ) ;
#10389 = ORIENTED_EDGE ( 'NONE', *, *, #1572, .F. ) ;
#10390 = DIRECTION ( 'NONE',  ( 0.000000000000000000, 0.000000000000000000, 1.000000000000000000 ) ) ;
#10391 = ORIENTED_EDGE ( 'NONE', *, *, #2859, .F. ) ;
#10392 = FACE_OUTER_BOUND ( 'NONE', #1574, .T. ) ;
#10393 = PRODUCT_DEFINITION_SHAPE ( 'NONE', 'NONE',  #1786 ) ;
#10394 = CARTESIAN_POINT ( 'NONE',  ( -5.301418384264150241, 25.00000000000009948, 21.57711283463898511 ) ) ;
#10395 = CARTESIAN_POINT ( 'NONE',  ( -1.456937484050339959, 32.00000000000000711, 5.057207896468879582 ) ) ;
#10396 = CARTESIAN_POINT ( 'NONE',  ( 6.346119218776775206, 26.50000000000000000, -6.021333691102119801 ) ) ;
#10397 = EDGE_CURVE ( 'NONE', #7597, #2563, #8394, .T. ) ;
#10398 = PRODUCT_DEFINITION_CONTEXT ( 'detailed design', #7905, 'design' ) ;
#10399 = EDGE_CURVE ( 'NONE', #7069, #5307, #108, .T. ) ;
#10400 = CARTESIAN_POINT ( 'NONE',  ( -14.78197023601864046, 10.50999999999999091, 19.09402330374506107 ) ) ;
#10401 = VERTEX_POINT ( 'NONE', #10868 ) ;
#10402 = CARTESIAN_POINT ( 'NONE',  ( -1.500000000000001332, 10.50999999999999091, 7.798321850110736086 ) ) ;
#10403 = VECTOR ( 'NONE', #9206, 1000.000000000000000 ) ;
#10404 = ORIENTED_EDGE ( 'NONE', *, *, #2267, .F. ) ;
#10405 = ORIENTED_EDGE ( 'NONE', *, *, #4100, .T. ) ;
#10406 = DIRECTION ( 'NONE',  ( -1.000000000000000000, 0.000000000000000000, 6.982962677686266711E-15 ) ) ;
#10407 = DIRECTION ( 'NONE',  ( 0.000000000000000000, 1.000000000000000000, 3.491481338843133355E-15 ) ) ;
#10408 = VERTEX_POINT ( 'NONE', #4783 ) ;
#10409 = FACE_BOUND ( 'NONE', #8211, .T. ) ;
#10410 = CIRCLE ( 'NONE', #5370, 9.250000000000005329 ) ;
#10411 = CARTESIAN_POINT ( 'NONE',  ( 2.799999999999999378, -13.91959594928933441, 21.13801126270789155 ) ) ;
#10412 = LINE ( 'NONE', #1127, #6670 ) ;
#10413 = EDGE_CURVE ( 'NONE', #4039, #5453, #5801, .T. ) ;
#10414 = DIRECTION ( 'NONE',  ( 0.000000000000000000, 2.940873454663932011E-27, -1.000000000000000000 ) ) ;
#10415 = EDGE_LOOP ( 'NONE', ( #4858, #1020, #9869, #8128 ) ) ;
#10416 = CARTESIAN_POINT ( 'NONE',  ( -19.81171673543281031, 9.499999999999998224, 15.53801126270789190 ) ) ;
#10417 = CARTESIAN_POINT ( 'NONE',  ( 0.000000000000000000, 29.50000000000000000, 13.00000000000000000 ) ) ;
#10418 = AXIS2_PLACEMENT_3D ( 'NONE', #5248, #9485, #145 ) ;
#10419 = DIRECTION ( 'NONE',  ( -0.000000000000000000, -1.000000000000000000, -0.000000000000000000 ) ) ;
#10420 = MECHANICAL_DESIGN_GEOMETRIC_PRESENTATION_REPRESENTATION (  '', ( #8978 ), #8781 ) ;
#10421 = ORIENTED_EDGE ( 'NONE', *, *, #353, .F. ) ;
#10422 = EDGE_LOOP ( 'NONE', ( #11017, #4317, #4135, #5352 ) ) ;
#10423 = DIRECTION ( 'NONE',  ( -0.000000000000000000, 1.000000000000000000, -0.000000000000000000 ) ) ;
#10424 = DIRECTION ( 'NONE',  ( -0.000000000000000000, -1.000000000000000000, -0.000000000000000000 ) ) ;
#10425 = CARTESIAN_POINT ( 'NONE',  ( 3.073522612991555381, 32.00000000000001421, -0.3903447404357862638 ) ) ;
#10426 = DIRECTION ( 'NONE',  ( -0.000000000000000000, 1.000000000000000000, -0.000000000000000000 ) ) ;
#10427 = ADVANCED_FACE ( 'NONE', ( #4005 ), #516, .F. ) ;
#10428 = VECTOR ( 'NONE', #5518, 1000.000000000000000 ) ;
#10429 = LINE ( 'NONE', #2473, #4059 ) ;
#10430 = CARTESIAN_POINT ( 'NONE',  ( -35.00000000000000000, 0.000000000000000000, 28.99999999999998934 ) ) ;
#10431 = ORIENTED_EDGE ( 'NONE', *, *, #5394, .F. ) ;
#10432 = VERTEX_POINT ( 'NONE', #7552 ) ;
#10433 = ORIENTED_EDGE ( 'NONE', *, *, #7077, .F. ) ;
#10434 = CARTESIAN_POINT ( 'NONE',  ( -33.50000000000000000, 28.49999999999999645, 28.99999999999997158 ) ) ;
#10435 = EDGE_CURVE ( 'NONE', #7295, #1035, #6534, .T. ) ;
#10436 = DIRECTION ( 'NONE',  ( -0.000000000000000000, 1.000000000000000000, -0.000000000000000000 ) ) ;
#10437 = CARTESIAN_POINT ( 'NONE',  ( 1.581276766165141456, 32.00000000000000000, 11.47356234004127984 ) ) ;
#10438 = EDGE_LOOP ( 'NONE', ( #1407, #10856, #8559, #998 ) ) ;
#10439 = DIRECTION ( 'NONE',  ( 0.000000000000000000, 0.000000000000000000, 1.000000000000000000 ) ) ;
#10440 = CARTESIAN_POINT ( 'NONE',  ( 15.84405090676714600, 24.50000000000000000, 13.67730034089338709 ) ) ;
#10441 = EDGE_CURVE ( 'NONE', #937, #5839, #7379, .T. ) ;
#10442 = DIRECTION ( 'NONE',  ( 0.000000000000000000, 0.000000000000000000, -1.000000000000000000 ) ) ;
#10443 = VECTOR ( 'NONE', #6818, 1000.000000000000114 ) ;
#10444 = ORIENTED_EDGE ( 'NONE', *, *, #9996, .F. ) ;
#10445 = VERTEX_POINT ( 'NONE', #5685 ) ;
#10446 = LINE ( 'NONE', #2756, #1222 ) ;
#10447 = EDGE_CURVE ( 'NONE', #3754, #1408, #10137, .T. ) ;
#10448 = ORIENTED_EDGE ( 'NONE', *, *, #10940, .F. ) ;
#10449 = DIRECTION ( 'NONE',  ( 0.000000000000000000, 0.000000000000000000, -1.000000000000000000 ) ) ;
#10450 = FACE_OUTER_BOUND ( 'NONE', #3663, .T. ) ;
#10451 = AXIS2_PLACEMENT_3D ( 'NONE', #2526, #11116, #6160 ) ;
#10452 = LINE ( 'NONE', #2815, #2891 ) ;
#10453 = CARTESIAN_POINT ( 'NONE',  ( -15.00000000000000000, -3.469446951953614189E-15, -25.10000000000000853 ) ) ;
#10454 = CARTESIAN_POINT ( 'NONE',  ( -14.78197023625350148, 24.99999999999999645, 24.33278622154344717 ) ) ;
#10455 = VERTEX_POINT ( 'NONE', #8336 ) ;
#10456 = DIRECTION ( 'NONE',  ( 0.000000000000000000, 1.000000000000000000, 2.940873454663932011E-27 ) ) ;
#10457 = VECTOR ( 'NONE', #8113, 1000.000000000000000 ) ;
#10458 = ORIENTED_EDGE ( 'NONE', *, *, #7097, .T. ) ;
#10459 = ORIENTED_EDGE ( 'NONE', *, *, #2716, .T. ) ;
#10460 = APPLICATION_PROTOCOL_DEFINITION ( 'draft international standard', 'automotive_design', 1998, #1377 ) ;
#10461 = ADVANCED_FACE ( 'NONE', ( #7497, #5860 ), #1419, .F. ) ;
#10462 = DIRECTION ( 'NONE',  ( 1.000000000000000000, 0.000000000000000000, 0.000000000000000000 ) ) ;
#10463 = VERTEX_POINT ( 'NONE', #4066 ) ;
#10464 = FACE_BOUND ( 'NONE', #102, .T. ) ;
#10465 = AXIS2_PLACEMENT_3D ( 'NONE', #9569, #8042, #9791 ) ;
#10466 = DIRECTION ( 'NONE',  ( -1.000000000000000000, 0.000000000000000000, -3.802133645976563900E-16 ) ) ;
#10467 = DIRECTION ( 'NONE',  ( -0.000000000000000000, -0.000000000000000000, -1.000000000000000000 ) ) ;
#10468 = FACE_OUTER_BOUND ( 'NONE', #9975, .T. ) ;
#10469 = ORIENTED_EDGE ( 'NONE', *, *, #2836, .T. ) ;
#10470 = DIRECTION ( 'NONE',  ( 1.000000000000000000, -0.000000000000000000, 3.802133645976563900E-16 ) ) ;
#10471 = CARTESIAN_POINT ( 'NONE',  ( -3.019852568336387488, 24.50000000000000000, 3.729505163983328320 ) ) ;
#10472 = CIRCLE ( 'NONE', #2053, 0.5000000000000073275 ) ;
#10473 = CARTESIAN_POINT ( 'NONE',  ( -4.246373477178807754, 10.50999999999999091, 6.750748237078701308 ) ) ;
#10474 = ORIENTED_EDGE ( 'NONE', *, *, #10028, .T. ) ;
#10475 = EDGE_CURVE ( 'NONE', #5453, #7925, #2279, .T. ) ;
#10476 = EDGE_CURVE ( 'NONE', #8563, #6001, #1736, .T. ) ;
#10477 = ORIENTED_EDGE ( 'NONE', *, *, #3837, .F. ) ;
#10478 = CARTESIAN_POINT ( 'NONE',  ( -2.999999999999996447, 29.09999999999999787, -20.04445395531110918 ) ) ;
#10479 = FACE_OUTER_BOUND ( 'NONE', #8197, .T. ) ;
#10480 = ADVANCED_FACE ( 'NONE', ( #1601 ), #9241, .F. ) ;
#10481 = LINE ( 'NONE', #1031, #1719 ) ;
#10482 = LINE ( 'NONE', #9582, #6483 ) ;
#10483 = VECTOR ( 'NONE', #6823, 1000.000000000000000 ) ;
#10484 = CARTESIAN_POINT ( 'NONE',  ( 1.101485361694153120, 32.00000000000000000, 5.860867144937147444 ) ) ;
#10485 = DIRECTION ( 'NONE',  ( -0.000000000000000000, 0.000000000000000000, -1.000000000000000000 ) ) ;
#10486 = VERTEX_POINT ( 'NONE', #5629 ) ;
#10487 = CARTESIAN_POINT ( 'NONE',  ( -25.00000000000000000, 3.000000000000000000, -39.00000000000000711 ) ) ;
#10488 = ORIENTED_EDGE ( 'NONE', *, *, #152, .F. ) ;
#10489 = EDGE_LOOP ( 'NONE', ( #6045, #3990, #2991, #847 ) ) ;
#10490 = ADVANCED_FACE ( 'NONE', ( #3896 ), #7321, .F. ) ;
#10491 = LINE ( 'NONE', #2797, #1787 ) ;
#10492 = VECTOR ( 'NONE', #4051, 1000.000000000000000 ) ;
#10493 = LINE ( 'NONE', #1678, #2347 ) ;
#10494 = CARTESIAN_POINT ( 'NONE',  ( 8.869658908823275567, 29.49999999999983302, 17.83061455560378405 ) ) ;
#10495 = ORIENTED_EDGE ( 'NONE', *, *, #2144, .T. ) ;
#10496 = FACE_OUTER_BOUND ( 'NONE', #9232, .T. ) ;
#10497 = CARTESIAN_POINT ( 'NONE',  ( -25.00000000000000000, 5.000000000000000000, -29.00000000000000355 ) ) ;
#10498 = CARTESIAN_POINT ( 'NONE',  ( -15.00000000000000000, -13.00000000000000000, 8.399999999999987921 ) ) ;
#10499 = EDGE_LOOP ( 'NONE', ( #5281, #9974, #10679, #9006, #9003, #6602 ) ) ;
#10500 = ORIENTED_EDGE ( 'NONE', *, *, #4166, .T. ) ;
#10501 = EDGE_CURVE ( 'NONE', #1774, #1590, #2223, .T. ) ;
#10502 = CARTESIAN_POINT ( 'NONE',  ( -1.808723759534170306, 24.50000000000000000, 11.29028261531116684 ) ) ;
#10503 = ORIENTED_EDGE ( 'NONE', *, *, #10399, .T. ) ;
#10504 = VECTOR ( 'NONE', #4917, 1000.000000000000000 ) ;
#10505 = CARTESIAN_POINT ( 'NONE',  ( 34.25000000000000000, 3.000000000000000000, 28.99999999999999289 ) ) ;
#10506 = LINE ( 'NONE', #6225, #1062 ) ;
#10507 = CARTESIAN_POINT ( 'NONE',  ( -3.601026911978599809, 32.00000000000000000, 2.139566395690075673 ) ) ;
#10508 = DIRECTION ( 'NONE',  ( -1.000000000000000000, 0.000000000000000000, 0.000000000000000000 ) ) ;
#10509 = EDGE_CURVE ( 'NONE', #10016, #1090, #3345, .T. ) ;
#10510 = DIRECTION ( 'NONE',  ( -1.000000000000000000, 0.000000000000000000, -0.000000000000000000 ) ) ;
#10511 = EDGE_LOOP ( 'NONE', ( #212, #3002, #10532, #5183 ) ) ;
#10512 = CARTESIAN_POINT ( 'NONE',  ( 4.219146220329039743, 10.50999999999999091, -39.28468037378117117 ) ) ;
#10513 = VECTOR ( 'NONE', #9280, 1000.000000000000000 ) ;
#10514 = AXIS2_PLACEMENT_3D ( 'NONE', #7518, #7632, #4805 ) ;
#10515 = VERTEX_POINT ( 'NONE', #3458 ) ;
#10516 = EDGE_CURVE ( 'NONE', #6434, #1603, #11058, .T. ) ;
#10517 = VERTEX_POINT ( 'NONE', #802 ) ;
#10518 = DIRECTION ( 'NONE',  ( 0.000000000000000000, 0.000000000000000000, -1.000000000000000000 ) ) ;
#10519 = VERTEX_POINT ( 'NONE', #6875 ) ;
#10520 = FACE_OUTER_BOUND ( 'NONE', #3832, .T. ) ;
#10521 = VECTOR ( 'NONE', #10305, 1000.000000000000000 ) ;
#10522 = AXIS2_PLACEMENT_3D ( 'NONE', #368, #1100, #9711 ) ;
#10523 = CARTESIAN_POINT ( 'NONE',  ( -25.00000000000000711, 28.49999999999999645, 28.99999999999997158 ) ) ;
#10524 = CARTESIAN_POINT ( 'NONE',  ( -8.743329047513924479, 28.49999999999999645, 7.256070824894444549 ) ) ;
#10525 = LINE ( 'NONE', #2833, #9756 ) ;
#10526 = ORIENTED_EDGE ( 'NONE', *, *, #4080, .F. ) ;
#10527 = DIRECTION ( 'NONE',  ( -1.000000000000000000, -0.000000000000000000, -0.000000000000000000 ) ) ;
#10528 = CARTESIAN_POINT ( 'NONE',  ( -1.799011655421925759, 24.50000000000000355, 4.901186849782765087 ) ) ;
#10529 = DIRECTION ( 'NONE',  ( -0.000000000000000000, -1.000000000000000000, -0.000000000000000000 ) ) ;
#10530 = AXIS2_PLACEMENT_3D ( 'NONE', #968, #7826, #128 ) ;
#10531 = VECTOR ( 'NONE', #8277, 1000.000000000000000 ) ;
#10532 = ORIENTED_EDGE ( 'NONE', *, *, #6342, .F. ) ;
#10533 = ORIENTED_EDGE ( 'NONE', *, *, #10829, .T. ) ;
#10534 = FACE_OUTER_BOUND ( 'NONE', #7408, .T. ) ;
#10535 = CARTESIAN_POINT ( 'NONE',  ( 0.8721927253039357675, 32.00000000000000000, 13.06458333644166814 ) ) ;
#10536 = CARTESIAN_POINT ( 'NONE',  ( -2.800000000000000266, -0.5000000000000000000, -15.54000000000000448 ) ) ;
#10537 = CARTESIAN_POINT ( 'NONE',  ( -2.999999999999998224, 9.499999999999998224, 21.53801126270789368 ) ) ;
#10538 = AXIS2_PLACEMENT_3D ( 'NONE', #8496, #4495, #7087 ) ;
#10539 = FACE_OUTER_BOUND ( 'NONE', #10125, .T. ) ;
#10540 = CARTESIAN_POINT ( 'NONE',  ( 1.999999999999983125, -12.99999999999999822, 6.559999999999986287 ) ) ;
#10541 = EDGE_CURVE ( 'NONE', #4374, #5714, #7607, .T. ) ;
#10542 = EDGE_CURVE ( 'NONE', #10967, #2792, #5124, .T. ) ;
#10543 = ORIENTED_EDGE ( 'NONE', *, *, #6545, .F. ) ;
#10544 = FACE_OUTER_BOUND ( 'NONE', #5097, .T. ) ;
#10545 = VERTEX_POINT ( 'NONE', #746 ) ;
#10546 = FACE_OUTER_BOUND ( 'NONE', #8156, .T. ) ;
#10547 = CARTESIAN_POINT ( 'NONE',  ( 1.581279503555507837, 24.50000000000000000, 11.44534539468065049 ) ) ;
#10548 = CARTESIAN_POINT ( 'NONE',  ( -45.97666018330589566, 16.50000000000002132, 18.48421203201064600 ) ) ;
#10549 = ORIENTED_EDGE ( 'NONE', *, *, #515, .T. ) ;
#10550 = CARTESIAN_POINT ( 'NONE',  ( 10.26313544485287643, 32.00000000000000000, 18.29275258562296713 ) ) ;
#10551 = DIRECTION ( 'NONE',  ( 1.000000000000000000, -0.000000000000000000, -0.000000000000000000 ) ) ;
#10552 = DIRECTION ( 'NONE',  ( 0.000000000000000000, -0.000000000000000000, 1.000000000000000000 ) ) ;
#10553 = ADVANCED_FACE ( 'NONE', ( #4175 ), #3510, .F. ) ;
#10554 = ORIENTED_EDGE ( 'NONE', *, *, #2654, .T. ) ;
#10555 = ORIENTED_EDGE ( 'NONE', *, *, #926, .T. ) ;
#10556 = LINE ( 'NONE', #5484, #799 ) ;
#10557 = VERTEX_POINT ( 'NONE', #2557 ) ;
#10558 = CARTESIAN_POINT ( 'NONE',  ( -11.10000000000000675, -12.99999999999999822, -19.60000000000000497 ) ) ;
#10559 = VECTOR ( 'NONE', #10669, 1000.000000000000000 ) ;
#10560 = LINE ( 'NONE', #2137, #4116 ) ;
#10561 = CARTESIAN_POINT ( 'NONE',  ( 11.09999999999999076, 31.50000000000000000, -19.60000000000000497 ) ) ;
#10562 = EDGE_CURVE ( 'NONE', #8601, #1283, #11092, .T. ) ;
#10563 = DIRECTION ( 'NONE',  ( -2.312964634635749366E-16, 0.000000000000000000, 1.000000000000000000 ) ) ;
#10564 = ORIENTED_EDGE ( 'NONE', *, *, #9992, .F. ) ;
#10565 = CARTESIAN_POINT ( 'NONE',  ( 17.70476182858164549, 28.49999999999999645, 27.23807268525122538 ) ) ;
#10566 = ORIENTED_EDGE ( 'NONE', *, *, #7887, .T. ) ;
#10567 = CARTESIAN_POINT ( 'NONE',  ( 33.50000000000000000, 3.000000000000000000, -29.00000000000000355 ) ) ;
#10568 = DIRECTION ( 'NONE',  ( 0.000000000000000000, 0.000000000000000000, -1.000000000000000000 ) ) ;
#10569 = EDGE_CURVE ( 'NONE', #3417, #10820, #5971, .T. ) ;
#10570 = ORIENTED_EDGE ( 'NONE', *, *, #1343, .F. ) ;
#10571 = AXIS2_PLACEMENT_3D ( 'NONE', #1398, #3769, #2200 ) ;
#10572 = CARTESIAN_POINT ( 'NONE',  ( -1.576085913135946814, 32.00000000000000000, 11.42771081216553419 ) ) ;
#10573 = CARTESIAN_POINT ( 'NONE',  ( 15.84405090676714600, 26.50000000000000000, 13.67730034089338709 ) ) ;
#10574 = DIRECTION ( 'NONE',  ( -1.295630333478997339E-13, -2.940873454663932728E-27, 1.000000000000000000 ) ) ;
#10575 = EDGE_CURVE ( 'NONE', #8223, #6769, #6767, .T. ) ;
#10576 = VECTOR ( 'NONE', #42, 1000.000000000000000 ) ;
#10577 = DIRECTION ( 'NONE',  ( -0.7071067811865477948, 0.000000000000000000, 0.7071067811865473507 ) ) ;
#10578 = ORIENTED_EDGE ( 'NONE', *, *, #1779, .F. ) ;
#10579 = CARTESIAN_POINT ( 'NONE',  ( -27.50000000000000355, 10.50000000000000178, 23.86623553487585525 ) ) ;
#10580 = ORIENTED_EDGE ( 'NONE', *, *, #5578, .T. ) ;
#10581 = CARTESIAN_POINT ( 'NONE',  ( 6.346119218776775206, 24.50000000000000000, -6.021333691102119801 ) ) ;
#10582 = ORIENTED_EDGE ( 'NONE', *, *, #1550, .F. ) ;
#10583 = EDGE_CURVE ( 'NONE', #4742, #6638, #6819, .T. ) ;
#10584 = VECTOR ( 'NONE', #7674, 1000.000000000000000 ) ;
#10585 = VERTEX_POINT ( 'NONE', #9409 ) ;
#10586 = LINE ( 'NONE', #5345, #5385 ) ;
#10587 = CARTESIAN_POINT ( 'NONE',  ( 25.00000000000000711, 30.00000000000000000, 28.99999999999997158 ) ) ;
#10588 = DIRECTION ( 'NONE',  ( -0.000000000000000000, -1.000000000000000000, -0.000000000000000000 ) ) ;
#10589 = FACE_OUTER_BOUND ( 'NONE', #8158, .T. ) ;
#10590 = AXIS2_PLACEMENT_3D ( 'NONE', #115, #3610, #5384 ) ;
#10591 = CARTESIAN_POINT ( 'NONE',  ( 3.055460739098543765, 32.00000000000000000, 8.135971476757854148 ) ) ;
#10592 = CARTESIAN_POINT ( 'NONE',  ( -2.553044450212822891, 10.50999999999999091, -2.736966231231034552 ) ) ;
#10593 = ORIENTED_EDGE ( 'NONE', *, *, #2436, .F. ) ;
#10594 = CARTESIAN_POINT ( 'NONE',  ( 15.27499999999998614, -13.00000000000000000, -16.60000000000000497 ) ) ;
#10595 = AXIS2_PLACEMENT_3D ( 'NONE', #2731, #6141, #8730 ) ;
#10596 = VERTEX_POINT ( 'NONE', #8557 ) ;
#10597 = ORIENTED_EDGE ( 'NONE', *, *, #4357, .T. ) ;
#10598 = ADVANCED_FACE ( 'NONE', ( #856 ), #8606, .F. ) ;
#10599 = DIRECTION ( 'NONE',  ( 0.000000000000000000, 0.000000000000000000, 1.000000000000000000 ) ) ;
#10600 = EDGE_CURVE ( 'NONE', #10938, #8478, #10193, .T. ) ;
#10601 = CARTESIAN_POINT ( 'NONE',  ( -25.50000000000000355, 19.50000000000000355, 23.86623553487585525 ) ) ;
#10602 = VECTOR ( 'NONE', #4511, 1000.000000000000000 ) ;
#10603 = ORIENTED_EDGE ( 'NONE', *, *, #1850, .F. ) ;
#10604 = CARTESIAN_POINT ( 'NONE',  ( -1.099844525993681765, 24.50000000000000000, 5.860867144937108364 ) ) ;
#10605 = VECTOR ( 'NONE', #975, 1000.000000000000000 ) ;
#10606 = LINE ( 'NONE', #4637, #2101 ) ;
#10607 = CARTESIAN_POINT ( 'NONE',  ( -11.10000000000000675, 31.50000000000000000, -19.60000000000000497 ) ) ;
#10608 = VERTEX_POINT ( 'NONE', #6026 ) ;
#10609 = AXIS2_PLACEMENT_3D ( 'NONE', #4515, #2004, #2845 ) ;
#10610 = ORIENTED_EDGE ( 'NONE', *, *, #1615, .F. ) ;
#10611 = CARTESIAN_POINT ( 'NONE',  ( -2.963089597725133917, 24.50000000000000000, 9.683201663722432073 ) ) ;
#10612 = ORIENTED_EDGE ( 'NONE', *, *, #2065, .T. ) ;
#10613 = EDGE_CURVE ( 'NONE', #10408, #2465, #9464, .T. ) ;
#10614 = CARTESIAN_POINT ( 'NONE',  ( -33.50000000000000000, 18.00000000000000355, 14.74999999999995204 ) ) ;
#10615 = ADVANCED_FACE ( 'NONE', ( #7768 ), #6800, .T. ) ;
#10616 = FACE_OUTER_BOUND ( 'NONE', #2960, .T. ) ;
#10617 = DIRECTION ( 'NONE',  ( 0.000000000000000000, 1.000000000000000000, 2.940873454663932011E-27 ) ) ;
#10618 = AXIS2_PLACEMENT_3D ( 'NONE', #9568, #5335, #7092 ) ;
#10619 = CARTESIAN_POINT ( 'NONE',  ( 1.999999999999983125, 3.000000000000002665, -1.370000000000013651 ) ) ;
#10620 = CARTESIAN_POINT ( 'NONE',  ( -14.99999999999995737, 0.5000000000000000000, -26.80000000000001137 ) ) ;
#10621 = ORIENTED_EDGE ( 'NONE', *, *, #7850, .F. ) ;
#10622 = LINE ( 'NONE', #10512, #10953 ) ;
#10623 = ORIENTED_EDGE ( 'NONE', *, *, #5941, .T. ) ;
#10624 = FACE_OUTER_BOUND ( 'NONE', #10710, .T. ) ;
#10625 = AXIS2_PLACEMENT_3D ( 'NONE', #4338, #9240, #4955 ) ;
#10626 = CARTESIAN_POINT ( 'NONE',  ( -33.50000000000000000, 10.49999999999999467, 0.2499999999999533706 ) ) ;
#10627 = EDGE_CURVE ( 'NONE', #8597, #1943, #7474, .T. ) ;
#10628 = EDGE_LOOP ( 'NONE', ( #4335, #1884 ) ) ;
#10629 = CARTESIAN_POINT ( 'NONE',  ( -46.31370849898476649, 10.50000000000000711, 17.99999999999995381 ) ) ;
#10630 = CARTESIAN_POINT ( 'NONE',  ( -10.26147307730576586, 23.00000000000000000, 18.29275258562278950 ) ) ;
#10631 = CIRCLE ( 'NONE', #10451, 9.250000000000005329 ) ;
#10632 = PLANE ( 'NONE',  #2216 ) ;
#10633 = CIRCLE ( 'NONE', #3806, 3.500000000000001332 ) ;
#10634 = ORIENTED_EDGE ( 'NONE', *, *, #3092, .T. ) ;
#10635 = LINE ( 'NONE', #8044, #1320 ) ;
#10636 = EDGE_CURVE ( 'NONE', #1316, #6230, #6629, .T. ) ;
#10637 = ORIENTED_EDGE ( 'NONE', *, *, #116, .T. ) ;
#10638 = EDGE_LOOP ( 'NONE', ( #5022, #4428, #10746, #6456 ) ) ;
#10639 =( REPRESENTATION_RELATIONSHIP ('NONE','NONE', #9028, #9824 ) REPRESENTATION_RELATIONSHIP_WITH_TRANSFORMATION ( #7759 )SHAPE_REPRESENTATION_RELATIONSHIP( ) );
#10640 = LINE ( 'NONE', #1245, #7477 ) ;
#10641 = ORIENTED_EDGE ( 'NONE', *, *, #4745, .F. ) ;
#10642 = ADVANCED_FACE ( 'NONE', ( #5896 ), #9161, .T. ) ;
#10643 = VECTOR ( 'NONE', #6315, 1000.000000000000000 ) ;
#10644 = ORIENTED_EDGE ( 'NONE', *, *, #841, .T. ) ;
#10645 = DIRECTION ( 'NONE',  ( 0.000000000000000000, 0.000000000000000000, -1.000000000000000000 ) ) ;
#10646 = CARTESIAN_POINT ( 'NONE',  ( 0.8721927253039357675, 24.49999999999999645, 13.06458333644164149 ) ) ;
#10647 = CARTESIAN_POINT ( 'NONE',  ( -10.26147307730576586, 28.50000000000003197, 18.29275258562281081 ) ) ;
#10648 = CARTESIAN_POINT ( 'NONE',  ( -33.50000000000000000, 14.99999999999999645, 3.999999999999954259 ) ) ;
#10649 = CARTESIAN_POINT ( 'NONE',  ( 0.0008204178503570802583, 32.00000000000000000, 13.06458333644166814 ) ) ;
#10650 = CARTESIAN_POINT ( 'NONE',  ( 8.099999999999996092, -5.500000000000000000, -16.60000000000000142 ) ) ;
#10651 = VERTEX_POINT ( 'NONE', #3153 ) ;
#10652 = DIRECTION ( 'NONE',  ( 0.000000000000000000, 1.000000000000000000, 3.491481338843133355E-15 ) ) ;
#10653 = EDGE_CURVE ( 'NONE', #9287, #5436, #4098, .T. ) ;
#10654 = VECTOR ( 'NONE', #10851, 1000.000000000000000 ) ;
#10655 = ORIENTED_EDGE ( 'NONE', *, *, #9233, .F. ) ;
#10656 = ORIENTED_EDGE ( 'NONE', *, *, #4052, .F. ) ;
#10657 = CYLINDRICAL_SURFACE ( 'NONE', #8439, 9.999999999999998224 ) ;
#10658 = CARTESIAN_POINT ( 'NONE',  ( 10.26313544484813711, 32.00000000000000000, 18.29275258568430118 ) ) ;
#10659 = AXIS2_PLACEMENT_3D ( 'NONE', #4925, #4092, #10109 ) ;
#10660 = VERTEX_POINT ( 'NONE', #10006 ) ;
#10661 = CARTESIAN_POINT ( 'NONE',  ( -1.792629382718484043, 24.49999999999998934, 6.225058670400911431 ) ) ;
#10662 = CARTESIAN_POINT ( 'NONE',  ( 25.00000000000000000, 0.000000000000000000, -29.00000000000000355 ) ) ;
#10663 = DIRECTION ( 'NONE',  ( -1.000000000000000000, 0.000000000000000000, -0.000000000000000000 ) ) ;
#10664 = EDGE_CURVE ( 'NONE', #2266, #2477, #3266, .T. ) ;
#10665 = EDGE_LOOP ( 'NONE', ( #8997, #79, #9661, #6684 ) ) ;
#10666 = VECTOR ( 'NONE', #2395, 1000.000000000000000 ) ;
#10667 = ORIENTED_EDGE ( 'NONE', *, *, #7452, .F. ) ;
#10668 = FACE_BOUND ( 'NONE', #2912, .T. ) ;
#10669 = DIRECTION ( 'NONE',  ( 1.445602896647339163E-16, 0.000000000000000000, 1.000000000000000000 ) ) ;
#10670 = CARTESIAN_POINT ( 'NONE',  ( -0.8740615806291651690, 24.49999999999999289, 13.06458333644163439 ) ) ;
#10671 = DIRECTION ( 'NONE',  ( 0.000000000000000000, 0.000000000000000000, 1.000000000000000000 ) ) ;
#10672 = CARTESIAN_POINT ( 'NONE',  ( -2.999999999999996447, 29.09999999999999787, -20.04445395531110918 ) ) ;
#10673 = DIRECTION ( 'NONE',  ( 0.000000000000000000, -1.000000000000000000, 0.000000000000000000 ) ) ;
#10674 = EDGE_CURVE ( 'NONE', #6463, #1340, #1517, .T. ) ;
#10675 = ORIENTED_EDGE ( 'NONE', *, *, #3899, .T. ) ;
#10676 = EDGE_CURVE ( 'NONE', #10651, #5785, #8427, .T. ) ;
#10677 = PLANE ( 'NONE',  #7901 ) ;
#10678 = VECTOR ( 'NONE', #3704, 1000.000000000000000 ) ;
#10679 = ORIENTED_EDGE ( 'NONE', *, *, #35, .T. ) ;
#10680 = FACE_OUTER_BOUND ( 'NONE', #888, .T. ) ;
#10681 = EDGE_CURVE ( 'NONE', #3108, #8295, #1457, .T. ) ;
#10682 = DIRECTION ( 'NONE',  ( 0.000000000000000000, -1.000000000000000000, 0.000000000000000000 ) ) ;
#10683 = VERTEX_POINT ( 'NONE', #8375 ) ;
#10684 = VECTOR ( 'NONE', #6469, 1000.000000000000000 ) ;
#10685 = CARTESIAN_POINT ( 'NONE',  ( -25.00000000000000711, 28.49999999999999645, -37.50000000000002132 ) ) ;
#10686 = VECTOR ( 'NONE', #7292, 1000.000000000000000 ) ;
#10687 = DIRECTION ( 'NONE',  ( 0.000000000000000000, 1.000000000000000000, 3.491481338843133355E-15 ) ) ;
#10688 = VERTEX_POINT ( 'NONE', #7532 ) ;
#10689 = EDGE_CURVE ( 'NONE', #4376, #9616, #7334, .T. ) ;
#10690 = DIRECTION ( 'NONE',  ( 0.000000000000000000, 1.000000000000000000, 0.000000000000000000 ) ) ;
#10691 = ORIENTED_EDGE ( 'NONE', *, *, #116, .F. ) ;
#10692 = ORIENTED_EDGE ( 'NONE', *, *, #10030, .T. ) ;
#10693 = ORIENTED_EDGE ( 'NONE', *, *, #1023, .T. ) ;
#10694 = DIRECTION ( 'NONE',  ( -0.7071067811865486830, 0.000000000000000000, 0.7071067811865464625 ) ) ;
#10695 = VERTEX_POINT ( 'NONE', #2426 ) ;
#10696 = VECTOR ( 'NONE', #10903, 1000.000000000000000 ) ;
#10697 = VECTOR ( 'NONE', #957, 1000.000000000000000 ) ;
#10698 = ORIENTED_EDGE ( 'NONE', *, *, #9927, .T. ) ;
#10699 = CARTESIAN_POINT ( 'NONE',  ( 14.79276182858165534, 10.50999999999999091, 19.09402330482641830 ) ) ;
#10700 = CARTESIAN_POINT ( 'NONE',  ( -1.500000000000000222, 26.50000000000000000, -2.201678149889266134 ) ) ;
#10701 = CARTESIAN_POINT ( 'NONE',  ( -35.00000000000000000, 11.99999999999999645, 10.99999999999995381 ) ) ;
#10702 = DIRECTION ( 'NONE',  ( 0.000000000000000000, 0.000000000000000000, -1.000000000000000000 ) ) ;
#10703 = CARTESIAN_POINT ( 'NONE',  ( 0.2078273371052061225, 32.00000000000000000, 13.05453229023432904 ) ) ;
#10704 = CARTESIAN_POINT ( 'NONE',  ( -6.925000000000007816, -13.99999999999999822, -22.60000000000000853 ) ) ;
#10705 = ORIENTED_EDGE ( 'NONE', *, *, #6958, .T. ) ;
#10706 = EDGE_CURVE ( 'NONE', #1459, #360, #11016, .T. ) ;
#10707 = LINE ( 'NONE', #9700, #9231 ) ;
#10708 = AXIS2_PLACEMENT_3D ( 'NONE', #2054, #1024, #1823 ) ;
#10709 = ORIENTED_EDGE ( 'NONE', *, *, #9508, .T. ) ;
#10710 = EDGE_LOOP ( 'NONE', ( #6488, #7527, #833, #8403 ) ) ;
#10711 = LINE ( 'NONE', #1152, #8798 ) ;
#10712 = DIRECTION ( 'NONE',  ( 0.000000000000000000, 1.000000000000000000, 2.940873454663932011E-27 ) ) ;
#10713 = ADVANCED_FACE ( 'NONE', ( #9106 ), #10115, .F. ) ;
#10714 = ORIENTED_EDGE ( 'NONE', *, *, #5048, .T. ) ;
#10715 = DIRECTION ( 'NONE',  ( 5.782411586589357639E-16, 0.000000000000000000, -1.000000000000000000 ) ) ;
#10716 = FACE_BOUND ( 'NONE', #1011, .T. ) ;
#10717 = CARTESIAN_POINT ( 'NONE',  ( 0.4171102284096940838, 24.49999999999999289, 13.02308926805461553 ) ) ;
#10718 = EDGE_CURVE ( 'NONE', #10748, #5839, #8726, .T. ) ;
#10719 = VERTEX_POINT ( 'NONE', #10791 ) ;
#10720 = ORIENTED_EDGE ( 'NONE', *, *, #4381, .F. ) ;
#10721 = DIRECTION ( 'NONE',  ( 0.000000000000000000, -1.000000000000000000, 0.000000000000000000 ) ) ;
#10722 = CARTESIAN_POINT ( 'NONE',  ( -1.257509399701032260, 31.99999999999999289, 12.44774492267472077 ) ) ;
#10723 = CARTESIAN_POINT ( 'NONE',  ( -15.00000000000000000, -13.00000000000000000, -21.60000000000000853 ) ) ;
#10724 = DIRECTION ( 'NONE',  ( 0.9986117056553137639, -1.549372121660643499E-28, 0.05267505413556722998 ) ) ;
#10725 = LINE ( 'NONE', #3033, #5835 ) ;
#10726 = FACE_BOUND ( 'NONE', #850, .T. ) ;
#10727 = VECTOR ( 'NONE', #8810, 1000.000000000000000 ) ;
#10728 = ORIENTED_EDGE ( 'NONE', *, *, #7145, .F. ) ;
#10729 = CARTESIAN_POINT ( 'NONE',  ( 2.364223480005580136, 24.50000000000000355, 6.747447261167074828 ) ) ;
#10730 = ORIENTED_EDGE ( 'NONE', *, *, #8847, .T. ) ;
#10731 = FACE_OUTER_BOUND ( 'NONE', #8628, .T. ) ;
#10732 = CARTESIAN_POINT ( 'NONE',  ( 13.38518194069521527, 24.99999999999999645, 16.09894341733712508 ) ) ;
#10733 = VERTEX_POINT ( 'NONE', #6512 ) ;
#10734 = EDGE_CURVE ( 'NONE', #8738, #8750, #9947, .T. ) ;
#10735 = EDGE_CURVE ( 'NONE', #10596, #8975, #8257, .T. ) ;
#10736 = VECTOR ( 'NONE', #10844, 1000.000000000000000 ) ;
#10737 = CARTESIAN_POINT ( 'NONE',  ( 1.999999999999983125, 3.000000000000002665, -1.370000000000013651 ) ) ;
#10738 = CYLINDRICAL_SURFACE ( 'NONE', #9566, 9.250000000000001776 ) ;
#10739 = ORIENTED_EDGE ( 'NONE', *, *, #497, .T. ) ;
#10740 = ORIENTED_EDGE ( 'NONE', *, *, #3651, .T. ) ;
#10741 = ORIENTED_EDGE ( 'NONE', *, *, #6804, .T. ) ;
#10742 = VERTEX_POINT ( 'NONE', #3407 ) ;
#10743 = AXIS2_PLACEMENT_3D ( 'NONE', #6853, #155, #10283 ) ;
#10744 = FACE_OUTER_BOUND ( 'NONE', #1285, .T. ) ;
#10745 = AXIS2_PLACEMENT_3D ( 'NONE', #9178, #4776, #200 ) ;
#10746 = ORIENTED_EDGE ( 'NONE', *, *, #5781, .F. ) ;
#10747 = CARTESIAN_POINT ( 'NONE',  ( 5.299549528938804599, 32.00000000000000000, 21.57711283463909524 ) ) ;
#10748 = VERTEX_POINT ( 'NONE', #6033 ) ;
#10749 = DIRECTION ( 'NONE',  ( -0.000000000000000000, -1.000000000000000000, -0.000000000000000000 ) ) ;
#10750 = DIRECTION ( 'NONE',  ( 0.000000000000000000, 0.000000000000000000, -1.000000000000000000 ) ) ;
#10751 = EDGE_CURVE ( 'NONE', #7539, #5219, #751, .T. ) ;
#10752 = CARTESIAN_POINT ( 'NONE',  ( -25.00000000000000711, 2.000000000000001776, -37.50000000000002842 ) ) ;
#10753 = CARTESIAN_POINT ( 'NONE',  ( 7.599667529665898869, 25.00000000000011724, 16.80050947618696355 ) ) ;
#10754 = DIRECTION ( 'NONE',  ( -0.000000000000000000, 0.000000000000000000, 1.000000000000000000 ) ) ;
#10755 = DIRECTION ( 'NONE',  ( 0.000000000000000000, 0.000000000000000000, 1.000000000000000000 ) ) ;
#10756 = VECTOR ( 'NONE', #8201, 1000.000000000000000 ) ;
#10757 = AXIS2_PLACEMENT_3D ( 'NONE', #9563, #10790, #3876 ) ;
#10758 = ORIENTED_EDGE ( 'NONE', *, *, #4745, .T. ) ;
#10759 = DIRECTION ( 'NONE',  ( 0.000000000000000000, 1.000000000000000000, -5.782891589540701605E-16 ) ) ;
#10760 = AXIS2_PLACEMENT_3D ( 'NONE', #4244, #1725, #2569 ) ;
#10761 = ORIENTED_EDGE ( 'NONE', *, *, #4089, .T. ) ;
#10762 = ORIENTED_EDGE ( 'NONE', *, *, #5432, .T. ) ;
#10763 = CARTESIAN_POINT ( 'NONE',  ( 4.219146220329037966, 26.50000000000000000, 20.06569260839445690 ) ) ;
#10764 = DIRECTION ( 'NONE',  ( -0.000000000000000000, 1.000000000000000000, -0.000000000000000000 ) ) ;
#10765 = EDGE_CURVE ( 'NONE', #2825, #2618, #862, .T. ) ;
#10766 = ORIENTED_EDGE ( 'NONE', *, *, #8168, .F. ) ;
#10767 = PLANE ( 'NONE',  #10885 ) ;
#10768 = FACE_OUTER_BOUND ( 'NONE', #7937, .T. ) ;
#10769 = AXIS2_PLACEMENT_3D ( 'NONE', #7617, #82, #3467 ) ;
#10770 = CARTESIAN_POINT ( 'NONE',  ( 34.25000000000000000, 2.000000000000000000, 28.99999999999997513 ) ) ;
#10771 = ORIENTED_EDGE ( 'NONE', *, *, #10627, .F. ) ;
#10772 = ADVANCED_FACE ( 'NONE', ( #10199 ), #4346, .F. ) ;
#10773 = VERTEX_POINT ( 'NONE', #1663 ) ;
#10774 = DIRECTION ( 'NONE',  ( 0.000000000000000000, 1.000000000000000000, 0.000000000000000000 ) ) ;
#10775 = VECTOR ( 'NONE', #3903, 1000.000000000000000 ) ;
#10776 = VECTOR ( 'NONE', #7242, 1000.000000000000000 ) ;
#10777 = CARTESIAN_POINT ( 'NONE',  ( -25.00000000000000711, 30.00000000000000000, 37.49999999999996447 ) ) ;
#10778 = CARTESIAN_POINT ( 'NONE',  ( -3.601026911978597589, 32.00000000000000000, 1.487320927033737750 ) ) ;
#10779 = ADVANCED_FACE ( 'NONE', ( #11040 ), #5806, .F. ) ;
#10780 = CARTESIAN_POINT ( 'NONE',  ( 14.09999999999999432, -11.50000000000000000, -22.60000000000000853 ) ) ;
#10781 = CARTESIAN_POINT ( 'NONE',  ( -2.267538108872327207, 32.00000000000000711, 6.301839367049113072 ) ) ;
#10782 = LINE ( 'NONE', #4807, #4931 ) ;
#10783 = AXIS2_PLACEMENT_3D ( 'NONE', #4834, #4113, #7374 ) ;
#10784 = FACE_OUTER_BOUND ( 'NONE', #10638, .T. ) ;
#10785 = ORIENTED_EDGE ( 'NONE', *, *, #10147, .F. ) ;
#10786 = FACE_OUTER_BOUND ( 'NONE', #10926, .T. ) ;
#10787 = EDGE_CURVE ( 'NONE', #8951, #4107, #3351, .T. ) ;
#10788 = EDGE_LOOP ( 'NONE', ( #5693, #1849, #6702, #206 ) ) ;
#10789 = LINE ( 'NONE', #2253, #6058 ) ;
#10790 = DIRECTION ( 'NONE',  ( -1.000000000000000000, 0.000000000000000000, 0.000000000000000000 ) ) ;
#10791 = CARTESIAN_POINT ( 'NONE',  ( 14.21914622032904418, 9.499999999999998224, 23.06569260839445334 ) ) ;
#10792 = VECTOR ( 'NONE', #10105, 1000.000000000000000 ) ;
#10793 = ORIENTED_EDGE ( 'NONE', *, *, #2337, .F. ) ;
#10794 = CARTESIAN_POINT ( 'NONE',  ( 7.924999999999992717, -13.00000000000000000, -17.60000000000000497 ) ) ;
#10795 = LINE ( 'NONE', #1522, #5243 ) ;
#10796 = ORIENTED_EDGE ( 'NONE', *, *, #2781, .T. ) ;
#10797 = LINE ( 'NONE', #10011, #610 ) ;
#10798 = AXIS2_PLACEMENT_3D ( 'NONE', #10304, #10248, #1656 ) ;
#10799 = ORIENTED_EDGE ( 'NONE', *, *, #5311, .T. ) ;
#10800 = EDGE_CURVE ( 'NONE', #1511, #10748, #9245, .T. ) ;
#10801 = ORIENTED_EDGE ( 'NONE', *, *, #2996, .T. ) ;
#10802 = ORIENTED_EDGE ( 'NONE', *, *, #1971, .F. ) ;
#10803 = DIRECTION ( 'NONE',  ( 1.000000000000000000, -0.000000000000000000, -0.000000000000000000 ) ) ;
#10804 = ORIENTED_EDGE ( 'NONE', *, *, #6582, .F. ) ;
#10805 = CARTESIAN_POINT ( 'NONE',  ( -35.00000000000000000, 10.00049802381102992, 24.98421203201064600 ) ) ;
#10806 = ORIENTED_EDGE ( 'NONE', *, *, #4267, .F. ) ;
#10807 = FACE_OUTER_BOUND ( 'NONE', #4126, .T. ) ;
#10808 = DIRECTION ( 'NONE',  ( -0.000000000000000000, -1.000000000000000000, -0.000000000000000000 ) ) ;
#10809 = DIRECTION ( 'NONE',  ( 1.000000000000000000, 0.000000000000000000, -0.000000000000000000 ) ) ;
#10810 = CARTESIAN_POINT ( 'NONE',  ( 33.50000000000000000, 1.500000000000000000, 28.99999999999998934 ) ) ;
#10811 = CARTESIAN_POINT ( 'NONE',  ( -35.00000000000000000, 0.000000000000000000, 28.99999999999998934 ) ) ;
#10812 = CARTESIAN_POINT ( 'NONE',  ( 25.00000000000000000, 3.000000000000000000, -39.00000000000000711 ) ) ;
#10813 = ORIENTED_EDGE ( 'NONE', *, *, #4361, .F. ) ;
#10814 = DIRECTION ( 'NONE',  ( -0.000000000000000000, -1.000000000000000000, -0.000000000000000000 ) ) ;
#10815 = EDGE_CURVE ( 'NONE', #7364, #2917, #5129, .T. ) ;
#10816 = EDGE_CURVE ( 'NONE', #3833, #4909, #5016, .T. ) ;
#10817 = VECTOR ( 'NONE', #7380, 1000.000000000000000 ) ;
#10818 = VERTEX_POINT ( 'NONE', #2614 ) ;
#10819 = EDGE_CURVE ( 'NONE', #2792, #3818, #6826, .T. ) ;
#10820 = VERTEX_POINT ( 'NONE', #2562 ) ;
#10821 = CARTESIAN_POINT ( 'NONE',  ( -1.099844525993681765, 32.00000000000000000, 5.187071063562624929 ) ) ;
#10822 = DIRECTION ( 'NONE',  ( 0.000000000000000000, -0.000000000000000000, -1.000000000000000000 ) ) ;
#10823 = ORIENTED_EDGE ( 'NONE', *, *, #7084, .T. ) ;
#10824 = CARTESIAN_POINT ( 'NONE',  ( -4.000000000000016875, -5.500000000000000000, 6.594999999999988205 ) ) ;
#10825 = DIRECTION ( 'NONE',  ( -1.000000000000000000, -0.000000000000000000, -2.891205793294680298E-16 ) ) ;
#10826 = VECTOR ( 'NONE', #5861, 1000.000000000000000 ) ;
#10827 = LINE ( 'NONE', #3131, #389 ) ;
#10828 = ORIENTED_EDGE ( 'NONE', *, *, #9403, .T. ) ;
#10829 = EDGE_CURVE ( 'NONE', #10898, #5100, #5072, .T. ) ;
#10830 = ORIENTED_EDGE ( 'NONE', *, *, #2285, .T. ) ;
#10831 = CARTESIAN_POINT ( 'NONE',  ( -7.601536384991169903, 28.49999999999999645, 18.11989491965041665 ) ) ;
#10832 = VECTOR ( 'NONE', #9213, 1000.000000000000000 ) ;
#10833 = DIRECTION ( 'NONE',  ( -1.000000000000000000, 0.000000000000000000, 0.000000000000000000 ) ) ;
#10834 = DIRECTION ( 'NONE',  ( 0.000000000000000000, 0.000000000000000000, 1.000000000000000000 ) ) ;
#10835 = CARTESIAN_POINT ( 'NONE',  ( -14.78197023601864046, 10.50999999999999091, 19.09402330374506107 ) ) ;
#10836 = DIRECTION ( 'NONE',  ( -1.000000000000000000, 2.438088387897967896E-29, -6.982962677686266711E-15 ) ) ;
#10837 = CARTESIAN_POINT ( 'NONE',  ( 25.00000000000000000, 3.000000000000000000, 28.99999999999998934 ) ) ;
#10838 = CIRCLE ( 'NONE', #5618, 1.500000000000000222 ) ;
#10839 = DIRECTION ( 'NONE',  ( 1.000000000000000000, 0.000000000000000000, 0.000000000000000000 ) ) ;
#10840 = VERTEX_POINT ( 'NONE', #3462 ) ;
#10841 = CARTESIAN_POINT ( 'NONE',  ( 4.427168285706332362, 26.50000000000000000, 0.1168792548525878355 ) ) ;
#10842 = ADVANCED_FACE ( 'NONE', ( #7558 ), #1545, .F. ) ;
#10843 = ORIENTED_EDGE ( 'NONE', *, *, #3850, .T. ) ;
#10844 = DIRECTION ( 'NONE',  ( 0.000000000000000000, 0.000000000000000000, -1.000000000000000000 ) ) ;
#10845 = LINE ( 'NONE', #4607, #9285 ) ;
#10846 = CARTESIAN_POINT ( 'NONE',  ( -10.26147307730395930, 32.00000000000000000, 18.29275258563458451 ) ) ;
#10847 = STYLED_ITEM ( 'NONE', ( #6916 ), #6405 ) ;
#10848 = ORIENTED_EDGE ( 'NONE', *, *, #3916, .F. ) ;
#10849 = EDGE_CURVE ( 'NONE', #3706, #5702, #1605, .T. ) ;
#10850 = CYLINDRICAL_SURFACE ( 'NONE', #6193, 0.5000000000000004441 ) ;
#10851 = DIRECTION ( 'NONE',  ( 0.000000000000000000, 1.000000000000000000, 3.491481338843133355E-15 ) ) ;
#10852 = VECTOR ( 'NONE', #4746, 1000.000000000000000 ) ;
#10853 = ORIENTED_EDGE ( 'NONE', *, *, #7993, .T. ) ;
#10854 = EDGE_CURVE ( 'NONE', #396, #873, #10254, .T. ) ;
#10855 = EDGE_LOOP ( 'NONE', ( #7691, #9001, #4963, #4967 ) ) ;
#10856 = ORIENTED_EDGE ( 'NONE', *, *, #5577, .F. ) ;
#10857 = ORIENTED_EDGE ( 'NONE', *, *, #3752, .F. ) ;
#10858 = DIRECTION ( 'NONE',  ( 0.000000000000000000, 1.000000000000000000, 2.940873454663932011E-27 ) ) ;
#10859 = ORIENTED_EDGE ( 'NONE', *, *, #8479, .F. ) ;
#10860 = DIRECTION ( 'NONE',  ( 0.000000000000000000, 0.000000000000000000, -1.000000000000000000 ) ) ;
#10861 = ORIENTED_EDGE ( 'NONE', *, *, #3370, .F. ) ;
#10862 = VECTOR ( 'NONE', #6840, 1000.000000000000000 ) ;
#10863 = DIRECTION ( 'NONE',  ( -0.000000000000000000, 1.000000000000000000, -0.000000000000000000 ) ) ;
#10864 = LINE ( 'NONE', #7494, #7461 ) ;
#10865 = AXIS2_PLACEMENT_3D ( 'NONE', #5572, #9010, #3894 ) ;
#10866 = CARTESIAN_POINT ( 'NONE',  ( 34.00000000000000000, 32.00000000000000000, -29.00000000000002487 ) ) ;
#10867 = LINE ( 'NONE', #10023, #9000 ) ;
#10868 = CARTESIAN_POINT ( 'NONE',  ( -4.000000000000018652, -11.50000000000000000, -1.405000000000013793 ) ) ;
#10869 = FACE_OUTER_BOUND ( 'NONE', #7009, .T. ) ;
#10870 = ORIENTED_EDGE ( 'NONE', *, *, #966, .T. ) ;
#10871 = LINE ( 'NONE', #4122, #4908 ) ;
#10872 = AXIS2_PLACEMENT_3D ( 'NONE', #2248, #383, #8306 ) ;
#10873 = VECTOR ( 'NONE', #9565, 1000.000000000000000 ) ;
#10874 = ORIENTED_EDGE ( 'NONE', *, *, #1101, .T. ) ;
#10875 = ORIENTED_EDGE ( 'NONE', *, *, #5530, .T. ) ;
#10876 = FACE_OUTER_BOUND ( 'NONE', #1937, .T. ) ;
#10877 = CARTESIAN_POINT ( 'NONE',  ( 5.299549528938837462, 23.00000000000000000, 16.80050947618696355 ) ) ;
#10878 = EDGE_LOOP ( 'NONE', ( #4165, #10526, #2747, #5892 ) ) ;
#10879 = DIRECTION ( 'NONE',  ( 0.000000000000000000, 0.000000000000000000, -1.000000000000000000 ) ) ;
#10880 = EDGE_CURVE ( 'NONE', #4282, #2322, #4962, .T. ) ;
#10881 = CARTESIAN_POINT ( 'NONE',  ( 2.562233326286126989, 10.50999999999999091, -2.736966231001714878 ) ) ;
#10882 = EDGE_CURVE ( 'NONE', #8097, #6865, #9359, .T. ) ;
#10883 = AXIS2_PLACEMENT_3D ( 'NONE', #5742, #10754, #6476 ) ;
#10884 = DIRECTION ( 'NONE',  ( 0.000000000000000000, 0.000000000000000000, -1.000000000000000000 ) ) ;
#10885 = AXIS2_PLACEMENT_3D ( 'NONE', #9308, #5872, #9923 ) ;
#10886 = ORIENTED_EDGE ( 'NONE', *, *, #9103, .F. ) ;
#10887 = EDGE_LOOP ( 'NONE', ( #8117, #6931, #7776, #9256 ) ) ;
#10888 = DIRECTION ( 'NONE',  ( -1.000000000000000000, 0.000000000000000000, -4.908688302946797707E-17 ) ) ;
#10889 = VECTOR ( 'NONE', #304, 1000.000000000000000 ) ;
#10890 = CARTESIAN_POINT ( 'NONE',  ( 17.70476182858164549, 24.99999999999999645, 15.53801126270789190 ) ) ;
#10891 = CARTESIAN_POINT ( 'NONE',  ( -33.50000000000000711, 17.50000000000000000, 24.99999999999995026 ) ) ;
#10892 = LINE ( 'NONE', #2356, #5574 ) ;
#10893 = DIRECTION ( 'NONE',  ( 0.000000000000000000, 0.000000000000000000, 1.000000000000000000 ) ) ;
#10894 = EDGE_CURVE ( 'NONE', #8934, #5371, #7721, .T. ) ;
#10895 = DIRECTION ( 'NONE',  ( -0.000000000000000000, -1.000000000000000000, -0.000000000000000000 ) ) ;
#10896 = CARTESIAN_POINT ( 'NONE',  ( 4.219146220329037966, 26.50000000000000000, 20.06569260839445690 ) ) ;
#10897 = CARTESIAN_POINT ( 'NONE',  ( -45.97666018330589566, 10.00049802381102992, 0.000000000000000000 ) ) ;
#10898 = VERTEX_POINT ( 'NONE', #6935 ) ;
#10899 = FACE_OUTER_BOUND ( 'NONE', #4050, .T. ) ;
#10900 = ORIENTED_EDGE ( 'NONE', *, *, #7804, .F. ) ;
#10901 = CARTESIAN_POINT ( 'NONE',  ( 13.38518194069571443, 24.99999999999999645, 24.33278622262459123 ) ) ;
#10902 = CARTESIAN_POINT ( 'NONE',  ( -10.26147307730576586, 32.00000000000000000, 18.29275258562282147 ) ) ;
#10903 = DIRECTION ( 'NONE',  ( 0.000000000000000000, 0.000000000000000000, -1.000000000000000000 ) ) ;
#10904 = ORIENTED_EDGE ( 'NONE', *, *, #7893, .F. ) ;
#10905 = ADVANCED_FACE ( 'NONE', ( #10367 ), #6716, .T. ) ;
#10906 = CARTESIAN_POINT ( 'NONE',  ( 3.504143963082937407, 10.50999999999999091, 13.26303376504072951 ) ) ;
#10907 = CARTESIAN_POINT ( 'NONE',  ( -25.00000000000000000, 0.000000000000000000, 28.99999999999998934 ) ) ;
#10908 = VERTEX_POINT ( 'NONE', #1190 ) ;
#10909 = DIRECTION ( 'NONE',  ( 1.000000000000000000, -0.000000000000000000, -0.000000000000000000 ) ) ;
#10910 = VERTEX_POINT ( 'NONE', #7044 ) ;
#10911 = VERTEX_POINT ( 'NONE', #6135 ) ;
#10912 = ORIENTED_EDGE ( 'NONE', *, *, #11048, .T. ) ;
#10913 = EDGE_CURVE ( 'NONE', #8964, #9229, #2283, .T. ) ;
#10914 = EDGE_LOOP ( 'NONE', ( #1720, #4476, #7615, #9587 ) ) ;
#10915 = DIRECTION ( 'NONE',  ( 0.000000000000000000, 0.000000000000000000, 1.000000000000000000 ) ) ;
#10916 = VECTOR ( 'NONE', #6290, 1000.000000000000000 ) ;
#10917 = ORIENTED_EDGE ( 'NONE', *, *, #580, .T. ) ;
#10918 = CARTESIAN_POINT ( 'NONE',  ( 25.00000000000000000, 5.000000000000000000, 38.24999999999999289 ) ) ;
#10919 = DIRECTION ( 'NONE',  ( 0.000000000000000000, 0.000000000000000000, -1.000000000000000000 ) ) ;
#10920 = EDGE_CURVE ( 'NONE', #6950, #1151, #9576, .T. ) ;
#10921 = EDGE_CURVE ( 'NONE', #3376, #6700, #2783, .T. ) ;
#10922 = DIRECTION ( 'NONE',  ( -0.000000000000000000, -1.000000000000000000, -0.000000000000000000 ) ) ;
#10923 = LINE ( 'NONE', #1308, #9545 ) ;
#10924 = CARTESIAN_POINT ( 'NONE',  ( 20.20000000000000284, 0.5000000000000000000, -21.59999999999996589 ) ) ;
#10925 = LINE ( 'NONE', #4120, #7587 ) ;
#10926 = EDGE_LOOP ( 'NONE', ( #5244, #1176, #4007, #1297 ) ) ;
#10927 = LINE ( 'NONE', #6479, #1880 ) ;
#10928 = EDGE_CURVE ( 'NONE', #2572, #6325, #7152, .T. ) ;
#10929 = ORIENTED_EDGE ( 'NONE', *, *, #5340, .T. ) ;
#10930 = VERTEX_POINT ( 'NONE', #6305 ) ;
#10931 = PLANE ( 'NONE',  #8611 ) ;
#10932 = DIRECTION ( 'NONE',  ( 0.000000000000000000, 0.000000000000000000, -1.000000000000000000 ) ) ;
#10933 = EDGE_LOOP ( 'NONE', ( #7421, #2712, #5167, #6891 ) ) ;
#10934 = DIRECTION ( 'NONE',  ( -0.000000000000000000, -1.000000000000000000, -0.000000000000000000 ) ) ;
#10935 = CARTESIAN_POINT ( 'NONE',  ( -2.489789831364566552, 24.49999999999996092, 10.88795047701367658 ) ) ;
#10936 = PLANE ( 'NONE',  #6862 ) ;
#10937 = VECTOR ( 'NONE', #4978, 1000.000000000000000 ) ;
#10938 = VERTEX_POINT ( 'NONE', #9743 ) ;
#10939 = VERTEX_POINT ( 'NONE', #4618 ) ;
#10940 = EDGE_CURVE ( 'NONE', #4039, #7326, #4451, .T. ) ;
#10941 = PLANE ( 'NONE',  #8344 ) ;
#10942 = LINE ( 'NONE', #10890, #6321 ) ;
#10943 = DIRECTION ( 'NONE',  ( 0.000000000000000000, 1.000000000000000000, -0.000000000000000000 ) ) ;
#10944 = CARTESIAN_POINT ( 'NONE',  ( 1.224646799147353207E-16, -13.99999999999999822, -19.43835307503515608 ) ) ;
#10945 = DIRECTION ( 'NONE',  ( 0.000000000000000000, 1.000000000000000000, -0.000000000000000000 ) ) ;
#10946 = CARTESIAN_POINT ( 'NONE',  ( 6.346119218776775206, 9.499999999999998224, -6.021333691102119801 ) ) ;
#10947 = FACE_OUTER_BOUND ( 'NONE', #2286, .T. ) ;
#10948 = VECTOR ( 'NONE', #6813, 1000.000000000000000 ) ;
#10949 = DIRECTION ( 'NONE',  ( -1.000000000000000000, 2.438088387897967896E-29, -6.982962677686266711E-15 ) ) ;
#10950 = ORIENTED_EDGE ( 'NONE', *, *, #4215, .F. ) ;
#10951 = CARTESIAN_POINT ( 'NONE',  ( 11.09999999999999076, -12.99999999999999822, -21.10000000000000853 ) ) ;
#10952 = AXIS2_PLACEMENT_3D ( 'NONE', #582, #4015, #7444 ) ;
#10953 = VECTOR ( 'NONE', #9671, 1000.000000000000000 ) ;
#10954 = ORIENTED_EDGE ( 'NONE', *, *, #7419, .T. ) ;
#10955 = EDGE_CURVE ( 'NONE', #10332, #4631, #8669, .T. ) ;
#10956 = ADVANCED_FACE ( 'NONE', ( #7936 ), #5396, .F. ) ;
#10957 = CARTESIAN_POINT ( 'NONE',  ( 0.000000000000000000, -9.999999999999998224, -20.43835307503515963 ) ) ;
#10958 = DIRECTION ( 'NONE',  ( 1.000000000000000000, 0.000000000000000000, -0.000000000000000000 ) ) ;
#10959 = CARTESIAN_POINT ( 'NONE',  ( 2.985014028794628071, 32.00000000000000000, -0.2704479316219531859 ) ) ;
#10960 = EDGE_CURVE ( 'NONE', #1212, #2447, #9044, .T. ) ;
#10961 = ORIENTED_EDGE ( 'NONE', *, *, #3099, .T. ) ;
#10962 = CARTESIAN_POINT ( 'NONE',  ( -8.743329047513924479, 9.499999999999998224, -6.021333691102118024 ) ) ;
#10963 = LINE ( 'NONE', #3270, #4902 ) ;
#10964 = EDGE_LOOP ( 'NONE', ( #5438, #9796, #4846, #1425 ) ) ;
#10965 = DIRECTION ( 'NONE',  ( 0.000000000000000000, 0.000000000000000000, -1.000000000000000000 ) ) ;
#10966 = ORIENTED_EDGE ( 'NONE', *, *, #3303, .T. ) ;
#10967 = VERTEX_POINT ( 'NONE', #1135 ) ;
#10968 = EDGE_CURVE ( 'NONE', #6343, #5360, #4561, .T. ) ;
#10969 = ORIENTED_EDGE ( 'NONE', *, *, #8010, .T. ) ;
#10970 = VECTOR ( 'NONE', #1624, 1000.000000000000000 ) ;
#10971 = VERTEX_POINT ( 'NONE', #8889 ) ;
#10972 = CARTESIAN_POINT ( 'NONE',  ( -25.00000000000000000, 5.000000000000000000, -29.00000000000000355 ) ) ;
#10973 = VECTOR ( 'NONE', #7573, 1000.000000000000000 ) ;
#10974 = EDGE_LOOP ( 'NONE', ( #2145, #5583, #9132, #10566 ) ) ;
#10975 = CARTESIAN_POINT ( 'NONE',  ( 6.346119218776775206, 24.50000000000000000, -6.021333691102119801 ) ) ;
#10976 = CARTESIAN_POINT ( 'NONE',  ( -1.538418631248226198, 24.49999999999999289, 11.90059686877764911 ) ) ;
#10977 = LINE ( 'NONE', #9908, #6574 ) ;
#10978 = CARTESIAN_POINT ( 'NONE',  ( 15.84405090676714600, 23.00000000000000000, 13.67730034089338709 ) ) ;
#10979 = VECTOR ( 'NONE', #8555, 1000.000000000000000 ) ;
#10980 = LINE ( 'NONE', #3230, #9081 ) ;
#10981 = DIRECTION ( 'NONE',  ( -0.000000000000000000, -1.000000000000000000, -0.000000000000000000 ) ) ;
#10982 = ORIENTED_EDGE ( 'NONE', *, *, #6451, .F. ) ;
#10983 = PLANE ( 'NONE',  #2061 ) ;
#10984 = ADVANCED_FACE ( 'NONE', ( #9522 ), #3731, .F. ) ;
#10985 = DIRECTION ( 'NONE',  ( 1.000000000000000000, 0.000000000000000000, -0.000000000000000000 ) ) ;
#10986 = ORIENTED_EDGE ( 'NONE', *, *, #6088, .T. ) ;
#10987 = VECTOR ( 'NONE', #6618, 1000.000000000000000 ) ;
#10988 = EDGE_LOOP ( 'NONE', ( #10092, #9117, #23, #2933 ) ) ;
#10989 = DIRECTION ( 'NONE',  ( 0.000000000000000000, -0.000000000000000000, -1.000000000000000000 ) ) ;
#10990 = FACE_OUTER_BOUND ( 'NONE', #1708, .T. ) ;
#10991 = EDGE_LOOP ( 'NONE', ( #1382, #8789, #8104, #3451 ) ) ;
#10992 = FACE_OUTER_BOUND ( 'NONE', #449, .T. ) ;
#10993 = EDGE_CURVE ( 'NONE', #676, #4833, #2818, .T. ) ;
#10994 = DIRECTION ( 'NONE',  ( -1.000000000000000000, 0.000000000000000000, 0.000000000000000000 ) ) ;
#10995 = VECTOR ( 'NONE', #2334, 1000.000000000000000 ) ;
#10996 = ORIENTED_EDGE ( 'NONE', *, *, #3099, .F. ) ;
#10997 = EDGE_CURVE ( 'NONE', #10408, #3076, #3569, .T. ) ;
#10998 = VERTEX_POINT ( 'NONE', #7368 ) ;
#10999 = CARTESIAN_POINT ( 'NONE',  ( 2.137644553490037210E-10, 26.50000000000000000, -4.768333691765278104 ) ) ;
#11000 = PLANE ( 'NONE',  #1674 ) ;
#11001 = CARTESIAN_POINT ( 'NONE',  ( -2.651422672153604054, 32.00000000000000000, -0.6907892170350632410 ) ) ;
#11002 = AXIS2_PLACEMENT_3D ( 'NONE', #8558, #8448, #9465 ) ;
#11003 = CARTESIAN_POINT ( 'NONE',  ( 2.800000000000000266, -0.5000000000000000000, -15.54000000000000448 ) ) ;
#11004 = CARTESIAN_POINT ( 'NONE',  ( -27.50000000000000355, 16.49999999999999645, 13.24999999999995559 ) ) ;
#11005 = LINE ( 'NONE', #3201, #571 ) ;
#11006 = CARTESIAN_POINT ( 'NONE',  ( -33.50000000000000000, 1.068921942992014665E-14, 18.48421203201065666 ) ) ;
#11007 = ADVANCED_FACE ( 'NONE', ( #2948 ), #2158, .F. ) ;
#11008 = LINE ( 'NONE', #5887, #9575 ) ;
#11009 = ORIENTED_EDGE ( 'NONE', *, *, #10993, .F. ) ;
#11010 = DIRECTION ( 'NONE',  ( 0.000000000000000000, -1.000000000000000000, 0.000000000000000000 ) ) ;
#11011 = VECTOR ( 'NONE', #6374, 1000.000000000000000 ) ;
#11012 = VERTEX_POINT ( 'NONE', #6583 ) ;
#11013 = LINE ( 'NONE', #3264, #1044 ) ;
#11014 = CARTESIAN_POINT ( 'NONE',  ( -1.099844525993681765, 32.00000000000000000, 5.860867144937134121 ) ) ;
#11015 = B_SPLINE_SURFACE_WITH_KNOTS ( 'NONE', 2, 1, ( 
 ( #3382, #5321 ),
 ( #890, #942 ),
 ( #8757, #8537 ) ),
 .UNSPECIFIED., .F., .F., .F.,
 ( 3, 3 ),
 ( 2, 2 ),
 ( 0.4996128279758595969, 0.5000489852514867772 ),
 ( 0.000000000000000000, 1.000000000000000000 ),
 .UNSPECIFIED. ) ;
#11016 = LINE ( 'NONE', #10175, #5299 ) ;
#11017 = ORIENTED_EDGE ( 'NONE', *, *, #3870, .F. ) ;
#11018 = AXIS2_PLACEMENT_3D ( 'NONE', #3349, #5974, #10196 ) ;
#11019 = CARTESIAN_POINT ( 'NONE',  ( 1.999999999999982236, -13.99999999999999822, 6.559999999999986287 ) ) ;
#11020 = EDGE_CURVE ( 'NONE', #9119, #3241, #5567, .T. ) ;
#11021 = EDGE_CURVE ( 'NONE', #7230, #6919, #2213, .T. ) ;
#11022 = CARTESIAN_POINT ( 'NONE',  ( -14.21914622032904418, 10.50999999999999091, 20.06569260839445690 ) ) ;
#11023 = VERTEX_POINT ( 'NONE', #4829 ) ;
#11024 = LINE ( 'NONE', #9453, #7972 ) ;
#11025 = EDGE_LOOP ( 'NONE', ( #10257, #4985, #1587, #8367 ) ) ;
#11026 = ORIENTED_EDGE ( 'NONE', *, *, #8259, .T. ) ;
#11027 = EDGE_LOOP ( 'NONE', ( #5672, #6975, #1836, #5568 ) ) ;
#11028 =( GEOMETRIC_REPRESENTATION_CONTEXT ( 3 ) GLOBAL_UNCERTAINTY_ASSIGNED_CONTEXT ( ( #8942 ) ) GLOBAL_UNIT_ASSIGNED_CONTEXT ( ( #9398, #60, #10236 ) ) REPRESENTATION_CONTEXT ( 'NONE', 'WORKASPACE' ) );
#11029 = LINE ( 'NONE', #7708, #2906 ) ;
#11030 = ORIENTED_EDGE ( 'NONE', *, *, #8713, .F. ) ;
#11031 = LINE ( 'NONE', #6169, #8268 ) ;
#11032 = DIRECTION ( 'NONE',  ( 1.000000000000000000, -1.318503921650895287E-37, 4.483001173306440485E-11 ) ) ;
#11033 = DIRECTION ( 'NONE',  ( 0.000000000000000000, 0.000000000000000000, -1.000000000000000000 ) ) ;
#11034 = CARTESIAN_POINT ( 'NONE',  ( -14.27500000000000568, 3.000000000000002665, -21.60000000000000853 ) ) ;
#11035 = ADVANCED_FACE ( 'NONE', ( #2323 ), #1410, .F. ) ;
#11036 = DIRECTION ( 'NONE',  ( -1.000000000000000000, 0.000000000000000000, 0.000000000000000000 ) ) ;
#11037 = DIRECTION ( 'NONE',  ( 0.000000000000000000, -0.000000000000000000, 1.000000000000000000 ) ) ;
#11038 = ORIENTED_EDGE ( 'NONE', *, *, #1256, .F. ) ;
#11039 = CARTESIAN_POINT ( 'NONE',  ( -25.00000000000000000, 3.000000000000000000, 28.99999999999998934 ) ) ;
#11040 = FACE_OUTER_BOUND ( 'NONE', #1689, .T. ) ;
#11041 = ORIENTED_EDGE ( 'NONE', *, *, #9828, .F. ) ;
#11042 = ORIENTED_EDGE ( 'NONE', *, *, #7519, .T. ) ;
#11043 = CARTESIAN_POINT ( 'NONE',  ( -35.00000000000000000, 10.00049802381102992, 18.98421203201065666 ) ) ;
#11044 = DIRECTION ( 'NONE',  ( 0.000000000000000000, 0.000000000000000000, -1.000000000000000000 ) ) ;
#11045 = ORIENTED_EDGE ( 'NONE', *, *, #6143, .F. ) ;
#11046 = CARTESIAN_POINT ( 'NONE',  ( 11.67777777848358411, 22.99999999999999645, 19.01947394638962763 ) ) ;
#11047 = DIRECTION ( 'NONE',  ( 0.02639125886120532311, -2.939690163306099417E-27, 0.9996516900679559559 ) ) ;
#11048 = EDGE_CURVE ( 'NONE', #5839, #1607, #8269, .T. ) ;
#11049 = LINE ( 'NONE', #5931, #2037 ) ;
#11050 = CIRCLE ( 'NONE', #9614, 8.500000000000000000 ) ;
#11051 = VECTOR ( 'NONE', #5223, 1000.000000000000000 ) ;
#11052 = VERTEX_POINT ( 'NONE', #5675 ) ;
#11053 = ORIENTED_EDGE ( 'NONE', *, *, #3485, .T. ) ;
#11054 = CARTESIAN_POINT ( 'NONE',  ( -33.50000000000000000, 2.000000000000001776, 28.99999999999997158 ) ) ;
#11055 = EDGE_CURVE ( 'NONE', #1067, #6671, #10640, .T. ) ;
#11056 = DIRECTION ( 'NONE',  ( -1.000000000000000000, 2.438088387897967896E-29, -6.982962677686266711E-15 ) ) ;
#11057 = CARTESIAN_POINT ( 'NONE',  ( 1.579375560123244870, 32.00000000000000000, 11.43583728693412560 ) ) ;
#11058 = CIRCLE ( 'NONE', #2271, 5.000000000000000888 ) ;
#11059 = PLANE ( 'NONE',  #8631 ) ;
#11060 = VECTOR ( 'NONE', #7885, 1000.000000000000000 ) ;
#11061 = CARTESIAN_POINT ( 'NONE',  ( -3.075391468316590604, 32.00000000000000711, -0.3903447404358278972 ) ) ;
#11062 = ADVANCED_FACE ( 'NONE', ( #10744 ), #4669, .F. ) ;
#11063 = CARTESIAN_POINT ( 'NONE',  ( -11.10000000000000675, -11.49999999999999645, -19.60000000000000497 ) ) ;
#11064 = DIRECTION ( 'NONE',  ( 0.000000000000000000, 4.613788877420475110E-15, -1.000000000000000000 ) ) ;
#11065 = FACE_OUTER_BOUND ( 'NONE', #1893, .T. ) ;
#11066 = ORIENTED_EDGE ( 'NONE', *, *, #9417, .T. ) ;
#11067 = CARTESIAN_POINT ( 'NONE',  ( 2.551418392201909580, 24.49999999999998934, 4.721401813190749586 ) ) ;
#11068 = AXIS2_PLACEMENT_3D ( 'NONE', #9797, #7258, #10858 ) ;
#11069 = VECTOR ( 'NONE', #352, 1000.000000000000000 ) ;
#11070 = VERTEX_POINT ( 'NONE', #563 ) ;
#11071 = DIRECTION ( 'NONE',  ( 1.000000000000000000, 0.000000000000000000, -2.748605226541390308E-16 ) ) ;
#11072 = EDGE_CURVE ( 'NONE', #8601, #6001, #10015, .T. ) ;
#11073 = CARTESIAN_POINT ( 'NONE',  ( 34.25000000000000000, 2.000000000000000000, -29.00000000000002487 ) ) ;
#11074 = CARTESIAN_POINT ( 'NONE',  ( 14.21914622032904418, 9.499999999999998224, 20.06569260839445690 ) ) ;
#11075 = ORIENTED_EDGE ( 'NONE', *, *, #993, .F. ) ;
#11076 = PRODUCT_DEFINITION_FORMATION_WITH_SPECIFIED_SOURCE ( 'ANY', '', #5083, .NOT_KNOWN. ) ;
#11077 = CARTESIAN_POINT ( 'NONE',  ( 50.00539578651591910, 10.50999999999999091, -2.201678149889266134 ) ) ;
#11078 = CYLINDRICAL_SURFACE ( 'NONE', #8125, 20.49999999999999645 ) ;
#11079 = ORIENTED_EDGE ( 'NONE', *, *, #10575, .T. ) ;
#11080 = DIRECTION ( 'NONE',  ( -1.000000000000000000, 0.000000000000000000, 0.000000000000000000 ) ) ;
#11081 = ORIENTED_EDGE ( 'NONE', *, *, #5903, .F. ) ;
#11082 = ORIENTED_EDGE ( 'NONE', *, *, #1016, .F. ) ;
#11083 = ORIENTED_EDGE ( 'NONE', *, *, #6589, .F. ) ;
#11084 = ADVANCED_FACE ( 'NONE', ( #6362 ), #4886, .T. ) ;
#11085 = FACE_OUTER_BOUND ( 'NONE', #3579, .T. ) ;
#11086 = EDGE_CURVE ( 'NONE', #7369, #3660, #3888, .T. ) ;
#11087 = ORIENTED_EDGE ( 'NONE', *, *, #10296, .F. ) ;
#11088 = CARTESIAN_POINT ( 'NONE',  ( 8.099999999999996092, -5.500000000000000000, -22.60000000000001208 ) ) ;
#11089 = CARTESIAN_POINT ( 'NONE',  ( -5.800000000000000711, -11.50000000000000000, -11.54000000000000448 ) ) ;
#11090 = LINE ( 'NONE', #9350, #6917 ) ;
#11091 = CARTESIAN_POINT ( 'NONE',  ( -35.00000000000000000, 10.00049802381102992, 0.000000000000000000 ) ) ;
#11092 = LINE ( 'NONE', #5176, #1910 ) ;
#11093 = CARTESIAN_POINT ( 'NONE',  ( -18.50000000000000000, 0.000000000000000000, 8.399999999999987921 ) ) ;
#11094 = ORIENTED_EDGE ( 'NONE', *, *, #5409, .F. ) ;
#11095 = DIRECTION ( 'NONE',  ( 0.000000000000000000, 1.000000000000000000, 0.000000000000000000 ) ) ;
#11096 = DIRECTION ( 'NONE',  ( -0.000000000000000000, 1.000000000000000000, -0.000000000000000000 ) ) ;
#11097 = VERTEX_POINT ( 'NONE', #9116 ) ;
#11098 = EDGE_CURVE ( 'NONE', #6036, #1511, #6212, .T. ) ;
#11099 = EDGE_CURVE ( 'NONE', #7694, #3767, #9004, .T. ) ;
#11100 = EDGE_LOOP ( 'NONE', ( #8740, #3836, #4093, #4073 ) ) ;
#11101 = LINE ( 'NONE', #2508, #2883 ) ;
#11102 = LINE ( 'NONE', #2456, #9511 ) ;
#11103 = DIRECTION ( 'NONE',  ( 1.000000000000000000, -0.000000000000000000, 3.802133645976563900E-16 ) ) ;
#11104 = FACE_OUTER_BOUND ( 'NONE', #3648, .T. ) ;
#11105 = AXIS2_PLACEMENT_3D ( 'NONE', #1578, #5776, #1455 ) ;
#11106 = DIRECTION ( 'NONE',  ( -0.000000000000000000, 1.000000000000000000, 0.000000000000000000 ) ) ;
#11107 = VERTEX_POINT ( 'NONE', #1300 ) ;
#11108 = ORIENTED_EDGE ( 'NONE', *, *, #9125, .F. ) ;
#11109 = EDGE_CURVE ( 'NONE', #4425, #5259, #2110, .T. ) ;
#11110 = CARTESIAN_POINT ( 'NONE',  ( -25.50000000000000355, 17.50000000000000000, 19.86623553487585170 ) ) ;
#11111 = CARTESIAN_POINT ( 'NONE',  ( 2.462848818512297644, 24.50000000000000000, -0.8778439909074859937 ) ) ;
#11112 = CARTESIAN_POINT ( 'NONE',  ( -33.50000000000000000, 3.000000000000000000, -29.00000000000000355 ) ) ;
#11113 = LINE ( 'NONE', #1505, #2361 ) ;
#11114 = CARTESIAN_POINT ( 'NONE',  ( -3.601026911978597145, 24.49999999999999289, 0.6221257589854988224 ) ) ;
#11115 = AXIS2_PLACEMENT_3D ( 'NONE', #1566, #9993, #5765 ) ;
#11116 = DIRECTION ( 'NONE',  ( 0.000000000000000000, -1.000000000000000000, 0.000000000000000000 ) ) ;
#11117 = EDGE_CURVE ( 'NONE', #286, #1136, #117, .T. ) ;
#11118 = CARTESIAN_POINT ( 'NONE',  ( 2.510525938252074087E-15, 29.50000000000000000, 33.49999999999999289 ) ) ;
#11119 = DIRECTION ( 'NONE',  ( 0.000000000000000000, 0.000000000000000000, 1.000000000000000000 ) ) ;
#11120 = NEXT_ASSEMBLY_USAGE_OCCURRENCE ( 'NAUO1', ' ', ' ', #2676, #4449, $ ) ;
#11121 = NEXT_ASSEMBLY_USAGE_OCCURRENCE ( 'NAUO2', ' ', ' ', #2676, #943, $ ) ;
#11122 = NEXT_ASSEMBLY_USAGE_OCCURRENCE ( 'NAUO3', ' ', ' ', #2676, #1786, $ ) ;
#11123 = NEXT_ASSEMBLY_USAGE_OCCURRENCE ( 'NAUO4', ' ', ' ', #2676, #1289, $ ) ;
ENDSEC;
END-ISO-10303-21;
