ISO-10303-21;
HEADER;
FILE_DESCRIPTION (( 'STEP AP214' ),
    '1' );
FILE_NAME ('Back Part 1.STEP',
    '2026-01-03T09:22:20',
    ( '' ),
    ( '' ),
    'SwSTEP 2.0',
    'SolidWorks 2025',
    '' );
FILE_SCHEMA (( 'AUTOMOTIVE_DESIGN' ));
ENDSEC;

DATA;
#1 = FACE_BOUND ( 'NONE', #1765, .T. ) ;
#2 = ADVANCED_FACE ( 'NONE', ( #2265, #1195 ), #750, .T. ) ;
#3 = ORIENTED_EDGE ( 'NONE', *, *, #1259, .T. ) ;
#4 = DIRECTION ( 'NONE',  ( -0.000000000000000000, 1.000000000000000000, -0.000000000000000000 ) ) ;
#5 = ORIENTED_EDGE ( 'NONE', *, *, #66, .F. ) ;
#6 = ORIENTED_EDGE ( 'NONE', *, *, #2522, .T. ) ;
#7 = DIRECTION ( 'NONE',  ( -1.000000000000000000, 0.000000000000000000, 0.000000000000000000 ) ) ;
#8 = ORIENTED_EDGE ( 'NONE', *, *, #1448, .F. ) ;
#9 = DIRECTION ( 'NONE',  ( -1.000000000000000000, 0.000000000000000000, 0.000000000000000000 ) ) ;
#10 = DIRECTION ( 'NONE',  ( 0.000000000000000000, -1.000000000000000000, 0.000000000000000000 ) ) ;
#11 = FACE_OUTER_BOUND ( 'NONE', #2283, .T. ) ;
#12 = CARTESIAN_POINT ( 'NONE',  ( 14.27499999999998970, 3.000000000000002665, -21.60000000000000853 ) ) ;
#13 = VERTEX_POINT ( 'NONE', #527 ) ;
#14 = CARTESIAN_POINT ( 'NONE',  ( 14.27499999999998970, 3.000000000000002665, -21.60000000000000853 ) ) ;
#15 = CARTESIAN_POINT ( 'NONE',  ( -14.10000000000000675, -5.500000000000000000, -16.60000000000000497 ) ) ;
#16 = EDGE_LOOP ( 'NONE', ( #1800, #2481, #8, #91 ) ) ;
#17 = CARTESIAN_POINT ( 'NONE',  ( 0.000000000000000000, -5.500000000000000000, 0.000000000000000000 ) ) ;
#18 = EDGE_CURVE ( 'NONE', #22, #2185, #2087, .T. ) ;
#19 = VERTEX_POINT ( 'NONE', #2276 ) ;
#20 = ORIENTED_EDGE ( 'NONE', *, *, #1764, .T. ) ;
#21 = DIRECTION ( 'NONE',  ( -1.000000000000000000, 0.000000000000000000, -0.000000000000000000 ) ) ;
#22 = VERTEX_POINT ( 'NONE', #1162 ) ;
#23 = CARTESIAN_POINT ( 'NONE',  ( 5.800000000000000711, -11.50000000000000000, -11.54000000000000448 ) ) ;
#24 = DIRECTION ( 'NONE',  ( -0.000000000000000000, -1.000000000000000000, -0.000000000000000000 ) ) ;
#25 = CARTESIAN_POINT ( 'NONE',  ( 15.00000000000000000, -13.00000000000000000, -25.10000000000000853 ) ) ;
#26 = ORIENTED_EDGE ( 'NONE', *, *, #1044, .T. ) ;
#27 = CARTESIAN_POINT ( 'NONE',  ( 11.09999999999999076, 31.50000000000000000, -19.60000000000000497 ) ) ;
#28 = AXIS2_PLACEMENT_3D ( 'NONE', #2049, #2683, #489 ) ;
#29 = DIRECTION ( 'NONE',  ( 0.000000000000000000, -0.000000000000000000, -1.000000000000000000 ) ) ;
#30 = EDGE_CURVE ( 'NONE', #2506, #1942, #69, .T. ) ;
#31 = CARTESIAN_POINT ( 'NONE',  ( 15.00000000000000000, -11.50000000000000000, 8.399999999999987921 ) ) ;
#32 = CLOSED_SHELL ( 'NONE', ( #2224, #1521, #2227, #490, #70, #1952, #1465, #186, #1752, #1388, #1710, #2242, #1299, #2157, #868, #925, #2474, #1204, #878, #204, #1224, #1378, #2263, #800, #1804, #715, #719, #1466, #836, #704, #1825, #2192, #2189, #1926, #2057, #2293, #608, #1463, #432, #824, #153, #2006, #2662, #2, #2399, #1657, #1122, #2212, #2770, #1554, #775, #1279, #817, #1577, #2281, #1769, #2365, #2786, #2346, #2273, #2536, #854, #2796, #115, #242, #1398, #95, #927, #975, #1485, #2146, #237, #1366, #1105, #1620, #2038, #2277, #2067, #1599, #2019, #1221, #625, #241, #656, #2645, #2752, #946, #2721, #190, #558, #274, #1427, #1892, #1067 ) ) ;
#33 = AXIS2_PLACEMENT_3D ( 'NONE', #1041, #1438, #1654 ) ;
#34 = EDGE_CURVE ( 'NONE', #2032, #644, #2064, .T. ) ;
#35 = EDGE_CURVE ( 'NONE', #673, #808, #2597, .T. ) ;
#36 = EDGE_LOOP ( 'NONE', ( #526, #1390, #2629, #2218 ) ) ;
#37 = VERTEX_POINT ( 'NONE', #712 ) ;
#38 = DIRECTION ( 'NONE',  ( 0.000000000000000000, 0.000000000000000000, -1.000000000000000000 ) ) ;
#39 = CIRCLE ( 'NONE', #1136, 3.499999999999999556 ) ;
#40 = ORIENTED_EDGE ( 'NONE', *, *, #653, .F. ) ;
#41 = CARTESIAN_POINT ( 'NONE',  ( -5.800000000000000711, -11.50000000000000000, -11.54000000000000448 ) ) ;
#42 = LINE ( 'NONE', #2697, #2643 ) ;
#43 = CARTESIAN_POINT ( 'NONE',  ( -8.100000000000001421, -5.500000000000000000, -23.60000000000000853 ) ) ;
#44 = ORIENTED_EDGE ( 'NONE', *, *, #1899, .F. ) ;
#45 = CARTESIAN_POINT ( 'NONE',  ( -14.27500000000000568, -13.00000000000000000, -21.60000000000000853 ) ) ;
#46 = CARTESIAN_POINT ( 'NONE',  ( -8.100000000000003197, -11.50000000000000000, -23.60000000000001208 ) ) ;
#47 = PLANE ( 'NONE',  #1680 ) ;
#48 = AXIS2_PLACEMENT_3D ( 'NONE', #2351, #400, #171 ) ;
#49 = ORIENTED_EDGE ( 'NONE', *, *, #2790, .T. ) ;
#50 = ORIENTED_EDGE ( 'NONE', *, *, #620, .F. ) ;
#51 = DIRECTION ( 'NONE',  ( 8.673617379884035472E-16, 0.000000000000000000, 1.000000000000000000 ) ) ;
#52 = AXIS2_PLACEMENT_3D ( 'NONE', #1274, #2152, #2394 ) ;
#53 = ORIENTED_EDGE ( 'NONE', *, *, #275, .F. ) ;
#54 = CARTESIAN_POINT ( 'NONE',  ( 0.000000000000000000, -12.99999999999999822, 2.594999999999985985 ) ) ;
#55 = DIRECTION ( 'NONE',  ( 0.000000000000000000, -1.000000000000000000, 0.000000000000000000 ) ) ;
#56 = EDGE_CURVE ( 'NONE', #396, #423, #943, .T. ) ;
#57 = ORIENTED_EDGE ( 'NONE', *, *, #2068, .F. ) ;
#58 = DIRECTION ( 'NONE',  ( -0.000000000000000000, 1.000000000000000000, -0.000000000000000000 ) ) ;
#59 = DIRECTION ( 'NONE',  ( 0.000000000000000000, 0.000000000000000000, -1.000000000000000000 ) ) ;
#60 = LINE ( 'NONE', #888, #2505 ) ;
#61 = ORIENTED_EDGE ( 'NONE', *, *, #468, .F. ) ;
#62 = VERTEX_POINT ( 'NONE', #105 ) ;
#63 = FACE_OUTER_BOUND ( 'NONE', #2090, .T. ) ;
#64 = VERTEX_POINT ( 'NONE', #2736 ) ;
#65 = LINE ( 'NONE', #505, #895 ) ;
#66 = EDGE_CURVE ( 'NONE', #259, #2506, #2255, .T. ) ;
#67 = CYLINDRICAL_SURFACE ( 'NONE', #2544, 1.500000000000001332 ) ;
#68 = ORIENTED_EDGE ( 'NONE', *, *, #891, .T. ) ;
#69 = LINE ( 'NONE', #2517, #1493 ) ;
#70 = ADVANCED_FACE ( 'NONE', ( #2054 ), #541, .F. ) ;
#71 = CARTESIAN_POINT ( 'NONE',  ( 7.924999999999992717, 3.000000000000002665, -17.60000000000000497 ) ) ;
#72 = AXIS2_PLACEMENT_3D ( 'NONE', #1920, #2176, #180 ) ;
#73 = DIRECTION ( 'NONE',  ( 0.000000000000000000, 1.000000000000000000, -0.000000000000000000 ) ) ;
#74 = EDGE_CURVE ( 'NONE', #966, #414, #2352, .T. ) ;
#75 = AXIS2_PLACEMENT_3D ( 'NONE', #1662, #189, #357 ) ;
#76 = VERTEX_POINT ( 'NONE', #120 ) ;
#77 = ORIENTED_EDGE ( 'NONE', *, *, #2666, .T. ) ;
#78 = PLANE ( 'NONE',  #2698 ) ;
#79 = DIRECTION ( 'NONE',  ( 1.000000000000000000, 0.000000000000000000, 0.000000000000000000 ) ) ;
#80 = CIRCLE ( 'NONE', #1915, 1.500000000000000222 ) ;
#81 = CARTESIAN_POINT ( 'NONE',  ( 0.000000000000000000, -9.999999999999998224, -18.43835307503515608 ) ) ;
#82 = ORIENTED_EDGE ( 'NONE', *, *, #2576, .F. ) ;
#83 = DIRECTION ( 'NONE',  ( 0.000000000000000000, 0.000000000000000000, -1.000000000000000000 ) ) ;
#84 = CARTESIAN_POINT ( 'NONE',  ( -4.000000000000016875, -5.500000000000000000, 6.594999999999988205 ) ) ;
#85 = EDGE_CURVE ( 'NONE', #1660, #2005, #741, .T. ) ;
#86 = CARTESIAN_POINT ( 'NONE',  ( -15.00000000000000000, 0.000000000000000000, -21.60000000000000853 ) ) ;
#87 = VERTEX_POINT ( 'NONE', #1612 ) ;
#88 = EDGE_LOOP ( 'NONE', ( #1154, #1551, #1431, #1601, #1459, #722, #2768, #981 ) ) ;
#89 = VECTOR ( 'NONE', #1361, 999.9999999999998863 ) ;
#90 = CARTESIAN_POINT ( 'NONE',  ( 2.800000000000000266, 9.999999999999998224, -15.54000000000000448 ) ) ;
#91 = ORIENTED_EDGE ( 'NONE', *, *, #2062, .T. ) ;
#92 = CARTESIAN_POINT ( 'NONE',  ( 1.999999999999982236, -13.00000000000000000, 6.559999999999986287 ) ) ;
#93 = CARTESIAN_POINT ( 'NONE',  ( 2.449293598294706907E-16, -9.999999999999998224, -16.43835307503515608 ) ) ;
#94 = ORIENTED_EDGE ( 'NONE', *, *, #1736, .F. ) ;
#95 = ADVANCED_FACE ( 'NONE', ( #493 ), #1375, .F. ) ;
#96 = CYLINDRICAL_SURFACE ( 'NONE', #733, 1.500000000000000222 ) ;
#97 = ORIENTED_EDGE ( 'NONE', *, *, #960, .F. ) ;
#98 = ORIENTED_EDGE ( 'NONE', *, *, #1243, .F. ) ;
#99 = EDGE_CURVE ( 'NONE', #921, #13, #967, .T. ) ;
#100 = LINE ( 'NONE', #2527, #2254 ) ;
#101 = AXIS2_PLACEMENT_3D ( 'NONE', #1679, #403, #2557 ) ;
#102 = CARTESIAN_POINT ( 'NONE',  ( -15.10000000000000497, -5.500000000000000000, -16.60000000000000497 ) ) ;
#103 = EDGE_LOOP ( 'NONE', ( #1549, #2182, #471, #1307, #1691, #1076, #2210, #2396 ) ) ;
#104 = EDGE_CURVE ( 'NONE', #938, #1147, #2577, .T. ) ;
#105 = CARTESIAN_POINT ( 'NONE',  ( 14.27499999999998970, -13.99999999999999822, -21.60000000000000853 ) ) ;
#106 = PLANE ( 'NONE',  #358 ) ;
#107 = CARTESIAN_POINT ( 'NONE',  ( 2.999999999999981792, -5.500000000000000000, 5.594999999999988205 ) ) ;
#108 = ORIENTED_EDGE ( 'NONE', *, *, #957, .T. ) ;
#109 = CARTESIAN_POINT ( 'NONE',  ( 15.00000000000000000, -13.00000000000000000, 13.39999999999998792 ) ) ;
#110 = CARTESIAN_POINT ( 'NONE',  ( 14.09999999999999432, -5.500000000000000000, -22.60000000000000853 ) ) ;
#111 = ORIENTED_EDGE ( 'NONE', *, *, #1676, .T. ) ;
#112 = ORIENTED_EDGE ( 'NONE', *, *, #695, .F. ) ;
#113 = FACE_OUTER_BOUND ( 'NONE', #36, .T. ) ;
#114 = EDGE_CURVE ( 'NONE', #2622, #1567, #178, .T. ) ;
#115 = ADVANCED_FACE ( 'NONE', ( #1436 ), #2812, .F. ) ;
#116 = EDGE_CURVE ( 'NONE', #936, #1166, #2359, .T. ) ;
#117 = DIRECTION ( 'NONE',  ( 1.000000000000000000, 0.000000000000000000, 0.000000000000000000 ) ) ;
#118 = ORIENTED_EDGE ( 'NONE', *, *, #2156, .T. ) ;
#119 = AXIS2_PLACEMENT_3D ( 'NONE', #649, #1529, #2607 ) ;
#120 = CARTESIAN_POINT ( 'NONE',  ( 15.09999999999999609, -11.50000000000000000, -16.60000000000000142 ) ) ;
#121 = PLANE ( 'NONE',  #2746 ) ;
#122 = CARTESIAN_POINT ( 'NONE',  ( 11.09999999999999076, 31.50000000000000000, -18.10000000000000497 ) ) ;
#123 = AXIS2_PLACEMENT_3D ( 'NONE', #338, #1658, #2483 ) ;
#124 = VERTEX_POINT ( 'NONE', #789 ) ;
#125 = LINE ( 'NONE', #2135, #1198 ) ;
#126 = PLANE ( 'NONE',  #958 ) ;
#127 = VERTEX_POINT ( 'NONE', #994 ) ;
#128 = ORIENTED_EDGE ( 'NONE', *, *, #1736, .T. ) ;
#129 = DIRECTION ( 'NONE',  ( 1.000000000000000000, 0.000000000000000000, -1.084202172485504187E-16 ) ) ;
#130 = DIRECTION ( 'NONE',  ( -0.000000000000000000, -0.000000000000000000, 1.000000000000000000 ) ) ;
#131 = VECTOR ( 'NONE', #2548, 1000.000000000000000 ) ;
#132 = VECTOR ( 'NONE', #1721, 1000.000000000000000 ) ;
#133 = AXIS2_PLACEMENT_3D ( 'NONE', #1060, #577, #185 ) ;
#134 = CARTESIAN_POINT ( 'NONE',  ( 11.09999999999999076, -12.99999999999999822, -18.10000000000000497 ) ) ;
#135 = FACE_OUTER_BOUND ( 'NONE', #771, .T. ) ;
#136 = CARTESIAN_POINT ( 'NONE',  ( -7.925000000000008704, -13.00000000000000000, -17.60000000000000853 ) ) ;
#137 = EDGE_CURVE ( 'NONE', #840, #2554, #1031, .T. ) ;
#138 = CARTESIAN_POINT ( 'NONE',  ( -15.10000000000000497, -5.500000000000000000, -16.60000000000000497 ) ) ;
#139 = ORIENTED_EDGE ( 'NONE', *, *, #1988, .F. ) ;
#140 = LINE ( 'NONE', #793, #834 ) ;
#141 = DIRECTION ( 'NONE',  ( 0.000000000000000000, -1.000000000000000000, 0.000000000000000000 ) ) ;
#142 = EDGE_LOOP ( 'NONE', ( #906, #762, #659, #1835 ) ) ;
#143 = ORIENTED_EDGE ( 'NONE', *, *, #307, .F. ) ;
#144 = CARTESIAN_POINT ( 'NONE',  ( -20.00000000000000000, -13.00000000000000000, 8.399999999999987921 ) ) ;
#145 = LINE ( 'NONE', #1491, #2214 ) ;
#146 = VERTEX_POINT ( 'NONE', #347 ) ;
#147 = LINE ( 'NONE', #102, #1558 ) ;
#148 = EDGE_CURVE ( 'NONE', #938, #1372, #1241, .T. ) ;
#149 = DIRECTION ( 'NONE',  ( -1.000000000000000000, 0.000000000000000000, -0.000000000000000000 ) ) ;
#150 = CARTESIAN_POINT ( 'NONE',  ( -15.00000000000000000, -11.50000000000000000, -25.10000000000000853 ) ) ;
#151 = LINE ( 'NONE', #1685, #524 ) ;
#152 = EDGE_LOOP ( 'NONE', ( #2015, #2426, #2437, #1354 ) ) ;
#153 = ADVANCED_FACE ( 'NONE', ( #2561 ), #2344, .F. ) ;
#154 = LINE ( 'NONE', #1893, #2075 ) ;
#155 = LINE ( 'NONE', #2583, #2612 ) ;
#156 = ORIENTED_EDGE ( 'NONE', *, *, #602, .T. ) ;
#157 = EDGE_LOOP ( 'NONE', ( #2288, #2718, #1953, #1606 ) ) ;
#158 = CARTESIAN_POINT ( 'NONE',  ( 15.00000000000000000, -13.00000000000000000, 8.399999999999987921 ) ) ;
#159 = CARTESIAN_POINT ( 'NONE',  ( 5.800000000000000711, -11.50000000000000000, -11.54000000000000448 ) ) ;
#160 = CIRCLE ( 'NONE', #1813, 1.500000000000001332 ) ;
#161 = EDGE_LOOP ( 'NONE', ( #846, #2830, #355, #607 ) ) ;
#162 = VECTOR ( 'NONE', #250, 1000.000000000000000 ) ;
#163 = CARTESIAN_POINT ( 'NONE',  ( 2.999999999999983569, -11.50000000000000000, 6.594999999999988205 ) ) ;
#164 = DIRECTION ( 'NONE',  ( -1.000000000000000000, 0.000000000000000000, 0.000000000000000000 ) ) ;
#165 = CIRCLE ( 'NONE', #437, 2.000000000000001776 ) ;
#166 = CARTESIAN_POINT ( 'NONE',  ( 2.999999999999982236, -5.500000000000000000, -0.4050000000000142930 ) ) ;
#167 = DIRECTION ( 'NONE',  ( -1.000000000000000000, -0.000000000000000000, -0.000000000000000000 ) ) ;
#168 = ORIENTED_EDGE ( 'NONE', *, *, #85, .T. ) ;
#169 = VECTOR ( 'NONE', #2043, 1000.000000000000000 ) ;
#170 = DIRECTION ( 'NONE',  ( -0.000000000000000000, -0.000000000000000000, -1.000000000000000000 ) ) ;
#171 = DIRECTION ( 'NONE',  ( 0.000000000000000000, 0.000000000000000000, -1.000000000000000000 ) ) ;
#172 = ORIENTED_EDGE ( 'NONE', *, *, #2100, .T. ) ;
#173 = CARTESIAN_POINT ( 'NONE',  ( -15.00000000000000000, -13.00000000000000000, -21.60000000000000853 ) ) ;
#174 = DIRECTION ( 'NONE',  ( -1.000000000000000000, 0.000000000000000000, -0.000000000000000000 ) ) ;
#175 = EDGE_CURVE ( 'NONE', #1489, #1449, #478, .T. ) ;
#176 = VERTEX_POINT ( 'NONE', #2531 ) ;
#177 = LINE ( 'NONE', #1094, #2838 ) ;
#178 = LINE ( 'NONE', #1697, #245 ) ;
#179 = VECTOR ( 'NONE', #73, 1000.000000000000000 ) ;
#180 = DIRECTION ( 'NONE',  ( 0.000000000000000000, -0.000000000000000000, -1.000000000000000000 ) ) ;
#181 = FACE_OUTER_BOUND ( 'NONE', #658, .T. ) ;
#182 = ORIENTED_EDGE ( 'NONE', *, *, #1259, .F. ) ;
#183 = VECTOR ( 'NONE', #117, 1000.000000000000000 ) ;
#184 = CARTESIAN_POINT ( 'NONE',  ( 8.099999999999996092, -5.500000000000000000, -16.60000000000000142 ) ) ;
#185 = DIRECTION ( 'NONE',  ( -0.000000000000000000, 0.000000000000000000, 1.000000000000000000 ) ) ;
#186 = ADVANCED_FACE ( 'NONE', ( #2330 ), #2148, .F. ) ;
#187 = VERTEX_POINT ( 'NONE', #2164 ) ;
#188 = CYLINDRICAL_SURFACE ( 'NONE', #1876, 5.000000000000000888 ) ;
#189 = DIRECTION ( 'NONE',  ( 0.000000000000000000, -1.000000000000000000, 0.000000000000000000 ) ) ;
#190 = ADVANCED_FACE ( 'NONE', ( #553 ), #587, .F. ) ;
#191 = ORIENTED_EDGE ( 'NONE', *, *, #66, .T. ) ;
#192 = PLANE ( 'NONE',  #855 ) ;
#193 = LINE ( 'NONE', #2652, #210 ) ;
#194 = FACE_OUTER_BOUND ( 'NONE', #1234, .T. ) ;
#195 = DIRECTION ( 'NONE',  ( 1.000000000000000000, -0.000000000000000000, -0.000000000000000000 ) ) ;
#196 = VERTEX_POINT ( 'NONE', #2102 ) ;
#197 = FACE_OUTER_BOUND ( 'NONE', #457, .T. ) ;
#198 = LINE ( 'NONE', #1909, #2562 ) ;
#199 = ORIENTED_EDGE ( 'NONE', *, *, #359, .F. ) ;
#200 = DIRECTION ( 'NONE',  ( 1.000000000000000000, -0.000000000000000000, -0.000000000000000000 ) ) ;
#201 = EDGE_LOOP ( 'NONE', ( #2373, #2429, #464, #2342 ) ) ;
#202 = CARTESIAN_POINT ( 'NONE',  ( 14.09999999999999432, -11.50000000000000000, -22.60000000000000853 ) ) ;
#203 = AXIS2_PLACEMENT_3D ( 'NONE', #1114, #1833, #2262 ) ;
#204 = ADVANCED_FACE ( 'NONE', ( #135 ), #1888, .F. ) ;
#205 = EDGE_CURVE ( 'NONE', #2326, #511, #1023, .T. ) ;
#206 = DIRECTION ( 'NONE',  ( 0.000000000000000000, 0.000000000000000000, -1.000000000000000000 ) ) ;
#207 = LINE ( 'NONE', #1081, #2638 ) ;
#208 = DIRECTION ( 'NONE',  ( -4.336808689942013792E-16, -0.000000000000000000, 1.000000000000000000 ) ) ;
#209 = EDGE_CURVE ( 'NONE', #368, #87, #805, .T. ) ;
#210 = VECTOR ( 'NONE', #1557, 1000.000000000000000 ) ;
#211 = ORIENTED_EDGE ( 'NONE', *, *, #448, .T. ) ;
#212 = CYLINDRICAL_SURFACE ( 'NONE', #2667, 5.000000000000000888 ) ;
#213 = CARTESIAN_POINT ( 'NONE',  ( -3.000000000000016875, -5.500000000000000000, -0.4050000000000138489 ) ) ;
#214 = VECTOR ( 'NONE', #379, 1000.000000000000000 ) ;
#215 = ORIENTED_EDGE ( 'NONE', *, *, #965, .F. ) ;
#216 = CARTESIAN_POINT ( 'NONE',  ( -3.000000000000016875, -11.50000000000000000, 5.594999999999989093 ) ) ;
#217 = VECTOR ( 'NONE', #1538, 1000.000000000000000 ) ;
#218 = ORIENTED_EDGE ( 'NONE', *, *, #468, .T. ) ;
#219 = EDGE_LOOP ( 'NONE', ( #1663, #1607 ) ) ;
#220 = CARTESIAN_POINT ( 'NONE',  ( -15.10000000000000497, -5.500000000000000000, -23.60000000000000853 ) ) ;
#221 = LINE ( 'NONE', #1775, #2086 ) ;
#222 = DIRECTION ( 'NONE',  ( -1.000000000000000000, 0.000000000000000000, -4.336808689942017736E-16 ) ) ;
#223 = CARTESIAN_POINT ( 'NONE',  ( 20.00000000000000000, 0.000000000000000000, -21.60000000000000853 ) ) ;
#224 = VERTEX_POINT ( 'NONE', #2797 ) ;
#225 = EDGE_CURVE ( 'NONE', #1449, #1737, #1934, .T. ) ;
#226 = FACE_OUTER_BOUND ( 'NONE', #711, .T. ) ;
#227 = CARTESIAN_POINT ( 'NONE',  ( 2.999999999999982681, -11.50000000000000000, -1.405000000000014238 ) ) ;
#228 = VERTEX_POINT ( 'NONE', #2589 ) ;
#229 = FACE_OUTER_BOUND ( 'NONE', #1386, .T. ) ;
#230 = EDGE_LOOP ( 'NONE', ( #1484, #887, #2400, #1281 ) ) ;
#231 = VERTEX_POINT ( 'NONE', #1039 ) ;
#232 = CARTESIAN_POINT ( 'NONE',  ( 0.000000000000000000, -13.99999999999999822, 0.000000000000000000 ) ) ;
#233 = EDGE_LOOP ( 'NONE', ( #2282, #1977, #2356, #913 ) ) ;
#234 = DIRECTION ( 'NONE',  ( -0.000000000000000000, -1.000000000000000000, -0.000000000000000000 ) ) ;
#235 = CARTESIAN_POINT ( 'NONE',  ( 11.09999999999999076, -12.99999999999999822, -19.60000000000000497 ) ) ;
#236 = FACE_OUTER_BOUND ( 'NONE', #2459, .T. ) ;
#237 = ADVANCED_FACE ( 'NONE', ( #614, #1497 ), #1112, .T. ) ;
#238 = ORIENTED_EDGE ( 'NONE', *, *, #2434, .F. ) ;
#239 = DIRECTION ( 'NONE',  ( -1.000000000000000000, 0.000000000000000000, -0.000000000000000000 ) ) ;
#240 = VECTOR ( 'NONE', #2304, 1000.000000000000000 ) ;
#241 = ADVANCED_FACE ( 'NONE', ( #1964 ), #1981, .F. ) ;
#242 = ADVANCED_FACE ( 'NONE', ( #433 ), #664, .F. ) ;
#243 =( NAMED_UNIT ( * ) PLANE_ANGLE_UNIT ( ) SI_UNIT ( $, .RADIAN. ) );
#244 = CARTESIAN_POINT ( 'NONE',  ( -15.10000000000000497, -11.50000000000000000, -16.60000000000000497 ) ) ;
#245 = VECTOR ( 'NONE', #776, 1000.000000000000000 ) ;
#246 = EDGE_LOOP ( 'NONE', ( #1520, #1026, #2743, #2445 ) ) ;
#247 = ORIENTED_EDGE ( 'NONE', *, *, #1559, .T. ) ;
#248 = LINE ( 'NONE', #922, #951 ) ;
#249 = ORIENTED_EDGE ( 'NONE', *, *, #2133, .T. ) ;
#250 = DIRECTION ( 'NONE',  ( 4.336808689942017736E-16, 0.000000000000000000, -1.000000000000000000 ) ) ;
#251 = DIRECTION ( 'NONE',  ( 0.000000000000000000, 0.000000000000000000, -1.000000000000000000 ) ) ;
#252 = DIRECTION ( 'NONE',  ( -0.000000000000000000, -1.000000000000000000, -0.000000000000000000 ) ) ;
#253 = VERTEX_POINT ( 'NONE', #1527 ) ;
#254 = CARTESIAN_POINT ( 'NONE',  ( 2.999999999999982236, -11.50000000000000000, -0.4050000000000147371 ) ) ;
#255 = AXIS2_PLACEMENT_3D ( 'NONE', #2546, #571, #1009 ) ;
#256 = DIRECTION ( 'NONE',  ( 1.000000000000000000, -0.000000000000000000, -0.000000000000000000 ) ) ;
#257 = LINE ( 'NONE', #1578, #2416 ) ;
#258 = VECTOR ( 'NONE', #718, 1000.000000000000000 ) ;
#259 = VERTEX_POINT ( 'NONE', #880 ) ;
#260 = ORIENTED_EDGE ( 'NONE', *, *, #363, .F. ) ;
#261 = EDGE_CURVE ( 'NONE', #2699, #2510, #2404, .T. ) ;
#262 = DIRECTION ( 'NONE',  ( 0.000000000000000000, 0.000000000000000000, -1.000000000000000000 ) ) ;
#263 = AXIS2_PLACEMENT_3D ( 'NONE', #1324, #833, #1309 ) ;
#264 = ORIENTED_EDGE ( 'NONE', *, *, #1931, .F. ) ;
#265 = DIRECTION ( 'NONE',  ( -0.000000000000000000, -1.000000000000000000, -0.000000000000000000 ) ) ;
#266 = CARTESIAN_POINT ( 'NONE',  ( -6.925000000000007816, -13.99999999999999822, -16.60000000000000853 ) ) ;
#267 = ORIENTED_EDGE ( 'NONE', *, *, #209, .T. ) ;
#268 = LINE ( 'NONE', #477, #730 ) ;
#269 = VECTOR ( 'NONE', #2737, 1000.000000000000000 ) ;
#270 = LINE ( 'NONE', #1532, #1051 ) ;
#271 = CIRCLE ( 'NONE', #672, 3.499999999999999556 ) ;
#272 = DIRECTION ( 'NONE',  ( 0.000000000000000000, 0.000000000000000000, 1.000000000000000000 ) ) ;
#273 = VECTOR ( 'NONE', #842, 1000.000000000000000 ) ;
#274 = ADVANCED_FACE ( 'NONE', ( #2419 ), #894, .F. ) ;
#275 = EDGE_CURVE ( 'NONE', #2725, #2555, #1097, .T. ) ;
#276 = EDGE_LOOP ( 'NONE', ( #303, #2692, #290, #2472 ) ) ;
#277 = EDGE_LOOP ( 'NONE', ( #2540, #53, #1197, #410 ) ) ;
#278 = CARTESIAN_POINT ( 'NONE',  ( 0.000000000000000000, -5.500000000000000000, 0.000000000000000000 ) ) ;
#279 = AXIS2_PLACEMENT_3D ( 'NONE', #856, #1661, #2097 ) ;
#280 = EDGE_LOOP ( 'NONE', ( #1108, #2033, #40, #1258 ) ) ;
#281 = EDGE_CURVE ( 'NONE', #2674, #1403, #910, .T. ) ;
#282 = CARTESIAN_POINT ( 'NONE',  ( -15.00000000000000000, -11.50000000000000000, 11.89999999999998792 ) ) ;
#283 = LINE ( 'NONE', #941, #1672 ) ;
#284 = ORIENTED_EDGE ( 'NONE', *, *, #2133, .F. ) ;
#285 = DIRECTION ( 'NONE',  ( 0.000000000000000000, -1.000000000000000000, 0.000000000000000000 ) ) ;
#286 = DIRECTION ( 'NONE',  ( 0.000000000000000000, -1.000000000000000000, 0.000000000000000000 ) ) ;
#287 = CARTESIAN_POINT ( 'NONE',  ( -14.27500000000000568, -13.00000000000000000, -17.60000000000000853 ) ) ;
#288 = DIRECTION ( 'NONE',  ( 0.000000000000000000, -1.000000000000000000, 0.000000000000000000 ) ) ;
#289 = EDGE_LOOP ( 'NONE', ( #2617, #1750, #985, #1460 ) ) ;
#290 = ORIENTED_EDGE ( 'NONE', *, *, #148, .F. ) ;
#291 = PLANE ( 'NONE',  #724 ) ;
#292 = CARTESIAN_POINT ( 'NONE',  ( 1.999999999999983125, -12.99999999999999822, 6.559999999999986287 ) ) ;
#293 = DIRECTION ( 'NONE',  ( -0.000000000000000000, -1.000000000000000000, -0.000000000000000000 ) ) ;
#294 = VERTEX_POINT ( 'NONE', #849 ) ;
#295 = DIRECTION ( 'NONE',  ( 0.000000000000000000, 0.000000000000000000, 1.000000000000000000 ) ) ;
#296 = LINE ( 'NONE', #71, #1143 ) ;
#297 = EDGE_CURVE ( 'NONE', #1814, #19, #221, .T. ) ;
#298 = VECTOR ( 'NONE', #1728, 1000.000000000000000 ) ;
#299 = VECTOR ( 'NONE', #1054, 1000.000000000000000 ) ;
#300 = CARTESIAN_POINT ( 'NONE',  ( -2.800000000000000266, 9.999999999999998224, -15.54000000000000448 ) ) ;
#301 = VECTOR ( 'NONE', #1930, 1000.000000000000000 ) ;
#302 = VERTEX_POINT ( 'NONE', #2207 ) ;
#303 = ORIENTED_EDGE ( 'NONE', *, *, #1290, .T. ) ;
#304 = FACE_OUTER_BOUND ( 'NONE', #2668, .T. ) ;
#305 = VECTOR ( 'NONE', #1767, 1000.000000000000000 ) ;
#306 = ORIENTED_EDGE ( 'NONE', *, *, #525, .F. ) ;
#307 = EDGE_CURVE ( 'NONE', #1737, #253, #2457, .T. ) ;
#308 = DIRECTION ( 'NONE',  ( 1.000000000000000000, 0.000000000000000000, 0.000000000000000000 ) ) ;
#309 = CARTESIAN_POINT ( 'NONE',  ( 20.00000000000000000, 0.000000000000000000, 8.399999999999987921 ) ) ;
#310 = EDGE_CURVE ( 'NONE', #1037, #2794, #1758, .T. ) ;
#311 = CARTESIAN_POINT ( 'NONE',  ( -8.100000000000001421, -5.500000000000000000, -22.60000000000000853 ) ) ;
#312 = ORIENTED_EDGE ( 'NONE', *, *, #324, .F. ) ;
#313 = EDGE_LOOP ( 'NONE', ( #2581, #94, #247, #2413 ) ) ;
#314 = VECTOR ( 'NONE', #59, 1000.000000000000000 ) ;
#315 = CARTESIAN_POINT ( 'NONE',  ( 20.00000000000000000, -13.00000000000000000, 8.399999999999987921 ) ) ;
#316 = VECTOR ( 'NONE', #2749, 1000.000000000000000 ) ;
#317 = CARTESIAN_POINT ( 'NONE',  ( 20.00000000000000000, -13.00000000000000000, -21.60000000000000853 ) ) ;
#318 = ORIENTED_EDGE ( 'NONE', *, *, #716, .T. ) ;
#319 = VERTEX_POINT ( 'NONE', #23 ) ;
#320 = DIRECTION ( 'NONE',  ( 0.000000000000000000, 0.000000000000000000, -1.000000000000000000 ) ) ;
#321 = EDGE_CURVE ( 'NONE', #736, #1181, #2634, .T. ) ;
#322 = ORIENTED_EDGE ( 'NONE', *, *, #2528, .F. ) ;
#323 = DIRECTION ( 'NONE',  ( 0.000000000000000000, 0.000000000000000000, 1.000000000000000000 ) ) ;
#324 = EDGE_CURVE ( 'NONE', #2794, #446, #193, .T. ) ;
#325 = FACE_OUTER_BOUND ( 'NONE', #1916, .T. ) ;
#326 = ORIENTED_EDGE ( 'NONE', *, *, #1629, .T. ) ;
#327 = ORIENTED_EDGE ( 'NONE', *, *, #209, .F. ) ;
#328 = LINE ( 'NONE', #1205, #2476 ) ;
#329 = EDGE_CURVE ( 'NONE', #124, #396, #2619, .T. ) ;
#330 = AXIS2_PLACEMENT_3D ( 'NONE', #2523, #1923, #1628 ) ;
#331 = DIRECTION ( 'NONE',  ( -0.000000000000000000, -1.000000000000000000, -0.000000000000000000 ) ) ;
#332 = EDGE_LOOP ( 'NONE', ( #2772, #923, #2270, #1648 ) ) ;
#333 = DIRECTION ( 'NONE',  ( 0.000000000000000000, -1.000000000000000000, 0.000000000000000000 ) ) ;
#334 = DIRECTION ( 'NONE',  ( -4.336808689942017736E-16, -0.000000000000000000, 1.000000000000000000 ) ) ;
#335 = CARTESIAN_POINT ( 'NONE',  ( 6.924999999999992717, -13.00000000000000000, -16.60000000000000497 ) ) ;
#336 = ORIENTED_EDGE ( 'NONE', *, *, #1874, .F. ) ;
#337 = CARTESIAN_POINT ( 'NONE',  ( 6.924999999999992717, -13.99999999999999822, -16.60000000000000497 ) ) ;
#338 = CARTESIAN_POINT ( 'NONE',  ( 6.924999999999992717, -13.99999999999999822, -16.60000000000000497 ) ) ;
#339 = EDGE_LOOP ( 'NONE', ( #380, #1402, #2081, #2216 ) ) ;
#340 = ORIENTED_EDGE ( 'NONE', *, *, #1713, .F. ) ;
#341 = CARTESIAN_POINT ( 'NONE',  ( 18.50000000000000000, -11.50000000000000000, 8.399999999999987921 ) ) ;
#342 = LINE ( 'NONE', #815, #701 ) ;
#343 = CIRCLE ( 'NONE', #1213, 1.000000000000000888 ) ;
#344 = EDGE_CURVE ( 'NONE', #231, #1273, #1127, .T. ) ;
#345 = CARTESIAN_POINT ( 'NONE',  ( -7.925000000000006928, 3.000000000000002665, -21.60000000000000853 ) ) ;
#346 = VECTOR ( 'NONE', #2533, 1000.000000000000000 ) ;
#347 = CARTESIAN_POINT ( 'NONE',  ( -15.00000000000000000, 0.000000000000000000, -26.60000000000000853 ) ) ;
#348 = FACE_OUTER_BOUND ( 'NONE', #2028, .T. ) ;
#349 = FACE_OUTER_BOUND ( 'NONE', #1568, .T. ) ;
#350 = VECTOR ( 'NONE', #1569, 1000.000000000000000 ) ;
#351 = ORIENTED_EDGE ( 'NONE', *, *, #916, .T. ) ;
#352 = DIRECTION ( 'NONE',  ( 1.000000000000000000, 0.000000000000000000, 0.000000000000000000 ) ) ;
#353 = CARTESIAN_POINT ( 'NONE',  ( 15.00000000000000000, -13.00000000000000000, -26.60000000000000853 ) ) ;
#354 = EDGE_LOOP ( 'NONE', ( #1957, #2000, #98, #1985 ) ) ;
#355 = ORIENTED_EDGE ( 'NONE', *, *, #1290, .F. ) ;
#356 = DIRECTION ( 'NONE',  ( 1.000000000000000000, 0.000000000000000000, -0.000000000000000000 ) ) ;
#357 = DIRECTION ( 'NONE',  ( 0.000000000000000000, 0.000000000000000000, -1.000000000000000000 ) ) ;
#358 = AXIS2_PLACEMENT_3D ( 'NONE', #2301, #2088, #2518 ) ;
#359 = EDGE_CURVE ( 'NONE', #792, #1111, #343, .T. ) ;
#360 = EDGE_LOOP ( 'NONE', ( #1501, #708, #1822, #2215 ) ) ;
#361 = VECTOR ( 'NONE', #1705, 1000.000000000000000 ) ;
#362 = AXIS2_PLACEMENT_3D ( 'NONE', #1225, #2778, #2530 ) ;
#363 = EDGE_CURVE ( 'NONE', #1489, #561, #1355, .T. ) ;
#364 = DIRECTION ( 'NONE',  ( 1.000000000000000000, 0.000000000000000000, 0.000000000000000000 ) ) ;
#365 = DIRECTION ( 'NONE',  ( -0.000000000000000000, 1.000000000000000000, -0.000000000000000000 ) ) ;
#366 = CARTESIAN_POINT ( 'NONE',  ( 14.09999999999999432, -5.500000000000000000, -16.60000000000000142 ) ) ;
#367 = LINE ( 'NONE', #25, #1220 ) ;
#368 = VERTEX_POINT ( 'NONE', #2825 ) ;
#369 = CARTESIAN_POINT ( 'NONE',  ( 0.000000000000000000, -13.99999999999999822, -17.43835307503515608 ) ) ;
#370 = CARTESIAN_POINT ( 'NONE',  ( -8.100000000000001421, -5.500000000000000000, -23.60000000000000853 ) ) ;
#371 = ORIENTED_EDGE ( 'NONE', *, *, #2453, .T. ) ;
#372 = ORIENTED_EDGE ( 'NONE', *, *, #344, .T. ) ;
#373 = CARTESIAN_POINT ( 'NONE',  ( -2.000000000000016875, 3.000000000000002665, 6.559999999999986287 ) ) ;
#374 = CARTESIAN_POINT ( 'NONE',  ( 8.099999999999996092, -5.500000000000000000, -22.60000000000001208 ) ) ;
#375 = ORIENTED_EDGE ( 'NONE', *, *, #1048, .F. ) ;
#376 = DIRECTION ( 'NONE',  ( -0.000000000000000000, -0.000000000000000000, 1.000000000000000000 ) ) ;
#377 = CARTESIAN_POINT ( 'NONE',  ( -5.800000000000000711, 9.999999999999998224, -11.54000000000000448 ) ) ;
#378 = LINE ( 'NONE', #1256, #794 ) ;
#379 = DIRECTION ( 'NONE',  ( -0.000000000000000000, -1.000000000000000000, -0.000000000000000000 ) ) ;
#380 = ORIENTED_EDGE ( 'NONE', *, *, #1044, .F. ) ;
#381 = EDGE_CURVE ( 'NONE', #721, #319, #2605, .T. ) ;
#382 = CARTESIAN_POINT ( 'NONE',  ( 11.09999999999999076, -11.49999999999999645, -19.60000000000000497 ) ) ;
#383 = LINE ( 'NONE', #370, #1740 ) ;
#384 = ORIENTED_EDGE ( 'NONE', *, *, #957, .F. ) ;
#385 = CARTESIAN_POINT ( 'NONE',  ( 15.00000000000000000, 0.000000000000000000, -21.60000000000000853 ) ) ;
#386 = DIRECTION ( 'NONE',  ( -1.000000000000000000, 0.000000000000000000, 0.000000000000000000 ) ) ;
#387 = ORIENTED_EDGE ( 'NONE', *, *, #310, .T. ) ;
#388 = CARTESIAN_POINT ( 'NONE',  ( 2.999999999999983569, -13.99999999999999822, -2.370000000000013429 ) ) ;
#389 = AXIS2_PLACEMENT_3D ( 'NONE', #461, #1997, #1340 ) ;
#390 =( NAMED_UNIT ( * ) PLANE_ANGLE_UNIT ( ) SI_UNIT ( $, .RADIAN. ) );
#391 = CARTESIAN_POINT ( 'NONE',  ( -4.000000000000017764, -5.500000000000000000, -1.405000000000013349 ) ) ;
#392 = CARTESIAN_POINT ( 'NONE',  ( 11.09999999999999076, -12.99999999999999822, -21.10000000000000853 ) ) ;
#393 = DIRECTION ( 'NONE',  ( 0.000000000000000000, 0.000000000000000000, 1.000000000000000000 ) ) ;
#394 = VECTOR ( 'NONE', #1587, 1000.000000000000000 ) ;
#395 = AXIS2_PLACEMENT_3D ( 'NONE', #1164, #2470, #1783 ) ;
#396 = VERTEX_POINT ( 'NONE', #1145 ) ;
#397 = VECTOR ( 'NONE', #419, 1000.000000000000000 ) ;
#398 = CARTESIAN_POINT ( 'NONE',  ( -18.50000000000000000, -13.00000000000000000, 8.399999999999987921 ) ) ;
#399 = EDGE_CURVE ( 'NONE', #13, #611, #2132, .T. ) ;
#400 = DIRECTION ( 'NONE',  ( -0.000000000000000000, -1.000000000000000000, 0.000000000000000000 ) ) ;
#401 = EDGE_LOOP ( 'NONE', ( #2078, #1906, #1058, #458 ) ) ;
#402 = CARTESIAN_POINT ( 'NONE',  ( -14.10000000000000675, -5.500000000000000000, -16.60000000000000497 ) ) ;
#403 = DIRECTION ( 'NONE',  ( -1.000000000000000000, 0.000000000000000000, 0.000000000000000000 ) ) ;
#404 = EDGE_LOOP ( 'NONE', ( #2414, #706, #417, #2134 ) ) ;
#405 = CARTESIAN_POINT ( 'NONE',  ( -8.100000000000001421, -11.50000000000000000, -23.60000000000000853 ) ) ;
#406 = DIRECTION ( 'NONE',  ( -7.228014483236697048E-17, 0.000000000000000000, -1.000000000000000000 ) ) ;
#407 = VECTOR ( 'NONE', #2030, 1000.000000000000000 ) ;
#408 = DIRECTION ( 'NONE',  ( 1.000000000000000000, 0.000000000000000000, 0.000000000000000000 ) ) ;
#409 = PLANE ( 'NONE',  #119 ) ;
#410 = ORIENTED_EDGE ( 'NONE', *, *, #500, .F. ) ;
#411 = PLANE ( 'NONE',  #1514 ) ;
#412 = VECTOR ( 'NONE', #974, 1000.000000000000000 ) ;
#413 = CARTESIAN_POINT ( 'NONE',  ( 1.999999999999982236, -13.99999999999999822, 6.559999999999986287 ) ) ;
#414 = VERTEX_POINT ( 'NONE', #2026 ) ;
#415 = EDGE_CURVE ( 'NONE', #1681, #1806, #1598, .T. ) ;
#416 = DIRECTION ( 'NONE',  ( 1.000000000000000000, 0.000000000000000000, -0.000000000000000000 ) ) ;
#417 = ORIENTED_EDGE ( 'NONE', *, *, #682, .F. ) ;
#418 = EDGE_CURVE ( 'NONE', #124, #19, #65, .T. ) ;
#419 = DIRECTION ( 'NONE',  ( -1.000000000000000000, 0.000000000000000000, 1.239088197126290817E-16 ) ) ;
#420 = DIRECTION ( 'NONE',  ( -0.000000000000000000, -1.000000000000000000, -0.000000000000000000 ) ) ;
#421 = FACE_OUTER_BOUND ( 'NONE', #2178, .T. ) ;
#422 = FACE_BOUND ( 'NONE', #2466, .T. ) ;
#423 = VERTEX_POINT ( 'NONE', #292 ) ;
#424 = CARTESIAN_POINT ( 'NONE',  ( -15.27500000000000746, -13.00000000000000000, -16.60000000000000853 ) ) ;
#425 =( LENGTH_UNIT ( ) NAMED_UNIT ( * ) SI_UNIT ( .MILLI., .METRE. ) );
#426 = ORIENTED_EDGE ( 'NONE', *, *, #2528, .T. ) ;
#427 = CARTESIAN_POINT ( 'NONE',  ( 15.09999999999999609, -11.50000000000000000, -16.60000000000000142 ) ) ;
#428 = EDGE_LOOP ( 'NONE', ( #1927, #1774 ) ) ;
#429 = VERTEX_POINT ( 'NONE', #1803 ) ;
#430 = DIRECTION ( 'NONE',  ( -0.000000000000000000, -1.000000000000000000, -0.000000000000000000 ) ) ;
#431 = VECTOR ( 'NONE', #881, 1000.000000000000000 ) ;
#432 = ADVANCED_FACE ( 'NONE', ( #2036 ), #1383, .F. ) ;
#433 = FACE_OUTER_BOUND ( 'NONE', #404, .T. ) ;
#434 = DIRECTION ( 'NONE',  ( -0.000000000000000000, 0.000000000000000000, 1.000000000000000000 ) ) ;
#435 = FACE_BOUND ( 'NONE', #2199, .T. ) ;
#436 = ORIENTED_EDGE ( 'NONE', *, *, #1029, .T. ) ;
#437 = AXIS2_PLACEMENT_3D ( 'NONE', #81, #2420, #449 ) ;
#438 = DIRECTION ( 'NONE',  ( 0.000000000000000000, 0.000000000000000000, 1.000000000000000000 ) ) ;
#439 = VECTOR ( 'NONE', #1257, 1000.000000000000000 ) ;
#440 = ORIENTED_EDGE ( 'NONE', *, *, #1348, .F. ) ;
#441 = LINE ( 'NONE', #1137, #258 ) ;
#442 = ORIENTED_EDGE ( 'NONE', *, *, #2341, .F. ) ;
#443 = VERTEX_POINT ( 'NONE', #1169 ) ;
#444 = LINE ( 'NONE', #597, #2091 ) ;
#445 = EDGE_CURVE ( 'NONE', #1276, #1895, #753, .T. ) ;
#446 = VERTEX_POINT ( 'NONE', #1583 ) ;
#447 = CARTESIAN_POINT ( 'NONE',  ( 2.999999999999982236, -5.500000000000000000, -0.4050000000000142930 ) ) ;
#448 = EDGE_CURVE ( 'NONE', #1806, #2794, #2462, .T. ) ;
#449 = DIRECTION ( 'NONE',  ( 0.000000000000000000, 0.000000000000000000, -1.000000000000000000 ) ) ;
#450 = CARTESIAN_POINT ( 'NONE',  ( 14.27499999999998792, -13.99999999999999822, -17.60000000000000497 ) ) ;
#451 = ORIENTED_EDGE ( 'NONE', *, *, #620, .T. ) ;
#452 = CARTESIAN_POINT ( 'NONE',  ( -15.27500000000000746, -13.99999999999999822, -16.60000000000000853 ) ) ;
#453 = PRODUCT_DEFINITION_FORMATION_WITH_SPECIFIED_SOURCE ( 'ANY', '', #820, .NOT_KNOWN. ) ;
#454 = DIRECTION ( 'NONE',  ( -0.000000000000000000, -1.000000000000000000, -0.000000000000000000 ) ) ;
#455 = EDGE_CURVE ( 'NONE', #1579, #678, #2730, .T. ) ;
#456 = CARTESIAN_POINT ( 'NONE',  ( -4.000000000000016875, -5.500000000000000000, 6.594999999999988205 ) ) ;
#457 = EDGE_LOOP ( 'NONE', ( #1194, #997, #705, #1829 ) ) ;
#458 = ORIENTED_EDGE ( 'NONE', *, *, #2025, .T. ) ;
#459 = CARTESIAN_POINT ( 'NONE',  ( -15.00000000000000000, -13.00000000000000000, -25.10000000000000853 ) ) ;
#460 = ORIENTED_EDGE ( 'NONE', *, *, #991, .T. ) ;
#461 = CARTESIAN_POINT ( 'NONE',  ( -14.27500000000000568, 3.000000000000002665, -17.60000000000000853 ) ) ;
#462 = CARTESIAN_POINT ( 'NONE',  ( -4.000000000000017764, -5.500000000000000000, -1.405000000000013349 ) ) ;
#463 = DIRECTION ( 'NONE',  ( -0.000000000000000000, -0.000000000000000000, 1.000000000000000000 ) ) ;
#464 = ORIENTED_EDGE ( 'NONE', *, *, #482, .F. ) ;
#465 = CARTESIAN_POINT ( 'NONE',  ( 7.924999999999992717, -13.99999999999999822, -21.60000000000000853 ) ) ;
#466 = VECTOR ( 'NONE', #352, 1000.000000000000000 ) ;
#467 = DIRECTION ( 'NONE',  ( -1.000000000000000000, -0.000000000000000000, -0.000000000000000000 ) ) ;
#468 = EDGE_CURVE ( 'NONE', #87, #721, #2711, .T. ) ;
#469 = CARTESIAN_POINT ( 'NONE',  ( 0.000000000000000000, -13.00000000000000000, -20.43835307503515963 ) ) ;
#470 = ORIENTED_EDGE ( 'NONE', *, *, #399, .F. ) ;
#471 = ORIENTED_EDGE ( 'NONE', *, *, #307, .T. ) ;
#472 = DIRECTION ( 'NONE',  ( 0.000000000000000000, 0.000000000000000000, -1.000000000000000000 ) ) ;
#473 = VERTEX_POINT ( 'NONE', #282 ) ;
#474 = DIRECTION ( 'NONE',  ( -0.000000000000000000, 1.000000000000000000, -0.000000000000000000 ) ) ;
#475 = CARTESIAN_POINT ( 'NONE',  ( -3.000000000000016431, -11.50000000000000000, 5.594999999999989093 ) ) ;
#476 = ORIENTED_EDGE ( 'NONE', *, *, #2250, .F. ) ;
#477 = CARTESIAN_POINT ( 'NONE',  ( 20.00000000000000000, -13.00000000000000000, -21.60000000000000853 ) ) ;
#478 = CIRCLE ( 'NONE', #1395, 5.000000000000000888 ) ;
#479 = EDGE_CURVE ( 'NONE', #414, #146, #1158, .T. ) ;
#480 = LINE ( 'NONE', #1797, #1236 ) ;
#481 = CARTESIAN_POINT ( 'NONE',  ( -15.00000000000000000, -13.00000000000000000, 13.39999999999998792 ) ) ;
#482 = EDGE_CURVE ( 'NONE', #1126, #1533, #915, .T. ) ;
#483 = AXIS2_PLACEMENT_3D ( 'NONE', #2104, #1012, #791 ) ;
#484 = ORIENTED_EDGE ( 'NONE', *, *, #1887, .F. ) ;
#485 = EDGE_LOOP ( 'NONE', ( #2458, #1616, #641, #238, #1580, #264, #629, #1704 ) ) ;
#486 = CARTESIAN_POINT ( 'NONE',  ( 18.50000000000000000, -13.00000000000000000, -21.60000000000000853 ) ) ;
#487 = VECTOR ( 'NONE', #984, 1000.000000000000000 ) ;
#488 = ORIENTED_EDGE ( 'NONE', *, *, #787, .T. ) ;
#489 = DIRECTION ( 'NONE',  ( 1.000000000000000000, 0.000000000000000000, -1.239088197126290817E-16 ) ) ;
#490 = ADVANCED_FACE ( 'NONE', ( #517 ), #1564, .F. ) ;
#491 = CARTESIAN_POINT ( 'NONE',  ( 2.800000000000000266, 9.999999999999998224, -21.14000000000000767 ) ) ;
#492 = ORIENTED_EDGE ( 'NONE', *, *, #445, .F. ) ;
#493 = FACE_OUTER_BOUND ( 'NONE', #1844, .T. ) ;
#494 = CARTESIAN_POINT ( 'NONE',  ( -15.27500000000000746, -13.99999999999999822, -22.60000000000000853 ) ) ;
#495 = CIRCLE ( 'NONE', #2608, 1.000000000000000888 ) ;
#496 = DIRECTION ( 'NONE',  ( 0.9544799780350297080, -0.000000000000000000, 0.2982749931359467976 ) ) ;
#497 = AXIS2_PLACEMENT_3D ( 'NONE', #2323, #2297, #1019 ) ;
#498 = CARTESIAN_POINT ( 'NONE',  ( 15.00000000000000000, -13.00000000000000000, 8.399999999999987921 ) ) ;
#499 = AXIS2_PLACEMENT_3D ( 'NONE', #1349, #1576, #2225 ) ;
#500 = EDGE_CURVE ( 'NONE', #954, #443, #1613, .T. ) ;
#501 = ORIENTED_EDGE ( 'NONE', *, *, #2702, .F. ) ;
#502 = EDGE_LOOP ( 'NONE', ( #2822, #1530, #2473, #675, #2647, #2500, #2587, #2682 ) ) ;
#503 = DIRECTION ( 'NONE',  ( 0.000000000000000000, 0.000000000000000000, -1.000000000000000000 ) ) ;
#504 = EDGE_CURVE ( 'NONE', #2728, #843, #2691, .T. ) ;
#505 = CARTESIAN_POINT ( 'NONE',  ( -2.000000000000016875, 3.000000000000002665, -1.370000000000013651 ) ) ;
#506 = CARTESIAN_POINT ( 'NONE',  ( -15.27500000000000746, -13.99999999999999822, -16.60000000000000853 ) ) ;
#507 = VERTEX_POINT ( 'NONE', #2256 ) ;
#508 = ORIENTED_EDGE ( 'NONE', *, *, #2308, .F. ) ;
#509 = LINE ( 'NONE', #494, #2101 ) ;
#510 = DIRECTION ( 'NONE',  ( -1.000000000000000000, 0.000000000000000000, 0.000000000000000000 ) ) ;
#511 = VERTEX_POINT ( 'NONE', #1575 ) ;
#512 = VERTEX_POINT ( 'NONE', #1796 ) ;
#513 = DIRECTION ( 'NONE',  ( 1.000000000000000000, 0.000000000000000000, 0.000000000000000000 ) ) ;
#514 = EDGE_CURVE ( 'NONE', #2206, #62, #2439, .T. ) ;
#515 = ORIENTED_EDGE ( 'NONE', *, *, #2243, .T. ) ;
#516 = CARTESIAN_POINT ( 'NONE',  ( 15.27499999999998614, -13.00000000000000000, -16.60000000000000497 ) ) ;
#517 = FACE_OUTER_BOUND ( 'NONE', #157, .T. ) ;
#518 = VECTOR ( 'NONE', #2433, 1000.000000000000000 ) ;
#519 = DIRECTION ( 'NONE',  ( 0.000000000000000000, 0.000000000000000000, -1.000000000000000000 ) ) ;
#520 = VECTOR ( 'NONE', #1050, 1000.000000000000000 ) ;
#521 = ORIENTED_EDGE ( 'NONE', *, *, #2484, .T. ) ;
#522 = ORIENTED_EDGE ( 'NONE', *, *, #2042, .F. ) ;
#523 = DIRECTION ( 'NONE',  ( 1.000000000000000000, 0.000000000000000000, 0.000000000000000000 ) ) ;
#524 = VECTOR ( 'NONE', #1483, 1000.000000000000000 ) ;
#525 = EDGE_CURVE ( 'NONE', #1715, #1841, #296, .T. ) ;
#526 = ORIENTED_EDGE ( 'NONE', *, *, #2443, .F. ) ;
#527 = CARTESIAN_POINT ( 'NONE',  ( 1.836970198721030674E-16, -12.99999999999999822, 4.094999999999985540 ) ) ;
#528 = EDGE_CURVE ( 'NONE', #744, #507, #2451, .T. ) ;
#529 = EDGE_CURVE ( 'NONE', #626, #921, #2471, .T. ) ;
#530 = CARTESIAN_POINT ( 'NONE',  ( 15.09999999999999609, -5.500000000000000000, -23.60000000000000853 ) ) ;
#531 = ORIENTED_EDGE ( 'NONE', *, *, #909, .F. ) ;
#532 = DIRECTION ( 'NONE',  ( 0.000000000000000000, 0.000000000000000000, -1.000000000000000000 ) ) ;
#533 = FACE_OUTER_BOUND ( 'NONE', #280, .T. ) ;
#534 = ORIENTED_EDGE ( 'NONE', *, *, #1987, .F. ) ;
#535 = ORIENTED_EDGE ( 'NONE', *, *, #2358, .F. ) ;
#536 = VECTOR ( 'NONE', #256, 1000.000000000000000 ) ;
#537 = CARTESIAN_POINT ( 'NONE',  ( -15.27500000000000746, -13.00000000000000000, -16.60000000000000853 ) ) ;
#538 = VECTOR ( 'NONE', #2409, 1000.000000000000000 ) ;
#539 = DIRECTION ( 'NONE',  ( -0.000000000000000000, 0.000000000000000000, 1.000000000000000000 ) ) ;
#540 = ORIENTED_EDGE ( 'NONE', *, *, #137, .T. ) ;
#541 = CYLINDRICAL_SURFACE ( 'NONE', #1614, 1.000000000000000888 ) ;
#542 = LINE ( 'NONE', #1423, #269 ) ;
#543 = CARTESIAN_POINT ( 'NONE',  ( 0.000000000000000000, -12.99999999999999822, 2.594999999999985985 ) ) ;
#544 = VERTEX_POINT ( 'NONE', #2482 ) ;
#545 = CARTESIAN_POINT ( 'NONE',  ( -3.000000000000015543, -13.99999999999999822, -2.370000000000013429 ) ) ;
#546 = EDGE_CURVE ( 'NONE', #678, #808, #268, .T. ) ;
#547 = DIRECTION ( 'NONE',  ( 0.000000000000000000, 1.000000000000000000, 0.000000000000000000 ) ) ;
#548 = ORIENTED_EDGE ( 'NONE', *, *, #1048, .T. ) ;
#549 = ORIENTED_EDGE ( 'NONE', *, *, #1082, .T. ) ;
#550 = LINE ( 'NONE', #1432, #2755 ) ;
#551 = CARTESIAN_POINT ( 'NONE',  ( 6.924999999999993605, -13.00000000000000000, -22.60000000000000853 ) ) ;
#552 = FACE_OUTER_BOUND ( 'NONE', #2740, .T. ) ;
#553 = FACE_OUTER_BOUND ( 'NONE', #2632, .T. ) ;
#554 = DIRECTION ( 'NONE',  ( 0.000000000000000000, 0.000000000000000000, -1.000000000000000000 ) ) ;
#555 = CARTESIAN_POINT ( 'NONE',  ( -15.10000000000000497, -5.500000000000000000, -16.60000000000000497 ) ) ;
#556 = VERTEX_POINT ( 'NONE', #2001 ) ;
#557 = CARTESIAN_POINT ( 'NONE',  ( 14.09999999999999432, -5.500000000000000000, -22.60000000000000853 ) ) ;
#558 = ADVANCED_FACE ( 'NONE', ( #944 ), #929, .F. ) ;
#559 = AXIS2_PLACEMENT_3D ( 'NONE', #166, #222, #838 ) ;
#560 = DIRECTION ( 'NONE',  ( 0.000000000000000000, 0.000000000000000000, -1.000000000000000000 ) ) ;
#561 = VERTEX_POINT ( 'NONE', #309 ) ;
#562 = ORIENTED_EDGE ( 'NONE', *, *, #18, .F. ) ;
#563 = DIRECTION ( 'NONE',  ( -1.000000000000000000, -0.000000000000000000, -0.000000000000000000 ) ) ;
#564 = PLANE ( 'NONE',  #2780 ) ;
#565 = VECTOR ( 'NONE', #1727, 999.9999999999998863 ) ;
#566 = VECTOR ( 'NONE', #1130, 1000.000000000000000 ) ;
#567 = ORIENTED_EDGE ( 'NONE', *, *, #1348, .T. ) ;
#568 = CARTESIAN_POINT ( 'NONE',  ( 14.09999999999999432, -5.500000000000000000, -16.60000000000000142 ) ) ;
#569 = VECTOR ( 'NONE', #766, 1000.000000000000000 ) ;
#570 = EDGE_CURVE ( 'NONE', #2777, #512, #509, .T. ) ;
#571 = DIRECTION ( 'NONE',  ( -0.000000000000000000, -1.000000000000000000, 0.000000000000000000 ) ) ;
#572 = DIRECTION ( 'NONE',  ( -0.000000000000000000, -0.000000000000000000, -1.000000000000000000 ) ) ;
#573 = DIRECTION ( 'NONE',  ( 0.000000000000000000, 0.000000000000000000, -1.000000000000000000 ) ) ;
#574 = VECTOR ( 'NONE', #2588, 1000.000000000000000 ) ;
#575 = ORIENTED_EDGE ( 'NONE', *, *, #546, .F. ) ;
#576 = CARTESIAN_POINT ( 'NONE',  ( -6.925000000000007816, -13.00000000000000000, -16.60000000000000853 ) ) ;
#577 = DIRECTION ( 'NONE',  ( -1.000000000000000000, 0.000000000000000000, -0.000000000000000000 ) ) ;
#578 = ORIENTED_EDGE ( 'NONE', *, *, #871, .F. ) ;
#579 = VERTEX_POINT ( 'NONE', #254 ) ;
#580 = LINE ( 'NONE', #1237, #1373 ) ;
#581 = CARTESIAN_POINT ( 'NONE',  ( -20.00000000000000000, -13.00000000000000000, -21.60000000000000853 ) ) ;
#582 = UNCERTAINTY_MEASURE_WITH_UNIT (LENGTH_MEASURE( 1.000000000000000082E-05 ), #425, 'distance_accuracy_value', 'NONE');
#583 = VECTOR ( 'NONE', #1970, 1000.000000000000000 ) ;
#584 = ORIENTED_EDGE ( 'NONE', *, *, #525, .T. ) ;
#585 = EDGE_CURVE ( 'NONE', #579, #1294, #1387, .T. ) ;
#586 = DIRECTION ( 'NONE',  ( -0.000000000000000000, -1.000000000000000000, -0.000000000000000000 ) ) ;
#587 = PLANE ( 'NONE',  #2592 ) ;
#588 = CARTESIAN_POINT ( 'NONE',  ( 7.099999999999995204, -11.50000000000000000, -16.60000000000000142 ) ) ;
#589 = PLANE ( 'NONE',  #2143 ) ;
#590 = ORIENTED_EDGE ( 'NONE', *, *, #1500, .T. ) ;
#591 = CARTESIAN_POINT ( 'NONE',  ( -11.10000000000000675, -11.49999999999999645, -19.60000000000000497 ) ) ;
#592 = CARTESIAN_POINT ( 'NONE',  ( -11.10000000000000675, -12.99999999999999822, -21.10000000000000853 ) ) ;
#593 = EDGE_LOOP ( 'NONE', ( #2295, #1380, #1761, #371 ) ) ;
#594 = DIRECTION ( 'NONE',  ( 0.000000000000000000, -0.000000000000000000, 1.000000000000000000 ) ) ;
#595 = DIRECTION ( 'NONE',  ( -0.000000000000000000, 0.000000000000000000, 1.000000000000000000 ) ) ;
#596 = ORIENTED_EDGE ( 'NONE', *, *, #2422, .T. ) ;
#597 = CARTESIAN_POINT ( 'NONE',  ( 15.27499999999998614, -13.99999999999999822, -22.60000000000000853 ) ) ;
#598 = AXIS2_PLACEMENT_3D ( 'NONE', #382, #2567, #999 ) ;
#599 = EDGE_CURVE ( 'NONE', #368, #1173, #2687, .T. ) ;
#600 = CARTESIAN_POINT ( 'NONE',  ( -6.925000000000007816, -13.99999999999999822, -16.60000000000000853 ) ) ;
#601 = DIRECTION ( 'NONE',  ( -1.000000000000000000, 0.000000000000000000, 0.000000000000000000 ) ) ;
#602 = EDGE_CURVE ( 'NONE', #1574, #2642, #2266, .T. ) ;
#603 = FACE_OUTER_BOUND ( 'NONE', #339, .T. ) ;
#604 = EDGE_LOOP ( 'NONE', ( #1830, #26, #650, #2111 ) ) ;
#605 = FACE_OUTER_BOUND ( 'NONE', #757, .T. ) ;
#606 = CARTESIAN_POINT ( 'NONE',  ( -14.10000000000000497, -11.50000000000000000, -22.60000000000000853 ) ) ;
#607 = ORIENTED_EDGE ( 'NONE', *, *, #2156, .F. ) ;
#608 = ADVANCED_FACE ( 'NONE', ( #2468 ), #2055, .F. ) ;
#609 = PLANE ( 'NONE',  #1447 ) ;
#610 = DIRECTION ( 'NONE',  ( 0.000000000000000000, -1.000000000000000000, 0.000000000000000000 ) ) ;
#611 = VERTEX_POINT ( 'NONE', #742 ) ;
#612 = FACE_OUTER_BOUND ( 'NONE', #233, .T. ) ;
#613 = VECTOR ( 'NONE', #1370, 1000.000000000000000 ) ;
#614 = FACE_OUTER_BOUND ( 'NONE', #2316, .T. ) ;
#615 = PLANE ( 'NONE',  #1766 ) ;
#616 = DIRECTION ( 'NONE',  ( 0.000000000000000000, 0.000000000000000000, 1.000000000000000000 ) ) ;
#617 = AXIS2_PLACEMENT_3D ( 'NONE', #1481, #1919, #1872 ) ;
#618 = VECTOR ( 'NONE', #2302, 1000.000000000000000 ) ;
#619 = VERTEX_POINT ( 'NONE', #2656 ) ;
#620 = EDGE_CURVE ( 'NONE', #1895, #1276, #495, .T. ) ;
#621 = EDGE_CURVE ( 'NONE', #2642, #2326, #1889, .T. ) ;
#622 = VECTOR ( 'NONE', #2187, 1000.000000000000000 ) ;
#623 = LINE ( 'NONE', #424, #1415 ) ;
#624 = LINE ( 'NONE', #1232, #1834 ) ;
#625 = ADVANCED_FACE ( 'NONE', ( #1860 ), #106, .F. ) ;
#626 = VERTEX_POINT ( 'NONE', #1903 ) ;
#627 = CARTESIAN_POINT ( 'NONE',  ( -18.50000000000000000, -3.469446951953614189E-15, -21.60000000000000853 ) ) ;
#628 = PLANE ( 'NONE',  #1845 ) ;
#629 = ORIENTED_EDGE ( 'NONE', *, *, #2835, .F. ) ;
#630 = VECTOR ( 'NONE', #1684, 1000.000000000000000 ) ;
#631 = PLANE ( 'NONE',  #1726 ) ;
#632 = CARTESIAN_POINT ( 'NONE',  ( -15.00000000000000000, -13.00000000000000000, 8.399999999999987921 ) ) ;
#633 = VECTOR ( 'NONE', #1751, 1000.000000000000000 ) ;
#634 = VECTOR ( 'NONE', #1734, 1000.000000000000000 ) ;
#635 = LINE ( 'NONE', #1965, #1304 ) ;
#636 = FACE_BOUND ( 'NONE', #428, .T. ) ;
#637 = ORIENTED_EDGE ( 'NONE', *, *, #1222, .F. ) ;
#638 = CARTESIAN_POINT ( 'NONE',  ( 15.00000000000000000, -13.00000000000000000, -21.60000000000000853 ) ) ;
#639 = AXIS2_PLACEMENT_3D ( 'NONE', #2168, #841, #1716 ) ;
#640 = CARTESIAN_POINT ( 'NONE',  ( -15.10000000000000142, -11.50000000000000000, -23.60000000000001208 ) ) ;
#641 = ORIENTED_EDGE ( 'NONE', *, *, #2328, .F. ) ;
#642 = LINE ( 'NONE', #2627, #1002 ) ;
#643 = EDGE_CURVE ( 'NONE', #2334, #2337, #2766, .T. ) ;
#644 = VERTEX_POINT ( 'NONE', #1186 ) ;
#645 = LINE ( 'NONE', #405, #574 ) ;
#646 =( LENGTH_UNIT ( ) NAMED_UNIT ( * ) SI_UNIT ( .MILLI., .METRE. ) );
#647 = CARTESIAN_POINT ( 'NONE',  ( -2.000000000000015987, -13.00000000000000000, -1.370000000000013651 ) ) ;
#648 = CARTESIAN_POINT ( 'NONE',  ( 15.09999999999999609, -11.50000000000000000, -23.60000000000001208 ) ) ;
#649 = CARTESIAN_POINT ( 'NONE',  ( 1.999999999999983125, 3.000000000000002665, -1.370000000000013651 ) ) ;
#650 = ORIENTED_EDGE ( 'NONE', *, *, #2515, .T. ) ;
#651 = DIRECTION ( 'NONE',  ( -1.000000000000000000, -0.000000000000000000, -0.000000000000000000 ) ) ;
#652 = PLANE ( 'NONE',  #499 ) ;
#653 = EDGE_CURVE ( 'NONE', #797, #196, #1640, .T. ) ;
#654 = ORIENTED_EDGE ( 'NONE', *, *, #2827, .T. ) ;
#655 = DIRECTION ( 'NONE',  ( 0.000000000000000000, 0.000000000000000000, -1.000000000000000000 ) ) ;
#656 = ADVANCED_FACE ( 'NONE', ( #1437 ), #121, .F. ) ;
#657 = EDGE_CURVE ( 'NONE', #735, #691, #542, .T. ) ;
#658 = EDGE_LOOP ( 'NONE', ( #2287, #963, #1337, #740 ) ) ;
#659 = ORIENTED_EDGE ( 'NONE', *, *, #2052, .F. ) ;
#660 = LINE ( 'NONE', #2631, #2094 ) ;
#661 = VECTOR ( 'NONE', #1982, 1000.000000000000000 ) ;
#662 = ORIENTED_EDGE ( 'NONE', *, *, #2732, .T. ) ;
#663 = APPLICATION_PROTOCOL_DEFINITION ( 'draft international standard', 'automotive_design', 1998, #933 ) ;
#664 = PLANE ( 'NONE',  #1440 ) ;
#665 = AXIS2_PLACEMENT_3D ( 'NONE', #837, #365, #1683 ) ;
#666 = LINE ( 'NONE', #2590, #431 ) ;
#667 = CARTESIAN_POINT ( 'NONE',  ( 2.999999999999981792, -5.500000000000000000, 5.594999999999988205 ) ) ;
#668 = ORIENTED_EDGE ( 'NONE', *, *, #1014, .F. ) ;
#669 = VECTOR ( 'NONE', #2542, 1000.000000000000000 ) ;
#670 = LINE ( 'NONE', #2379, #688 ) ;
#671 = CARTESIAN_POINT ( 'NONE',  ( 14.27499999999998792, -13.99999999999999822, -17.60000000000000497 ) ) ;
#672 = AXIS2_PLACEMENT_3D ( 'NONE', #385, #1522, #1912 ) ;
#673 = VERTEX_POINT ( 'NONE', #777 ) ;
#674 = LINE ( 'NONE', #1550, #759 ) ;
#675 = ORIENTED_EDGE ( 'NONE', *, *, #737, .F. ) ;
#676 = ORIENTED_EDGE ( 'NONE', *, *, #2626, .T. ) ;
#677 = LINE ( 'NONE', #2431, #1631 ) ;
#678 = VERTEX_POINT ( 'NONE', #1210 ) ;
#679 = DIRECTION ( 'NONE',  ( 0.000000000000000000, 0.000000000000000000, 1.000000000000000000 ) ) ;
#680 = FACE_OUTER_BOUND ( 'NONE', #604, .T. ) ;
#681 = CARTESIAN_POINT ( 'NONE',  ( -8.100000000000003197, -11.50000000000000000, -22.60000000000000853 ) ) ;
#682 = EDGE_CURVE ( 'NONE', #1659, #1126, #995, .T. ) ;
#683 = ORIENTED_EDGE ( 'NONE', *, *, #989, .F. ) ;
#684 = AXIS2_PLACEMENT_3D ( 'NONE', #2688, #872, #29 ) ;
#685 = DIRECTION ( 'NONE',  ( 0.000000000000000000, 0.000000000000000000, -1.000000000000000000 ) ) ;
#686 =( GEOMETRIC_REPRESENTATION_CONTEXT ( 3 ) GLOBAL_UNCERTAINTY_ASSIGNED_CONTEXT ( ( #2837 ) ) GLOBAL_UNIT_ASSIGNED_CONTEXT ( ( #646, #390, #1743 ) ) REPRESENTATION_CONTEXT ( 'NONE', 'WORKASPACE' ) );
#687 = FACE_OUTER_BOUND ( 'NONE', #2789, .T. ) ;
#688 = VECTOR ( 'NONE', #1518, 1000.000000000000000 ) ;
#689 = CYLINDRICAL_SURFACE ( 'NONE', #1824, 5.000000000000000888 ) ;
#690 = ORIENTED_EDGE ( 'NONE', *, *, #2573, .T. ) ;
#691 = VERTEX_POINT ( 'NONE', #2065 ) ;
#692 = FACE_OUTER_BOUND ( 'NONE', #1013, .T. ) ;
#693 = VERTEX_POINT ( 'NONE', #588 ) ;
#694 = CARTESIAN_POINT ( 'NONE',  ( -3.000000000000016875, -13.00000000000000000, 7.559999999999986287 ) ) ;
#695 = EDGE_CURVE ( 'NONE', #511, #948, #1667, .T. ) ;
#696 = DIRECTION ( 'NONE',  ( -0.000000000000000000, -1.000000000000000000, -0.000000000000000000 ) ) ;
#697 = DIRECTION ( 'NONE',  ( -0.000000000000000000, 1.000000000000000000, -0.000000000000000000 ) ) ;
#698 = ORIENTED_EDGE ( 'NONE', *, *, #2537, .T. ) ;
#699 = EDGE_CURVE ( 'NONE', #544, #1092, #1453, .T. ) ;
#700 = DIRECTION ( 'NONE',  ( 0.000000000000000000, -1.000000000000000000, 0.000000000000000000 ) ) ;
#701 = VECTOR ( 'NONE', #799, 1000.000000000000000 ) ;
#702 = LINE ( 'NONE', #2440, #314 ) ;
#703 = LINE ( 'NONE', #287, #2011 ) ;
#704 = ADVANCED_FACE ( 'NONE', ( #751 ), #2503, .F. ) ;
#705 = ORIENTED_EDGE ( 'NONE', *, *, #570, .F. ) ;
#706 = ORIENTED_EDGE ( 'NONE', *, *, #1473, .F. ) ;
#707 = FACE_OUTER_BOUND ( 'NONE', #2727, .T. ) ;
#708 = ORIENTED_EDGE ( 'NONE', *, *, #2494, .F. ) ;
#709 = CARTESIAN_POINT ( 'NONE',  ( 5.800000000000000711, 9.999999999999998224, -11.54000000000000448 ) ) ;
#710 = CARTESIAN_POINT ( 'NONE',  ( 15.00000000000000000, 0.000000000000000000, 8.399999999999987921 ) ) ;
#711 = EDGE_LOOP ( 'NONE', ( #2628, #683, #853, #2322 ) ) ;
#712 = CARTESIAN_POINT ( 'NONE',  ( 14.09999999999999432, -11.50000000000000000, -16.60000000000000142 ) ) ;
#713 = CARTESIAN_POINT ( 'NONE',  ( -15.00000000000000000, -13.00000000000000000, -26.60000000000000853 ) ) ;
#714 = AXIS2_PLACEMENT_3D ( 'NONE', #54, #939, #2234 ) ;
#715 = ADVANCED_FACE ( 'NONE', ( #1409 ), #1469, .F. ) ;
#716 = EDGE_CURVE ( 'NONE', #1552, #62, #968, .T. ) ;
#717 = DIRECTION ( 'NONE',  ( 1.000000000000000000, 0.000000000000000000, 1.310214105722663983E-16 ) ) ;
#718 = DIRECTION ( 'NONE',  ( -0.000000000000000000, -1.000000000000000000, -0.000000000000000000 ) ) ;
#719 = ADVANCED_FACE ( 'NONE', ( #348 ), #1227, .F. ) ;
#720 = AXIS2_PLACEMENT_3D ( 'NONE', #667, #1544, #2013 ) ;
#721 = VERTEX_POINT ( 'NONE', #2724 ) ;
#722 = ORIENTED_EDGE ( 'NONE', *, *, #1808, .T. ) ;
#723 = CARTESIAN_POINT ( 'NONE',  ( -11.10000000000000675, 31.50000000000000000, -19.60000000000000497 ) ) ;
#724 = AXIS2_PLACEMENT_3D ( 'NONE', #1168, #892, #262 ) ;
#725 = DIRECTION ( 'NONE',  ( 0.000000000000000000, 1.000000000000000000, 0.000000000000000000 ) ) ;
#726 = CARTESIAN_POINT ( 'NONE',  ( -8.100000000000001421, -5.500000000000000000, -22.60000000000000853 ) ) ;
#727 = ORIENTED_EDGE ( 'NONE', *, *, #1176, .T. ) ;
#728 = CARTESIAN_POINT ( 'NONE',  ( 18.50000000000000000, 0.000000000000000000, -21.60000000000000853 ) ) ;
#729 = DIRECTION ( 'NONE',  ( -0.000000000000000000, -1.000000000000000000, -0.000000000000000000 ) ) ;
#730 = VECTOR ( 'NONE', #1823, 1000.000000000000000 ) ;
#731 = AXIS2_PLACEMENT_3D ( 'NONE', #86, #2305, #1880 ) ;
#732 = AXIS2_PLACEMENT_3D ( 'NONE', #373, #2125, #2171 ) ;
#733 = AXIS2_PLACEMENT_3D ( 'NONE', #971, #2122, #1275 ) ;
#734 = CARTESIAN_POINT ( 'NONE',  ( 15.09999999999999609, -5.500000000000000000, -16.60000000000000142 ) ) ;
#735 = VERTEX_POINT ( 'NONE', #2103 ) ;
#736 = VERTEX_POINT ( 'NONE', #2289 ) ;
#737 = EDGE_CURVE ( 'NONE', #1922, #1217, #2117, .T. ) ;
#738 = DIRECTION ( 'NONE',  ( -0.000000000000000000, 1.000000000000000000, -0.000000000000000000 ) ) ;
#739 = PLANE ( 'NONE',  #945 ) ;
#740 = ORIENTED_EDGE ( 'NONE', *, *, #1713, .T. ) ;
#741 = LINE ( 'NONE', #728, #1118 ) ;
#742 = CARTESIAN_POINT ( 'NONE',  ( 0.000000000000000000, -12.99999999999999822, 1.094999999999985540 ) ) ;
#743 = DIRECTION ( 'NONE',  ( -0.000000000000000000, -1.000000000000000000, -0.000000000000000000 ) ) ;
#744 = VERTEX_POINT ( 'NONE', #1196 ) ;
#745 = ORIENTED_EDGE ( 'NONE', *, *, #2676, .T. ) ;
#746 = DIRECTION ( 'NONE',  ( -1.084202172485504187E-16, 0.000000000000000000, -1.000000000000000000 ) ) ;
#747 = EDGE_CURVE ( 'NONE', #1636, #752, #2077, .T. ) ;
#748 = EDGE_CURVE ( 'NONE', #869, #1364, #2376, .T. ) ;
#749 = EDGE_LOOP ( 'NONE', ( #2461, #596, #779, #898, #1517 ) ) ;
#750 = PLANE ( 'NONE',  #2233 ) ;
#751 = FACE_OUTER_BOUND ( 'NONE', #2496, .T. ) ;
#752 = VERTEX_POINT ( 'NONE', #2391 ) ;
#753 = CIRCLE ( 'NONE', #2181, 1.000000000000000888 ) ;
#754 = DIRECTION ( 'NONE',  ( -0.000000000000000000, 1.000000000000000000, -0.000000000000000000 ) ) ;
#755 = CARTESIAN_POINT ( 'NONE',  ( -15.00000000000000000, 0.000000000000000000, -26.60000000000000853 ) ) ;
#756 = ORIENTED_EDGE ( 'NONE', *, *, #2243, .F. ) ;
#757 = EDGE_LOOP ( 'NONE', ( #2021, #1932, #6, #2063 ) ) ;
#758 = PLANE ( 'NONE',  #2747 ) ;
#759 = VECTOR ( 'NONE', #2347, 1000.000000000000000 ) ;
#760 = VECTOR ( 'NONE', #2402, 1000.000000000000000 ) ;
#761 = FACE_OUTER_BOUND ( 'NONE', #2291, .T. ) ;
#762 = ORIENTED_EDGE ( 'NONE', *, *, #748, .F. ) ;
#763 = ORIENTED_EDGE ( 'NONE', *, *, #1129, .T. ) ;
#764 = CARTESIAN_POINT ( 'NONE',  ( 2.999999999999982236, -13.99999999999999822, 7.559999999999986287 ) ) ;
#765 = EDGE_CURVE ( 'NONE', #1715, #1617, #207, .T. ) ;
#766 = DIRECTION ( 'NONE',  ( -1.000000000000000000, -0.000000000000000000, -0.000000000000000000 ) ) ;
#767 = ORIENTED_EDGE ( 'NONE', *, *, #1293, .F. ) ;
#768 = CARTESIAN_POINT ( 'NONE',  ( -2.800000000000000266, 9.999999999999998224, -15.54000000000000448 ) ) ;
#769 = LINE ( 'NONE', #2524, #1280 ) ;
#770 = ORIENTED_EDGE ( 'NONE', *, *, #261, .F. ) ;
#771 = EDGE_LOOP ( 'NONE', ( #1945, #637, #1184, #108 ) ) ;
#772 = VECTOR ( 'NONE', #547, 1000.000000000000000 ) ;
#773 = LINE ( 'NONE', #2113, #412 ) ;
#774 = DIRECTION ( 'NONE',  ( -0.000000000000000000, -0.000000000000000000, 1.000000000000000000 ) ) ;
#775 = ADVANCED_FACE ( 'NONE', ( #2635, #1515, #1745, #1297, #1935 ), #1040, .T. ) ;
#776 = DIRECTION ( 'NONE',  ( -0.000000000000000000, 1.000000000000000000, -0.000000000000000000 ) ) ;
#777 = CARTESIAN_POINT ( 'NONE',  ( 15.00000000000000000, 0.000000000000000000, -26.60000000000000853 ) ) ;
#778 = CARTESIAN_POINT ( 'NONE',  ( 15.27499999999998614, -13.99999999999999822, -16.60000000000000497 ) ) ;
#779 = ORIENTED_EDGE ( 'NONE', *, *, #2099, .F. ) ;
#780 = EDGE_CURVE ( 'NONE', #1403, #2005, #666, .T. ) ;
#781 = LINE ( 'NONE', #369, #2580 ) ;
#782 = PLANE ( 'NONE',  #123 ) ;
#783 = ORIENTED_EDGE ( 'NONE', *, *, #1347, .F. ) ;
#784 = VERTEX_POINT ( 'NONE', #648 ) ;
#785 = DIRECTION ( 'NONE',  ( -0.000000000000000000, -1.000000000000000000, -0.000000000000000000 ) ) ;
#786 = LINE ( 'NONE', #2159, #1539 ) ;
#787 = EDGE_CURVE ( 'NONE', #1642, #736, #1543, .T. ) ;
#788 = LINE ( 'NONE', #2560, #183 ) ;
#789 = CARTESIAN_POINT ( 'NONE',  ( -2.000000000000015987, -13.00000000000000000, -1.370000000000013651 ) ) ;
#790 = CARTESIAN_POINT ( 'NONE',  ( -7.925000000000006928, 3.000000000000002665, -21.60000000000000853 ) ) ;
#791 = DIRECTION ( 'NONE',  ( -1.000000000000000000, 0.000000000000000000, -0.000000000000000000 ) ) ;
#792 = VERTEX_POINT ( 'NONE', #822 ) ;
#793 = CARTESIAN_POINT ( 'NONE',  ( 2.800000000000000266, -0.5000000000000000000, -21.14000000000000767 ) ) ;
#794 = VECTOR ( 'NONE', #2130, 1000.000000000000000 ) ;
#795 = DIRECTION ( 'NONE',  ( -0.000000000000000000, -1.000000000000000000, -0.000000000000000000 ) ) ;
#796 = ORIENTED_EDGE ( 'NONE', *, *, #747, .F. ) ;
#797 = VERTEX_POINT ( 'NONE', #866 ) ;
#798 = CARTESIAN_POINT ( 'NONE',  ( -2.800000000000000266, 9.999999999999998224, -15.54000000000000448 ) ) ;
#799 = DIRECTION ( 'NONE',  ( -0.000000000000000000, -1.000000000000000000, -0.000000000000000000 ) ) ;
#800 = ADVANCED_FACE ( 'NONE', ( #2606 ), #615, .F. ) ;
#801 = VECTOR ( 'NONE', #1035, 1000.000000000000000 ) ;
#802 = ORIENTED_EDGE ( 'NONE', *, *, #2732, .F. ) ;
#803 = CYLINDRICAL_SURFACE ( 'NONE', #1328, 2.000000000000001776 ) ;
#804 = VECTOR ( 'NONE', #616, 1000.000000000000000 ) ;
#805 = LINE ( 'NONE', #377, #1356 ) ;
#806 = DIRECTION ( 'NONE',  ( 1.000000000000000000, 0.000000000000000000, 0.000000000000000000 ) ) ;
#807 = FACE_OUTER_BOUND ( 'NONE', #593, .T. ) ;
#808 = VERTEX_POINT ( 'NONE', #1498 ) ;
#809 = LINE ( 'NONE', #1879, #2720 ) ;
#810 = CARTESIAN_POINT ( 'NONE',  ( -15.10000000000000497, -5.500000000000000000, -16.60000000000000497 ) ) ;
#811 = EDGE_CURVE ( 'NONE', #2555, #954, #635, .T. ) ;
#812 = ORIENTED_EDGE ( 'NONE', *, *, #2068, .T. ) ;
#813 = ORIENTED_EDGE ( 'NONE', *, *, #1639, .F. ) ;
#814 = DIRECTION ( 'NONE',  ( 0.000000000000000000, 0.000000000000000000, -1.000000000000000000 ) ) ;
#815 = CARTESIAN_POINT ( 'NONE',  ( 2.800000000000000266, 9.999999999999998224, -15.54000000000000448 ) ) ;
#816 = AXIS2_PLACEMENT_3D ( 'NONE', #2538, #2093, #560 ) ;
#817 = ADVANCED_FACE ( 'NONE', ( #421 ), #2405, .F. ) ;
#818 = EDGE_LOOP ( 'NONE', ( #2264, #1003, #1325, #1365 ) ) ;
#819 = DIRECTION ( 'NONE',  ( -0.000000000000000000, -0.000000000000000000, 1.000000000000000000 ) ) ;
#820 = PRODUCT ( 'Back Part 1', 'Back Part 1', '', ( #1948 ) ) ;
#821 = CARTESIAN_POINT ( 'NONE',  ( 15.00000000000000000, -13.00000000000000000, 13.39999999999998792 ) ) ;
#822 = CARTESIAN_POINT ( 'NONE',  ( 1.224646799147352468E-16, -9.999999999999998224, -19.43835307503515608 ) ) ;
#823 = PLANE ( 'NONE',  #2188 ) ;
#824 = ADVANCED_FACE ( 'NONE', ( #11 ), #2193, .F. ) ;
#825 = ORIENTED_EDGE ( 'NONE', *, *, #1995, .T. ) ;
#826 = CARTESIAN_POINT ( 'NONE',  ( 6.924999999999993605, -13.99999999999999822, -22.60000000000000853 ) ) ;
#827 = CARTESIAN_POINT ( 'NONE',  ( -15.27500000000000746, -13.00000000000000000, -22.60000000000000853 ) ) ;
#828 = ORIENTED_EDGE ( 'NONE', *, *, #2386, .F. ) ;
#829 = DIRECTION ( 'NONE',  ( -0.000000000000000000, 1.000000000000000000, -0.000000000000000000 ) ) ;
#830 = DIRECTION ( 'NONE',  ( -0.000000000000000000, -1.000000000000000000, -0.000000000000000000 ) ) ;
#831 = EDGE_CURVE ( 'NONE', #1681, #1037, #1285, .T. ) ;
#832 = ORIENTED_EDGE ( 'NONE', *, *, #2395, .F. ) ;
#833 = DIRECTION ( 'NONE',  ( 1.000000000000000000, 0.000000000000000000, 0.000000000000000000 ) ) ;
#834 = VECTOR ( 'NONE', #2079, 1000.000000000000000 ) ;
#835 = EDGE_CURVE ( 'NONE', #2783, #124, #378, .T. ) ;
#836 = ADVANCED_FACE ( 'NONE', ( #194 ), #1698, .F. ) ;
#837 = CARTESIAN_POINT ( 'NONE',  ( 0.000000000000000000, -13.99999999999999822, -18.43835307503515608 ) ) ;
#838 = DIRECTION ( 'NONE',  ( -4.336808689942017736E-16, 0.000000000000000000, 1.000000000000000000 ) ) ;
#839 = FACE_BOUND ( 'NONE', #1686, .T. ) ;
#840 = VERTEX_POINT ( 'NONE', #1482 ) ;
#841 = DIRECTION ( 'NONE',  ( -0.000000000000000000, 1.000000000000000000, -0.000000000000000000 ) ) ;
#842 = DIRECTION ( 'NONE',  ( 0.000000000000000000, 1.000000000000000000, 0.000000000000000000 ) ) ;
#843 = VERTEX_POINT ( 'NONE', #392 ) ;
#844 = CARTESIAN_POINT ( 'NONE',  ( 20.00000000000000000, -13.00000000000000000, -21.60000000000000853 ) ) ;
#845 = DIRECTION ( 'NONE',  ( 0.000000000000000000, -0.000000000000000000, -1.000000000000000000 ) ) ;
#846 = ORIENTED_EDGE ( 'NONE', *, *, #2488, .F. ) ;
#847 = LINE ( 'NONE', #1917, #1084 ) ;
#848 = AXIS2_PLACEMENT_3D ( 'NONE', #27, #729, #685 ) ;
#849 = CARTESIAN_POINT ( 'NONE',  ( 11.09999999999999076, -11.49999999999999645, -21.10000000000000853 ) ) ;
#850 = DIRECTION ( 'NONE',  ( 1.000000000000000000, 0.000000000000000000, 0.000000000000000000 ) ) ;
#851 = LINE ( 'NONE', #2636, #1961 ) ;
#852 = CIRCLE ( 'NONE', #33, 2.000000000000001776 ) ;
#853 = ORIENTED_EDGE ( 'NONE', *, *, #1434, .T. ) ;
#854 = ADVANCED_FACE ( 'NONE', ( #2360 ), #1271, .F. ) ;
#855 = AXIS2_PLACEMENT_3D ( 'NONE', #232, #2357, #1511 ) ;
#856 = CARTESIAN_POINT ( 'NONE',  ( -15.27500000000000746, -13.99999999999999822, -22.60000000000000853 ) ) ;
#857 = CARTESIAN_POINT ( 'NONE',  ( 7.099999999999996092, -5.500000000000000000, -16.60000000000000142 ) ) ;
#858 = VERTEX_POINT ( 'NONE', #475 ) ;
#859 = CARTESIAN_POINT ( 'NONE',  ( 14.27499999999998792, -13.00000000000000000, -17.60000000000000497 ) ) ;
#860 = ORIENTED_EDGE ( 'NONE', *, *, #2504, .F. ) ;
#861 = AXIS2_PLACEMENT_3D ( 'NONE', #956, #2223, #2278 ) ;
#862 = DIRECTION ( 'NONE',  ( -0.000000000000000000, 1.000000000000000000, -0.000000000000000000 ) ) ;
#863 = DIRECTION ( 'NONE',  ( -1.000000000000000000, 0.000000000000000000, -1.310214105722663983E-16 ) ) ;
#864 = AXIS2_PLACEMENT_3D ( 'NONE', #2061, #2719, #1404 ) ;
#865 = AXIS2_PLACEMENT_3D ( 'NONE', #1856, #496, #1022 ) ;
#866 = CARTESIAN_POINT ( 'NONE',  ( 6.924999999999992717, -13.99999999999999822, -16.60000000000000497 ) ) ;
#867 = FACE_BOUND ( 'NONE', #2167, .T. ) ;
#868 = ADVANCED_FACE ( 'NONE', ( #2252 ), #1384, .F. ) ;
#869 = VERTEX_POINT ( 'NONE', #896 ) ;
#870 = LINE ( 'NONE', #1748, #538 ) ;
#871 = EDGE_CURVE ( 'NONE', #294, #1287, #160, .T. ) ;
#872 = DIRECTION ( 'NONE',  ( 0.000000000000000000, -1.000000000000000000, 0.000000000000000000 ) ) ;
#873 = ORIENTED_EDGE ( 'NONE', *, *, #261, .T. ) ;
#874 = CARTESIAN_POINT ( 'NONE',  ( -3.000000000000016875, -13.99999999999999822, 7.559999999999986287 ) ) ;
#875 = ORIENTED_EDGE ( 'NONE', *, *, #1629, .F. ) ;
#876 = VERTEX_POINT ( 'NONE', #1998 ) ;
#877 = LINE ( 'NONE', #1065, #2014 ) ;
#878 = ADVANCED_FACE ( 'NONE', ( #1600 ), #67, .F. ) ;
#879 = ORIENTED_EDGE ( 'NONE', *, *, #85, .F. ) ;
#880 = CARTESIAN_POINT ( 'NONE',  ( -14.10000000000000853, -11.50000000000000000, -16.60000000000000497 ) ) ;
#881 = DIRECTION ( 'NONE',  ( -0.000000000000000000, 1.000000000000000000, -0.000000000000000000 ) ) ;
#882 = CARTESIAN_POINT ( 'NONE',  ( -15.10000000000000497, -11.50000000000000000, -16.60000000000000497 ) ) ;
#883 = AXIS2_PLACEMENT_3D ( 'NONE', #1603, #308, #1185 ) ;
#884 = ORIENTED_EDGE ( 'NONE', *, *, #1914, .F. ) ;
#885 = DIRECTION ( 'NONE',  ( 0.000000000000000000, 0.000000000000000000, 1.000000000000000000 ) ) ;
#886 = CARTESIAN_POINT ( 'NONE',  ( -3.000000000000016875, -11.50000000000000000, -0.4050000000000138489 ) ) ;
#887 = ORIENTED_EDGE ( 'NONE', *, *, #1561, .F. ) ;
#888 = CARTESIAN_POINT ( 'NONE',  ( 1.224646799147353207E-16, -13.99999999999999822, -19.43835307503515608 ) ) ;
#889 = EDGE_LOOP ( 'NONE', ( #442, #2074, #1102, #111 ) ) ;
#890 = ORIENTED_EDGE ( 'NONE', *, *, #747, .T. ) ;
#891 = EDGE_CURVE ( 'NONE', #843, #2728, #940, .T. ) ;
#892 = DIRECTION ( 'NONE',  ( 1.000000000000000000, 0.000000000000000000, 0.000000000000000000 ) ) ;
#893 = ORIENTED_EDGE ( 'NONE', *, *, #2504, .T. ) ;
#894 = PLANE ( 'NONE',  #1584 ) ;
#895 = VECTOR ( 'NONE', #1832, 1000.000000000000000 ) ;
#896 = CARTESIAN_POINT ( 'NONE',  ( 8.099999999999996092, -5.500000000000000000, -16.60000000000000142 ) ) ;
#897 = CARTESIAN_POINT ( 'NONE',  ( -20.00000000000000000, -13.00000000000000000, -21.60000000000000853 ) ) ;
#898 = ORIENTED_EDGE ( 'NONE', *, *, #2364, .F. ) ;
#899 = AXIS2_PLACEMENT_3D ( 'NONE', #2686, #333, #1807 ) ;
#900 = DIRECTION ( 'NONE',  ( 1.000000000000000000, 0.000000000000000000, 0.000000000000000000 ) ) ;
#901 = LINE ( 'NONE', #886, #2249 ) ;
#902 = CIRCLE ( 'NONE', #1360, 3.500000000000001332 ) ;
#903 = CARTESIAN_POINT ( 'NONE',  ( 18.50000000000000000, -13.00000000000000000, -21.60000000000000853 ) ) ;
#904 = EDGE_CURVE ( 'NONE', #619, #2334, #283, .T. ) ;
#905 = ORIENTED_EDGE ( 'NONE', *, *, #1609, .F. ) ;
#906 = ORIENTED_EDGE ( 'NONE', *, *, #1170, .T. ) ;
#907 = CARTESIAN_POINT ( 'NONE',  ( 7.924999999999992717, -13.99999999999999822, -21.60000000000000853 ) ) ;
#908 = ORIENTED_EDGE ( 'NONE', *, *, #2386, .T. ) ;
#909 = EDGE_CURVE ( 'NONE', #544, #2410, #165, .T. ) ;
#910 = LINE ( 'NONE', #1312, #1819 ) ;
#911 = DIRECTION ( 'NONE',  ( 1.084202172485504187E-16, 0.000000000000000000, 1.000000000000000000 ) ) ;
#912 = CARTESIAN_POINT ( 'NONE',  ( -20.00000000000000000, -13.00000000000000000, 8.399999999999987921 ) ) ;
#913 = ORIENTED_EDGE ( 'NONE', *, *, #482, .T. ) ;
#914 = VECTOR ( 'NONE', #1487, 1000.000000000000000 ) ;
#915 = LINE ( 'NONE', #1588, #982 ) ;
#916 = EDGE_CURVE ( 'NONE', #2593, #1391, #1329, .T. ) ;
#917 = DIRECTION ( 'NONE',  ( -0.000000000000000000, -1.000000000000000000, -0.000000000000000000 ) ) ;
#918 = VECTOR ( 'NONE', #1547, 1000.000000000000000 ) ;
#919 = CARTESIAN_POINT ( 'NONE',  ( -14.10000000000000675, -5.500000000000000000, -22.60000000000000853 ) ) ;
#920 = VERTEX_POINT ( 'NONE', #726 ) ;
#921 = VERTEX_POINT ( 'NONE', #2051 ) ;
#922 = CARTESIAN_POINT ( 'NONE',  ( 14.09999999999999432, -5.500000000000000000, -16.60000000000000142 ) ) ;
#923 = ORIENTED_EDGE ( 'NONE', *, *, #1129, .F. ) ;
#924 = CARTESIAN_POINT ( 'NONE',  ( -4.000000000000016875, -5.500000000000000000, 6.594999999999988205 ) ) ;
#925 = ADVANCED_FACE ( 'NONE', ( #1820 ), #2236, .T. ) ;
#926 = CARTESIAN_POINT ( 'NONE',  ( 11.09999999999999076, -11.49999999999999645, -19.60000000000000497 ) ) ;
#927 = ADVANCED_FACE ( 'NONE', ( #953 ), #739, .F. ) ;
#928 = EDGE_LOOP ( 'NONE', ( #372, #508, #327, #1611, #2819 ) ) ;
#929 = PLANE ( 'NONE',  #861 ) ;
#930 = VECTOR ( 'NONE', #1666, 1000.000000000000000 ) ;
#931 = EDGE_CURVE ( 'NONE', #561, #176, #2274, .T. ) ;
#932 = CARTESIAN_POINT ( 'NONE',  ( -14.27500000000000568, 3.000000000000002665, -21.60000000000000853 ) ) ;
#933 = APPLICATION_CONTEXT ( 'automotive_design' ) ;
#934 = DIRECTION ( 'NONE',  ( 0.000000000000000000, 1.000000000000000000, -0.000000000000000000 ) ) ;
#935 = ORIENTED_EDGE ( 'NONE', *, *, #2200, .F. ) ;
#936 = VERTEX_POINT ( 'NONE', #462 ) ;
#937 = CARTESIAN_POINT ( 'NONE',  ( 0.000000000000000000, -9.999999999999998224, -18.43835307503515608 ) ) ;
#938 = VERTEX_POINT ( 'NONE', #266 ) ;
#939 = DIRECTION ( 'NONE',  ( 0.000000000000000000, -1.000000000000000000, 0.000000000000000000 ) ) ;
#940 = CIRCLE ( 'NONE', #1036, 1.500000000000001332 ) ;
#941 = CARTESIAN_POINT ( 'NONE',  ( 15.09999999999999609, -5.500000000000000000, -16.60000000000000142 ) ) ;
#942 = VERTEX_POINT ( 'NONE', #491 ) ;
#943 = LINE ( 'NONE', #92, #394 ) ;
#944 = FACE_OUTER_BOUND ( 'NONE', #749, .T. ) ;
#945 = AXIS2_PLACEMENT_3D ( 'NONE', #506, #2037, #1172 ) ;
#946 = ADVANCED_FACE ( 'NONE', ( #680, #1560 ), #1585, .T. ) ;
#947 = LINE ( 'NONE', #1429, #1411 ) ;
#948 = VERTEX_POINT ( 'NONE', #1146 ) ;
#949 = ORIENTED_EDGE ( 'NONE', *, *, #904, .F. ) ;
#950 = FACE_OUTER_BOUND ( 'NONE', #16, .T. ) ;
#951 = VECTOR ( 'NONE', #1125, 1000.000000000000000 ) ;
#952 = DIRECTION ( 'NONE',  ( 0.000000000000000000, 0.000000000000000000, -1.000000000000000000 ) ) ;
#953 = FACE_OUTER_BOUND ( 'NONE', #276, .T. ) ;
#954 = VERTEX_POINT ( 'NONE', #1342 ) ;
#955 = ORIENTED_EDGE ( 'NONE', *, *, #205, .F. ) ;
#956 = CARTESIAN_POINT ( 'NONE',  ( 2.800000000000000266, 9.999999999999998224, -21.14000000000000767 ) ) ;
#957 = EDGE_CURVE ( 'NONE', #1106, #22, #2012, .T. ) ;
#958 = AXIS2_PLACEMENT_3D ( 'NONE', #1201, #2080, #510 ) ;
#959 = EDGE_CURVE ( 'NONE', #936, #1681, #42, .T. ) ;
#960 = EDGE_CURVE ( 'NONE', #735, #1586, #1791, .T. ) ;
#961 = CARTESIAN_POINT ( 'NONE',  ( 15.09999999999999609, -5.500000000000000000, -16.60000000000000142 ) ) ;
#962 = ORIENTED_EDGE ( 'NONE', *, *, #1808, .F. ) ;
#963 = ORIENTED_EDGE ( 'NONE', *, *, #1842, .F. ) ;
#964 = DIRECTION ( 'NONE',  ( 0.000000000000000000, 0.000000000000000000, -1.000000000000000000 ) ) ;
#965 = EDGE_CURVE ( 'NONE', #76, #784, #2449, .T. ) ;
#966 = VERTEX_POINT ( 'NONE', #581 ) ;
#967 = LINE ( 'NONE', #1846, #930 ) ;
#968 = LINE ( 'NONE', #2781, #1665 ) ;
#969 = ORIENTED_EDGE ( 'NONE', *, *, #2066, .T. ) ;
#970 = CIRCLE ( 'NONE', #2815, 1.500000000000001332 ) ;
#971 = CARTESIAN_POINT ( 'NONE',  ( 0.000000000000000000, 31.50000000000000000, 2.594999999999985985 ) ) ;
#972 = ORIENTED_EDGE ( 'NONE', *, *, #1382, .T. ) ;
#973 = VERTEX_POINT ( 'NONE', #1610 ) ;
#974 = DIRECTION ( 'NONE',  ( -0.000000000000000000, 1.000000000000000000, -0.000000000000000000 ) ) ;
#975 = ADVANCED_FACE ( 'NONE', ( #2126 ), #564, .F. ) ;
#976 = CARTESIAN_POINT ( 'NONE',  ( -3.000000000000016875, -13.99999999999999822, 7.559999999999986287 ) ) ;
#977 = VERTEX_POINT ( 'NONE', #2793 ) ;
#978 = ORIENTED_EDGE ( 'NONE', *, *, #114, .T. ) ;
#979 = DIRECTION ( 'NONE',  ( -1.000000000000000000, 0.000000000000000000, -0.000000000000000000 ) ) ;
#980 = DIRECTION ( 'NONE',  ( 0.000000000000000000, 0.000000000000000000, 1.000000000000000000 ) ) ;
#981 = ORIENTED_EDGE ( 'NONE', *, *, #2325, .T. ) ;
#982 = VECTOR ( 'NONE', #2041, 1000.000000000000000 ) ;
#983 = DIRECTION ( 'NONE',  ( 1.084202172485504187E-16, 0.000000000000000000, 1.000000000000000000 ) ) ;
#984 = DIRECTION ( 'NONE',  ( 1.000000000000000000, 0.000000000000000000, 0.000000000000000000 ) ) ;
#985 = ORIENTED_EDGE ( 'NONE', *, *, #2100, .F. ) ;
#986 = ORIENTED_EDGE ( 'NONE', *, *, #2084, .T. ) ;
#987 = CYLINDRICAL_SURFACE ( 'NONE', #2848, 1.500000000000000222 ) ;
#988 = AXIS2_PLACEMENT_3D ( 'NONE', #903, #1566, #272 ) ;
#989 = EDGE_CURVE ( 'NONE', #1617, #1552, #786, .T. ) ;
#990 = AXIS2_PLACEMENT_3D ( 'NONE', #723, #1553, #503 ) ;
#991 = EDGE_CURVE ( 'NONE', #1273, #319, #1007, .T. ) ;
#992 = FACE_OUTER_BOUND ( 'NONE', #1249, .T. ) ;
#993 = ORIENTED_EDGE ( 'NONE', *, *, #2565, .T. ) ;
#994 = CARTESIAN_POINT ( 'NONE',  ( -15.00000000000000000, 0.000000000000000000, 13.39999999999998792 ) ) ;
#995 = LINE ( 'NONE', #764, #1870 ) ;
#996 = DIRECTION ( 'NONE',  ( -1.000000000000000000, -0.000000000000000000, -0.000000000000000000 ) ) ;
#997 = ORIENTED_EDGE ( 'NONE', *, *, #2084, .F. ) ;
#998 = AXIS2_PLACEMENT_3D ( 'NONE', #1838, #700, #1163 ) ;
#999 = DIRECTION ( 'NONE',  ( 0.000000000000000000, 0.000000000000000000, -1.000000000000000000 ) ) ;
#1000 = EDGE_CURVE ( 'NONE', #1139, #473, #1462, .T. ) ;
#1001 = CARTESIAN_POINT ( 'NONE',  ( 0.000000000000000000, -13.00000000000000000, 0.000000000000000000 ) ) ;
#1002 = VECTOR ( 'NONE', #4, 1000.000000000000000 ) ;
#1003 = ORIENTED_EDGE ( 'NONE', *, *, #2676, .F. ) ;
#1004 = ORIENTED_EDGE ( 'NONE', *, *, #1541, .T. ) ;
#1005 = VECTOR ( 'NONE', #2495, 1000.000000000000000 ) ;
#1006 = FACE_OUTER_BOUND ( 'NONE', #485, .T. ) ;
#1007 = LINE ( 'NONE', #159, #1399 ) ;
#1008 = DIRECTION ( 'NONE',  ( 0.000000000000000000, 0.000000000000000000, -1.000000000000000000 ) ) ;
#1009 = DIRECTION ( 'NONE',  ( 0.000000000000000000, 0.000000000000000000, -1.000000000000000000 ) ) ;
#1010 = EDGE_CURVE ( 'NONE', #1092, #1649, #1908, .T. ) ;
#1011 = DIRECTION ( 'NONE',  ( -1.310214105722663983E-16, -0.000000000000000000, 1.000000000000000000 ) ) ;
#1012 = DIRECTION ( 'NONE',  ( 0.000000000000000000, 0.000000000000000000, -1.000000000000000000 ) ) ;
#1013 = EDGE_LOOP ( 'NONE', ( #2444, #2714, #535, #387 ) ) ;
#1014 = EDGE_CURVE ( 'NONE', #948, #429, #1265, .T. ) ;
#1015 = CARTESIAN_POINT ( 'NONE',  ( -4.000000000000018652, -11.50000000000000000, -1.405000000000013793 ) ) ;
#1016 = CARTESIAN_POINT ( 'NONE',  ( 2.800000000000000266, -0.5000000000000004441, -21.14000000000000767 ) ) ;
#1017 = ORIENTED_EDGE ( 'NONE', *, *, #2062, .F. ) ;
#1018 = ORIENTED_EDGE ( 'NONE', *, *, #1200, .F. ) ;
#1019 = DIRECTION ( 'NONE',  ( -1.000000000000000000, 0.000000000000000000, -0.000000000000000000 ) ) ;
#1020 = CARTESIAN_POINT ( 'NONE',  ( -14.10000000000000675, -5.500000000000000000, -16.60000000000000497 ) ) ;
#1021 = ORIENTED_EDGE ( 'NONE', *, *, #1254, .F. ) ;
#1022 = DIRECTION ( 'NONE',  ( 0.2982749931359467976, 0.000000000000000000, -0.9544799780350297080 ) ) ;
#1023 = LINE ( 'NONE', #1902, #2829 ) ;
#1024 = CARTESIAN_POINT ( 'NONE',  ( 6.924999999999992717, -13.99999999999999822, -16.60000000000000497 ) ) ;
#1025 = DIRECTION ( 'NONE',  ( -1.000000000000000000, 0.000000000000000000, 0.000000000000000000 ) ) ;
#1026 = ORIENTED_EDGE ( 'NONE', *, *, #1855, .F. ) ;
#1027 = FACE_OUTER_BOUND ( 'NONE', #2229, .T. ) ;
#1028 = AXIS2_PLACEMENT_3D ( 'NONE', #2578, #601, #1069 ) ;
#1029 = EDGE_CURVE ( 'NONE', #396, #1203, #1063, .T. ) ;
#1030 = FACE_OUTER_BOUND ( 'NONE', #1784, .T. ) ;
#1031 = CIRCLE ( 'NONE', #255, 3.500000000000001332 ) ;
#1032 = ORIENTED_EDGE ( 'NONE', *, *, #1311, .F. ) ;
#1033 = VERTEX_POINT ( 'NONE', #551 ) ;
#1034 = LINE ( 'NONE', #844, #132 ) ;
#1035 = DIRECTION ( 'NONE',  ( 1.000000000000000000, -0.000000000000000000, -0.000000000000000000 ) ) ;
#1036 = AXIS2_PLACEMENT_3D ( 'NONE', #235, #1357, #1805 ) ;
#1037 = VERTEX_POINT ( 'NONE', #1944 ) ;
#1038 = FACE_OUTER_BOUND ( 'NONE', #230, .T. ) ;
#1039 = CARTESIAN_POINT ( 'NONE',  ( -2.800000000000000266, -11.50000000000000000, -21.14000000000000767 ) ) ;
#1040 = PLANE ( 'NONE',  #72 ) ;
#1041 = CARTESIAN_POINT ( 'NONE',  ( 0.000000000000000000, -9.999999999999998224, -18.43835307503515608 ) ) ;
#1042 = ORIENTED_EDGE ( 'NONE', *, *, #1160, .T. ) ;
#1043 = CYLINDRICAL_SURFACE ( 'NONE', #330, 1.500000000000001332 ) ;
#1044 = EDGE_CURVE ( 'NONE', #1173, #302, #2821, .T. ) ;
#1045 = CARTESIAN_POINT ( 'NONE',  ( 15.00000000000000000, -11.50000000000000000, -21.60000000000000853 ) ) ;
#1046 = ORIENTED_EDGE ( 'NONE', *, *, #1188, .F. ) ;
#1047 = EDGE_CURVE ( 'NONE', #1533, #2258, #2763, .T. ) ;
#1048 = EDGE_CURVE ( 'NONE', #1690, #920, #2310, .T. ) ;
#1049 = DIRECTION ( 'NONE',  ( 0.000000000000000000, 0.000000000000000000, -1.000000000000000000 ) ) ;
#1050 = DIRECTION ( 'NONE',  ( 0.000000000000000000, 0.000000000000000000, -1.000000000000000000 ) ) ;
#1051 = VECTOR ( 'NONE', #1302, 1000.000000000000000 ) ;
#1052 = EDGE_LOOP ( 'NONE', ( #440, #832 ) ) ;
#1053 = PLANE ( 'NONE',  #1963 ) ;
#1054 = DIRECTION ( 'NONE',  ( -1.000000000000000000, -0.000000000000000000, -0.000000000000000000 ) ) ;
#1055 = AXIS2_PLACEMENT_3D ( 'NONE', #798, #2072, #356 ) ;
#1056 = DIRECTION ( 'NONE',  ( -0.000000000000000000, -1.000000000000000000, -0.000000000000000000 ) ) ;
#1057 = LINE ( 'NONE', #138, #439 ) ;
#1058 = ORIENTED_EDGE ( 'NONE', *, *, #74, .F. ) ;
#1059 = CARTESIAN_POINT ( 'NONE',  ( -5.800000000000000711, -11.50000000000000000, -11.54000000000000448 ) ) ;
#1060 = CARTESIAN_POINT ( 'NONE',  ( 15.27499999999998614, -13.99999999999999822, -16.60000000000000497 ) ) ;
#1061 = ORIENTED_EDGE ( 'NONE', *, *, #1208, .T. ) ;
#1062 = DIRECTION ( 'NONE',  ( 0.000000000000000000, 0.000000000000000000, 1.000000000000000000 ) ) ;
#1063 = LINE ( 'NONE', #2490, #301 ) ;
#1064 = ORIENTED_EDGE ( 'NONE', *, *, #2594, .F. ) ;
#1065 = CARTESIAN_POINT ( 'NONE',  ( -6.925000000000007816, -13.00000000000000000, -16.60000000000000853 ) ) ;
#1066 = VECTOR ( 'NONE', #130, 1000.000000000000000 ) ;
#1067 = ADVANCED_FACE ( 'NONE', ( #2114 ), #2775, .F. ) ;
#1068 = CARTESIAN_POINT ( 'NONE',  ( 20.00000000000000000, -13.00000000000000000, 8.399999999999987921 ) ) ;
#1069 = DIRECTION ( 'NONE',  ( 0.000000000000000000, 0.000000000000000000, 1.000000000000000000 ) ) ;
#1070 = CARTESIAN_POINT ( 'NONE',  ( -14.10000000000000675, -11.50000000000000000, -16.60000000000000497 ) ) ;
#1071 = ORIENTED_EDGE ( 'NONE', *, *, #2751, .F. ) ;
#1072 = CARTESIAN_POINT ( 'NONE',  ( 11.09999999999999076, -11.49999999999999645, -18.10000000000000497 ) ) ;
#1073 = DIRECTION ( 'NONE',  ( -1.000000000000000000, -0.000000000000000000, -0.000000000000000000 ) ) ;
#1074 = ORIENTED_EDGE ( 'NONE', *, *, #225, .F. ) ;
#1075 = CARTESIAN_POINT ( 'NONE',  ( 7.099999999999996980, -11.50000000000000000, -23.60000000000001208 ) ) ;
#1076 = ORIENTED_EDGE ( 'NONE', *, *, #1315, .T. ) ;
#1077 = CARTESIAN_POINT ( 'NONE',  ( -14.27500000000000568, -13.00000000000000000, -17.60000000000000853 ) ) ;
#1078 = AXIS2_PLACEMENT_3D ( 'NONE', #2765, #2129, #2116 ) ;
#1079 = EDGE_CURVE ( 'NONE', #1181, #1294, #145, .T. ) ;
#1080 = DIRECTION ( 'NONE',  ( 0.000000000000000000, -0.000000000000000000, -1.000000000000000000 ) ) ;
#1081 = CARTESIAN_POINT ( 'NONE',  ( 7.924999999999992717, -13.00000000000000000, -17.60000000000000497 ) ) ;
#1082 = EDGE_CURVE ( 'NONE', #1464, #1741, #342, .T. ) ;
#1083 = LINE ( 'NONE', #1070, #2279 ) ;
#1084 = VECTOR ( 'NONE', #1742, 1000.000000000000000 ) ;
#1085 = EDGE_LOOP ( 'NONE', ( #1896, #2085, #1821, #2369 ) ) ;
#1086 = VECTOR ( 'NONE', #430, 1000.000000000000000 ) ;
#1087 = DIRECTION ( 'NONE',  ( -0.000000000000000000, 1.000000000000000000, -0.000000000000000000 ) ) ;
#1088 = CARTESIAN_POINT ( 'NONE',  ( -15.00000000000000000, -11.50000000000000000, 8.399999999999987921 ) ) ;
#1089 = VERTEX_POINT ( 'NONE', #1020 ) ;
#1090 = LINE ( 'NONE', #216, #1233 ) ;
#1091 = ORIENTED_EDGE ( 'NONE', *, *, #34, .F. ) ;
#1092 = VERTEX_POINT ( 'NONE', #2586 ) ;
#1093 = VECTOR ( 'NONE', #1809, 1000.000000000000000 ) ;
#1094 = CARTESIAN_POINT ( 'NONE',  ( 6.924999999999992717, -13.00000000000000000, -16.60000000000000497 ) ) ;
#1095 = AXIS2_PLACEMENT_3D ( 'NONE', #1865, #2759, #519 ) ;
#1096 = DIRECTION ( 'NONE',  ( 1.000000000000000000, 0.000000000000000000, 0.000000000000000000 ) ) ;
#1097 = LINE ( 'NONE', #694, #2640 ) ;
#1098 = VECTOR ( 'NONE', #785, 1000.000000000000000 ) ;
#1099 = AXIS2_PLACEMENT_3D ( 'NONE', #317, #1467, #2343 ) ;
#1100 = CARTESIAN_POINT ( 'NONE',  ( -4.000000000000016875, -5.500000000000000000, 6.594999999999988205 ) ) ;
#1101 = PLANE ( 'NONE',  #2368 ) ;
#1102 = ORIENTED_EDGE ( 'NONE', *, *, #1677, .T. ) ;
#1103 = CYLINDRICAL_SURFACE ( 'NONE', #1795, 3.499999999999999556 ) ;
#1104 = FACE_BOUND ( 'NONE', #2070, .T. ) ;
#1105 = ADVANCED_FACE ( 'NONE', ( #2340 ), #1693, .F. ) ;
#1106 = VERTEX_POINT ( 'NONE', #374 ) ;
#1107 = CARTESIAN_POINT ( 'NONE',  ( 7.924999999999992717, -13.00000000000000000, -17.60000000000000497 ) ) ;
#1108 = ORIENTED_EDGE ( 'NONE', *, *, #2162, .T. ) ;
#1109 = ORIENTED_EDGE ( 'NONE', *, *, #989, .T. ) ;
#1110 = FACE_OUTER_BOUND ( 'NONE', #2008, .T. ) ;
#1111 = VERTEX_POINT ( 'NONE', #1278 ) ;
#1112 = PLANE ( 'NONE',  #1905 ) ;
#1113 = VECTOR ( 'NONE', #754, 1000.000000000000000 ) ;
#1114 = CARTESIAN_POINT ( 'NONE',  ( -15.00000000000000000, -13.00000000000000000, 8.399999999999987921 ) ) ;
#1115 = DIRECTION ( 'NONE',  ( -0.000000000000000000, 1.000000000000000000, -0.000000000000000000 ) ) ;
#1116 = VERTEX_POINT ( 'NONE', #1219 ) ;
#1117 = CARTESIAN_POINT ( 'NONE',  ( -7.925000000000008704, -13.99999999999999822, -17.60000000000000853 ) ) ;
#1118 = VECTOR ( 'NONE', #1396, 1000.000000000000000 ) ;
#1119 = EDGE_CURVE ( 'NONE', #942, #1464, #1251, .T. ) ;
#1120 = CARTESIAN_POINT ( 'NONE',  ( -15.00000000000000000, -3.469446951953614189E-15, -25.10000000000000853 ) ) ;
#1121 = DIRECTION ( 'NONE',  ( 0.000000000000000000, 0.000000000000000000, -1.000000000000000000 ) ) ;
#1122 = ADVANCED_FACE ( 'NONE', ( #1885 ), #628, .F. ) ;
#1123 = ORIENTED_EDGE ( 'NONE', *, *, #2609, .F. ) ;
#1124 = VERTEX_POINT ( 'NONE', #1722 ) ;
#1125 = DIRECTION ( 'NONE',  ( -0.000000000000000000, -0.000000000000000000, 1.000000000000000000 ) ) ;
#1126 = VERTEX_POINT ( 'NONE', #2601 ) ;
#1127 = LINE ( 'NONE', #41, #565 ) ;
#1128 = VECTOR ( 'NONE', #234, 1000.000000000000000 ) ;
#1129 = EDGE_CURVE ( 'NONE', #1449, #176, #1199, .T. ) ;
#1130 = DIRECTION ( 'NONE',  ( -0.000000000000000000, -1.000000000000000000, -0.000000000000000000 ) ) ;
#1131 = DIRECTION ( 'NONE',  ( -0.000000000000000000, -0.000000000000000000, -1.000000000000000000 ) ) ;
#1132 = ORIENTED_EDGE ( 'NONE', *, *, #1010, .F. ) ;
#1133 = CARTESIAN_POINT ( 'NONE',  ( -2.800000000000000266, 9.999999999999998224, -21.14000000000000767 ) ) ;
#1134 = VECTOR ( 'NONE', #697, 1000.000000000000000 ) ;
#1135 = CARTESIAN_POINT ( 'NONE',  ( -2.000000000000016875, -13.99999999999999822, 6.559999999999986287 ) ) ;
#1136 = AXIS2_PLACEMENT_3D ( 'NONE', #1630, #2508, #1179 ) ;
#1137 = CARTESIAN_POINT ( 'NONE',  ( 11.09999999999999076, 31.50000000000000000, -21.10000000000000853 ) ) ;
#1138 = EDGE_CURVE ( 'NONE', #797, #1794, #1472, .T. ) ;
#1139 = VERTEX_POINT ( 'NONE', #1214 ) ;
#1140 = EDGE_LOOP ( 'NONE', ( #322, #668, #112, #1352 ) ) ;
#1141 = CARTESIAN_POINT ( 'NONE',  ( 0.000000000000000000, -9.999999999999998224, -18.43835307503515608 ) ) ;
#1142 = ORIENTED_EDGE ( 'NONE', *, *, #321, .F. ) ;
#1143 = VECTOR ( 'NONE', #2238, 1000.000000000000000 ) ;
#1144 = EDGE_CURVE ( 'NONE', #1533, #2725, #809, .T. ) ;
#1145 = CARTESIAN_POINT ( 'NONE',  ( 1.999999999999983125, -13.00000000000000000, -1.370000000000013651 ) ) ;
#1146 = CARTESIAN_POINT ( 'NONE',  ( -14.27500000000000568, -13.99999999999999822, -17.60000000000000853 ) ) ;
#1147 = VERTEX_POINT ( 'NONE', #576 ) ;
#1148 = VECTOR ( 'NONE', #655, 1000.000000000000000 ) ;
#1149 = VECTOR ( 'NONE', #1717, 1000.000000000000000 ) ;
#1150 = DIRECTION ( 'NONE',  ( 0.000000000000000000, 0.000000000000000000, -1.000000000000000000 ) ) ;
#1151 = CARTESIAN_POINT ( 'NONE',  ( 2.999999999999981792, -11.50000000000000000, 5.594999999999988205 ) ) ;
#1152 = VECTOR ( 'NONE', #1986, 1000.000000000000000 ) ;
#1153 = CARTESIAN_POINT ( 'NONE',  ( -15.00000000000000000, -13.00000000000000000, 8.399999999999987921 ) ) ;
#1154 = ORIENTED_EDGE ( 'NONE', *, *, #904, .T. ) ;
#1155 = ORIENTED_EDGE ( 'NONE', *, *, #2194, .T. ) ;
#1156 = PLANE ( 'NONE',  #2602 ) ;
#1157 = ORIENTED_EDGE ( 'NONE', *, *, #1525, .F. ) ;
#1158 = LINE ( 'NONE', #713, #2228 ) ;
#1159 = DIRECTION ( 'NONE',  ( 1.000000000000000000, -0.000000000000000000, -0.000000000000000000 ) ) ;
#1160 = EDGE_CURVE ( 'NONE', #1364, #22, #125, .T. ) ;
#1161 = ORIENTED_EDGE ( 'NONE', *, *, #418, .F. ) ;
#1162 = CARTESIAN_POINT ( 'NONE',  ( 8.099999999999996092, -11.50000000000000000, -22.60000000000001208 ) ) ;
#1163 = DIRECTION ( 'NONE',  ( 0.000000000000000000, 0.000000000000000000, -1.000000000000000000 ) ) ;
#1164 = CARTESIAN_POINT ( 'NONE',  ( -15.00000000000000000, -11.50000000000000000, -21.60000000000000853 ) ) ;
#1165 = CARTESIAN_POINT ( 'NONE',  ( 0.000000000000000000, -9.999999999999998224, -20.43835307503515963 ) ) ;
#1166 = VERTEX_POINT ( 'NONE', #1015 ) ;
#1167 = EDGE_LOOP ( 'NONE', ( #2275, #2196, #44, #2663 ) ) ;
#1168 = CARTESIAN_POINT ( 'NONE',  ( -20.00000000000000000, -13.00000000000000000, 8.399999999999987921 ) ) ;
#1169 = CARTESIAN_POINT ( 'NONE',  ( 2.999999999999983569, -13.00000000000000000, 7.559999999999986287 ) ) ;
#1170 = EDGE_CURVE ( 'NONE', #693, #1364, #154, .T. ) ;
#1171 = AXIS2_PLACEMENT_3D ( 'NONE', #366, #1847, #1242 ) ;
#1172 = DIRECTION ( 'NONE',  ( -1.000000000000000000, 0.000000000000000000, -0.000000000000000000 ) ) ;
#1173 = VERTEX_POINT ( 'NONE', #1687 ) ;
#1174 = DIRECTION ( 'NONE',  ( 0.000000000000000000, -1.000000000000000000, 0.000000000000000000 ) ) ;
#1175 = EDGE_CURVE ( 'NONE', #1287, #294, #1475, .T. ) ;
#1176 = EDGE_CURVE ( 'NONE', #2593, #1621, #970, .T. ) ;
#1177 = DIRECTION ( 'NONE',  ( 1.000000000000000000, 0.000000000000000000, 0.000000000000000000 ) ) ;
#1178 = VECTOR ( 'NONE', #696, 1000.000000000000000 ) ;
#1179 = DIRECTION ( 'NONE',  ( 0.000000000000000000, 0.000000000000000000, -1.000000000000000000 ) ) ;
#1180 = VECTOR ( 'NONE', #167, 1000.000000000000000 ) ;
#1181 = VERTEX_POINT ( 'NONE', #1260 ) ;
#1182 = ORIENTED_EDGE ( 'NONE', *, *, #2200, .T. ) ;
#1183 = CARTESIAN_POINT ( 'NONE',  ( -4.000000000000017764, -5.500000000000000000, -1.405000000000013349 ) ) ;
#1184 = ORIENTED_EDGE ( 'NONE', *, *, #1812, .F. ) ;
#1185 = DIRECTION ( 'NONE',  ( 0.000000000000000000, 0.000000000000000000, -1.000000000000000000 ) ) ;
#1186 = CARTESIAN_POINT ( 'NONE',  ( 15.27499999999998614, -13.00000000000000000, -16.60000000000000497 ) ) ;
#1187 = AXIS2_PLACEMENT_3D ( 'NONE', #2073, #539, #364 ) ;
#1188 = EDGE_CURVE ( 'NONE', #1166, #1806, #1231, .T. ) ;
#1189 = DIRECTION ( 'NONE',  ( -0.000000000000000000, -1.000000000000000000, -0.000000000000000000 ) ) ;
#1190 = ORIENTED_EDGE ( 'NONE', *, *, #455, .F. ) ;
#1191 = EDGE_LOOP ( 'NONE', ( #2723, #340, #796, #1358 ) ) ;
#1192 = FACE_OUTER_BOUND ( 'NONE', #2244, .T. ) ;
#1193 = LINE ( 'NONE', #2513, #1974 ) ;
#1194 = ORIENTED_EDGE ( 'NONE', *, *, #2488, .T. ) ;
#1195 = FACE_OUTER_BOUND ( 'NONE', #1993, .T. ) ;
#1196 = CARTESIAN_POINT ( 'NONE',  ( -20.00000000000000000, 0.000000000000000000, 8.399999999999987921 ) ) ;
#1197 = ORIENTED_EDGE ( 'NONE', *, *, #2489, .F. ) ;
#1198 = VECTOR ( 'NONE', #170, 1000.000000000000000 ) ;
#1199 = LINE ( 'NONE', #109, #2442 ) ;
#1200 = EDGE_CURVE ( 'NONE', #2777, #2509, #1456, .T. ) ;
#1201 = CARTESIAN_POINT ( 'NONE',  ( 15.00000000000000000, -13.00000000000000000, 13.39999999999998792 ) ) ;
#1202 = ORIENTED_EDGE ( 'NONE', *, *, #1984, .F. ) ;
#1203 = VERTEX_POINT ( 'NONE', #2350 ) ;
#1204 = ADVANCED_FACE ( 'NONE', ( #1027 ), #1043, .F. ) ;
#1205 = CARTESIAN_POINT ( 'NONE',  ( 6.924999999999993605, -13.00000000000000000, -22.60000000000000853 ) ) ;
#1206 = FACE_OUTER_BOUND ( 'NONE', #928, .T. ) ;
#1207 = VERTEX_POINT ( 'NONE', #1864 ) ;
#1208 = EDGE_CURVE ( 'NONE', #1111, #1276, #781, .T. ) ;
#1209 = DIRECTION ( 'NONE',  ( -0.000000000000000000, 1.000000000000000000, -0.000000000000000000 ) ) ;
#1210 = CARTESIAN_POINT ( 'NONE',  ( 20.00000000000000000, -13.00000000000000000, -21.60000000000000853 ) ) ;
#1211 = CARTESIAN_POINT ( 'NONE',  ( -4.000000000000014211, -11.50000000000000000, 6.594999999999988205 ) ) ;
#1212 = ORIENTED_EDGE ( 'NONE', *, *, #2835, .T. ) ;
#1213 = AXIS2_PLACEMENT_3D ( 'NONE', #2448, #474, #2669 ) ;
#1214 = CARTESIAN_POINT ( 'NONE',  ( 15.00000000000000000, -11.50000000000000000, 11.89999999999998792 ) ) ;
#1215 = FACE_BOUND ( 'NONE', #219, .T. ) ;
#1216 = EDGE_LOOP ( 'NONE', ( #2447, #1972, #2423, #426 ) ) ;
#1217 = VERTEX_POINT ( 'NONE', #1656 ) ;
#1218 = CARTESIAN_POINT ( 'NONE',  ( 7.924999999999992717, 3.000000000000002665, -21.60000000000000853 ) ) ;
#1219 = CARTESIAN_POINT ( 'NONE',  ( -3.000000000000016875, -5.500000000000000000, 5.594999999999989093 ) ) ;
#1220 = VECTOR ( 'NONE', #1115, 1000.000000000000000 ) ;
#1221 = ADVANCED_FACE ( 'NONE', ( #2535 ), #2507, .F. ) ;
#1222 = EDGE_CURVE ( 'NONE', #2401, #2185, #1413, .T. ) ;
#1223 = AXIS2_PLACEMENT_3D ( 'NONE', #1141, #738, #38 ) ;
#1224 = ADVANCED_FACE ( 'NONE', ( #2121 ), #2108, .F. ) ;
#1225 = CARTESIAN_POINT ( 'NONE',  ( -11.10000000000000675, -11.49999999999999645, -19.60000000000000497 ) ) ;
#1226 = DIRECTION ( 'NONE',  ( 0.000000000000000000, 0.000000000000000000, -1.000000000000000000 ) ) ;
#1227 = PLANE ( 'NONE',  #1171 ) ;
#1228 = PLANE ( 'NONE',  #483 ) ;
#1229 = ORIENTED_EDGE ( 'NONE', *, *, #2120, .F. ) ;
#1230 = VECTOR ( 'NONE', #2016, 1000.000000000000000 ) ;
#1231 = LINE ( 'NONE', #2092, #1572 ) ;
#1232 = CARTESIAN_POINT ( 'NONE',  ( -2.800000000000000266, -0.5000000000000000000, -15.54000000000000448 ) ) ;
#1233 = VECTOR ( 'NONE', #2807, 1000.000000000000000 ) ;
#1234 = EDGE_LOOP ( 'NONE', ( #191, #484, #139, #326 ) ) ;
#1235 = ORIENTED_EDGE ( 'NONE', *, *, #2543, .T. ) ;
#1236 = VECTOR ( 'NONE', #1749, 1000.000000000000000 ) ;
#1237 = CARTESIAN_POINT ( 'NONE',  ( 2.999999999999982236, -13.99999999999999822, 7.559999999999986287 ) ) ;
#1238 = CARTESIAN_POINT ( 'NONE',  ( -8.100000000000001421, -5.500000000000000000, -22.60000000000000853 ) ) ;
#1239 = ORIENTED_EDGE ( 'NONE', *, *, #737, .T. ) ;
#1240 = PLANE ( 'NONE',  #865 ) ;
#1241 = LINE ( 'NONE', #2375, #299 ) ;
#1242 = DIRECTION ( 'NONE',  ( 0.000000000000000000, 0.000000000000000000, -1.000000000000000000 ) ) ;
#1243 = EDGE_CURVE ( 'NONE', #2258, #1659, #2318, .T. ) ;
#1244 = CARTESIAN_POINT ( 'NONE',  ( 15.09999999999999609, -5.500000000000000000, -23.60000000000000853 ) ) ;
#1245 = ORIENTED_EDGE ( 'NONE', *, *, #30, .T. ) ;
#1246 = DIRECTION ( 'NONE',  ( -0.000000000000000000, -1.000000000000000000, -0.000000000000000000 ) ) ;
#1247 = CARTESIAN_POINT ( 'NONE',  ( 14.09999999999999432, -11.50000000000000000, -16.60000000000000142 ) ) ;
#1248 = ORIENTED_EDGE ( 'NONE', *, *, #418, .T. ) ;
#1249 = EDGE_LOOP ( 'NONE', ( #2756, #260, #905, #1959 ) ) ;
#1250 = CARTESIAN_POINT ( 'NONE',  ( -14.27500000000000568, -12.99999999999999822, -21.60000000000000853 ) ) ;
#1251 = LINE ( 'NONE', #2098, #1066 ) ;
#1252 = ORIENTED_EDGE ( 'NONE', *, *, #1407, .F. ) ;
#1253 =( NAMED_UNIT ( * ) SI_UNIT ( $, .STERADIAN. ) SOLID_ANGLE_UNIT ( ) );
#1254 = EDGE_CURVE ( 'NONE', #2525, #1173, #140, .T. ) ;
#1255 = CARTESIAN_POINT ( 'NONE',  ( -3.000000000000016875, -5.500000000000000000, -0.4050000000000138489 ) ) ;
#1256 = CARTESIAN_POINT ( 'NONE',  ( -2.000000000000016875, -13.00000000000000000, 6.559999999999986287 ) ) ;
#1257 = DIRECTION ( 'NONE',  ( -0.000000000000000000, -1.000000000000000000, -0.000000000000000000 ) ) ;
#1258 = ORIENTED_EDGE ( 'NONE', *, *, #1138, .T. ) ;
#1259 = EDGE_CURVE ( 'NONE', #1464, #977, #2741, .T. ) ;
#1260 = CARTESIAN_POINT ( 'NONE',  ( 2.999999999999982681, -5.500000000000000000, -1.405000000000014238 ) ) ;
#1261 = LINE ( 'NONE', #2138, #1924 ) ;
#1262 = VECTOR ( 'NONE', #164, 1000.000000000000000 ) ;
#1263 = ORIENTED_EDGE ( 'NONE', *, *, #1850, .F. ) ;
#1264 = CARTESIAN_POINT ( 'NONE',  ( -11.10000000000000675, -11.49999999999999645, -21.10000000000000853 ) ) ;
#1265 = LINE ( 'NONE', #2142, #520 ) ;
#1266 = ORIENTED_EDGE ( 'NONE', *, *, #1315, .F. ) ;
#1267 = DIRECTION ( 'NONE',  ( -1.000000000000000000, 0.000000000000000000, 0.000000000000000000 ) ) ;
#1268 = VECTOR ( 'NONE', #252, 1000.000000000000000 ) ;
#1269 = VECTOR ( 'NONE', #1973, 1000.000000000000000 ) ;
#1270 = DIRECTION ( 'NONE',  ( -0.2982749931359467976, -0.000000000000000000, 0.9544799780350298191 ) ) ;
#1271 = PLANE ( 'NONE',  #1393 ) ;
#1272 = CARTESIAN_POINT ( 'NONE',  ( 1.224646799147353454E-16, -0.5000000000000000000, -19.43835307503515608 ) ) ;
#1273 = VERTEX_POINT ( 'NONE', #1059 ) ;
#1274 = CARTESIAN_POINT ( 'NONE',  ( -11.10000000000000675, -12.99999999999999822, -19.60000000000000497 ) ) ;
#1275 = DIRECTION ( 'NONE',  ( 0.000000000000000000, 0.000000000000000000, -1.000000000000000000 ) ) ;
#1276 = VERTEX_POINT ( 'NONE', #1301 ) ;
#1277 = LINE ( 'NONE', #1738, #361 ) ;
#1278 = CARTESIAN_POINT ( 'NONE',  ( 0.000000000000000000, -9.999999999999998224, -17.43835307503515608 ) ) ;
#1279 = ADVANCED_FACE ( 'NONE', ( #1969 ), #212, .T. ) ;
#1280 = VECTOR ( 'NONE', #743, 1000.000000000000000 ) ;
#1281 = ORIENTED_EDGE ( 'NONE', *, *, #1144, .T. ) ;
#1282 = CARTESIAN_POINT ( 'NONE',  ( 2.999999999999982681, -5.500000000000000000, -1.405000000000014238 ) ) ;
#1283 = DIRECTION ( 'NONE',  ( -1.000000000000000000, 0.000000000000000000, 7.228014483236697048E-17 ) ) ;
#1284 = VECTOR ( 'NONE', #651, 1000.000000000000000 ) ;
#1285 = LINE ( 'NONE', #1100, #661 ) ;
#1286 = PLANE ( 'NONE',  #2235 ) ;
#1287 = VERTEX_POINT ( 'NONE', #1072 ) ;
#1288 = CARTESIAN_POINT ( 'NONE',  ( -11.10000000000000675, -12.99999999999999822, -18.10000000000000497 ) ) ;
#1289 = PLANE ( 'NONE',  #133 ) ;
#1290 = EDGE_CURVE ( 'NONE', #1147, #1317, #623, .T. ) ;
#1291 = ORIENTED_EDGE ( 'NONE', *, *, #1407, .T. ) ;
#1292 = DIRECTION ( 'NONE',  ( -0.000000000000000000, 1.000000000000000000, -0.000000000000000000 ) ) ;
#1293 = EDGE_CURVE ( 'NONE', #2337, #735, #670, .T. ) ;
#1294 = VERTEX_POINT ( 'NONE', #2179 ) ;
#1295 = DIRECTION ( 'NONE',  ( 1.000000000000000000, 0.000000000000000000, -0.000000000000000000 ) ) ;
#1296 = CARTESIAN_POINT ( 'NONE',  ( 2.999999999999982236, -13.99999999999999822, 7.559999999999986287 ) ) ;
#1297 = FACE_BOUND ( 'NONE', #277, .T. ) ;
#1298 = FACE_BOUND ( 'NONE', #1780, .T. ) ;
#1299 = ADVANCED_FACE ( 'NONE', ( #1502 ), #1103, .F. ) ;
#1300 = ORIENTED_EDGE ( 'NONE', *, *, #2811, .F. ) ;
#1301 = CARTESIAN_POINT ( 'NONE',  ( 0.000000000000000000, -0.5000000000000000000, -17.43835307503515608 ) ) ;
#1302 = DIRECTION ( 'NONE',  ( -0.000000000000000000, 1.000000000000000000, -0.000000000000000000 ) ) ;
#1303 = ORIENTED_EDGE ( 'NONE', *, *, #2670, .F. ) ;
#1304 = VECTOR ( 'NONE', #408, 1000.000000000000000 ) ;
#1305 = LINE ( 'NONE', #1943, #633 ) ;
#1306 = PRODUCT_DEFINITION_SHAPE ( 'NONE', 'NONE',  #1720 ) ;
#1307 = ORIENTED_EDGE ( 'NONE', *, *, #1448, .T. ) ;
#1308 = ORIENTED_EDGE ( 'NONE', *, *, #2438, .F. ) ;
#1309 = DIRECTION ( 'NONE',  ( 0.000000000000000000, 0.000000000000000000, -1.000000000000000000 ) ) ;
#1310 = AXIS2_PLACEMENT_3D ( 'NONE', #2464, #2435, #1371 ) ;
#1311 = EDGE_CURVE ( 'NONE', #2410, #1649, #870, .T. ) ;
#1312 = CARTESIAN_POINT ( 'NONE',  ( 18.50000000000000000, -11.50000000000000000, -21.60000000000000853 ) ) ;
#1313 = DIRECTION ( 'NONE',  ( 1.000000000000000000, 0.000000000000000000, 0.000000000000000000 ) ) ;
#1314 = LINE ( 'NONE', #450, #2833 ) ;
#1315 = EDGE_CURVE ( 'NONE', #414, #1579, #2424, .T. ) ;
#1316 = VECTOR ( 'NONE', #200, 1000.000000000000000 ) ;
#1317 = VERTEX_POINT ( 'NONE', #2366 ) ;
#1318 = DIRECTION ( 'NONE',  ( -0.000000000000000000, 1.000000000000000000, 0.000000000000000000 ) ) ;
#1319 = LINE ( 'NONE', #1135, #2202 ) ;
#1320 = EDGE_LOOP ( 'NONE', ( #1785, #1492, #436, #2637 ) ) ;
#1321 = FACE_OUTER_BOUND ( 'NONE', #88, .T. ) ;
#1322 = ORIENTED_EDGE ( 'NONE', *, *, #1827, .F. ) ;
#1323 = ORIENTED_EDGE ( 'NONE', *, *, #2565, .F. ) ;
#1324 = CARTESIAN_POINT ( 'NONE',  ( -18.50000000000000000, -13.00000000000000000, 8.399999999999987921 ) ) ;
#1325 = ORIENTED_EDGE ( 'NONE', *, *, #2704, .T. ) ;
#1326 = AXIS2_PLACEMENT_3D ( 'NONE', #1001, #288, #2716 ) ;
#1327 = DIRECTION ( 'NONE',  ( 0.000000000000000000, -1.000000000000000000, 0.000000000000000000 ) ) ;
#1328 = AXIS2_PLACEMENT_3D ( 'NONE', #1451, #1682, #1008 ) ;
#1329 = LINE ( 'NONE', #2712, #2183 ) ;
#1330 = LINE ( 'NONE', #2195, #2784 ) ;
#1331 = EDGE_LOOP ( 'NONE', ( #2521, #1799, #690, #2170 ) ) ;
#1332 = EDGE_CURVE ( 'NONE', #876, #2554, #1486, .T. ) ;
#1333 = FACE_OUTER_BOUND ( 'NONE', #142, .T. ) ;
#1334 = SURFACE_STYLE_USAGE ( .BOTH. , #2425 ) ;
#1335 = DIRECTION ( 'NONE',  ( 0.000000000000000000, 0.000000000000000000, -1.000000000000000000 ) ) ;
#1336 = ORIENTED_EDGE ( 'NONE', *, *, #381, .F. ) ;
#1337 = ORIENTED_EDGE ( 'NONE', *, *, #2791, .F. ) ;
#1338 = CARTESIAN_POINT ( 'NONE',  ( 6.924999999999992717, -13.99999999999999822, -16.60000000000000497 ) ) ;
#1339 = ORIENTED_EDGE ( 'NONE', *, *, #2757, .T. ) ;
#1340 = DIRECTION ( 'NONE',  ( 1.000000000000000000, 0.000000000000000000, -0.000000000000000000 ) ) ;
#1341 = VECTOR ( 'NONE', #1246, 1000.000000000000000 ) ;
#1342 = CARTESIAN_POINT ( 'NONE',  ( 2.999999999999983569, -13.00000000000000000, -2.370000000000013429 ) ) ;
#1343 = CARTESIAN_POINT ( 'NONE',  ( 15.09999999999999609, -5.500000000000000000, -23.60000000000000853 ) ) ;
#1344 = EDGE_CURVE ( 'NONE', #1443, #511, #2831, .T. ) ;
#1345 = ORIENTED_EDGE ( 'NONE', *, *, #2811, .T. ) ;
#1346 = DIRECTION ( 'NONE',  ( 0.000000000000000000, 0.000000000000000000, -1.000000000000000000 ) ) ;
#1347 = EDGE_CURVE ( 'NONE', #1116, #1642, #2623, .T. ) ;
#1348 = EDGE_CURVE ( 'NONE', #2514, #1391, #2520, .T. ) ;
#1349 = CARTESIAN_POINT ( 'NONE',  ( 0.000000000000000000, -13.00000000000000000, 0.000000000000000000 ) ) ;
#1350 = DIRECTION ( 'NONE',  ( 0.000000000000000000, -1.000000000000000000, -0.000000000000000000 ) ) ;
#1351 = ORIENTED_EDGE ( 'NONE', *, *, #787, .F. ) ;
#1352 = ORIENTED_EDGE ( 'NONE', *, *, #1344, .F. ) ;
#1353 = PLANE ( 'NONE',  #2320 ) ;
#1354 = ORIENTED_EDGE ( 'NONE', *, *, #1855, .T. ) ;
#1355 = LINE ( 'NONE', #1068, #1622 ) ;
#1356 = VECTOR ( 'NONE', #1270, 999.9999999999998863 ) ;
#1357 = DIRECTION ( 'NONE',  ( 0.000000000000000000, -1.000000000000000000, 0.000000000000000000 ) ) ;
#1358 = ORIENTED_EDGE ( 'NONE', *, *, #2558, .T. ) ;
#1359 = CARTESIAN_POINT ( 'NONE',  ( 2.999999999999982236, -11.50000000000000000, -0.4050000000000142930 ) ) ;
#1360 = AXIS2_PLACEMENT_3D ( 'NONE', #31, #2226, #1335 ) ;
#1361 = DIRECTION ( 'NONE',  ( -0.2982749931359467976, -0.000000000000000000, -0.9544799780350298191 ) ) ;
#1362 = VECTOR ( 'NONE', #1367, 1000.000000000000000 ) ;
#1363 = CARTESIAN_POINT ( 'NONE',  ( 2.800000000000000266, -0.5000000000000004441, -15.54000000000000448 ) ) ;
#1364 = VERTEX_POINT ( 'NONE', #2197 ) ;
#1365 = ORIENTED_EDGE ( 'NONE', *, *, #1332, .T. ) ;
#1366 = ADVANCED_FACE ( 'NONE', ( #226 ), #411, .F. ) ;
#1367 = DIRECTION ( 'NONE',  ( 0.000000000000000000, 1.000000000000000000, -0.000000000000000000 ) ) ;
#1368 = ORIENTED_EDGE ( 'NONE', *, *, #1937, .T. ) ;
#1369 = VECTOR ( 'NONE', #572, 1000.000000000000000 ) ;
#1370 = DIRECTION ( 'NONE',  ( 1.000000000000000000, -0.000000000000000000, -0.000000000000000000 ) ) ;
#1371 = DIRECTION ( 'NONE',  ( 0.000000000000000000, 0.000000000000000000, 1.000000000000000000 ) ) ;
#1372 = VERTEX_POINT ( 'NONE', #452 ) ;
#1373 = VECTOR ( 'NONE', #2762, 1000.000000000000000 ) ;
#1374 = VECTOR ( 'NONE', #795, 1000.000000000000000 ) ;
#1375 = PLANE ( 'NONE',  #883 ) ;
#1376 = CARTESIAN_POINT ( 'NONE',  ( 0.000000000000000000, -0.5000000000000000000, -18.43835307503515608 ) ) ;
#1377 = DIRECTION ( 'NONE',  ( -0.000000000000000000, -1.000000000000000000, -0.000000000000000000 ) ) ;
#1378 = ADVANCED_FACE ( 'NONE', ( #1333 ), #2639, .F. ) ;
#1379 = ORIENTED_EDGE ( 'NONE', *, *, #1988, .T. ) ;
#1380 = ORIENTED_EDGE ( 'NONE', *, *, #1995, .F. ) ;
#1381 = LINE ( 'NONE', #486, #1362 ) ;
#1382 = EDGE_CURVE ( 'NONE', #196, #1033, #2804, .T. ) ;
#1383 = PLANE ( 'NONE',  #28 ) ;
#1384 = CYLINDRICAL_SURFACE ( 'NONE', #203, 3.500000000000001332 ) ;
#1385 = EDGE_LOOP ( 'NONE', ( #969, #890, #1851, #77, #1379, #548 ) ) ;
#1386 = EDGE_LOOP ( 'NONE', ( #2566, #1506, #2570, #1770 ) ) ;
#1387 = LINE ( 'NONE', #1359, #1093 ) ;
#1388 = ADVANCED_FACE ( 'NONE', ( #605 ), #2817, .F. ) ;
#1389 = LINE ( 'NONE', #734, #2381 ) ;
#1390 = ORIENTED_EDGE ( 'NONE', *, *, #99, .T. ) ;
#1391 = VERTEX_POINT ( 'NONE', #1288 ) ;
#1392 = LINE ( 'NONE', #1831, #350 ) ;
#1393 = AXIS2_PLACEMENT_3D ( 'NONE', #1950, #2826, #850 ) ;
#1394 = EDGE_LOOP ( 'NONE', ( #879, #476, #2020, #2155 ) ) ;
#1395 = AXIS2_PLACEMENT_3D ( 'NONE', #1711, #1452, #1226 ) ;
#1396 = DIRECTION ( 'NONE',  ( 0.000000000000000000, 0.000000000000000000, 1.000000000000000000 ) ) ;
#1397 = CARTESIAN_POINT ( 'NONE',  ( -20.00000000000000000, 0.000000000000000000, 8.399999999999987921 ) ) ;
#1398 = ADVANCED_FACE ( 'NONE', ( #197 ), #1954, .F. ) ;
#1399 = VECTOR ( 'NONE', #2355, 1000.000000000000000 ) ;
#1400 = CARTESIAN_POINT ( 'NONE',  ( 15.00000000000000000, -13.00000000000000000, 11.89999999999998792 ) ) ;
#1401 = VECTOR ( 'NONE', #1951, 1000.000000000000000 ) ;
#1402 = ORIENTED_EDGE ( 'NONE', *, *, #599, .F. ) ;
#1403 = VERTEX_POINT ( 'NONE', #341 ) ;
#1404 = DIRECTION ( 'NONE',  ( 0.000000000000000000, -0.000000000000000000, -1.000000000000000000 ) ) ;
#1405 = LINE ( 'NONE', #568, #1976 ) ;
#1406 = ORIENTED_EDGE ( 'NONE', *, *, #959, .T. ) ;
#1407 = EDGE_CURVE ( 'NONE', #1737, #127, #773, .T. ) ;
#1408 = CARTESIAN_POINT ( 'NONE',  ( 14.09999999999999432, -11.50000000000000000, -22.60000000000000853 ) ) ;
#1409 = FACE_OUTER_BOUND ( 'NONE', #2761, .T. ) ;
#1410 = EDGE_LOOP ( 'NONE', ( #860, #1510, #1633, #978 ) ) ;
#1411 = VECTOR ( 'NONE', #2726, 1000.000000000000000 ) ;
#1412 = EDGE_CURVE ( 'NONE', #644, #1794, #1650, .T. ) ;
#1413 = LINE ( 'NONE', #557, #1341 ) ;
#1414 = CARTESIAN_POINT ( 'NONE',  ( 2.800000000000000266, 9.999999999999998224, -21.14000000000000767 ) ) ;
#1415 = VECTOR ( 'NONE', #1733, 1000.000000000000000 ) ;
#1416 = ORIENTED_EDGE ( 'NONE', *, *, #1434, .F. ) ;
#1417 = ORIENTED_EDGE ( 'NONE', *, *, #1854, .F. ) ;
#1418 = DIRECTION ( 'NONE',  ( 0.000000000000000000, 0.000000000000000000, -1.000000000000000000 ) ) ;
#1419 = EDGE_CURVE ( 'NONE', #556, #228, #100, .T. ) ;
#1420 = CARTESIAN_POINT ( 'NONE',  ( 2.999999999999982236, -5.500000000000000000, -0.4050000000000142930 ) ) ;
#1421 = ORIENTED_EDGE ( 'NONE', *, *, #765, .F. ) ;
#1422 = DIRECTION ( 'NONE',  ( -0.000000000000000000, -0.000000000000000000, 1.000000000000000000 ) ) ;
#1423 = CARTESIAN_POINT ( 'NONE',  ( 7.099999999999996092, -5.500000000000000000, -16.60000000000000142 ) ) ;
#1424 = DIRECTION ( 'NONE',  ( 0.000000000000000000, -1.000000000000000000, 0.000000000000000000 ) ) ;
#1425 = ORIENTED_EDGE ( 'NONE', *, *, #2453, .F. ) ;
#1426 = DIRECTION ( 'NONE',  ( -0.000000000000000000, 1.000000000000000000, -0.000000000000000000 ) ) ;
#1427 = ADVANCED_FACE ( 'NONE', ( #1618 ), #2284, .F. ) ;
#1428 = EDGE_CURVE ( 'NONE', #196, #556, #550, .T. ) ;
#1429 = CARTESIAN_POINT ( 'NONE',  ( 7.924999999999992717, -13.00000000000000000, -17.60000000000000497 ) ) ;
#1430 = ORIENTED_EDGE ( 'NONE', *, *, #2358, .T. ) ;
#1431 = ORIENTED_EDGE ( 'NONE', *, *, #1293, .T. ) ;
#1432 = CARTESIAN_POINT ( 'NONE',  ( 6.924999999999993605, -13.99999999999999822, -22.60000000000000853 ) ) ;
#1433 = CARTESIAN_POINT ( 'NONE',  ( -2.800000000000000266, -0.5000000000000000000, -21.14000000000000767 ) ) ;
#1434 = EDGE_CURVE ( 'NONE', #1617, #2206, #1869, .T. ) ;
#1435 = PLANE ( 'NONE',  #1099 ) ;
#1436 = FACE_OUTER_BOUND ( 'NONE', #201, .T. ) ;
#1437 = FACE_OUTER_BOUND ( 'NONE', #1444, .T. ) ;
#1438 = DIRECTION ( 'NONE',  ( 0.000000000000000000, -1.000000000000000000, 0.000000000000000000 ) ) ;
#1439 = ORIENTED_EDGE ( 'NONE', *, *, #570, .T. ) ;
#1440 = AXIS2_PLACEMENT_3D ( 'NONE', #1296, #863, #2010 ) ;
#1441 = DIRECTION ( 'NONE',  ( -1.000000000000000000, 0.000000000000000000, 0.000000000000000000 ) ) ;
#1442 = FACE_OUTER_BOUND ( 'NONE', #1595, .T. ) ;
#1443 = VERTEX_POINT ( 'NONE', #2309 ) ;
#1444 = EDGE_LOOP ( 'NONE', ( #955, #2809, #654, #1815 ) ) ;
#1445 = DIRECTION ( 'NONE',  ( 0.000000000000000000, -1.000000000000000000, 0.000000000000000000 ) ) ;
#1446 = DIRECTION ( 'NONE',  ( 1.000000000000000000, 0.000000000000000000, 0.000000000000000000 ) ) ;
#1447 = AXIS2_PLACEMENT_3D ( 'NONE', #1692, #594, #416 ) ;
#1448 = EDGE_CURVE ( 'NONE', #253, #966, #1634, .T. ) ;
#1449 = VERTEX_POINT ( 'NONE', #2498 ) ;
#1450 = AXIS2_PLACEMENT_3D ( 'NONE', #1772, #2648, #51 ) ;
#1451 = CARTESIAN_POINT ( 'NONE',  ( 0.000000000000000000, -9.999999999999998224, -18.43835307503515608 ) ) ;
#1452 = DIRECTION ( 'NONE',  ( 0.000000000000000000, -1.000000000000000000, 0.000000000000000000 ) ) ;
#1453 = LINE ( 'NONE', #93, #2241 ) ;
#1454 = LINE ( 'NONE', #122, #214 ) ;
#1455 = ORIENTED_EDGE ( 'NONE', *, *, #359, .T. ) ;
#1456 = LINE ( 'NONE', #2758, #240 ) ;
#1457 = CIRCLE ( 'NONE', #816, 1.500000000000001332 ) ;
#1458 = CARTESIAN_POINT ( 'NONE',  ( -18.50000000000000000, 0.000000000000000000, 8.399999999999987921 ) ) ;
#1459 = ORIENTED_EDGE ( 'NONE', *, *, #2052, .T. ) ;
#1460 = ORIENTED_EDGE ( 'NONE', *, *, #1079, .T. ) ;
#1461 = CARTESIAN_POINT ( 'NONE',  ( 6.924999999999992717, -13.00000000000000000, -16.60000000000000497 ) ) ;
#1462 = LINE ( 'NONE', #2324, #1773 ) ;
#1463 = ADVANCED_FACE ( 'NONE', ( #304 ), #2729, .F. ) ;
#1464 = VERTEX_POINT ( 'NONE', #90 ) ;
#1465 = ADVANCED_FACE ( 'NONE', ( #2541, #1006 ), #758, .F. ) ;
#1466 = ADVANCED_FACE ( 'NONE', ( #1192 ), #1843, .F. ) ;
#1467 = DIRECTION ( 'NONE',  ( -1.000000000000000000, 0.000000000000000000, 0.000000000000000000 ) ) ;
#1468 = CARTESIAN_POINT ( 'NONE',  ( 5.800000000000000711, 9.999999999999998224, -11.54000000000000448 ) ) ;
#1469 = PLANE ( 'NONE',  #2776 ) ;
#1470 = DIRECTION ( 'NONE',  ( 0.000000000000000000, 0.000000000000000000, -1.000000000000000000 ) ) ;
#1471 = EDGE_LOOP ( 'NONE', ( #2203, #2534, #1817, #1996 ) ) ;
#1472 = LINE ( 'NONE', #337, #1113 ) ;
#1473 = EDGE_CURVE ( 'NONE', #1126, #443, #580, .T. ) ;
#1474 = DIRECTION ( 'NONE',  ( 0.000000000000000000, 0.000000000000000000, -1.000000000000000000 ) ) ;
#1475 = CIRCLE ( 'NONE', #598, 1.500000000000001332 ) ;
#1476 = ORIENTED_EDGE ( 'NONE', *, *, #104, .F. ) ;
#1477 = CARTESIAN_POINT ( 'NONE',  ( 0.000000000000000000, -13.00000000000000000, -18.43835307503515608 ) ) ;
#1478 = CARTESIAN_POINT ( 'NONE',  ( -6.925000000000007816, -13.99999999999999822, -16.60000000000000853 ) ) ;
#1479 = ORIENTED_EDGE ( 'NONE', *, *, #1619, .T. ) ;
#1480 = LINE ( 'NONE', #1526, #760 ) ;
#1481 = CARTESIAN_POINT ( 'NONE',  ( -3.000000000000016875, -13.99999999999999822, 7.559999999999986287 ) ) ;
#1482 = CARTESIAN_POINT ( 'NONE',  ( -15.00000000000000000, -3.469446951953614189E-15, 11.89999999999998792 ) ) ;
#1483 = DIRECTION ( 'NONE',  ( 1.000000000000000000, -0.000000000000000000, 5.782411586589358625E-16 ) ) ;
#1484 = ORIENTED_EDGE ( 'NONE', *, *, #275, .T. ) ;
#1485 = ADVANCED_FACE ( 'NONE', ( #1897, #2774 ), #2556, .T. ) ;
#1486 = LINE ( 'NONE', #398, #2160 ) ;
#1487 = DIRECTION ( 'NONE',  ( -1.000000000000000000, -0.000000000000000000, -0.000000000000000000 ) ) ;
#1488 = AXIS2_PLACEMENT_3D ( 'NONE', #2251, #1818, #952 ) ;
#1489 = VERTEX_POINT ( 'NONE', #315 ) ;
#1490 = CYLINDRICAL_SURFACE ( 'NONE', #1739, 5.000000000000000888 ) ;
#1491 = CARTESIAN_POINT ( 'NONE',  ( 2.999999999999982681, -5.500000000000000000, -1.405000000000014238 ) ) ;
#1492 = ORIENTED_EDGE ( 'NONE', *, *, #56, .F. ) ;
#1493 = VECTOR ( 'NONE', #1859, 1000.000000000000000 ) ;
#1494 = DIRECTION ( 'NONE',  ( -0.000000000000000000, 1.000000000000000000, -0.000000000000000000 ) ) ;
#1495 = AXIS2_PLACEMENT_3D ( 'NONE', #1244, #1025, #2118 ) ;
#1496 = VECTOR ( 'NONE', #1849, 999.9999999999998863 ) ;
#1497 = FACE_BOUND ( 'NONE', #1140, .T. ) ;
#1498 = CARTESIAN_POINT ( 'NONE',  ( 20.00000000000000000, 0.000000000000000000, -21.60000000000000853 ) ) ;
#1499 = CARTESIAN_POINT ( 'NONE',  ( 15.00000000000000000, -11.50000000000000000, 8.399999999999987921 ) ) ;
#1500 = EDGE_CURVE ( 'NONE', #1317, #2509, #2511, .T. ) ;
#1501 = ORIENTED_EDGE ( 'NONE', *, *, #2702, .T. ) ;
#1502 = FACE_OUTER_BOUND ( 'NONE', #889, .T. ) ;
#1503 = EDGE_CURVE ( 'NONE', #1033, #2032, #328, .T. ) ;
#1504 = DIRECTION ( 'NONE',  ( 1.000000000000000000, 0.000000000000000000, 0.000000000000000000 ) ) ;
#1505 = VECTOR ( 'NONE', #334, 1000.000000000000000 ) ;
#1506 = ORIENTED_EDGE ( 'NONE', *, *, #780, .F. ) ;
#1507 = CARTESIAN_POINT ( 'NONE',  ( 14.27499999999998970, -13.00000000000000000, -21.60000000000000853 ) ) ;
#1508 = CARTESIAN_POINT ( 'NONE',  ( 0.000000000000000000, -5.500000000000000000, 0.000000000000000000 ) ) ;
#1509 = VECTOR ( 'NONE', #2568, 1000.000000000000000 ) ;
#1510 = ORIENTED_EDGE ( 'NONE', *, *, #1332, .F. ) ;
#1511 = DIRECTION ( 'NONE',  ( 0.000000000000000000, -0.000000000000000000, -1.000000000000000000 ) ) ;
#1512 = PRODUCT_RELATED_PRODUCT_CATEGORY ( 'part', '', ( #820 ) ) ;
#1513 = CARTESIAN_POINT ( 'NONE',  ( 5.800000000000000711, 9.999999999999998224, -11.54000000000000448 ) ) ;
#1514 = AXIS2_PLACEMENT_3D ( 'NONE', #14, #1939, #1762 ) ;
#1515 = FACE_BOUND ( 'NONE', #2722, .T. ) ;
#1516 = CARTESIAN_POINT ( 'NONE',  ( 15.27499999999998614, -13.00000000000000000, -22.60000000000000853 ) ) ;
#1517 = ORIENTED_EDGE ( 'NONE', *, *, #381, .T. ) ;
#1518 = DIRECTION ( 'NONE',  ( -1.000000000000000000, -0.000000000000000000, -0.000000000000000000 ) ) ;
#1519 = PRESENTATION_STYLE_ASSIGNMENT (( #1334 ) ) ;
#1520 = ORIENTED_EDGE ( 'NONE', *, *, #2137, .F. ) ;
#1521 = ADVANCED_FACE ( 'NONE', ( #113 ), #987, .F. ) ;
#1522 = DIRECTION ( 'NONE',  ( -0.000000000000000000, -1.000000000000000000, 0.000000000000000000 ) ) ;
#1523 = EDGE_LOOP ( 'NONE', ( #211, #2539, #2349, #1536 ) ) ;
#1524 = ORIENTED_EDGE ( 'NONE', *, *, #2443, .T. ) ;
#1525 = EDGE_CURVE ( 'NONE', #858, #2646, #1090, .T. ) ;
#1526 = CARTESIAN_POINT ( 'NONE',  ( 7.099999999999996092, -11.50000000000000000, -23.60000000000000853 ) ) ;
#1527 = CARTESIAN_POINT ( 'NONE',  ( -20.00000000000000000, -13.00000000000000000, 8.399999999999987921 ) ) ;
#1528 = CARTESIAN_POINT ( 'NONE',  ( -15.10000000000000497, -5.500000000000000000, -23.60000000000000853 ) ) ;
#1529 = DIRECTION ( 'NONE',  ( 1.000000000000000000, 0.000000000000000000, 0.000000000000000000 ) ) ;
#1530 = ORIENTED_EDGE ( 'NONE', *, *, #281, .F. ) ;
#1531 = CARTESIAN_POINT ( 'NONE',  ( -3.000000000000016875, -5.500000000000000000, 5.594999999999989093 ) ) ;
#1532 = CARTESIAN_POINT ( 'NONE',  ( -15.00000000000000000, -13.00000000000000000, 11.89999999999998792 ) ) ;
#1533 = VERTEX_POINT ( 'NONE', #874 ) ;
#1534 = VECTOR ( 'NONE', #806, 1000.000000000000000 ) ;
#1535 = FACE_OUTER_BOUND ( 'NONE', #1719, .T. ) ;
#1536 = ORIENTED_EDGE ( 'NONE', *, *, #415, .T. ) ;
#1537 = EDGE_LOOP ( 'NONE', ( #698, #515, #540, #893, #1700, #873, #1479, #168 ) ) ;
#1538 = DIRECTION ( 'NONE',  ( -1.000000000000000000, -0.000000000000000000, -0.000000000000000000 ) ) ;
#1539 = VECTOR ( 'NONE', #1446, 1000.000000000000000 ) ;
#1540 = ORIENTED_EDGE ( 'NONE', *, *, #1639, .T. ) ;
#1541 = EDGE_CURVE ( 'NONE', #977, #368, #1305, .T. ) ;
#1542 = CARTESIAN_POINT ( 'NONE',  ( -15.00000000000000000, 0.000000000000000000, -25.10000000000000853 ) ) ;
#1543 = LINE ( 'NONE', #2799, #1901 ) ;
#1544 = DIRECTION ( 'NONE',  ( 1.445602896647339410E-16, -0.000000000000000000, 1.000000000000000000 ) ) ;
#1545 = AXIS2_PLACEMENT_3D ( 'NONE', #2844, #2621, #2591 ) ;
#1546 = EDGE_LOOP ( 'NONE', ( #2610, #2655, #783, #2834 ) ) ;
#1547 = DIRECTION ( 'NONE',  ( -4.336808689942017736E-16, -0.000000000000000000, 1.000000000000000000 ) ) ;
#1548 = FILL_AREA_STYLE ('',( #2641 ) ) ;
#1549 = ORIENTED_EDGE ( 'NONE', *, *, #175, .T. ) ;
#1550 = CARTESIAN_POINT ( 'NONE',  ( -18.50000000000000000, -11.50000000000000000, 8.399999999999987921 ) ) ;
#1551 = ORIENTED_EDGE ( 'NONE', *, *, #643, .T. ) ;
#1552 = VERTEX_POINT ( 'NONE', #1507 ) ;
#1553 = DIRECTION ( 'NONE',  ( -0.000000000000000000, -1.000000000000000000, -0.000000000000000000 ) ) ;
#1554 = ADVANCED_FACE ( 'NONE', ( #2141 ), #1490, .T. ) ;
#1555 = ORIENTED_EDGE ( 'NONE', *, *, #1638, .T. ) ;
#1556 = AXIS2_PLACEMENT_3D ( 'NONE', #1045, #141, #1474 ) ;
#1557 = DIRECTION ( 'NONE',  ( -8.673617379884035472E-16, 0.000000000000000000, -1.000000000000000000 ) ) ;
#1558 = VECTOR ( 'NONE', #376, 1000.000000000000000 ) ;
#1559 = EDGE_CURVE ( 'NONE', #64, #948, #1277, .T. ) ;
#1560 = FACE_BOUND ( 'NONE', #2393, .T. ) ;
#1561 = EDGE_CURVE ( 'NONE', #2258, #2555, #642, .T. ) ;
#1562 = DIRECTION ( 'NONE',  ( 1.000000000000000000, -0.000000000000000000, -0.000000000000000000 ) ) ;
#1563 = ORIENTED_EDGE ( 'NONE', *, *, #1696, .T. ) ;
#1564 = CYLINDRICAL_SURFACE ( 'NONE', #848, 1.500000000000001332 ) ;
#1565 = CARTESIAN_POINT ( 'NONE',  ( -3.000000000000016431, -11.50000000000000000, -0.4050000000000134048 ) ) ;
#1566 = DIRECTION ( 'NONE',  ( -1.000000000000000000, 0.000000000000000000, 0.000000000000000000 ) ) ;
#1567 = VERTEX_POINT ( 'NONE', #627 ) ;
#1568 = EDGE_LOOP ( 'NONE', ( #1300, #1235, #1021, #2123 ) ) ;
#1569 = DIRECTION ( 'NONE',  ( -1.000000000000000000, 0.000000000000000000, 0.000000000000000000 ) ) ;
#1570 = ORIENTED_EDGE ( 'NONE', *, *, #2790, .F. ) ;
#1571 = DIRECTION ( 'NONE',  ( 1.310214105722663983E-16, 0.000000000000000000, -1.000000000000000000 ) ) ;
#1572 = VECTOR ( 'NONE', #983, 1000.000000000000000 ) ;
#1573 = CARTESIAN_POINT ( 'NONE',  ( 11.09999999999999076, 31.50000000000000000, -19.60000000000000497 ) ) ;
#1574 = VERTEX_POINT ( 'NONE', #1250 ) ;
#1575 = CARTESIAN_POINT ( 'NONE',  ( -7.925000000000008704, -13.99999999999999822, -17.60000000000000853 ) ) ;
#1576 = DIRECTION ( 'NONE',  ( 0.000000000000000000, -1.000000000000000000, 0.000000000000000000 ) ) ;
#1577 = ADVANCED_FACE ( 'NONE', ( #2339 ), #188, .T. ) ;
#1578 = CARTESIAN_POINT ( 'NONE',  ( -15.00000000000000000, -13.00000000000000000, -25.10000000000000853 ) ) ;
#1579 = VERTEX_POINT ( 'NONE', #2370 ) ;
#1580 = ORIENTED_EDGE ( 'NONE', *, *, #528, .F. ) ;
#1581 = DIRECTION ( 'NONE',  ( 0.000000000000000000, 1.000000000000000000, 0.000000000000000000 ) ) ;
#1582 = ORIENTED_EDGE ( 'NONE', *, *, #1842, .T. ) ;
#1583 = CARTESIAN_POINT ( 'NONE',  ( 2.999999999999980904, -11.50000000000000000, 5.594999999999989093 ) ) ;
#1584 = AXIS2_PLACEMENT_3D ( 'NONE', #2175, #2191, #1744 ) ;
#1585 = PLANE ( 'NONE',  #1310 ) ;
#1586 = VERTEX_POINT ( 'NONE', #1075 ) ;
#1587 = DIRECTION ( 'NONE',  ( -1.093772683465830541E-16, -0.000000000000000000, 1.000000000000000000 ) ) ;
#1588 = CARTESIAN_POINT ( 'NONE',  ( -3.000000000000016875, -13.99999999999999822, 7.559999999999986287 ) ) ;
#1589 = VECTOR ( 'NONE', #463, 1000.000000000000000 ) ;
#1590 = EDGE_CURVE ( 'NONE', #1649, #1092, #2380, .T. ) ;
#1591 = DIRECTION ( 'NONE',  ( 1.310214105722663983E-16, 0.000000000000000000, -1.000000000000000000 ) ) ;
#1592 = LINE ( 'NONE', #2427, #305 ) ;
#1593 = EDGE_CURVE ( 'NONE', #1372, #2777, #2384, .T. ) ;
#1594 = ORIENTED_EDGE ( 'NONE', *, *, #2099, .T. ) ;
#1595 = EDGE_LOOP ( 'NONE', ( #2378, #1109, #1540, #908 ) ) ;
#1596 = DIRECTION ( 'NONE',  ( 0.000000000000000000, 0.000000000000000000, -1.000000000000000000 ) ) ;
#1597 = AXIS2_PLACEMENT_3D ( 'NONE', #2029, #286, #1346 ) ;
#1598 = LINE ( 'NONE', #924, #2499 ) ;
#1599 = ADVANCED_FACE ( 'NONE', ( #2820 ), #2184, .F. ) ;
#1600 = FACE_OUTER_BOUND ( 'NONE', #2161, .T. ) ;
#1601 = ORIENTED_EDGE ( 'NONE', *, *, #657, .T. ) ;
#1602 = CIRCLE ( 'NONE', #48, 3.500000000000001332 ) ;
#1603 = CARTESIAN_POINT ( 'NONE',  ( -15.27500000000000746, -13.99999999999999822, -16.60000000000000853 ) ) ;
#1604 = DIRECTION ( 'NONE',  ( -1.310214105722663983E-16, -0.000000000000000000, 1.000000000000000000 ) ) ;
#1605 = DIRECTION ( 'NONE',  ( -8.673617379884035472E-16, 0.000000000000000000, -1.000000000000000000 ) ) ;
#1606 = ORIENTED_EDGE ( 'NONE', *, *, #1696, .F. ) ;
#1607 = ORIENTED_EDGE ( 'NONE', *, *, #504, .F. ) ;
#1608 = CYLINDRICAL_SURFACE ( 'NONE', #990, 1.500000000000001332 ) ;
#1609 = EDGE_CURVE ( 'NONE', #678, #1489, #1034, .T. ) ;
#1610 = CARTESIAN_POINT ( 'NONE',  ( 2.999999999999981792, -5.500000000000000000, 5.594999999999988205 ) ) ;
#1611 = ORIENTED_EDGE ( 'NONE', *, *, #599, .T. ) ;
#1612 = CARTESIAN_POINT ( 'NONE',  ( -5.800000000000000711, 9.999999999999998224, -11.54000000000000448 ) ) ;
#1613 = LINE ( 'NONE', #2675, #1718 ) ;
#1614 = AXIS2_PLACEMENT_3D ( 'NONE', #2300, #1209, #295 ) ;
#1615 = CARTESIAN_POINT ( 'NONE',  ( 2.999999999999982681, -5.500000000000000000, 6.594999999999988205 ) ) ;
#1616 = ORIENTED_EDGE ( 'NONE', *, *, #35, .F. ) ;
#1617 = VERTEX_POINT ( 'NONE', #2600 ) ;
#1618 = FACE_OUTER_BOUND ( 'NONE', #2096, .T. ) ;
#1619 = EDGE_CURVE ( 'NONE', #2510, #1660, #271, .T. ) ;
#1620 = ADVANCED_FACE ( 'NONE', ( #2792 ), #609, .F. ) ;
#1621 = VERTEX_POINT ( 'NONE', #1264 ) ;
#1622 = VECTOR ( 'NONE', #1949, 1000.000000000000000 ) ;
#1623 = EDGE_LOOP ( 'NONE', ( #770, #2353, #1239, #1368 ) ) ;
#1624 = CARTESIAN_POINT ( 'NONE',  ( -14.27500000000000568, -13.99999999999999822, -17.60000000000000853 ) ) ;
#1625 = ORIENTED_EDGE ( 'NONE', *, *, #321, .T. ) ;
#1626 = VECTOR ( 'NONE', #2492, 1000.000000000000000 ) ;
#1627 = VECTOR ( 'NONE', #2406, 1000.000000000000000 ) ;
#1628 = DIRECTION ( 'NONE',  ( 0.000000000000000000, 0.000000000000000000, -1.000000000000000000 ) ) ;
#1629 = EDGE_CURVE ( 'NONE', #1089, #259, #2585, .T. ) ;
#1630 = CARTESIAN_POINT ( 'NONE',  ( -15.00000000000000000, 0.000000000000000000, -21.60000000000000853 ) ) ;
#1631 = VECTOR ( 'NONE', #2217, 1000.000000000000000 ) ;
#1632 = EDGE_LOOP ( 'NONE', ( #2296, #1848, #1351, #2338 ) ) ;
#1633 = ORIENTED_EDGE ( 'NONE', *, *, #1793, .T. ) ;
#1634 = LINE ( 'NONE', #144, #2333 ) ;
#1635 = LINE ( 'NONE', #1420, #2516 ) ;
#1636 = VERTEX_POINT ( 'NONE', #2397 ) ;
#1637 = CARTESIAN_POINT ( 'NONE',  ( -14.10000000000000675, -11.50000000000000000, -22.60000000000000853 ) ) ;
#1638 = EDGE_CURVE ( 'NONE', #37, #76, #2158, .T. ) ;
#1639 = EDGE_CURVE ( 'NONE', #1552, #1207, #1958, .T. ) ;
#1640 = LINE ( 'NONE', #1024, #131 ) ;
#1641 = DIRECTION ( 'NONE',  ( 1.000000000000000000, -0.000000000000000000, 0.000000000000000000 ) ) ;
#1642 = VERTEX_POINT ( 'NONE', #2003 ) ;
#1643 = VECTOR ( 'NONE', #1189, 1000.000000000000000 ) ;
#1644 = EDGE_CURVE ( 'NONE', #1403, #1139, #902, .T. ) ;
#1645 = DIRECTION ( 'NONE',  ( 1.000000000000000000, -0.000000000000000000, -0.000000000000000000 ) ) ;
#1646 = LINE ( 'NONE', #1400, #179 ) ;
#1647 = VECTOR ( 'NONE', #1701, 1000.000000000000000 ) ;
#1648 = ORIENTED_EDGE ( 'NONE', *, *, #363, .T. ) ;
#1649 = VERTEX_POINT ( 'NONE', #469 ) ;
#1650 = LINE ( 'NONE', #1461, #2387 ) ;
#1651 = DIRECTION ( 'NONE',  ( 0.000000000000000000, 0.000000000000000000, -1.000000000000000000 ) ) ;
#1652 = DIRECTION ( 'NONE',  ( -0.000000000000000000, -1.000000000000000000, -0.000000000000000000 ) ) ;
#1653 = DIRECTION ( 'NONE',  ( 0.000000000000000000, 0.000000000000000000, -1.000000000000000000 ) ) ;
#1654 = DIRECTION ( 'NONE',  ( 0.000000000000000000, 0.000000000000000000, -1.000000000000000000 ) ) ;
#1655 = ORIENTED_EDGE ( 'NONE', *, *, #1208, .F. ) ;
#1656 = CARTESIAN_POINT ( 'NONE',  ( 15.00000000000000000, -11.50000000000000000, -25.10000000000000853 ) ) ;
#1657 = ADVANCED_FACE ( 'NONE', ( #1321 ), #47, .F. ) ;
#1658 = DIRECTION ( 'NONE',  ( 1.000000000000000000, 0.000000000000000000, 1.445602896647337931E-16 ) ) ;
#1659 = VERTEX_POINT ( 'NONE', #2213 ) ;
#1660 = VERTEX_POINT ( 'NONE', #2018 ) ;
#1661 = DIRECTION ( 'NONE',  ( -0.000000000000000000, 0.000000000000000000, 1.000000000000000000 ) ) ;
#1662 = CARTESIAN_POINT ( 'NONE',  ( 0.000000000000000000, -13.00000000000000000, -18.43835307503515608 ) ) ;
#1663 = ORIENTED_EDGE ( 'NONE', *, *, #891, .F. ) ;
#1664 = CARTESIAN_POINT ( 'NONE',  ( -3.000000000000016875, -13.00000000000000000, 7.559999999999986287 ) ) ;
#1665 = VECTOR ( 'NONE', #2314, 1000.000000000000000 ) ;
#1666 = DIRECTION ( 'NONE',  ( -0.000000000000000000, -1.000000000000000000, -0.000000000000000000 ) ) ;
#1667 = LINE ( 'NONE', #1624, #630 ) ;
#1668 = CARTESIAN_POINT ( 'NONE',  ( -15.00000000000000000, 0.000000000000000000, 8.399999999999987921 ) ) ;
#1669 = ORIENTED_EDGE ( 'NONE', *, *, #1412, .F. ) ;
#1670 = CARTESIAN_POINT ( 'NONE',  ( -14.27500000000000568, 3.000000000000002665, -21.60000000000000853 ) ) ;
#1671 = EDGE_CURVE ( 'NONE', #973, #446, #1592, .T. ) ;
#1672 = VECTOR ( 'NONE', #1159, 1000.000000000000000 ) ;
#1673 = CARTESIAN_POINT ( 'NONE',  ( -3.000000000000016875, -13.00000000000000000, 7.559999999999986287 ) ) ;
#1674 = ORIENTED_EDGE ( 'NONE', *, *, #2666, .F. ) ;
#1675 = ORIENTED_EDGE ( 'NONE', *, *, #1412, .T. ) ;
#1676 = EDGE_CURVE ( 'NONE', #1922, #2699, #257, .T. ) ;
#1677 = EDGE_CURVE ( 'NONE', #2622, #1922, #2649, .T. ) ;
#1678 = DIRECTION ( 'NONE',  ( 0.000000000000000000, -0.000000000000000000, -1.000000000000000000 ) ) ;
#1679 = CARTESIAN_POINT ( 'NONE',  ( 7.924999999999992717, 3.000000000000002665, -21.60000000000000853 ) ) ;
#1680 = AXIS2_PLACEMENT_3D ( 'NONE', #17, #1350, #2678 ) ;
#1681 = VERTEX_POINT ( 'NONE', #456 ) ;
#1682 = DIRECTION ( 'NONE',  ( -0.000000000000000000, -1.000000000000000000, -0.000000000000000000 ) ) ;
#1683 = DIRECTION ( 'NONE',  ( 0.000000000000000000, 0.000000000000000000, 1.000000000000000000 ) ) ;
#1684 = DIRECTION ( 'NONE',  ( -1.000000000000000000, -0.000000000000000000, -0.000000000000000000 ) ) ;
#1685 = CARTESIAN_POINT ( 'NONE',  ( 14.09999999999999432, -5.500000000000000000, -22.60000000000000853 ) ) ;
#1686 = EDGE_LOOP ( 'NONE', ( #2040, #727 ) ) ;
#1687 = CARTESIAN_POINT ( 'NONE',  ( -2.800000000000000266, -0.5000000000000004441, -21.14000000000000767 ) ) ;
#1688 = PRESENTATION_LAYER_ASSIGNMENT (  '', '', ( #1788 ) ) ;
#1689 = CARTESIAN_POINT ( 'NONE',  ( 15.00000000000000000, -3.469446951953614189E-15, -25.10000000000000853 ) ) ;
#1690 = VERTEX_POINT ( 'NONE', #919 ) ;
#1691 = ORIENTED_EDGE ( 'NONE', *, *, #74, .T. ) ;
#1692 = CARTESIAN_POINT ( 'NONE',  ( 14.27499999999998970, 3.000000000000002665, -17.60000000000000497 ) ) ;
#1693 = PLANE ( 'NONE',  #101 ) ;
#1694 = EDGE_LOOP ( 'NONE', ( #756, #2679, #1837, #745 ) ) ;
#1695 = FACE_BOUND ( 'NONE', #1471, .T. ) ;
#1696 = EDGE_CURVE ( 'NONE', #294, #843, #441, .T. ) ;
#1697 = CARTESIAN_POINT ( 'NONE',  ( -18.50000000000000000, -13.00000000000000000, -21.60000000000000853 ) ) ;
#1698 = PLANE ( 'NONE',  #1028 ) ;
#1699 = LINE ( 'NONE', #2767, #569 ) ;
#1700 = ORIENTED_EDGE ( 'NONE', *, *, #2341, .T. ) ;
#1701 = DIRECTION ( 'NONE',  ( -0.000000000000000000, 1.000000000000000000, -0.000000000000000000 ) ) ;
#1702 = CARTESIAN_POINT ( 'NONE',  ( -3.000000000000016875, -5.500000000000000000, 5.594999999999989093 ) ) ;
#1703 = AXIS2_PLACEMENT_3D ( 'NONE', #2292, #1441, #323 ) ;
#1704 = ORIENTED_EDGE ( 'NONE', *, *, #931, .F. ) ;
#1705 = DIRECTION ( 'NONE',  ( -0.000000000000000000, -1.000000000000000000, -0.000000000000000000 ) ) ;
#1706 = DIRECTION ( 'NONE',  ( 1.310214105722663983E-16, 0.000000000000000000, -1.000000000000000000 ) ) ;
#1707 = ORIENTED_EDGE ( 'NONE', *, *, #1854, .T. ) ;
#1708 = AXIS2_PLACEMENT_3D ( 'NONE', #2700, #1174, #83 ) ;
#1709 = LINE ( 'NONE', #2173, #2465 ) ;
#1710 = ADVANCED_FACE ( 'NONE', ( #229 ), #2201, .F. ) ;
#1711 = CARTESIAN_POINT ( 'NONE',  ( 15.00000000000000000, -13.00000000000000000, 8.399999999999987921 ) ) ;
#1712 = CARTESIAN_POINT ( 'NONE',  ( 8.099999999999996092, -5.500000000000000000, -16.60000000000000142 ) ) ;
#1713 = EDGE_CURVE ( 'NONE', #752, #2603, #1798, .T. ) ;
#1714 = CARTESIAN_POINT ( 'NONE',  ( 18.50000000000000000, -3.469446951953614189E-15, 8.399999999999987921 ) ) ;
#1715 = VERTEX_POINT ( 'NONE', #1107 ) ;
#1716 = DIRECTION ( 'NONE',  ( 0.000000000000000000, 0.000000000000000000, 1.000000000000000000 ) ) ;
#1717 = DIRECTION ( 'NONE',  ( -0.000000000000000000, 1.000000000000000000, -0.000000000000000000 ) ) ;
#1718 = VECTOR ( 'NONE', #1604, 1000.000000000000000 ) ;
#1719 = EDGE_LOOP ( 'NONE', ( #2574, #1017, #143, #1291 ) ) ;
#1720 = PRODUCT_DEFINITION ( 'UNKNOWN', '', #453, #2660 ) ;
#1721 = DIRECTION ( 'NONE',  ( 0.000000000000000000, 0.000000000000000000, 1.000000000000000000 ) ) ;
#1722 = CARTESIAN_POINT ( 'NONE',  ( -6.925000000000007816, -13.00000000000000000, -22.60000000000000853 ) ) ;
#1723 = ORIENTED_EDGE ( 'NONE', *, *, #1764, .F. ) ;
#1724 = LINE ( 'NONE', #2795, #1086 ) ;
#1725 = AXIS2_PLACEMENT_3D ( 'NONE', #2415, #1267, #1960 ) ;
#1726 = AXIS2_PLACEMENT_3D ( 'NONE', #220, #1755, #1295 ) ;
#1727 = DIRECTION ( 'NONE',  ( -0.2982749931359467976, -0.000000000000000000, 0.9544799780350298191 ) ) ;
#1728 = DIRECTION ( 'NONE',  ( -1.000000000000000000, -0.000000000000000000, -0.000000000000000000 ) ) ;
#1729 = FACE_OUTER_BOUND ( 'NONE', #1546, .T. ) ;
#1730 = EDGE_LOOP ( 'NONE', ( #531, #2245, #1900, #1032 ) ) ;
#1731 = EDGE_CURVE ( 'NONE', #2603, #2046, #2257, .T. ) ;
#1732 = EDGE_CURVE ( 'NONE', #973, #1116, #2644, .T. ) ;
#1733 = DIRECTION ( 'NONE',  ( -1.000000000000000000, -0.000000000000000000, -0.000000000000000000 ) ) ;
#1734 = DIRECTION ( 'NONE',  ( -0.000000000000000000, -1.000000000000000000, -0.000000000000000000 ) ) ;
#1735 = AXIS2_PLACEMENT_3D ( 'NONE', #1873, #320, #2563 ) ;
#1736 = EDGE_CURVE ( 'NONE', #64, #1574, #703, .T. ) ;
#1737 = VERTEX_POINT ( 'NONE', #481 ) ;
#1738 = CARTESIAN_POINT ( 'NONE',  ( -14.27500000000000568, 3.000000000000002665, -17.60000000000000853 ) ) ;
#1739 = AXIS2_PLACEMENT_3D ( 'NONE', #158, #829, #1062 ) ;
#1740 = VECTOR ( 'NONE', #2596, 1000.000000000000000 ) ;
#1741 = VERTEX_POINT ( 'NONE', #1363 ) ;
#1742 = DIRECTION ( 'NONE',  ( -0.000000000000000000, 1.000000000000000000, -0.000000000000000000 ) ) ;
#1743 =( NAMED_UNIT ( * ) SI_UNIT ( $, .STERADIAN. ) SOLID_ANGLE_UNIT ( ) );
#1744 = DIRECTION ( 'NONE',  ( 0.000000000000000000, 0.000000000000000000, -1.000000000000000000 ) ) ;
#1745 = FACE_OUTER_BOUND ( 'NONE', #103, .T. ) ;
#1746 = LINE ( 'NONE', #1343, #1268 ) ;
#1747 = ORIENTED_EDGE ( 'NONE', *, *, #1188, .T. ) ;
#1748 = CARTESIAN_POINT ( 'NONE',  ( 0.000000000000000000, -9.999999999999998224, -20.43835307503515963 ) ) ;
#1749 = DIRECTION ( 'NONE',  ( -1.093772683465830541E-16, -0.000000000000000000, 1.000000000000000000 ) ) ;
#1750 = ORIENTED_EDGE ( 'NONE', *, *, #116, .F. ) ;
#1751 = DIRECTION ( 'NONE',  ( -0.000000000000000000, -0.000000000000000000, -1.000000000000000000 ) ) ;
#1752 = ADVANCED_FACE ( 'NONE', ( #2240 ), #2031, .T. ) ;
#1753 = EDGE_LOOP ( 'NONE', ( #1675, #1771, #82, #2059 ) ) ;
#1754 = ORIENTED_EDGE ( 'NONE', *, *, #1222, .T. ) ;
#1755 = DIRECTION ( 'NONE',  ( 0.000000000000000000, 0.000000000000000000, 1.000000000000000000 ) ) ;
#1756 = EDGE_LOOP ( 'NONE', ( #199, #2106, #451, #1655 ) ) ;
#1757 = APPLICATION_PROTOCOL_DEFINITION ( 'draft international standard', 'automotive_design', 1998, #2398 ) ;
#1758 = LINE ( 'NONE', #1789, #1128 ) ;
#1759 = DIRECTION ( 'NONE',  ( 0.000000000000000000, 0.000000000000000000, -1.000000000000000000 ) ) ;
#1760 = DIRECTION ( 'NONE',  ( 0.000000000000000000, -0.000000000000000000, -1.000000000000000000 ) ) ;
#1761 = ORIENTED_EDGE ( 'NONE', *, *, #643, .F. ) ;
#1762 = DIRECTION ( 'NONE',  ( -1.000000000000000000, 0.000000000000000000, -0.000000000000000000 ) ) ;
#1763 = CARTESIAN_POINT ( 'NONE',  ( 18.50000000000000000, -11.50000000000000000, -21.60000000000000853 ) ) ;
#1764 = EDGE_CURVE ( 'NONE', #1621, #2514, #2441, .T. ) ;
#1765 = EDGE_LOOP ( 'NONE', ( #1182, #1455 ) ) ;
#1766 = AXIS2_PLACEMENT_3D ( 'NONE', #2813, #2149, #2165 ) ;
#1767 = DIRECTION ( 'NONE',  ( -0.000000000000000000, -1.000000000000000000, -0.000000000000000000 ) ) ;
#1768 = AXIS2_PLACEMENT_3D ( 'NONE', #1255, #406, #1283 ) ;
#1769 = ADVANCED_FACE ( 'NONE', ( #1535 ), #689, .T. ) ;
#1770 = ORIENTED_EDGE ( 'NONE', *, *, #2452, .T. ) ;
#1771 = ORIENTED_EDGE ( 'NONE', *, *, #1138, .F. ) ;
#1772 = CARTESIAN_POINT ( 'NONE',  ( 2.999999999999982681, -5.500000000000000000, 6.594999999999988205 ) ) ;
#1773 = VECTOR ( 'NONE', #386, 1000.000000000000000 ) ;
#1774 = ORIENTED_EDGE ( 'NONE', *, *, #1175, .T. ) ;
#1775 = CARTESIAN_POINT ( 'NONE',  ( -2.000000000000016875, -13.99999999999999822, 6.559999999999986287 ) ) ;
#1776 = DIRECTION ( 'NONE',  ( 0.000000000000000000, -1.000000000000000000, 0.000000000000000000 ) ) ;
#1777 = DIRECTION ( 'NONE',  ( 1.000000000000000000, 0.000000000000000000, 0.000000000000000000 ) ) ;
#1778 = AXIS2_PLACEMENT_3D ( 'NONE', #498, #2658, #980 ) ;
#1779 = EDGE_CURVE ( 'NONE', #792, #1895, #60, .T. ) ;
#1780 = EDGE_LOOP ( 'NONE', ( #2480, #1345, #2140, #2839 ) ) ;
#1781 = DIRECTION ( 'NONE',  ( 0.000000000000000000, 0.000000000000000000, -1.000000000000000000 ) ) ;
#1782 = LINE ( 'NONE', #1151, #407 ) ;
#1783 = DIRECTION ( 'NONE',  ( 0.000000000000000000, 0.000000000000000000, -1.000000000000000000 ) ) ;
#1784 = EDGE_LOOP ( 'NONE', ( #1852, #884, #2119, #812 ) ) ;
#1785 = ORIENTED_EDGE ( 'NONE', *, *, #2407, .F. ) ;
#1786 = CYLINDRICAL_SURFACE ( 'NONE', #1866, 2.000000000000001776 ) ;
#1787 = ORIENTED_EDGE ( 'NONE', *, *, #1170, .F. ) ;
#1788 = STYLED_ITEM ( 'NONE', ( #1519 ), #2703 ) ;
#1789 = CARTESIAN_POINT ( 'NONE',  ( 2.999999999999982681, -5.500000000000000000, 6.594999999999988205 ) ) ;
#1790 = AXIS2_PLACEMENT_3D ( 'NONE', #2403, #2147, #1096 ) ;
#1791 = LINE ( 'NONE', #2671, #1178 ) ;
#1792 = LINE ( 'NONE', #912, #1134 ) ;
#1793 = EDGE_CURVE ( 'NONE', #876, #2622, #674, .T. ) ;
#1794 = VERTEX_POINT ( 'NONE', #335 ) ;
#1795 = AXIS2_PLACEMENT_3D ( 'NONE', #2847, #2582, #438 ) ;
#1796 = CARTESIAN_POINT ( 'NONE',  ( -6.925000000000007816, -13.99999999999999822, -22.60000000000000853 ) ) ;
#1797 = CARTESIAN_POINT ( 'NONE',  ( 1.999999999999982236, -13.99999999999999822, 6.559999999999986287 ) ) ;
#1798 = LINE ( 'NONE', #2455, #2501 ) ;
#1799 = ORIENTED_EDGE ( 'NONE', *, *, #529, .F. ) ;
#1800 = ORIENTED_EDGE ( 'NONE', *, *, #528, .T. ) ;
#1801 = CARTESIAN_POINT ( 'NONE',  ( -7.925000000000008704, -13.00000000000000000, -17.60000000000000853 ) ) ;
#1802 = EDGE_LOOP ( 'NONE', ( #1416, #1421, #584, #676 ) ) ;
#1803 = CARTESIAN_POINT ( 'NONE',  ( -14.27500000000000568, -13.99999999999999822, -21.60000000000000853 ) ) ;
#1804 = ADVANCED_FACE ( 'NONE', ( #807 ), #1890, .F. ) ;
#1805 = DIRECTION ( 'NONE',  ( 0.000000000000000000, 0.000000000000000000, -1.000000000000000000 ) ) ;
#1806 = VERTEX_POINT ( 'NONE', #1211 ) ;
#1807 = DIRECTION ( 'NONE',  ( 0.000000000000000000, 0.000000000000000000, -1.000000000000000000 ) ) ;
#1808 = EDGE_CURVE ( 'NONE', #869, #1106, #2782, .T. ) ;
#1809 = DIRECTION ( 'NONE',  ( 4.336808689942017736E-16, 0.000000000000000000, -1.000000000000000000 ) ) ;
#1810 = SURFACE_STYLE_FILL_AREA ( #1548 ) ;
#1811 = DIRECTION ( 'NONE',  ( -0.000000000000000000, 1.000000000000000000, -0.000000000000000000 ) ) ;
#1812 = EDGE_CURVE ( 'NONE', #1106, #2401, #151, .T. ) ;
#1813 = AXIS2_PLACEMENT_3D ( 'NONE', #926, #55, #2479 ) ;
#1814 = VERTEX_POINT ( 'NONE', #2564 ) ;
#1815 = ORIENTED_EDGE ( 'NONE', *, *, #1344, .T. ) ;
#1816 = DIRECTION ( 'NONE',  ( -1.000000000000000000, 0.000000000000000000, -0.000000000000000000 ) ) ;
#1817 = ORIENTED_EDGE ( 'NONE', *, *, #2651, .F. ) ;
#1818 = DIRECTION ( 'NONE',  ( 0.000000000000000000, -1.000000000000000000, 0.000000000000000000 ) ) ;
#1819 = VECTOR ( 'NONE', #679, 1000.000000000000000 ) ;
#1820 = FACE_OUTER_BOUND ( 'NONE', #1694, .T. ) ;
#1821 = ORIENTED_EDGE ( 'NONE', *, *, #2066, .F. ) ;
#1822 = ORIENTED_EDGE ( 'NONE', *, *, #1732, .F. ) ;
#1823 = DIRECTION ( 'NONE',  ( -0.000000000000000000, 1.000000000000000000, -0.000000000000000000 ) ) ;
#1824 = AXIS2_PLACEMENT_3D ( 'NONE', #1153, #2412, #1991 ) ;
#1825 = ADVANCED_FACE ( 'NONE', ( #181 ), #589, .F. ) ;
#1826 = AXIS2_PLACEMENT_3D ( 'NONE', #278, #1581, #2460 ) ;
#1827 = EDGE_CURVE ( 'NONE', #1287, #2728, #1454, .T. ) ;
#1828 = LINE ( 'NONE', #300, #1005 ) ;
#1829 = ORIENTED_EDGE ( 'NONE', *, *, #1200, .T. ) ;
#1830 = ORIENTED_EDGE ( 'NONE', *, *, #1254, .T. ) ;
#1831 = CARTESIAN_POINT ( 'NONE',  ( 15.00000000000000000, 0.000000000000000000, 11.89999999999998792 ) ) ;
#1832 = DIRECTION ( 'NONE',  ( -0.000000000000000000, -1.000000000000000000, -0.000000000000000000 ) ) ;
#1833 = DIRECTION ( 'NONE',  ( -0.000000000000000000, 1.000000000000000000, -0.000000000000000000 ) ) ;
#1834 = VECTOR ( 'NONE', #1955, 1000.000000000000000 ) ;
#1835 = ORIENTED_EDGE ( 'NONE', *, *, #2594, .T. ) ;
#1836 = VECTOR ( 'NONE', #9, 1000.000000000000000 ) ;
#1837 = ORIENTED_EDGE ( 'NONE', *, *, #1000, .T. ) ;
#1838 = CARTESIAN_POINT ( 'NONE',  ( 11.09999999999999076, -12.99999999999999822, -19.60000000000000497 ) ) ;
#1839 = LINE ( 'NONE', #1615, #2739 ) ;
#1840 = ORIENTED_EDGE ( 'NONE', *, *, #1079, .F. ) ;
#1841 = VERTEX_POINT ( 'NONE', #2519 ) ;
#1842 = EDGE_CURVE ( 'NONE', #2497, #2046, #1057, .T. ) ;
#1843 = PLANE ( 'NONE',  #497 ) ;
#1844 = EDGE_LOOP ( 'NONE', ( #590, #1018, #2306, #1155 ) ) ;
#1845 = AXIS2_PLACEMENT_3D ( 'NONE', #1508, #2385, #845 ) ;
#1846 = CARTESIAN_POINT ( 'NONE',  ( 1.836970198721030181E-16, 31.50000000000000000, 4.094999999999985540 ) ) ;
#1847 = DIRECTION ( 'NONE',  ( 1.000000000000000000, -0.000000000000000000, 0.000000000000000000 ) ) ;
#1848 = ORIENTED_EDGE ( 'NONE', *, *, #2824, .F. ) ;
#1849 = DIRECTION ( 'NONE',  ( -0.2982749931359467976, -0.000000000000000000, -0.9544799780350298191 ) ) ;
#1850 = EDGE_CURVE ( 'NONE', #2615, #2603, #2332, .T. ) ;
#1851 = ORIENTED_EDGE ( 'NONE', *, *, #2791, .T. ) ;
#1852 = ORIENTED_EDGE ( 'NONE', *, *, #34, .T. ) ;
#1853 = DIRECTION ( 'NONE',  ( -0.000000000000000000, -0.000000000000000000, 1.000000000000000000 ) ) ;
#1854 = EDGE_CURVE ( 'NONE', #2410, #544, #852, .T. ) ;
#1855 = EDGE_CURVE ( 'NONE', #423, #2783, #1699, .T. ) ;
#1856 = CARTESIAN_POINT ( 'NONE',  ( -5.800000000000000711, 9.999999999999998224, -11.54000000000000448 ) ) ;
#1857 = ORIENTED_EDGE ( 'NONE', *, *, #30, .F. ) ;
#1858 = VECTOR ( 'NONE', #1652, 1000.000000000000000 ) ;
#1859 = DIRECTION ( 'NONE',  ( 1.000000000000000000, -0.000000000000000000, -0.000000000000000000 ) ) ;
#1860 = FACE_OUTER_BOUND ( 'NONE', #313, .T. ) ;
#1861 = CARTESIAN_POINT ( 'NONE',  ( -11.10000000000000675, 31.50000000000000000, -21.10000000000000853 ) ) ;
#1862 = ORIENTED_EDGE ( 'NONE', *, *, #1119, .F. ) ;
#1863 = VECTOR ( 'NONE', #2089, 1000.000000000000000 ) ;
#1864 = CARTESIAN_POINT ( 'NONE',  ( 14.27499999999998970, -12.99999999999999822, -17.60000000000000497 ) ) ;
#1865 = CARTESIAN_POINT ( 'NONE',  ( 0.000000000000000000, -11.49999999999999645, 2.594999999999985985 ) ) ;
#1866 = AXIS2_PLACEMENT_3D ( 'NONE', #937, #2475, #2034 ) ;
#1867 = ORIENTED_EDGE ( 'NONE', *, *, #2137, .T. ) ;
#1868 = ORIENTED_EDGE ( 'NONE', *, *, #835, .F. ) ;
#1869 = LINE ( 'NONE', #1218, #1098 ) ;
#1870 = VECTOR ( 'NONE', #1011, 1000.000000000000000 ) ;
#1871 = DIRECTION ( 'NONE',  ( -0.000000000000000000, -1.000000000000000000, -0.000000000000000000 ) ) ;
#1872 = DIRECTION ( 'NONE',  ( -1.000000000000000000, 0.000000000000000000, -0.000000000000000000 ) ) ;
#1873 = CARTESIAN_POINT ( 'NONE',  ( -14.10000000000000675, -5.500000000000000000, -16.60000000000000497 ) ) ;
#1874 = EDGE_CURVE ( 'NONE', #611, #13, #80, .T. ) ;
#1875 = LINE ( 'NONE', #778, #346 ) ;
#1876 = AXIS2_PLACEMENT_3D ( 'NONE', #173, #1292, #1929 ) ;
#1877 = EDGE_LOOP ( 'NONE', ( #2060, #2112, #2707, #2485 ) ) ;
#1878 = VECTOR ( 'NONE', #2614, 1000.000000000000000 ) ;
#1879 = CARTESIAN_POINT ( 'NONE',  ( -3.000000000000016875, -13.99999999999999822, 7.559999999999986287 ) ) ;
#1880 = DIRECTION ( 'NONE',  ( 0.000000000000000000, 0.000000000000000000, -1.000000000000000000 ) ) ;
#1881 = AXIS2_PLACEMENT_3D ( 'NONE', #184, #2211, #239 ) ;
#1882 = EDGE_LOOP ( 'NONE', ( #2383, #575, #1190, #521 ) ) ;
#1883 = ORIENTED_EDGE ( 'NONE', *, *, #1311, .T. ) ;
#1884 = CARTESIAN_POINT ( 'NONE',  ( -35.00000000000000000, 0.000000000000000000, 28.99999999999998934 ) ) ;
#1885 = FACE_OUTER_BOUND ( 'NONE', #1385, .T. ) ;
#1886 = CARTESIAN_POINT ( 'NONE',  ( 14.27499999999998970, 3.000000000000002665, -17.60000000000000497 ) ) ;
#1887 = EDGE_CURVE ( 'NONE', #1690, #2506, #2800, .T. ) ;
#1888 = PLANE ( 'NONE',  #1078 ) ;
#1889 = LINE ( 'NONE', #136, #1505 ) ;
#1890 = PLANE ( 'NONE',  #1495 ) ;
#1891 = ORIENTED_EDGE ( 'NONE', *, *, #2515, .F. ) ;
#1892 = ADVANCED_FACE ( 'NONE', ( #603 ), #823, .F. ) ;
#1893 = CARTESIAN_POINT ( 'NONE',  ( 8.099999999999996092, -11.50000000000000000, -16.60000000000000142 ) ) ;
#1894 = LINE ( 'NONE', #2771, #2748 ) ;
#1895 = VERTEX_POINT ( 'NONE', #1272 ) ;
#1896 = ORIENTED_EDGE ( 'NONE', *, *, #2120, .T. ) ;
#1897 = FACE_OUTER_BOUND ( 'NONE', #2432, .T. ) ;
#1898 = CARTESIAN_POINT ( 'NONE',  ( 15.09999999999999609, -11.50000000000000000, -23.60000000000000853 ) ) ;
#1899 = EDGE_CURVE ( 'NONE', #2650, #1841, #2150, .T. ) ;
#1900 = ORIENTED_EDGE ( 'NONE', *, *, #1010, .T. ) ;
#1901 = VECTOR ( 'NONE', #2843, 1000.000000000000000 ) ;
#1902 = CARTESIAN_POINT ( 'NONE',  ( -7.925000000000006928, 3.000000000000002665, -17.60000000000000853 ) ) ;
#1903 = CARTESIAN_POINT ( 'NONE',  ( 0.000000000000000000, -11.49999999999999645, 1.094999999999985540 ) ) ;
#1904 = CARTESIAN_POINT ( 'NONE',  ( -2.800000000000000266, 9.999999999999998224, -21.14000000000000767 ) ) ;
#1905 = AXIS2_PLACEMENT_3D ( 'NONE', #2842, #1327, #1080 ) ;
#1906 = ORIENTED_EDGE ( 'NONE', *, *, #479, .F. ) ;
#1907 = DIRECTION ( 'NONE',  ( 0.000000000000000000, 0.000000000000000000, -1.000000000000000000 ) ) ;
#1908 = CIRCLE ( 'NONE', #75, 2.000000000000001776 ) ;
#1909 = CARTESIAN_POINT ( 'NONE',  ( 6.924999999999992717, -13.99999999999999822, -16.60000000000000497 ) ) ;
#1910 = ORIENTED_EDGE ( 'NONE', *, *, #2325, .F. ) ;
#1911 = ORIENTED_EDGE ( 'NONE', *, *, #621, .T. ) ;
#1912 = DIRECTION ( 'NONE',  ( 0.000000000000000000, 0.000000000000000000, -1.000000000000000000 ) ) ;
#1913 = CARTESIAN_POINT ( 'NONE',  ( 0.000000000000000000, 9.999999999999998224, 0.000000000000000000 ) ) ;
#1914 = EDGE_CURVE ( 'NONE', #228, #644, #1875, .T. ) ;
#1915 = AXIS2_PLACEMENT_3D ( 'NONE', #543, #1424, #2579 ) ;
#1916 = EDGE_LOOP ( 'NONE', ( #1212, #1252, #1074, #763 ) ) ;
#1917 = CARTESIAN_POINT ( 'NONE',  ( -6.925000000000007816, -13.99999999999999822, -22.60000000000000853 ) ) ;
#1918 = PLANE ( 'NONE',  #2803 ) ;
#1919 = DIRECTION ( 'NONE',  ( 0.000000000000000000, 0.000000000000000000, -1.000000000000000000 ) ) ;
#1920 = CARTESIAN_POINT ( 'NONE',  ( 15.00000000000000000, -13.00000000000000000, 8.399999999999987921 ) ) ;
#1921 = CARTESIAN_POINT ( 'NONE',  ( -14.10000000000000675, -5.500000000000000000, -22.60000000000000853 ) ) ;
#1922 = VERTEX_POINT ( 'NONE', #2315 ) ;
#1923 = DIRECTION ( 'NONE',  ( -0.000000000000000000, -1.000000000000000000, -0.000000000000000000 ) ) ;
#1924 = VECTOR ( 'NONE', #2169, 1000.000000000000000 ) ;
#1925 = CARTESIAN_POINT ( 'NONE',  ( -11.10000000000000675, -11.49999999999999645, -18.10000000000000497 ) ) ;
#1926 = ADVANCED_FACE ( 'NONE', ( #349 ), #1228, .T. ) ;
#1927 = ORIENTED_EDGE ( 'NONE', *, *, #871, .T. ) ;
#1928 = VECTOR ( 'NONE', #2841, 1000.000000000000000 ) ;
#1929 = DIRECTION ( 'NONE',  ( 0.000000000000000000, 0.000000000000000000, 1.000000000000000000 ) ) ;
#1930 = DIRECTION ( 'NONE',  ( -0.000000000000000000, -1.000000000000000000, -0.000000000000000000 ) ) ;
#1931 = EDGE_CURVE ( 'NONE', #127, #744, #2551, .T. ) ;
#1932 = ORIENTED_EDGE ( 'NONE', *, *, #1937, .F. ) ;
#1933 = CARTESIAN_POINT ( 'NONE',  ( -8.100000000000001421, -5.500000000000000000, -23.60000000000000853 ) ) ;
#1934 = LINE ( 'NONE', #821, #1262 ) ;
#1935 = FACE_BOUND ( 'NONE', #161, .T. ) ;
#1936 = CARTESIAN_POINT ( 'NONE',  ( 7.924999999999992717, -13.99999999999999822, -17.60000000000000497 ) ) ;
#1937 = EDGE_CURVE ( 'NONE', #1217, #2510, #367, .T. ) ;
#1938 = EDGE_LOOP ( 'NONE', ( #118, #1476, #534, #986 ) ) ;
#1939 = DIRECTION ( 'NONE',  ( 0.000000000000000000, 0.000000000000000000, -1.000000000000000000 ) ) ;
#1940 = LINE ( 'NONE', #353, #1149 ) ;
#1941 = AXIS2_PLACEMENT_3D ( 'NONE', #1670, #1907, #2769 ) ;
#1942 = VERTEX_POINT ( 'NONE', #681 ) ;
#1943 = CARTESIAN_POINT ( 'NONE',  ( -2.800000000000000266, 9.999999999999998224, -21.14000000000000767 ) ) ;
#1944 = CARTESIAN_POINT ( 'NONE',  ( 2.999999999999982681, -5.500000000000000000, 6.594999999999988205 ) ) ;
#1945 = ORIENTED_EDGE ( 'NONE', *, *, #18, .T. ) ;
#1946 = PLANE ( 'NONE',  #263 ) ;
#1947 = EDGE_CURVE ( 'NONE', #808, #561, #2814, .T. ) ;
#1948 = PRODUCT_CONTEXT ( 'NONE', #2398, 'mechanical' ) ;
#1949 = DIRECTION ( 'NONE',  ( -0.000000000000000000, 1.000000000000000000, -0.000000000000000000 ) ) ;
#1950 = CARTESIAN_POINT ( 'NONE',  ( -3.000000000000015543, -13.99999999999999822, -2.370000000000013429 ) ) ;
#1951 = DIRECTION ( 'NONE',  ( -0.000000000000000000, 1.000000000000000000, -0.000000000000000000 ) ) ;
#1952 = ADVANCED_FACE ( 'NONE', ( #435, #2177, #422, #867, #636, #839, #2436, #1298 ), #1101, .F. ) ;
#1953 = ORIENTED_EDGE ( 'NONE', *, *, #504, .T. ) ;
#1954 = PLANE ( 'NONE',  #279 ) ;
#1955 = DIRECTION ( 'NONE',  ( 1.000000000000000000, 0.000000000000000000, 0.000000000000000000 ) ) ;
#1956 = VECTOR ( 'NONE', #420, 1000.000000000000000 ) ;
#1957 = ORIENTED_EDGE ( 'NONE', *, *, #811, .T. ) ;
#1958 = LINE ( 'NONE', #859, #1269 ) ;
#1959 = ORIENTED_EDGE ( 'NONE', *, *, #546, .T. ) ;
#1960 = DIRECTION ( 'NONE',  ( 0.000000000000000000, 0.000000000000000000, 1.000000000000000000 ) ) ;
#1961 = VECTOR ( 'NONE', #195, 1000.000000000000000 ) ;
#1962 = LINE ( 'NONE', #2633, #1836 ) ;
#1963 = AXIS2_PLACEMENT_3D ( 'NONE', #1933, #7, #2604 ) ;
#1964 = FACE_OUTER_BOUND ( 'NONE', #1877, .T. ) ;
#1965 = CARTESIAN_POINT ( 'NONE',  ( -3.000000000000015543, -13.00000000000000000, -2.370000000000013429 ) ) ;
#1966 = CARTESIAN_POINT ( 'NONE',  ( -6.925000000000007816, -13.99999999999999822, -16.60000000000000853 ) ) ;
#1967 = ORIENTED_EDGE ( 'NONE', *, *, #1638, .F. ) ;
#1968 = EDGE_CURVE ( 'NONE', #62, #2650, #1314, .T. ) ;
#1969 = FACE_OUTER_BOUND ( 'NONE', #1882, .T. ) ;
#1970 = DIRECTION ( 'NONE',  ( -1.000000000000000000, 0.000000000000000000, 1.239088197126290817E-16 ) ) ;
#1971 = VECTOR ( 'NONE', #2701, 1000.000000000000000 ) ;
#1972 = ORIENTED_EDGE ( 'NONE', *, *, #602, .F. ) ;
#1973 = DIRECTION ( 'NONE',  ( -4.336808689942013792E-16, -0.000000000000000000, 1.000000000000000000 ) ) ;
#1974 = VECTOR ( 'NONE', #774, 1000.000000000000000 ) ;
#1975 = AXIS2_PLACEMENT_3D ( 'NONE', #1477, #2571, #814 ) ;
#1976 = VECTOR ( 'NONE', #586, 1000.000000000000000 ) ;
#1977 = ORIENTED_EDGE ( 'NONE', *, *, #1243, .T. ) ;
#1978 = ORIENTED_EDGE ( 'NONE', *, *, #1029, .F. ) ;
#1979 = PLANE ( 'NONE',  #1725 ) ;
#1980 = ORIENTED_EDGE ( 'NONE', *, *, #116, .T. ) ;
#1981 = PLANE ( 'NONE',  #389 ) ;
#1982 = DIRECTION ( 'NONE',  ( 1.000000000000000000, 0.000000000000000000, 0.000000000000000000 ) ) ;
#1983 = LINE ( 'NONE', #897, #1401 ) ;
#1984 = EDGE_CURVE ( 'NONE', #2046, #259, #1083, .T. ) ;
#1985 = ORIENTED_EDGE ( 'NONE', *, *, #1561, .T. ) ;
#1986 = DIRECTION ( 'NONE',  ( 1.000000000000000000, 0.000000000000000000, 0.000000000000000000 ) ) ;
#1987 = EDGE_CURVE ( 'NONE', #512, #938, #2221, .T. ) ;
#1988 = EDGE_CURVE ( 'NONE', #1089, #1690, #1330, .T. ) ;
#1989 = FACE_OUTER_BOUND ( 'NONE', #152, .T. ) ;
#1990 = ORIENTED_EDGE ( 'NONE', *, *, #1082, .F. ) ;
#1991 = DIRECTION ( 'NONE',  ( 0.000000000000000000, 0.000000000000000000, 1.000000000000000000 ) ) ;
#1992 = ORIENTED_EDGE ( 'NONE', *, *, #2484, .F. ) ;
#1993 = EDGE_LOOP ( 'NONE', ( #128, #156, #1911, #2545 ) ) ;
#1994 = DIRECTION ( 'NONE',  ( 1.000000000000000000, -0.000000000000000000, 0.000000000000000000 ) ) ;
#1995 = EDGE_CURVE ( 'NONE', #2337, #784, #1746, .T. ) ;
#1996 = ORIENTED_EDGE ( 'NONE', *, *, #2613, .F. ) ;
#1997 = DIRECTION ( 'NONE',  ( 0.000000000000000000, 0.000000000000000000, 1.000000000000000000 ) ) ;
#1998 = CARTESIAN_POINT ( 'NONE',  ( -18.50000000000000000, -11.50000000000000000, 8.399999999999987921 ) ) ;
#1999 = DIRECTION ( 'NONE',  ( 0.000000000000000000, -1.000000000000000000, 0.000000000000000000 ) ) ;
#2000 = ORIENTED_EDGE ( 'NONE', *, *, #2174, .F. ) ;
#2001 = CARTESIAN_POINT ( 'NONE',  ( 15.27499999999998614, -13.99999999999999822, -22.60000000000000853 ) ) ;
#2002 = LINE ( 'NONE', #213, #2659 ) ;
#2003 = CARTESIAN_POINT ( 'NONE',  ( -3.000000000000016875, -5.500000000000000000, -0.4050000000000138489 ) ) ;
#2004 = ORIENTED_EDGE ( 'NONE', *, *, #297, .T. ) ;
#2005 = VERTEX_POINT ( 'NONE', #1714 ) ;
#2006 = ADVANCED_FACE ( 'NONE', ( #1729 ), #2209, .F. ) ;
#2007 = CARTESIAN_POINT ( 'NONE',  ( -3.000000000000015543, -13.99999999999999822, -2.370000000000013429 ) ) ;
#2008 = EDGE_LOOP ( 'NONE', ( #2269, #1064, #2186, #2846 ) ) ;
#2009 = VECTOR ( 'NONE', #2467, 1000.000000000000000 ) ;
#2010 = DIRECTION ( 'NONE',  ( -1.310214105722663983E-16, 0.000000000000000000, 1.000000000000000000 ) ) ;
#2011 = VECTOR ( 'NONE', #1121, 1000.000000000000000 ) ;
#2012 = LINE ( 'NONE', #2220, #566 ) ;
#2013 = DIRECTION ( 'NONE',  ( 1.000000000000000000, 0.000000000000000000, -1.445602896647339410E-16 ) ) ;
#2014 = VECTOR ( 'NONE', #819, 1000.000000000000000 ) ;
#2015 = ORIENTED_EDGE ( 'NONE', *, *, #835, .T. ) ;
#2016 = DIRECTION ( 'NONE',  ( -0.000000000000000000, -1.000000000000000000, -0.000000000000000000 ) ) ;
#2017 = DIRECTION ( 'NONE',  ( 1.000000000000000000, 0.000000000000000000, -7.228014483236697048E-17 ) ) ;
#2018 = CARTESIAN_POINT ( 'NONE',  ( 18.50000000000000000, 0.000000000000000000, -21.60000000000000853 ) ) ;
#2019 = ADVANCED_FACE ( 'NONE', ( #2377 ), #409, .F. ) ;
#2020 = ORIENTED_EDGE ( 'NONE', *, *, #281, .T. ) ;
#2021 = ORIENTED_EDGE ( 'NONE', *, *, #1619, .F. ) ;
#2022 = PLANE ( 'NONE',  #1450 ) ;
#2023 = ORIENTED_EDGE ( 'NONE', *, *, #1590, .F. ) ;
#2024 = AXIS2_PLACEMENT_3D ( 'NONE', #1088, #2128, #1651 ) ;
#2025 = EDGE_CURVE ( 'NONE', #966, #507, #1983, .T. ) ;
#2026 = CARTESIAN_POINT ( 'NONE',  ( -15.00000000000000000, -13.00000000000000000, -26.60000000000000853 ) ) ;
#2027 = DIRECTION ( 'NONE',  ( -1.000000000000000000, 0.000000000000000000, 0.000000000000000000 ) ) ;
#2028 = EDGE_LOOP ( 'NONE', ( #993, #802, #1910, #1754 ) ) ;
#2029 = CARTESIAN_POINT ( 'NONE',  ( 0.000000000000000000, -11.49999999999999645, 2.594999999999985985 ) ) ;
#2030 = DIRECTION ( 'NONE',  ( -1.000000000000000000, 0.000000000000000000, 1.445602896647339656E-16 ) ) ;
#2031 = PLANE ( 'NONE',  #988 ) ;
#2032 = VERTEX_POINT ( 'NONE', #1516 ) ;
#2033 = ORIENTED_EDGE ( 'NONE', *, *, #1382, .F. ) ;
#2034 = DIRECTION ( 'NONE',  ( 0.000000000000000000, 0.000000000000000000, -1.000000000000000000 ) ) ;
#2035 = EDGE_LOOP ( 'NONE', ( #249, #97, #767, #825 ) ) ;
#2036 = FACE_OUTER_BOUND ( 'NONE', #289, .T. ) ;
#2037 = DIRECTION ( 'NONE',  ( 0.000000000000000000, 0.000000000000000000, -1.000000000000000000 ) ) ;
#2038 = ADVANCED_FACE ( 'NONE', ( #236 ), #1286, .F. ) ;
#2039 = ORIENTED_EDGE ( 'NONE', *, *, #959, .F. ) ;
#2040 = ORIENTED_EDGE ( 'NONE', *, *, #2731, .T. ) ;
#2041 = DIRECTION ( 'NONE',  ( -1.000000000000000000, -0.000000000000000000, -0.000000000000000000 ) ) ;
#2042 = EDGE_CURVE ( 'NONE', #1741, #2525, #2166, .T. ) ;
#2043 = DIRECTION ( 'NONE',  ( -1.000000000000000000, 0.000000000000000000, 1.445602896647339656E-16 ) ) ;
#2044 = CARTESIAN_POINT ( 'NONE',  ( 2.800000000000000266, -20.91959594928933797, -21.14000000000000767 ) ) ;
#2045 = AXIS2_PLACEMENT_3D ( 'NONE', #2620, #434, #1313 ) ;
#2046 = VERTEX_POINT ( 'NONE', #882 ) ;
#2047 = ORIENTED_EDGE ( 'NONE', *, *, #1593, .T. ) ;
#2048 = FACE_OUTER_BOUND ( 'NONE', #2363, .T. ) ;
#2049 = CARTESIAN_POINT ( 'NONE',  ( 2.999999999999982681, -5.500000000000000000, -1.405000000000014238 ) ) ;
#2051 = CARTESIAN_POINT ( 'NONE',  ( 1.836970198721030674E-16, -11.49999999999999645, 4.094999999999985540 ) ) ;
#2050 = VECTOR ( 'NONE', #1706, 1000.000000000000000 ) ;
#2052 = EDGE_CURVE ( 'NONE', #691, #869, #851, .T. ) ;
#2053 = ORIENTED_EDGE ( 'NONE', *, *, #585, .F. ) ;
#2054 = FACE_OUTER_BOUND ( 'NONE', #1756, .T. ) ;
#2055 = PLANE ( 'NONE',  #2705 ) ;
#2056 = AXIS2_PLACEMENT_3D ( 'NONE', #1668, #2549, #573 ) ;
#2057 = ADVANCED_FACE ( 'NONE', ( #2654 ), #2828, .F. ) ;
#2058 = PLANE ( 'NONE',  #1326 ) ;
#2059 = ORIENTED_EDGE ( 'NONE', *, *, #1914, .T. ) ;
#2060 = ORIENTED_EDGE ( 'NONE', *, *, #1559, .F. ) ;
#2061 = CARTESIAN_POINT ( 'NONE',  ( 0.000000000000000000, -13.99999999999999822, 0.000000000000000000 ) ) ;
#2062 = EDGE_CURVE ( 'NONE', #253, #744, #1792, .T. ) ;
#2063 = ORIENTED_EDGE ( 'NONE', *, *, #2250, .T. ) ;
#2064 = LINE ( 'NONE', #516, #2139 ) ;
#2065 = CARTESIAN_POINT ( 'NONE',  ( 7.099999999999996092, -5.500000000000000000, -16.60000000000000142 ) ) ;
#2066 = EDGE_CURVE ( 'NONE', #920, #1636, #2673, .T. ) ;
#2067 = ADVANCED_FACE ( 'NONE', ( #2575 ), #1979, .F. ) ;
#2068 = EDGE_CURVE ( 'NONE', #556, #2032, #444, .T. ) ;
#2069 = FACE_OUTER_BOUND ( 'NONE', #1331, .T. ) ;
#2070 = EDGE_LOOP ( 'NONE', ( #336, #470 ) ) ;
#2071 = ORIENTED_EDGE ( 'NONE', *, *, #1590, .T. ) ;
#2072 = DIRECTION ( 'NONE',  ( 0.000000000000000000, 0.000000000000000000, 1.000000000000000000 ) ) ;
#2073 = CARTESIAN_POINT ( 'NONE',  ( 6.924999999999993605, -13.99999999999999822, -22.60000000000000853 ) ) ;
#2074 = ORIENTED_EDGE ( 'NONE', *, *, #114, .F. ) ;
#2075 = VECTOR ( 'NONE', #1645, 1000.000000000000000 ) ;
#2076 = CARTESIAN_POINT ( 'NONE',  ( 0.000000000000000000, -13.00000000000000000, 0.000000000000000000 ) ) ;
#2077 = LINE ( 'NONE', #1528, #298 ) ;
#2078 = ORIENTED_EDGE ( 'NONE', *, *, #2434, .T. ) ;
#2079 = DIRECTION ( 'NONE',  ( -1.000000000000000000, 0.000000000000000000, 0.000000000000000000 ) ) ;
#2080 = DIRECTION ( 'NONE',  ( -0.000000000000000000, 0.000000000000000000, -1.000000000000000000 ) ) ;
#2081 = ORIENTED_EDGE ( 'NONE', *, *, #1541, .F. ) ;
#2082 = ORIENTED_EDGE ( 'NONE', *, *, #1503, .F. ) ;
#2083 = DIRECTION ( 'NONE',  ( 1.000000000000000000, 0.000000000000000000, 0.000000000000000000 ) ) ;
#2084 = EDGE_CURVE ( 'NONE', #512, #1124, #847, .T. ) ;
#2085 = ORIENTED_EDGE ( 'NONE', *, *, #2558, .F. ) ;
#2086 = VECTOR ( 'NONE', #2390, 1000.000000000000000 ) ;
#2087 = LINE ( 'NONE', #1408, #1626 ) ;
#2088 = DIRECTION ( 'NONE',  ( -1.000000000000000000, 0.000000000000000000, 0.000000000000000000 ) ) ;
#2089 = DIRECTION ( 'NONE',  ( -0.000000000000000000, -0.000000000000000000, -1.000000000000000000 ) ) ;
#2090 = EDGE_LOOP ( 'NONE', ( #1978, #2127, #1248, #1339 ) ) ;
#2091 = VECTOR ( 'NONE', #862, 1000.000000000000000 ) ;
#2092 = CARTESIAN_POINT ( 'NONE',  ( -4.000000000000017764, -11.50000000000000000, -1.405000000000013349 ) ) ;
#2093 = DIRECTION ( 'NONE',  ( 0.000000000000000000, -1.000000000000000000, 0.000000000000000000 ) ) ;
#2094 = VECTOR ( 'NONE', #2374, 1000.000000000000000 ) ;
#2095 = EDGE_LOOP ( 'NONE', ( #267, #218, #2172, #2417, #3, #1004 ) ) ;
#2096 = EDGE_LOOP ( 'NONE', ( #1891, #1308, #182, #549 ) ) ;
#2097 = DIRECTION ( 'NONE',  ( 1.000000000000000000, 0.000000000000000000, 0.000000000000000000 ) ) ;
#2098 = CARTESIAN_POINT ( 'NONE',  ( 2.800000000000000266, 9.999999999999998224, -15.54000000000000448 ) ) ;
#2099 = EDGE_CURVE ( 'NONE', #942, #2525, #660, .T. ) ;
#2100 = EDGE_CURVE ( 'NONE', #1181, #936, #2618, .T. ) ;
#2101 = VECTOR ( 'NONE', #900, 1000.000000000000000 ) ;
#2102 = CARTESIAN_POINT ( 'NONE',  ( 6.924999999999993605, -13.99999999999999822, -22.60000000000000853 ) ) ;
#2103 = CARTESIAN_POINT ( 'NONE',  ( 7.099999999999996092, -5.500000000000000000, -23.60000000000000853 ) ) ;
#2104 = CARTESIAN_POINT ( 'NONE',  ( -2.800000000000000266, -20.91959594928933797, -21.14000000000000767 ) ) ;
#2105 = VECTOR ( 'NONE', #1418, 1000.000000000000000 ) ;
#2106 = ORIENTED_EDGE ( 'NONE', *, *, #1779, .T. ) ;
#2107 = COLOUR_RGB ( '',0.7921568627450980005, 0.8196078431372548767, 0.9333333333333333481 ) ;
#2108 = PLANE ( 'NONE',  #1703 ) ;
#2109 = EDGE_CURVE ( 'NONE', #2326, #64, #2389, .T. ) ;
#2110 = LINE ( 'NONE', #827, #1509 ) ;
#2111 = ORIENTED_EDGE ( 'NONE', *, *, #2042, .T. ) ;
#2112 = ORIENTED_EDGE ( 'NONE', *, *, #2109, .F. ) ;
#2113 = CARTESIAN_POINT ( 'NONE',  ( -15.00000000000000000, -13.00000000000000000, 13.39999999999998792 ) ) ;
#2114 = FACE_OUTER_BOUND ( 'NONE', #2095, .T. ) ;
#2115 = ORIENTED_EDGE ( 'NONE', *, *, #445, .T. ) ;
#2116 = DIRECTION ( 'NONE',  ( -1.000000000000000000, 0.000000000000000000, -5.782411586589357639E-16 ) ) ;
#2117 = LINE ( 'NONE', #150, #1534 ) ;
#2118 = DIRECTION ( 'NONE',  ( 0.000000000000000000, 0.000000000000000000, 1.000000000000000000 ) ) ;
#2119 = ORIENTED_EDGE ( 'NONE', *, *, #1419, .F. ) ;
#2120 = EDGE_CURVE ( 'NONE', #1942, #2615, #645, .T. ) ;
#2121 = FACE_OUTER_BOUND ( 'NONE', #2685, .T. ) ;
#2122 = DIRECTION ( 'NONE',  ( -0.000000000000000000, -1.000000000000000000, -0.000000000000000000 ) ) ;
#2123 = ORIENTED_EDGE ( 'NONE', *, *, #2422, .F. ) ;
#2124 = ORIENTED_EDGE ( 'NONE', *, *, #1428, .F. ) ;
#2125 = DIRECTION ( 'NONE',  ( 0.000000000000000000, 0.000000000000000000, 1.000000000000000000 ) ) ;
#2126 = FACE_OUTER_BOUND ( 'NONE', #1938, .T. ) ;
#2127 = ORIENTED_EDGE ( 'NONE', *, *, #329, .F. ) ;
#2128 = DIRECTION ( 'NONE',  ( 0.000000000000000000, -1.000000000000000000, 0.000000000000000000 ) ) ;
#2129 = DIRECTION ( 'NONE',  ( 5.782411586589357639E-16, 0.000000000000000000, -1.000000000000000000 ) ) ;
#2130 = DIRECTION ( 'NONE',  ( 1.093772683465830541E-16, 0.000000000000000000, -1.000000000000000000 ) ) ;
#2131 = CARTESIAN_POINT ( 'NONE',  ( -15.10000000000000497, -11.50000000000000000, -23.60000000000000853 ) ) ;
#2132 = CIRCLE ( 'NONE', #714, 1.500000000000000222 ) ;
#2133 = EDGE_CURVE ( 'NONE', #784, #1586, #1480, .T. ) ;
#2134 = ORIENTED_EDGE ( 'NONE', *, *, #2174, .T. ) ;
#2135 = CARTESIAN_POINT ( 'NONE',  ( 8.099999999999996092, -11.50000000000000000, -22.60000000000001208 ) ) ;
#2136 = VECTOR ( 'NONE', #2572, 1000.000000000000000 ) ;
#2137 = EDGE_CURVE ( 'NONE', #2783, #1814, #1724, .T. ) ;
#2138 = CARTESIAN_POINT ( 'NONE',  ( 0.000000000000000000, 31.50000000000000000, 1.094999999999985540 ) ) ;
#2139 = VECTOR ( 'NONE', #1422, 1000.000000000000000 ) ;
#2140 = ORIENTED_EDGE ( 'NONE', *, *, #2672, .F. ) ;
#2141 = FACE_OUTER_BOUND ( 'NONE', #332, .T. ) ;
#2142 = CARTESIAN_POINT ( 'NONE',  ( -14.27500000000000568, -13.99999999999999822, -17.60000000000000853 ) ) ;
#2143 = AXIS2_PLACEMENT_3D ( 'NONE', #555, #1641, #1470 ) ;
#2144 = ORIENTED_EDGE ( 'NONE', *, *, #585, .T. ) ;
#2145 = FACE_OUTER_BOUND ( 'NONE', #1085, .T. ) ;
#2146 = ADVANCED_FACE ( 'NONE', ( #612, #1695 ), #192, .T. ) ;
#2147 = DIRECTION ( 'NONE',  ( 0.000000000000000000, 0.000000000000000000, 1.000000000000000000 ) ) ;
#2148 = CYLINDRICAL_SURFACE ( 'NONE', #665, 1.000000000000000888 ) ;
#2149 = DIRECTION ( 'NONE',  ( 0.000000000000000000, 0.000000000000000000, 1.000000000000000000 ) ) ;
#2150 = LINE ( 'NONE', #1936, #2317 ) ;
#2151 = ORIENTED_EDGE ( 'NONE', *, *, #2731, .F. ) ;
#2152 = DIRECTION ( 'NONE',  ( 0.000000000000000000, -1.000000000000000000, 0.000000000000000000 ) ) ;
#2153 = CIRCLE ( 'NONE', #2024, 3.500000000000001332 ) ;
#2154 = CARTESIAN_POINT ( 'NONE',  ( -2.800000000000000266, -20.91959594928933797, -21.14000000000000767 ) ) ;
#2155 = ORIENTED_EDGE ( 'NONE', *, *, #780, .T. ) ;
#2156 = EDGE_CURVE ( 'NONE', #1124, #1147, #877, .T. ) ;
#2157 = ADVANCED_FACE ( 'NONE', ( #2823 ), #1946, .T. ) ;
#2158 = LINE ( 'NONE', #427, #1316 ) ;
#2159 = CARTESIAN_POINT ( 'NONE',  ( 7.924999999999992717, -13.00000000000000000, -21.60000000000000853 ) ) ;
#2160 = VECTOR ( 'NONE', #1318, 1000.000000000000000 ) ;
#2161 = EDGE_LOOP ( 'NONE', ( #1322, #578, #1563, #68 ) ) ;
#2162 = EDGE_CURVE ( 'NONE', #1794, #1033, #177, .T. ) ;
#2163 = DIRECTION ( 'NONE',  ( 1.445602896647337931E-16, 0.000000000000000000, -1.000000000000000000 ) ) ;
#2164 = CARTESIAN_POINT ( 'NONE',  ( 15.00000000000000000, -3.469446951953614189E-15, 11.89999999999998792 ) ) ;
#2165 = DIRECTION ( 'NONE',  ( 1.000000000000000000, 0.000000000000000000, -0.000000000000000000 ) ) ;
#2166 = LINE ( 'NONE', #2392, #1627 ) ;
#2167 = EDGE_LOOP ( 'NONE', ( #562, #2816, #1787, #1071, #284, #215, #1967, #1323 ) ) ;
#2168 = CARTESIAN_POINT ( 'NONE',  ( 15.00000000000000000, -13.00000000000000000, -21.60000000000000853 ) ) ;
#2169 = DIRECTION ( 'NONE',  ( -0.000000000000000000, -1.000000000000000000, -0.000000000000000000 ) ) ;
#2170 = ORIENTED_EDGE ( 'NONE', *, *, #1874, .T. ) ;
#2171 = DIRECTION ( 'NONE',  ( 1.000000000000000000, 0.000000000000000000, -0.000000000000000000 ) ) ;
#2172 = ORIENTED_EDGE ( 'NONE', *, *, #2364, .T. ) ;
#2173 = CARTESIAN_POINT ( 'NONE',  ( -15.27500000000000746, -13.99999999999999822, -16.60000000000000853 ) ) ;
#2174 = EDGE_CURVE ( 'NONE', #1659, #954, #2205, .T. ) ;
#2175 = CARTESIAN_POINT ( 'NONE',  ( 2.800000000000000266, 9.999999999999998224, -15.54000000000000448 ) ) ;
#2176 = DIRECTION ( 'NONE',  ( 0.000000000000000000, -1.000000000000000000, 0.000000000000000000 ) ) ;
#2177 = FACE_OUTER_BOUND ( 'NONE', #502, .T. ) ;
#2178 = EDGE_LOOP ( 'NONE', ( #2259, #1992, #1266, #2569 ) ) ;
#2179 = CARTESIAN_POINT ( 'NONE',  ( 2.999999999999983569, -11.50000000000000000, -1.405000000000014015 ) ) ;
#2180 = CARTESIAN_POINT ( 'NONE',  ( -18.50000000000000000, -11.50000000000000000, -21.60000000000000853 ) ) ;
#2181 = AXIS2_PLACEMENT_3D ( 'NONE', #2478, #725, #2695 ) ;
#2182 = ORIENTED_EDGE ( 'NONE', *, *, #225, .T. ) ;
#2183 = VECTOR ( 'NONE', #24, 1000.000000000000000 ) ;
#2184 = PLANE ( 'NONE',  #732 ) ;
#2185 = VERTEX_POINT ( 'NONE', #202 ) ;
#2186 = ORIENTED_EDGE ( 'NONE', *, *, #657, .F. ) ;
#2187 = DIRECTION ( 'NONE',  ( -0.000000000000000000, 1.000000000000000000, -0.000000000000000000 ) ) ;
#2188 = AXIS2_PLACEMENT_3D ( 'NONE', #1904, #2361, #393 ) ;
#2189 = ADVANCED_FACE ( 'NONE', ( #2145 ), #1053, .F. ) ;
#2190 = CIRCLE ( 'NONE', #1223, 1.000000000000000888 ) ;
#2191 = DIRECTION ( 'NONE',  ( 1.000000000000000000, -0.000000000000000000, 0.000000000000000000 ) ) ;
#2192 = ADVANCED_FACE ( 'NONE', ( #2810 ), #631, .F. ) ;
#2193 = PLANE ( 'NONE',  #559 ) ;
#2194 = EDGE_CURVE ( 'NONE', #1372, #1317, #1709, .T. ) ;
#2195 = CARTESIAN_POINT ( 'NONE',  ( -14.10000000000000675, -5.500000000000000000, -22.60000000000000853 ) ) ;
#2196 = ORIENTED_EDGE ( 'NONE', *, *, #2626, .F. ) ;
#2197 = CARTESIAN_POINT ( 'NONE',  ( 8.099999999999996092, -11.50000000000000000, -16.60000000000000142 ) ) ;
#2198 = PLANE ( 'NONE',  #684 ) ;
#2199 = EDGE_LOOP ( 'NONE', ( #501, #312, #2680, #1046, #1123, #2053, #1303, #1157 ) ) ;
#2200 = EDGE_CURVE ( 'NONE', #1111, #792, #2190, .T. ) ;
#2201 = CYLINDRICAL_SURFACE ( 'NONE', #1778, 3.500000000000001332 ) ;
#2202 = VECTOR ( 'NONE', #467, 1000.000000000000000 ) ;
#2203 = ORIENTED_EDGE ( 'NONE', *, *, #2757, .F. ) ;
#2204 = ORIENTED_EDGE ( 'NONE', *, *, #1503, .T. ) ;
#2205 = LINE ( 'NONE', #388, #622 ) ;
#2206 = VERTEX_POINT ( 'NONE', #907 ) ;
#2207 = CARTESIAN_POINT ( 'NONE',  ( -2.800000000000000266, -0.5000000000000000000, -15.54000000000000448 ) ) ;
#2208 = CARTESIAN_POINT ( 'NONE',  ( 15.00000000000000000, -13.00000000000000000, 11.89999999999998792 ) ) ;
#2209 = PLANE ( 'NONE',  #1545 ) ;
#2210 = ORIENTED_EDGE ( 'NONE', *, *, #455, .T. ) ;
#2211 = DIRECTION ( 'NONE',  ( 0.000000000000000000, 0.000000000000000000, -1.000000000000000000 ) ) ;
#2212 = ADVANCED_FACE ( 'NONE', ( #707 ), #2710, .T. ) ;
#2213 = CARTESIAN_POINT ( 'NONE',  ( 2.999999999999983569, -13.99999999999999822, -2.370000000000013429 ) ) ;
#2214 = VECTOR ( 'NONE', #830, 1000.000000000000000 ) ;
#2215 = ORIENTED_EDGE ( 'NONE', *, *, #1671, .T. ) ;
#2216 = ORIENTED_EDGE ( 'NONE', *, *, #2438, .T. ) ;
#2217 = DIRECTION ( 'NONE',  ( -0.000000000000000000, -1.000000000000000000, -0.000000000000000000 ) ) ;
#2218 = ORIENTED_EDGE ( 'NONE', *, *, #2573, .F. ) ;
#2219 = DIRECTION ( 'NONE',  ( 1.000000000000000000, 0.000000000000000000, 0.000000000000000000 ) ) ;
#2220 = CARTESIAN_POINT ( 'NONE',  ( 8.099999999999996092, -5.500000000000000000, -22.60000000000001208 ) ) ;
#2221 = LINE ( 'NONE', #1966, #1589 ) ;
#2222 = ORIENTED_EDGE ( 'NONE', *, *, #1419, .T. ) ;
#2223 = DIRECTION ( 'NONE',  ( -0.9544799780350297080, 0.000000000000000000, 0.2982749931359467976 ) ) ;
#2224 = ADVANCED_FACE ( 'NONE', ( #2487 ), #1786, .F. ) ;
#2225 = DIRECTION ( 'NONE',  ( 0.000000000000000000, -0.000000000000000000, -1.000000000000000000 ) ) ;
#2226 = DIRECTION ( 'NONE',  ( 0.000000000000000000, -1.000000000000000000, 0.000000000000000000 ) ) ;
#2227 = ADVANCED_FACE ( 'NONE', ( #2048 ), #1608, .F. ) ;
#2228 = VECTOR ( 'NONE', #58, 1000.000000000000000 ) ;
#2229 = EDGE_LOOP ( 'NONE', ( #2550, #2151, #20, #567 ) ) ;
#2230 = ORIENTED_EDGE ( 'NONE', *, *, #415, .F. ) ;
#2231 = CARTESIAN_POINT ( 'NONE',  ( 7.099999999999996092, -5.500000000000000000, -16.60000000000000142 ) ) ;
#2232 = ORIENTED_EDGE ( 'NONE', *, *, #748, .T. ) ;
#2233 = AXIS2_PLACEMENT_3D ( 'NONE', #2076, #285, #2502 ) ;
#2234 = DIRECTION ( 'NONE',  ( 0.000000000000000000, 0.000000000000000000, -1.000000000000000000 ) ) ;
#2235 = AXIS2_PLACEMENT_3D ( 'NONE', #12, #1777, #2421 ) ;
#2236 = PLANE ( 'NONE',  #2411 ) ;
#2237 = EDGE_LOOP ( 'NONE', ( #306, #828, #49, #2321 ) ) ;
#2238 = DIRECTION ( 'NONE',  ( -0.000000000000000000, -1.000000000000000000, -0.000000000000000000 ) ) ;
#2239 = LINE ( 'NONE', #932, #2798 ) ;
#2240 = FACE_OUTER_BOUND ( 'NONE', #1394, .T. ) ;
#2241 = VECTOR ( 'NONE', #2331, 1000.000000000000000 ) ;
#2242 = ADVANCED_FACE ( 'NONE', ( #2271 ), #1156, .T. ) ;
#2243 = EDGE_CURVE ( 'NONE', #187, #840, #1392, .T. ) ;
#2244 = EDGE_LOOP ( 'NONE', ( #1245, #2717, #375, #2430 ) ) ;
#2245 = ORIENTED_EDGE ( 'NONE', *, *, #699, .T. ) ;
#2246 = PLANE ( 'NONE',  #2372 ) ;
#2247 = AXIS2_PLACEMENT_3D ( 'NONE', #1183, #129, #746 ) ;
#2248 = ORIENTED_EDGE ( 'NONE', *, *, #1987, .T. ) ;
#2249 = VECTOR ( 'NONE', #2017, 1000.000000000000000 ) ;
#2250 = EDGE_CURVE ( 'NONE', #2674, #1660, #1381, .T. ) ;
#2251 = CARTESIAN_POINT ( 'NONE',  ( 15.00000000000000000, -13.00000000000000000, -21.60000000000000853 ) ) ;
#2252 = FACE_OUTER_BOUND ( 'NONE', #818, .T. ) ;
#2253 = ORIENTED_EDGE ( 'NONE', *, *, #1968, .T. ) ;
#2254 = VECTOR ( 'NONE', #1853, 1000.000000000000000 ) ;
#2255 = LINE ( 'NONE', #1637, #2009 ) ;
#2256 = CARTESIAN_POINT ( 'NONE',  ( -20.00000000000000000, 0.000000000000000000, -21.60000000000000853 ) ) ;
#2257 = LINE ( 'NONE', #244, #2696 ) ;
#2258 = VERTEX_POINT ( 'NONE', #2007 ) ;
#2259 = ORIENTED_EDGE ( 'NONE', *, *, #2328, .T. ) ;
#2260 = DIRECTION ( 'NONE',  ( -0.000000000000000000, 0.000000000000000000, 1.000000000000000000 ) ) ;
#2261 = CARTESIAN_POINT ( 'NONE',  ( -4.000000000000016875, -11.50000000000000000, 6.594999999999988205 ) ) ;
#2262 = DIRECTION ( 'NONE',  ( 0.000000000000000000, 0.000000000000000000, 1.000000000000000000 ) ) ;
#2263 = ADVANCED_FACE ( 'NONE', ( #1110 ), #78, .F. ) ;
#2264 = ORIENTED_EDGE ( 'NONE', *, *, #137, .F. ) ;
#2265 = FACE_BOUND ( 'NONE', #1052, .T. ) ;
#2266 = LINE ( 'NONE', #45, #2845 ) ;
#2267 = LINE ( 'NONE', #311, #1643 ) ;
#2268 = VECTOR ( 'NONE', #1056, 1000.000000000000000 ) ;
#2269 = ORIENTED_EDGE ( 'NONE', *, *, #2751, .T. ) ;
#2270 = ORIENTED_EDGE ( 'NONE', *, *, #175, .F. ) ;
#2271 = FACE_OUTER_BOUND ( 'NONE', #1623, .T. ) ;
#2272 = VECTOR ( 'NONE', #2219, 1000.000000000000000 ) ;
#2273 = ADVANCED_FACE ( 'NONE', ( #2665 ), #1353, .F. ) ;
#2274 = CIRCLE ( 'NONE', #2547, 5.000000000000000888 ) ;
#2275 = ORIENTED_EDGE ( 'NONE', *, *, #514, .F. ) ;
#2276 = CARTESIAN_POINT ( 'NONE',  ( -2.000000000000015987, -13.99999999999999822, -1.370000000000013651 ) ) ;
#2277 = ADVANCED_FACE ( 'NONE', ( #63 ), #2246, .F. ) ;
#2278 = DIRECTION ( 'NONE',  ( 0.2982749931359467976, 0.000000000000000000, 0.9544799780350297080 ) ) ;
#2279 = VECTOR ( 'NONE', #1562, 1000.000000000000000 ) ;
#2280 = DIRECTION ( 'NONE',  ( -0.000000000000000000, -1.000000000000000000, -0.000000000000000000 ) ) ;
#2281 = ADVANCED_FACE ( 'NONE', ( #950 ), #291, .F. ) ;
#2282 = ORIENTED_EDGE ( 'NONE', *, *, #1047, .T. ) ;
#2283 = EDGE_LOOP ( 'NONE', ( #2144, #1840, #1142, #2491 ) ) ;
#2284 = PLANE ( 'NONE',  #1055 ) ;
#2285 = CIRCLE ( 'NONE', #1556, 3.499999999999999556 ) ;
#2286 = LINE ( 'NONE', #1886, #2661 ) ;
#2287 = ORIENTED_EDGE ( 'NONE', *, *, #1731, .T. ) ;
#2288 = ORIENTED_EDGE ( 'NONE', *, *, #1175, .F. ) ;
#2289 = CARTESIAN_POINT ( 'NONE',  ( 2.999999999999982236, -5.500000000000000000, -0.4050000000000142930 ) ) ;
#2290 = VECTOR ( 'NONE', #2611, 1000.000000000000000 ) ;
#2291 = EDGE_LOOP ( 'NONE', ( #2599, #1417, #1883, #2071 ) ) ;
#2292 = CARTESIAN_POINT ( 'NONE',  ( 8.099999999999996092, -5.500000000000000000, -22.60000000000001208 ) ) ;
#2293 = ADVANCED_FACE ( 'NONE', ( #692 ), #2022, .F. ) ;
#2294 = CARTESIAN_POINT ( 'NONE',  ( 15.09999999999999609, -5.500000000000000000, -23.60000000000000853 ) ) ;
#2295 = ORIENTED_EDGE ( 'NONE', *, *, #965, .T. ) ;
#2296 = ORIENTED_EDGE ( 'NONE', *, *, #2670, .T. ) ;
#2297 = DIRECTION ( 'NONE',  ( 0.000000000000000000, 0.000000000000000000, -1.000000000000000000 ) ) ;
#2298 = PLANE ( 'NONE',  #1187 ) ;
#2299 = ORIENTED_EDGE ( 'NONE', *, *, #1732, .T. ) ;
#2300 = CARTESIAN_POINT ( 'NONE',  ( 0.000000000000000000, -13.99999999999999822, -18.43835307503515608 ) ) ;
#2301 = CARTESIAN_POINT ( 'NONE',  ( -14.27500000000000568, 3.000000000000002665, -21.60000000000000853 ) ) ;
#2302 = DIRECTION ( 'NONE',  ( -0.000000000000000000, -1.000000000000000000, -0.000000000000000000 ) ) ;
#2303 = ORIENTED_EDGE ( 'NONE', *, *, #529, .T. ) ;
#2304 = DIRECTION ( 'NONE',  ( -0.000000000000000000, 1.000000000000000000, -0.000000000000000000 ) ) ;
#2305 = DIRECTION ( 'NONE',  ( 0.000000000000000000, -1.000000000000000000, 0.000000000000000000 ) ) ;
#2306 = ORIENTED_EDGE ( 'NONE', *, *, #1593, .F. ) ;
#2307 = EDGE_LOOP ( 'NONE', ( #2526, #935, #1061, #2115 ) ) ;
#2308 = EDGE_CURVE ( 'NONE', #87, #1273, #677, .T. ) ;
#2309 = CARTESIAN_POINT ( 'NONE',  ( -7.925000000000006928, -13.99999999999999822, -21.60000000000000853 ) ) ;
#2310 = LINE ( 'NONE', #1238, #801 ) ;
#2311 = LINE ( 'NONE', #345, #1928 ) ;
#2312 = AXIS2_PLACEMENT_3D ( 'NONE', #632, #10, #206 ) ;
#2313 = DIRECTION ( 'NONE',  ( 0.000000000000000000, 0.000000000000000000, -1.000000000000000000 ) ) ;
#2314 = DIRECTION ( 'NONE',  ( -0.000000000000000000, -1.000000000000000000, -0.000000000000000000 ) ) ;
#2315 = CARTESIAN_POINT ( 'NONE',  ( -15.00000000000000000, -11.50000000000000000, -25.10000000000000853 ) ) ;
#2316 = EDGE_LOOP ( 'NONE', ( #2047, #1439, #2248, #2693 ) ) ;
#2317 = VECTOR ( 'NONE', #996, 1000.000000000000000 ) ;
#2318 = LINE ( 'NONE', #545, #466 ) ;
#2319 = LINE ( 'NONE', #227, #583 ) ;
#2320 = AXIS2_PLACEMENT_3D ( 'NONE', #1338, #472, #1816 ) ;
#2321 = ORIENTED_EDGE ( 'NONE', *, *, #1899, .T. ) ;
#2322 = ORIENTED_EDGE ( 'NONE', *, *, #514, .T. ) ;
#2323 = CARTESIAN_POINT ( 'NONE',  ( -8.100000000000001421, -5.500000000000000000, -22.60000000000000853 ) ) ;
#2324 = CARTESIAN_POINT ( 'NONE',  ( 15.00000000000000000, -11.50000000000000000, 11.89999999999998792 ) ) ;
#2325 = EDGE_CURVE ( 'NONE', #2401, #619, #248, .T. ) ;
#2326 = VERTEX_POINT ( 'NONE', #1801 ) ;
#2327 = VECTOR ( 'NONE', #1150, 1000.000000000000000 ) ;
#2328 = EDGE_CURVE ( 'NONE', #146, #673, #2681, .T. ) ;
#2329 = CARTESIAN_POINT ( 'NONE',  ( -15.27500000000000746, -13.99999999999999822, -22.60000000000000853 ) ) ;
#2330 = FACE_OUTER_BOUND ( 'NONE', #2307, .T. ) ;
#2331 = DIRECTION ( 'NONE',  ( -0.000000000000000000, -1.000000000000000000, -0.000000000000000000 ) ) ;
#2332 = LINE ( 'NONE', #2131, #1180 ) ;
#2333 = VECTOR ( 'NONE', #964, 1000.000000000000000 ) ;
#2334 = VERTEX_POINT ( 'NONE', #961 ) ;
#2335 = DIRECTION ( 'NONE',  ( -0.000000000000000000, 1.000000000000000000, -0.000000000000000000 ) ) ;
#2336 = CARTESIAN_POINT ( 'NONE',  ( -3.000000000000015543, -13.00000000000000000, -2.370000000000013429 ) ) ;
#2337 = VERTEX_POINT ( 'NONE', #2294 ) ;
#2338 = ORIENTED_EDGE ( 'NONE', *, *, #2689, .T. ) ;
#2339 = FACE_OUTER_BOUND ( 'NONE', #401, .T. ) ;
#2340 = FACE_OUTER_BOUND ( 'NONE', #1802, .T. ) ;
#2341 = EDGE_CURVE ( 'NONE', #1567, #2699, #39, .T. ) ;
#2342 = ORIENTED_EDGE ( 'NONE', *, *, #1473, .T. ) ;
#2343 = DIRECTION ( 'NONE',  ( 0.000000000000000000, 0.000000000000000000, 1.000000000000000000 ) ) ;
#2344 = PLANE ( 'NONE',  #1768 ) ;
#2345 = DIRECTION ( 'NONE',  ( 0.000000000000000000, 0.000000000000000000, 1.000000000000000000 ) ) ;
#2346 = ADVANCED_FACE ( 'NONE', ( #533 ), #782, .F. ) ;
#2347 = DIRECTION ( 'NONE',  ( 0.000000000000000000, 0.000000000000000000, -1.000000000000000000 ) ) ;
#2348 = AXIS2_PLACEMENT_3D ( 'NONE', #1913, #610, #2808 ) ;
#2349 = ORIENTED_EDGE ( 'NONE', *, *, #831, .F. ) ;
#2350 = CARTESIAN_POINT ( 'NONE',  ( 1.999999999999983125, -13.99999999999999822, -1.370000000000013651 ) ) ;
#2351 = CARTESIAN_POINT ( 'NONE',  ( 15.00000000000000000, 0.000000000000000000, 8.399999999999987921 ) ) ;
#2352 = CIRCLE ( 'NONE', #1708, 5.000000000000000888 ) ;
#2353 = ORIENTED_EDGE ( 'NONE', *, *, #1676, .F. ) ;
#2354 = DIRECTION ( 'NONE',  ( -0.000000000000000000, -1.000000000000000000, -0.000000000000000000 ) ) ;
#2355 = DIRECTION ( 'NONE',  ( 1.000000000000000000, -0.000000000000000000, -0.000000000000000000 ) ) ;
#2356 = ORIENTED_EDGE ( 'NONE', *, *, #682, .T. ) ;
#2357 = DIRECTION ( 'NONE',  ( 0.000000000000000000, -1.000000000000000000, 0.000000000000000000 ) ) ;
#2358 = EDGE_CURVE ( 'NONE', #1037, #973, #1839, .T. ) ;
#2359 = LINE ( 'NONE', #391, #1858 ) ;
#2360 = FACE_OUTER_BOUND ( 'NONE', #354, .T. ) ;
#2361 = DIRECTION ( 'NONE',  ( -1.000000000000000000, 0.000000000000000000, 0.000000000000000000 ) ) ;
#2362 = VECTOR ( 'NONE', #79, 1000.000000000000000 ) ;
#2363 = EDGE_LOOP ( 'NONE', ( #2744, #351, #2450, #1723 ) ) ;
#2364 = EDGE_CURVE ( 'NONE', #721, #942, #2706, .T. ) ;
#2365 = ADVANCED_FACE ( 'NONE', ( #325 ), #126, .F. ) ;
#2366 = CARTESIAN_POINT ( 'NONE',  ( -15.27500000000000746, -13.00000000000000000, -16.60000000000000853 ) ) ;
#2367 = CARTESIAN_POINT ( 'NONE',  ( -15.27500000000000746, -13.00000000000000000, -22.60000000000000853 ) ) ;
#2368 = AXIS2_PLACEMENT_3D ( 'NONE', #1499, #1999, #1760 ) ;
#2369 = ORIENTED_EDGE ( 'NONE', *, *, #2456, .T. ) ;
#2370 = CARTESIAN_POINT ( 'NONE',  ( 15.00000000000000000, -13.00000000000000000, -26.60000000000000853 ) ) ;
#2371 = CARTESIAN_POINT ( 'NONE',  ( -3.000000000000016875, -13.99999999999999822, 7.559999999999986287 ) ) ;
#2372 = AXIS2_PLACEMENT_3D ( 'NONE', #2694, #1596, #21 ) ;
#2373 = ORIENTED_EDGE ( 'NONE', *, *, #2489, .T. ) ;
#2374 = DIRECTION ( 'NONE',  ( -0.000000000000000000, -1.000000000000000000, -0.000000000000000000 ) ) ;
#2375 = CARTESIAN_POINT ( 'NONE',  ( -15.27500000000000746, -13.99999999999999822, -16.60000000000000853 ) ) ;
#2376 = LINE ( 'NONE', #1712, #2268 ) ;
#2377 = FACE_OUTER_BOUND ( 'NONE', #1320, .T. ) ;
#2378 = ORIENTED_EDGE ( 'NONE', *, *, #765, .T. ) ;
#2379 = CARTESIAN_POINT ( 'NONE',  ( 7.099999999999996092, -5.500000000000000000, -23.60000000000000853 ) ) ;
#2380 = CIRCLE ( 'NONE', #1975, 2.000000000000001776 ) ;
#2381 = VECTOR ( 'NONE', #2280, 1000.000000000000000 ) ;
#2382 = LINE ( 'NONE', #1247, #1878 ) ;
#2383 = ORIENTED_EDGE ( 'NONE', *, *, #35, .T. ) ;
#2384 = LINE ( 'NONE', #2836, #1148 ) ;
#2385 = DIRECTION ( 'NONE',  ( 0.000000000000000000, -1.000000000000000000, 0.000000000000000000 ) ) ;
#2386 = EDGE_CURVE ( 'NONE', #1207, #1715, #947, .T. ) ;
#2387 = VECTOR ( 'NONE', #563, 1000.000000000000000 ) ;
#2388 = ORIENTED_EDGE ( 'NONE', *, *, #909, .T. ) ;
#2389 = LINE ( 'NONE', #1077, #217 ) ;
#2390 = DIRECTION ( 'NONE',  ( 1.093772683465830541E-16, 0.000000000000000000, -1.000000000000000000 ) ) ;
#2391 = CARTESIAN_POINT ( 'NONE',  ( -15.10000000000000497, -5.500000000000000000, -23.60000000000000853 ) ) ;
#2392 = CARTESIAN_POINT ( 'NONE',  ( 2.800000000000000266, -0.5000000000000000000, -15.54000000000000448 ) ) ;
#2393 = EDGE_LOOP ( 'NONE', ( #492, #50 ) ) ;
#2394 = DIRECTION ( 'NONE',  ( 0.000000000000000000, 0.000000000000000000, -1.000000000000000000 ) ) ;
#2395 = EDGE_CURVE ( 'NONE', #1391, #2514, #1457, .T. ) ;
#2396 = ORIENTED_EDGE ( 'NONE', *, *, #1609, .T. ) ;
#2397 = CARTESIAN_POINT ( 'NONE',  ( -8.100000000000001421, -5.500000000000000000, -23.60000000000000853 ) ) ;
#2398 = APPLICATION_CONTEXT ( 'automotive_design' ) ;
#2399 = ADVANCED_FACE ( 'NONE', ( #1215, #1442 ), #2058, .T. ) ;
#2400 = ORIENTED_EDGE ( 'NONE', *, *, #1047, .F. ) ;
#2401 = VERTEX_POINT ( 'NONE', #110 ) ;
#2402 = DIRECTION ( 'NONE',  ( -1.000000000000000000, -0.000000000000000000, -0.000000000000000000 ) ) ;
#2403 = CARTESIAN_POINT ( 'NONE',  ( 0.000000000000000000, 0.000000000000000000, 0.000000000000000000 ) ) ;
#2404 = LINE ( 'NONE', #1542, #2272 ) ;
#2405 = PLANE ( 'NONE',  #2045 ) ;
#2406 = DIRECTION ( 'NONE',  ( 0.000000000000000000, 0.000000000000000000, -1.000000000000000000 ) ) ;
#2407 = EDGE_CURVE ( 'NONE', #423, #2486, #769, .T. ) ;
#2408 = ORIENTED_EDGE ( 'NONE', *, *, #1428, .T. ) ;
#2409 = DIRECTION ( 'NONE',  ( -0.000000000000000000, -1.000000000000000000, -0.000000000000000000 ) ) ;
#2410 = VERTEX_POINT ( 'NONE', #1165 ) ;
#2411 = AXIS2_PLACEMENT_3D ( 'NONE', #2208, #2684, #2027 ) ;
#2412 = DIRECTION ( 'NONE',  ( -0.000000000000000000, 1.000000000000000000, -0.000000000000000000 ) ) ;
#2413 = ORIENTED_EDGE ( 'NONE', *, *, #1014, .T. ) ;
#2414 = ORIENTED_EDGE ( 'NONE', *, *, #500, .T. ) ;
#2415 = CARTESIAN_POINT ( 'NONE',  ( -2.000000000000016875, 3.000000000000002665, -1.370000000000013651 ) ) ;
#2416 = VECTOR ( 'NONE', #934, 1000.000000000000000 ) ;
#2417 = ORIENTED_EDGE ( 'NONE', *, *, #1119, .T. ) ;
#2418 = SHAPE_DEFINITION_REPRESENTATION ( #1306, #2801 ) ;
#2419 = FACE_OUTER_BOUND ( 'NONE', #2806, .T. ) ;
#2420 = DIRECTION ( 'NONE',  ( 0.000000000000000000, -1.000000000000000000, 0.000000000000000000 ) ) ;
#2421 = DIRECTION ( 'NONE',  ( 0.000000000000000000, 0.000000000000000000, -1.000000000000000000 ) ) ;
#2422 = EDGE_CURVE ( 'NONE', #224, #2525, #2742, .T. ) ;
#2423 = ORIENTED_EDGE ( 'NONE', *, *, #2630, .T. ) ;
#2424 = LINE ( 'NONE', #2595, #1152 ) ;
#2425 = SURFACE_SIDE_STYLE ('',( #1810 ) ) ;
#2426 = ORIENTED_EDGE ( 'NONE', *, *, #329, .T. ) ;
#2427 = CARTESIAN_POINT ( 'NONE',  ( 2.999999999999981792, -5.500000000000000000, 5.594999999999988205 ) ) ;
#2428 =( GEOMETRIC_REPRESENTATION_CONTEXT ( 3 ) GLOBAL_UNCERTAINTY_ASSIGNED_CONTEXT ( ( #582 ) ) GLOBAL_UNIT_ASSIGNED_CONTEXT ( ( #425, #243, #1253 ) ) REPRESENTATION_CONTEXT ( 'NONE', 'WORKASPACE' ) );
#2429 = ORIENTED_EDGE ( 'NONE', *, *, #1144, .F. ) ;
#2430 = ORIENTED_EDGE ( 'NONE', *, *, #1887, .T. ) ;
#2431 = CARTESIAN_POINT ( 'NONE',  ( -5.800000000000000711, 9.999999999999998224, -11.54000000000000448 ) ) ;
#2432 = EDGE_LOOP ( 'NONE', ( #2802, #2408, #2222, #2760 ) ) ;
#2433 = DIRECTION ( 'NONE',  ( 1.000000000000000000, 0.000000000000000000, 0.000000000000000000 ) ) ;
#2434 = EDGE_CURVE ( 'NONE', #507, #146, #2709, .T. ) ;
#2435 = DIRECTION ( 'NONE',  ( 0.000000000000000000, 1.000000000000000000, -0.000000000000000000 ) ) ;
#2436 = FACE_BOUND ( 'NONE', #2625, .T. ) ;
#2437 = ORIENTED_EDGE ( 'NONE', *, *, #56, .T. ) ;
#2438 = EDGE_CURVE ( 'NONE', #977, #302, #1828, .T. ) ;
#2439 = LINE ( 'NONE', #465, #1971 ) ;
#2440 = CARTESIAN_POINT ( 'NONE',  ( 7.924999999999992717, -13.99999999999999822, -17.60000000000000497 ) ) ;
#2441 = LINE ( 'NONE', #1861, #2463 ) ;
#2442 = VECTOR ( 'NONE', #2785, 1000.000000000000000 ) ;
#2443 = EDGE_CURVE ( 'NONE', #921, #626, #2512, .T. ) ;
#2444 = ORIENTED_EDGE ( 'NONE', *, *, #324, .T. ) ;
#2445 = ORIENTED_EDGE ( 'NONE', *, *, #2651, .T. ) ;
#2446 = DIRECTION ( 'NONE',  ( 0.000000000000000000, 0.000000000000000000, -1.000000000000000000 ) ) ;
#2447 = ORIENTED_EDGE ( 'NONE', *, *, #2827, .F. ) ;
#2448 = CARTESIAN_POINT ( 'NONE',  ( 0.000000000000000000, -9.999999999999998224, -18.43835307503515608 ) ) ;
#2449 = LINE ( 'NONE', #1898, #2136 ) ;
#2450 = ORIENTED_EDGE ( 'NONE', *, *, #2395, .T. ) ;
#2451 = LINE ( 'NONE', #1397, #2327 ) ;
#2452 = EDGE_CURVE ( 'NONE', #1139, #187, #1646, .T. ) ;
#2453 = EDGE_CURVE ( 'NONE', #2334, #76, #1389, .T. ) ;
#2454 = CARTESIAN_POINT ( 'NONE',  ( 2.800000000000000266, -11.50000000000000000, -21.14000000000000767 ) ) ;
#2455 = CARTESIAN_POINT ( 'NONE',  ( -15.10000000000000497, -5.500000000000000000, -23.60000000000000853 ) ) ;
#2456 = EDGE_CURVE ( 'NONE', #920, #1942, #2267, .T. ) ;
#2457 = CIRCLE ( 'NONE', #2312, 5.000000000000000888 ) ;
#2458 = ORIENTED_EDGE ( 'NONE', *, *, #1947, .F. ) ;
#2459 = EDGE_LOOP ( 'NONE', ( #1570, #813, #318, #2253 ) ) ;
#2460 = DIRECTION ( 'NONE',  ( 0.000000000000000000, -0.000000000000000000, 1.000000000000000000 ) ) ;
#2461 = ORIENTED_EDGE ( 'NONE', *, *, #2672, .T. ) ;
#2462 = LINE ( 'NONE', #2261, #2362 ) ;
#2463 = VECTOR ( 'NONE', #2738, 1000.000000000000000 ) ;
#2464 = CARTESIAN_POINT ( 'NONE',  ( 0.000000000000000000, -0.5000000000000000000, 0.000000000000000000 ) ) ;
#2465 = VECTOR ( 'NONE', #1494, 1000.000000000000000 ) ;
#2466 = EDGE_LOOP ( 'NONE', ( #1857, #5, #1202, #2773, #1263, #1229 ) ) ;
#2467 = DIRECTION ( 'NONE',  ( -0.000000000000000000, -0.000000000000000000, -1.000000000000000000 ) ) ;
#2468 = FACE_OUTER_BOUND ( 'NONE', #1523, .T. ) ;
#2469 = LINE ( 'NONE', #2733, #316 ) ;
#2470 = DIRECTION ( 'NONE',  ( 0.000000000000000000, -1.000000000000000000, 0.000000000000000000 ) ) ;
#2471 = CIRCLE ( 'NONE', #1597, 1.500000000000000222 ) ;
#2472 = ORIENTED_EDGE ( 'NONE', *, *, #104, .T. ) ;
#2473 = ORIENTED_EDGE ( 'NONE', *, *, #2522, .F. ) ;
#2474 = ADVANCED_FACE ( 'NONE', ( #2069 ), #96, .F. ) ;
#2475 = DIRECTION ( 'NONE',  ( -0.000000000000000000, -1.000000000000000000, -0.000000000000000000 ) ) ;
#2476 = VECTOR ( 'NONE', #2083, 1000.000000000000000 ) ;
#2477 = CIRCLE ( 'NONE', #362, 1.500000000000001332 ) ;
#2478 = CARTESIAN_POINT ( 'NONE',  ( 0.000000000000000000, -0.5000000000000000000, -18.43835307503515608 ) ) ;
#2479 = DIRECTION ( 'NONE',  ( 0.000000000000000000, 0.000000000000000000, -1.000000000000000000 ) ) ;
#2480 = ORIENTED_EDGE ( 'NONE', *, *, #344, .F. ) ;
#2481 = ORIENTED_EDGE ( 'NONE', *, *, #2025, .F. ) ;
#2482 = CARTESIAN_POINT ( 'NONE',  ( 2.449293598294705428E-16, -9.999999999999998224, -16.43835307503515608 ) ) ;
#2483 = DIRECTION ( 'NONE',  ( 1.445602896647337931E-16, 0.000000000000000000, -1.000000000000000000 ) ) ;
#2484 = EDGE_CURVE ( 'NONE', #1579, #673, #1940, .T. ) ;
#2485 = ORIENTED_EDGE ( 'NONE', *, *, #695, .T. ) ;
#2486 = VERTEX_POINT ( 'NONE', #413 ) ;
#2487 = FACE_OUTER_BOUND ( 'NONE', #1730, .T. ) ;
#2488 = EDGE_CURVE ( 'NONE', #2509, #1124, #2110, .T. ) ;
#2489 = EDGE_CURVE ( 'NONE', #443, #2725, #2805, .T. ) ;
#2490 = CARTESIAN_POINT ( 'NONE',  ( 1.999999999999983125, 3.000000000000002665, -1.370000000000013651 ) ) ;
#2491 = ORIENTED_EDGE ( 'NONE', *, *, #2824, .T. ) ;
#2492 = DIRECTION ( 'NONE',  ( 1.000000000000000000, -0.000000000000000000, 5.782411586589358625E-16 ) ) ;
#2493 = DIRECTION ( 'NONE',  ( 0.000000000000000000, 1.000000000000000000, 0.000000000000000000 ) ) ;
#2494 = EDGE_CURVE ( 'NONE', #1116, #858, #2553, .T. ) ;
#2495 = DIRECTION ( 'NONE',  ( -0.000000000000000000, -1.000000000000000000, -0.000000000000000000 ) ) ;
#2496 = EDGE_LOOP ( 'NONE', ( #2713, #875, #1674, #1582 ) ) ;
#2497 = VERTEX_POINT ( 'NONE', #810 ) ;
#2498 = CARTESIAN_POINT ( 'NONE',  ( 15.00000000000000000, -13.00000000000000000, 13.39999999999998792 ) ) ;
#2499 = VECTOR ( 'NONE', #265, 1000.000000000000000 ) ;
#2500 = ORIENTED_EDGE ( 'NONE', *, *, #1793, .F. ) ;
#2501 = VECTOR ( 'NONE', #1377, 1000.000000000000000 ) ;
#2502 = DIRECTION ( 'NONE',  ( 0.000000000000000000, -0.000000000000000000, -1.000000000000000000 ) ) ;
#2503 = PLANE ( 'NONE',  #1735 ) ;
#2504 = EDGE_CURVE ( 'NONE', #2554, #1567, #155, .T. ) ;
#2505 = VECTOR ( 'NONE', #1811, 1000.000000000000000 ) ;
#2506 = VERTEX_POINT ( 'NONE', #606 ) ;
#2507 = PLANE ( 'NONE',  #1941 ) ;
#2508 = DIRECTION ( 'NONE',  ( -0.000000000000000000, -1.000000000000000000, 0.000000000000000000 ) ) ;
#2509 = VERTEX_POINT ( 'NONE', #2367 ) ;
#2510 = VERTEX_POINT ( 'NONE', #1689 ) ;
#2511 = LINE ( 'NONE', #537, #2105 ) ;
#2512 = CIRCLE ( 'NONE', #1095, 1.500000000000000222 ) ;
#2513 = CARTESIAN_POINT ( 'NONE',  ( 7.099999999999996092, -11.50000000000000000, -16.60000000000000142 ) ) ;
#2514 = VERTEX_POINT ( 'NONE', #592 ) ;
#2515 = EDGE_CURVE ( 'NONE', #302, #1741, #624, .T. ) ;
#2516 = VECTOR ( 'NONE', #331, 1000.000000000000000 ) ;
#2517 = CARTESIAN_POINT ( 'NONE',  ( -8.100000000000001421, -11.50000000000000000, -22.60000000000000853 ) ) ;
#2518 = DIRECTION ( 'NONE',  ( 0.000000000000000000, 0.000000000000000000, 1.000000000000000000 ) ) ;
#2519 = CARTESIAN_POINT ( 'NONE',  ( 7.924999999999992717, -13.99999999999999822, -17.60000000000000497 ) ) ;
#2520 = CIRCLE ( 'NONE', #52, 1.500000000000001332 ) ;
#2521 = ORIENTED_EDGE ( 'NONE', *, *, #99, .F. ) ;
#2522 = EDGE_CURVE ( 'NONE', #1217, #2674, #2285, .T. ) ;
#2523 = CARTESIAN_POINT ( 'NONE',  ( -11.10000000000000675, 31.50000000000000000, -19.60000000000000497 ) ) ;
#2524 = CARTESIAN_POINT ( 'NONE',  ( 1.999999999999983125, 3.000000000000002665, 6.559999999999986287 ) ) ;
#2525 = VERTEX_POINT ( 'NONE', #1016 ) ;
#2526 = ORIENTED_EDGE ( 'NONE', *, *, #1779, .F. ) ;
#2527 = CARTESIAN_POINT ( 'NONE',  ( 15.27499999999998614, -13.99999999999999822, -16.60000000000000497 ) ) ;
#2528 = EDGE_CURVE ( 'NONE', #429, #1443, #1894, .T. ) ;
#2529 = VECTOR ( 'NONE', #2750, 1000.000000000000000 ) ;
#2530 = DIRECTION ( 'NONE',  ( 0.000000000000000000, 0.000000000000000000, -1.000000000000000000 ) ) ;
#2531 = CARTESIAN_POINT ( 'NONE',  ( 15.00000000000000000, 0.000000000000000000, 13.39999999999998792 ) ) ;
#2532 = CARTESIAN_POINT ( 'NONE',  ( 15.09999999999999609, -5.500000000000000000, -16.60000000000000142 ) ) ;
#2533 = DIRECTION ( 'NONE',  ( -0.000000000000000000, 1.000000000000000000, -0.000000000000000000 ) ) ;
#2534 = ORIENTED_EDGE ( 'NONE', *, *, #297, .F. ) ;
#2535 = FACE_OUTER_BOUND ( 'NONE', #1216, .T. ) ;
#2536 = ADVANCED_FACE ( 'NONE', ( #1030 ), #1289, .F. ) ;
#2537 = EDGE_CURVE ( 'NONE', #2005, #187, #1602, .T. ) ;
#2538 = CARTESIAN_POINT ( 'NONE',  ( -11.10000000000000675, -12.99999999999999822, -19.60000000000000497 ) ) ;
#2539 = ORIENTED_EDGE ( 'NONE', *, *, #310, .F. ) ;
#2540 = ORIENTED_EDGE ( 'NONE', *, *, #811, .F. ) ;
#2541 = FACE_BOUND ( 'NONE', #1537, .T. ) ;
#2542 = DIRECTION ( 'NONE',  ( 0.000000000000000000, 0.000000000000000000, 1.000000000000000000 ) ) ;
#2543 = EDGE_CURVE ( 'NONE', #231, #1173, #2818, .T. ) ;
#2544 = AXIS2_PLACEMENT_3D ( 'NONE', #1573, #293, #251 ) ;
#2545 = ORIENTED_EDGE ( 'NONE', *, *, #2109, .T. ) ;
#2546 = CARTESIAN_POINT ( 'NONE',  ( -15.00000000000000000, 0.000000000000000000, 8.399999999999987921 ) ) ;
#2547 = AXIS2_PLACEMENT_3D ( 'NONE', #710, #1776, #2653 ) ;
#2548 = DIRECTION ( 'NONE',  ( 1.445602896647337931E-16, 0.000000000000000000, -1.000000000000000000 ) ) ;
#2549 = DIRECTION ( 'NONE',  ( 0.000000000000000000, -1.000000000000000000, 0.000000000000000000 ) ) ;
#2550 = ORIENTED_EDGE ( 'NONE', *, *, #916, .F. ) ;
#2551 = CIRCLE ( 'NONE', #2056, 5.000000000000000888 ) ;
#2552 = DIRECTION ( 'NONE',  ( 0.000000000000000000, -1.000000000000000000, 0.000000000000000000 ) ) ;
#2553 = LINE ( 'NONE', #1702, #1374 ) ;
#2554 = VERTEX_POINT ( 'NONE', #1458 ) ;
#2555 = VERTEX_POINT ( 'NONE', #2336 ) ;
#2556 = PLANE ( 'NONE',  #864 ) ;
#2557 = DIRECTION ( 'NONE',  ( 0.000000000000000000, 0.000000000000000000, 1.000000000000000000 ) ) ;
#2558 = EDGE_CURVE ( 'NONE', #1636, #2615, #383, .T. ) ;
#2559 = ORIENTED_EDGE ( 'NONE', *, *, #1347, .T. ) ;
#2560 = CARTESIAN_POINT ( 'NONE',  ( -2.000000000000015987, -13.99999999999999822, -1.370000000000013651 ) ) ;
#2561 = FACE_OUTER_BOUND ( 'NONE', #1632, .T. ) ;
#2562 = VECTOR ( 'NONE', #1073, 1000.000000000000000 ) ;
#2563 = DIRECTION ( 'NONE',  ( -1.000000000000000000, 0.000000000000000000, -0.000000000000000000 ) ) ;
#2564 = CARTESIAN_POINT ( 'NONE',  ( -2.000000000000016875, -13.99999999999999822, 6.559999999999986287 ) ) ;
#2565 = EDGE_CURVE ( 'NONE', #2185, #37, #2382, .T. ) ;
#2566 = ORIENTED_EDGE ( 'NONE', *, *, #2537, .F. ) ;
#2567 = DIRECTION ( 'NONE',  ( 0.000000000000000000, -1.000000000000000000, 0.000000000000000000 ) ) ;
#2568 = DIRECTION ( 'NONE',  ( 1.000000000000000000, 0.000000000000000000, 0.000000000000000000 ) ) ;
#2569 = ORIENTED_EDGE ( 'NONE', *, *, #479, .T. ) ;
#2570 = ORIENTED_EDGE ( 'NONE', *, *, #1644, .T. ) ;
#2571 = DIRECTION ( 'NONE',  ( 0.000000000000000000, -1.000000000000000000, 0.000000000000000000 ) ) ;
#2572 = DIRECTION ( 'NONE',  ( -0.000000000000000000, -0.000000000000000000, -1.000000000000000000 ) ) ;
#2573 = EDGE_CURVE ( 'NONE', #626, #611, #1261, .T. ) ;
#2574 = ORIENTED_EDGE ( 'NONE', *, *, #1931, .T. ) ;
#2575 = FACE_OUTER_BOUND ( 'NONE', #2664, .T. ) ;
#2576 = EDGE_CURVE ( 'NONE', #228, #797, #198, .T. ) ;
#2577 = LINE ( 'NONE', #600, #2529 ) ;
#2578 = CARTESIAN_POINT ( 'NONE',  ( -14.10000000000000675, -5.500000000000000000, -22.60000000000000853 ) ) ;
#2579 = DIRECTION ( 'NONE',  ( 0.000000000000000000, 0.000000000000000000, -1.000000000000000000 ) ) ;
#2580 = VECTOR ( 'NONE', #2335, 1000.000000000000000 ) ;
#2581 = ORIENTED_EDGE ( 'NONE', *, *, #2630, .F. ) ;
#2582 = DIRECTION ( 'NONE',  ( -0.000000000000000000, 1.000000000000000000, -0.000000000000000000 ) ) ;
#2583 = CARTESIAN_POINT ( 'NONE',  ( -18.50000000000000000, 0.000000000000000000, 8.399999999999987921 ) ) ;
#2584 = ORIENTED_EDGE ( 'NONE', *, *, #2162, .F. ) ;
#2585 = LINE ( 'NONE', #402, #2735 ) ;
#2586 = CARTESIAN_POINT ( 'NONE',  ( 2.449293598294705428E-16, -13.00000000000000000, -16.43835307503515608 ) ) ;
#2587 = ORIENTED_EDGE ( 'NONE', *, *, #2704, .F. ) ;
#2588 = DIRECTION ( 'NONE',  ( -0.000000000000000000, -0.000000000000000000, -1.000000000000000000 ) ) ;
#2589 = CARTESIAN_POINT ( 'NONE',  ( 15.27499999999998614, -13.99999999999999822, -16.60000000000000497 ) ) ;
#2590 = CARTESIAN_POINT ( 'NONE',  ( 18.50000000000000000, -13.00000000000000000, 8.399999999999987921 ) ) ;
#2591 = DIRECTION ( 'NONE',  ( 0.000000000000000000, 0.000000000000000000, 1.000000000000000000 ) ) ;
#2592 = AXIS2_PLACEMENT_3D ( 'NONE', #1468, #2313, #149 ) ;
#2593 = VERTEX_POINT ( 'NONE', #1925 ) ;
#2594 = EDGE_CURVE ( 'NONE', #691, #693, #2832, .T. ) ;
#2595 = CARTESIAN_POINT ( 'NONE',  ( -15.00000000000000000, -13.00000000000000000, -26.60000000000000853 ) ) ;
#2596 = DIRECTION ( 'NONE',  ( -0.000000000000000000, -1.000000000000000000, -0.000000000000000000 ) ) ;
#2597 = CIRCLE ( 'NONE', #899, 5.000000000000000888 ) ;
#2598 = VECTOR ( 'NONE', #2840, 1000.000000000000000 ) ;
#2599 = ORIENTED_EDGE ( 'NONE', *, *, #699, .F. ) ;
#2600 = CARTESIAN_POINT ( 'NONE',  ( 7.924999999999992717, -13.00000000000000000, -21.60000000000000853 ) ) ;
#2601 = CARTESIAN_POINT ( 'NONE',  ( 2.999999999999982236, -13.99999999999999822, 7.559999999999986287 ) ) ;
#2602 = AXIS2_PLACEMENT_3D ( 'NONE', #459, #2260, #513 ) ;
#2603 = VERTEX_POINT ( 'NONE', #640 ) ;
#2604 = DIRECTION ( 'NONE',  ( 0.000000000000000000, 0.000000000000000000, 1.000000000000000000 ) ) ;
#2605 = LINE ( 'NONE', #1513, #1956 ) ;
#2606 = FACE_OUTER_BOUND ( 'NONE', #2035, .T. ) ;
#2607 = DIRECTION ( 'NONE',  ( 0.000000000000000000, 0.000000000000000000, -1.000000000000000000 ) ) ;
#2608 = AXIS2_PLACEMENT_3D ( 'NONE', #1376, #2493, #2345 ) ;
#2609 = EDGE_CURVE ( 'NONE', #1294, #1166, #2319, .T. ) ;
#2610 = ORIENTED_EDGE ( 'NONE', *, *, #1525, .T. ) ;
#2611 = DIRECTION ( 'NONE',  ( 0.000000000000000000, 0.000000000000000000, -1.000000000000000000 ) ) ;
#2612 = VECTOR ( 'NONE', #2787, 1000.000000000000000 ) ;
#2613 = EDGE_CURVE ( 'NONE', #1203, #2486, #480, .T. ) ;
#2614 = DIRECTION ( 'NONE',  ( -0.000000000000000000, -0.000000000000000000, 1.000000000000000000 ) ) ;
#2615 = VERTEX_POINT ( 'NONE', #46 ) ;
#2616 = DIRECTION ( 'NONE',  ( -0.000000000000000000, -1.000000000000000000, -0.000000000000000000 ) ) ;
#2617 = ORIENTED_EDGE ( 'NONE', *, *, #2609, .T. ) ;
#2618 = LINE ( 'NONE', #1282, #397 ) ;
#2619 = LINE ( 'NONE', #647, #518 ) ;
#2620 = CARTESIAN_POINT ( 'NONE',  ( -15.00000000000000000, -13.00000000000000000, -26.60000000000000853 ) ) ;
#2621 = DIRECTION ( 'NONE',  ( -1.000000000000000000, 0.000000000000000000, 0.000000000000000000 ) ) ;
#2622 = VERTEX_POINT ( 'NONE', #2180 ) ;
#2623 = LINE ( 'NONE', #1531, #2290 ) ;
#2624 = LINE ( 'NONE', #2454, #89 ) ;
#2625 = EDGE_LOOP ( 'NONE', ( #2303, #1524 ) ) ;
#2626 = EDGE_CURVE ( 'NONE', #1841, #2206, #702, .T. ) ;
#2627 = CARTESIAN_POINT ( 'NONE',  ( -3.000000000000015543, -13.99999999999999822, -2.370000000000013429 ) ) ;
#2628 = ORIENTED_EDGE ( 'NONE', *, *, #716, .F. ) ;
#2629 = ORIENTED_EDGE ( 'NONE', *, *, #399, .T. ) ;
#2630 = EDGE_CURVE ( 'NONE', #1574, #429, #2239, .T. ) ;
#2631 = CARTESIAN_POINT ( 'NONE',  ( 2.800000000000000266, 9.999999999999998224, -21.14000000000000767 ) ) ;
#2632 = EDGE_LOOP ( 'NONE', ( #460, #1336, #61, #2788 ) ) ;
#2633 = CARTESIAN_POINT ( 'NONE',  ( 15.00000000000000000, 0.000000000000000000, 13.39999999999998792 ) ) ;
#2634 = LINE ( 'NONE', #447, #162 ) ;
#2635 = FACE_BOUND ( 'NONE', #2734, .T. ) ;
#2636 = CARTESIAN_POINT ( 'NONE',  ( 8.099999999999996092, -5.500000000000000000, -16.60000000000000142 ) ) ;
#2637 = ORIENTED_EDGE ( 'NONE', *, *, #2613, .T. ) ;
#2638 = VECTOR ( 'NONE', #1759, 1000.000000000000000 ) ;
#2639 = PLANE ( 'NONE',  #1881 ) ;
#2640 = VECTOR ( 'NONE', #1571, 1000.000000000000000 ) ;
#2641 = FILL_AREA_STYLE_COLOUR ( '', #2107 ) ;
#2642 = VERTEX_POINT ( 'NONE', #2657 ) ;
#2643 = VECTOR ( 'NONE', #911, 1000.000000000000000 ) ;
#2644 = LINE ( 'NONE', #107, #169 ) ;
#2645 = ADVANCED_FACE ( 'NONE', ( #687, #1 ), #2198, .T. ) ;
#2646 = VERTEX_POINT ( 'NONE', #1565 ) ;
#2647 = ORIENTED_EDGE ( 'NONE', *, *, #1677, .F. ) ;
#2648 = DIRECTION ( 'NONE',  ( -1.000000000000000000, 0.000000000000000000, 8.673617379884035472E-16 ) ) ;
#2649 = CIRCLE ( 'NONE', #395, 3.499999999999999556 ) ;
#2650 = VERTEX_POINT ( 'NONE', #671 ) ;
#2651 = EDGE_CURVE ( 'NONE', #2486, #1814, #1319, .T. ) ;
#2652 = CARTESIAN_POINT ( 'NONE',  ( 2.999999999999982681, -11.50000000000000000, 6.594999999999988205 ) ) ;
#2653 = DIRECTION ( 'NONE',  ( 0.000000000000000000, 0.000000000000000000, -1.000000000000000000 ) ) ;
#2654 = FACE_OUTER_BOUND ( 'NONE', #360, .T. ) ;
#2655 = ORIENTED_EDGE ( 'NONE', *, *, #2689, .F. ) ;
#2656 = CARTESIAN_POINT ( 'NONE',  ( 14.09999999999999432, -5.500000000000000000, -16.60000000000000142 ) ) ;
#2657 = CARTESIAN_POINT ( 'NONE',  ( -7.925000000000006928, -13.00000000000000000, -21.60000000000000853 ) ) ;
#2658 = DIRECTION ( 'NONE',  ( -0.000000000000000000, 1.000000000000000000, -0.000000000000000000 ) ) ;
#2659 = VECTOR ( 'NONE', #454, 1000.000000000000000 ) ;
#2660 = PRODUCT_DEFINITION_CONTEXT ( 'detailed design', #933, 'design' ) ;
#2661 = VECTOR ( 'NONE', #1871, 1000.000000000000000 ) ;
#2662 = ADVANCED_FACE ( 'NONE', ( #1104, #1989 ), #652, .T. ) ;
#2663 = ORIENTED_EDGE ( 'NONE', *, *, #1968, .F. ) ;
#2664 = EDGE_LOOP ( 'NONE', ( #1161, #1868, #1867, #2004 ) ) ;
#2665 = FACE_OUTER_BOUND ( 'NONE', #1753, .T. ) ;
#2666 = EDGE_CURVE ( 'NONE', #2497, #1089, #2677, .T. ) ;
#2667 = AXIS2_PLACEMENT_3D ( 'NONE', #638, #1087, #885 ) ;
#2668 = EDGE_LOOP ( 'NONE', ( #1747, #2230, #2039, #1980 ) ) ;
#2669 = DIRECTION ( 'NONE',  ( 0.000000000000000000, 0.000000000000000000, -1.000000000000000000 ) ) ;
#2670 = EDGE_CURVE ( 'NONE', #2646, #579, #901, .T. ) ;
#2671 = CARTESIAN_POINT ( 'NONE',  ( 7.099999999999996092, -5.500000000000000000, -23.60000000000000853 ) ) ;
#2672 = EDGE_CURVE ( 'NONE', #319, #224, #2624, .T. ) ;
#2673 = LINE ( 'NONE', #43, #2598 ) ;
#2674 = VERTEX_POINT ( 'NONE', #1763 ) ;
#2675 = CARTESIAN_POINT ( 'NONE',  ( 2.999999999999982236, -13.00000000000000000, 7.559999999999986287 ) ) ;
#2676 = EDGE_CURVE ( 'NONE', #473, #840, #270, .T. ) ;
#2677 = LINE ( 'NONE', #15, #536 ) ;
#2678 = DIRECTION ( 'NONE',  ( 0.000000000000000000, 0.000000000000000000, -1.000000000000000000 ) ) ;
#2679 = ORIENTED_EDGE ( 'NONE', *, *, #2452, .F. ) ;
#2680 = ORIENTED_EDGE ( 'NONE', *, *, #448, .F. ) ;
#2681 = LINE ( 'NONE', #755, #487 ) ;
#2682 = ORIENTED_EDGE ( 'NONE', *, *, #1000, .F. ) ;
#2683 = DIRECTION ( 'NONE',  ( 1.239088197126290817E-16, -0.000000000000000000, 1.000000000000000000 ) ) ;
#2684 = DIRECTION ( 'NONE',  ( -0.000000000000000000, 0.000000000000000000, -1.000000000000000000 ) ) ;
#2685 = EDGE_LOOP ( 'NONE', ( #1042, #384, #962, #2232 ) ) ;
#2686 = CARTESIAN_POINT ( 'NONE',  ( 15.00000000000000000, 0.000000000000000000, -21.60000000000000853 ) ) ;
#2687 = LINE ( 'NONE', #1133, #1230 ) ;
#2688 = CARTESIAN_POINT ( 'NONE',  ( 0.000000000000000000, -9.999999999999998224, -18.43835307503515608 ) ) ;
#2689 = EDGE_CURVE ( 'NONE', #1642, #2646, #2002, .T. ) ;
#2690 = DIRECTION ( 'NONE',  ( -0.000000000000000000, -0.000000000000000000, 1.000000000000000000 ) ) ;
#2691 = CIRCLE ( 'NONE', #998, 1.500000000000001332 ) ;
#2692 = ORIENTED_EDGE ( 'NONE', *, *, #2194, .F. ) ;
#2693 = ORIENTED_EDGE ( 'NONE', *, *, #148, .T. ) ;
#2694 = CARTESIAN_POINT ( 'NONE',  ( -2.000000000000016875, 3.000000000000002665, -1.370000000000013651 ) ) ;
#2695 = DIRECTION ( 'NONE',  ( 0.000000000000000000, 0.000000000000000000, 1.000000000000000000 ) ) ;
#2696 = VECTOR ( 'NONE', #2690, 1000.000000000000000 ) ;
#2697 = CARTESIAN_POINT ( 'NONE',  ( -4.000000000000017764, -5.500000000000000000, -1.405000000000013349 ) ) ;
#2698 = AXIS2_PLACEMENT_3D ( 'NONE', #2231, #1994, #2446 ) ;
#2699 = VERTEX_POINT ( 'NONE', #1120 ) ;
#2700 = CARTESIAN_POINT ( 'NONE',  ( -15.00000000000000000, -13.00000000000000000, -21.60000000000000853 ) ) ;
#2701 = DIRECTION ( 'NONE',  ( 1.000000000000000000, 0.000000000000000000, 0.000000000000000000 ) ) ;
#2702 = EDGE_CURVE ( 'NONE', #446, #858, #1782, .T. ) ;
#2703 = MANIFOLD_SOLID_BREP ( 'Boss-Extrude2', #32 ) ;
#2704 = EDGE_CURVE ( 'NONE', #473, #876, #2153, .T. ) ;
#2705 = AXIS2_PLACEMENT_3D ( 'NONE', #84, #1781, #2715 ) ;
#2706 = LINE ( 'NONE', #1414, #1496 ) ;
#2707 = ORIENTED_EDGE ( 'NONE', *, *, #205, .T. ) ;
#2708 = ORIENTED_EDGE ( 'NONE', *, *, #831, .T. ) ;
#2709 = CIRCLE ( 'NONE', #731, 5.000000000000000888 ) ;
#2710 = PLANE ( 'NONE',  #1826 ) ;
#2711 = LINE ( 'NONE', #709, #613 ) ;
#2712 = CARTESIAN_POINT ( 'NONE',  ( -11.10000000000000675, 31.50000000000000000, -18.10000000000000497 ) ) ;
#2713 = ORIENTED_EDGE ( 'NONE', *, *, #1984, .T. ) ;
#2714 = ORIENTED_EDGE ( 'NONE', *, *, #1671, .F. ) ;
#2715 = DIRECTION ( 'NONE',  ( -1.000000000000000000, 0.000000000000000000, -0.000000000000000000 ) ) ;
#2716 = DIRECTION ( 'NONE',  ( 0.000000000000000000, -0.000000000000000000, -1.000000000000000000 ) ) ;
#2717 = ORIENTED_EDGE ( 'NONE', *, *, #2456, .F. ) ;
#2718 = ORIENTED_EDGE ( 'NONE', *, *, #1827, .T. ) ;
#2719 = DIRECTION ( 'NONE',  ( 0.000000000000000000, -1.000000000000000000, 0.000000000000000000 ) ) ;
#2720 = VECTOR ( 'NONE', #1426, 1000.000000000000000 ) ;
#2721 = ADVANCED_FACE ( 'NONE', ( #1206 ), #1240, .F. ) ;
#2722 = EDGE_LOOP ( 'NONE', ( #2082, #2584, #1669, #1091 ) ) ;
#2723 = ORIENTED_EDGE ( 'NONE', *, *, #1850, .T. ) ;
#2724 = CARTESIAN_POINT ( 'NONE',  ( 5.800000000000000711, 9.999999999999998224, -11.54000000000000448 ) ) ;
#2725 = VERTEX_POINT ( 'NONE', #1664 ) ;
#2726 = DIRECTION ( 'NONE',  ( -1.000000000000000000, -0.000000000000000000, -0.000000000000000000 ) ) ;
#2727 = EDGE_LOOP ( 'NONE', ( #1430, #2299, #2559, #488, #1625, #172, #1406, #2708 ) ) ;
#2728 = VERTEX_POINT ( 'NONE', #134 ) ;
#2729 = PLANE ( 'NONE',  #2247 ) ;
#2730 = CIRCLE ( 'NONE', #1488, 5.000000000000000888 ) ;
#2731 = EDGE_CURVE ( 'NONE', #1621, #2593, #2477, .T. ) ;
#2732 = EDGE_CURVE ( 'NONE', #619, #37, #1405, .T. ) ;
#2733 = CARTESIAN_POINT ( 'NONE',  ( 15.00000000000000000, -11.50000000000000000, -21.14000000000000767 ) ) ;
#2734 = EDGE_LOOP ( 'NONE', ( #2023, #1132 ) ) ;
#2735 = VECTOR ( 'NONE', #2616, 1000.000000000000000 ) ;
#2736 = CARTESIAN_POINT ( 'NONE',  ( -14.27500000000000568, -13.00000000000000000, -17.60000000000000853 ) ) ;
#2737 = DIRECTION ( 'NONE',  ( -0.000000000000000000, -0.000000000000000000, 1.000000000000000000 ) ) ;
#2738 = DIRECTION ( 'NONE',  ( -0.000000000000000000, -1.000000000000000000, -0.000000000000000000 ) ) ;
#2739 = VECTOR ( 'NONE', #1605, 1000.000000000000000 ) ;
#2740 = EDGE_LOOP ( 'NONE', ( #2204, #57, #2124, #972 ) ) ;
#2741 = LINE ( 'NONE', #768, #1284 ) ;
#2742 = LINE ( 'NONE', #2044, #772 ) ;
#2743 = ORIENTED_EDGE ( 'NONE', *, *, #2407, .T. ) ;
#2744 = ORIENTED_EDGE ( 'NONE', *, *, #1176, .F. ) ;
#2745 = CARTESIAN_POINT ( 'NONE',  ( 0.000000000000000000, 31.50000000000000000, 2.594999999999985985 ) ) ;
#2746 = AXIS2_PLACEMENT_3D ( 'NONE', #790, #2753, #1653 ) ;
#2747 = AXIS2_PLACEMENT_3D ( 'NONE', #1884, #1445, #1678 ) ;
#2748 = VECTOR ( 'NONE', #1504, 1000.000000000000000 ) ;
#2749 = DIRECTION ( 'NONE',  ( 1.000000000000000000, 0.000000000000000000, 0.000000000000000000 ) ) ;
#2750 = DIRECTION ( 'NONE',  ( -0.000000000000000000, 1.000000000000000000, -0.000000000000000000 ) ) ;
#2751 = EDGE_CURVE ( 'NONE', #1586, #693, #1193, .T. ) ;
#2752 = ADVANCED_FACE ( 'NONE', ( #761 ), #803, .F. ) ;
#2753 = DIRECTION ( 'NONE',  ( 1.000000000000000000, 0.000000000000000000, 0.000000000000000000 ) ) ;
#2754 = CARTESIAN_POINT ( 'NONE',  ( 8.099999999999996092, -5.500000000000000000, -22.60000000000001208 ) ) ;
#2755 = VECTOR ( 'NONE', #523, 1000.000000000000000 ) ;
#2756 = ORIENTED_EDGE ( 'NONE', *, *, #1947, .T. ) ;
#2757 = EDGE_CURVE ( 'NONE', #19, #1203, #788, .T. ) ;
#2758 = CARTESIAN_POINT ( 'NONE',  ( -15.27500000000000746, -13.99999999999999822, -22.60000000000000853 ) ) ;
#2759 = DIRECTION ( 'NONE',  ( 0.000000000000000000, -1.000000000000000000, 0.000000000000000000 ) ) ;
#2760 = ORIENTED_EDGE ( 'NONE', *, *, #2576, .T. ) ;
#2761 = EDGE_LOOP ( 'NONE', ( #1555, #1425, #949, #662 ) ) ;
#2762 = DIRECTION ( 'NONE',  ( -0.000000000000000000, 1.000000000000000000, -0.000000000000000000 ) ) ;
#2763 = LINE ( 'NONE', #2371, #2050 ) ;
#2764 = CARTESIAN_POINT ( 'NONE',  ( -2.000000000000016875, -13.00000000000000000, 6.559999999999986287 ) ) ;
#2765 = CARTESIAN_POINT ( 'NONE',  ( 14.09999999999999432, -5.500000000000000000, -22.60000000000000853 ) ) ;
#2766 = LINE ( 'NONE', #530, #1369 ) ;
#2767 = CARTESIAN_POINT ( 'NONE',  ( -2.000000000000016875, -13.00000000000000000, 6.559999999999986287 ) ) ;
#2768 = ORIENTED_EDGE ( 'NONE', *, *, #1812, .T. ) ;
#2769 = DIRECTION ( 'NONE',  ( -1.000000000000000000, 0.000000000000000000, -0.000000000000000000 ) ) ;
#2770 = ADVANCED_FACE ( 'NONE', ( #992 ), #1435, .F. ) ;
#2771 = CARTESIAN_POINT ( 'NONE',  ( -14.27500000000000568, -13.99999999999999822, -21.60000000000000853 ) ) ;
#2772 = ORIENTED_EDGE ( 'NONE', *, *, #931, .T. ) ;
#2773 = ORIENTED_EDGE ( 'NONE', *, *, #1731, .F. ) ;
#2774 = FACE_BOUND ( 'NONE', #1167, .T. ) ;
#2775 = PLANE ( 'NONE',  #2348 ) ;
#2776 = AXIS2_PLACEMENT_3D ( 'NONE', #2532, #554, #979 ) ;
#2777 = VERTEX_POINT ( 'NONE', #2329 ) ;
#2778 = DIRECTION ( 'NONE',  ( 0.000000000000000000, -1.000000000000000000, 0.000000000000000000 ) ) ;
#2779 = DIRECTION ( 'NONE',  ( -0.000000000000000000, -1.000000000000000000, -0.000000000000000000 ) ) ;
#2780 = AXIS2_PLACEMENT_3D ( 'NONE', #1478, #174, #595 ) ;
#2781 = CARTESIAN_POINT ( 'NONE',  ( 14.27499999999998970, 3.000000000000002665, -21.60000000000000853 ) ) ;
#2782 = LINE ( 'NONE', #2754, #1863 ) ;
#2783 = VERTEX_POINT ( 'NONE', #2764 ) ;
#2784 = VECTOR ( 'NONE', #1131, 1000.000000000000000 ) ;
#2785 = DIRECTION ( 'NONE',  ( -0.000000000000000000, 1.000000000000000000, -0.000000000000000000 ) ) ;
#2786 = ADVANCED_FACE ( 'NONE', ( #552 ), #2298, .F. ) ;
#2787 = DIRECTION ( 'NONE',  ( 0.000000000000000000, 0.000000000000000000, -1.000000000000000000 ) ) ;
#2788 = ORIENTED_EDGE ( 'NONE', *, *, #2308, .T. ) ;
#2789 = EDGE_LOOP ( 'NONE', ( #1707, #2388 ) ) ;
#2790 = EDGE_CURVE ( 'NONE', #1207, #2650, #2286, .T. ) ;
#2791 = EDGE_CURVE ( 'NONE', #752, #2497, #147, .T. ) ;
#2792 = FACE_OUTER_BOUND ( 'NONE', #2237, .T. ) ;
#2793 = CARTESIAN_POINT ( 'NONE',  ( -2.800000000000000266, 9.999999999999998224, -15.54000000000000448 ) ) ;
#2794 = VERTEX_POINT ( 'NONE', #163 ) ;
#2795 = CARTESIAN_POINT ( 'NONE',  ( -2.000000000000016875, 3.000000000000002665, 6.559999999999986287 ) ) ;
#2796 = ADVANCED_FACE ( 'NONE', ( #1038 ), #1918, .F. ) ;
#2797 = CARTESIAN_POINT ( 'NONE',  ( 2.800000000000000266, -11.50000000000000000, -21.14000000000000767 ) ) ;
#2798 = VECTOR ( 'NONE', #917, 1000.000000000000000 ) ;
#2799 = CARTESIAN_POINT ( 'NONE',  ( -3.000000000000016875, -5.500000000000000000, -0.4050000000000138489 ) ) ;
#2800 = LINE ( 'NONE', #1921, #618 ) ;
#2801 = ADVANCED_BREP_SHAPE_REPRESENTATION ( 'Back Part 1', ( #2703, #1790 ), #686 ) ;
#2802 = ORIENTED_EDGE ( 'NONE', *, *, #653, .T. ) ;
#2803 = AXIS2_PLACEMENT_3D ( 'NONE', #976, #717, #1591 ) ;
#2804 = LINE ( 'NONE', #826, #1647 ) ;
#2805 = LINE ( 'NONE', #1673, #914 ) ;
#2806 = EDGE_LOOP ( 'NONE', ( #522, #1990, #1862, #1594 ) ) ;
#2807 = DIRECTION ( 'NONE',  ( 0.000000000000000000, 0.000000000000000000, -1.000000000000000000 ) ) ;
#2808 = DIRECTION ( 'NONE',  ( 0.000000000000000000, -0.000000000000000000, -1.000000000000000000 ) ) ;
#2809 = ORIENTED_EDGE ( 'NONE', *, *, #621, .F. ) ;
#2810 = FACE_OUTER_BOUND ( 'NONE', #1191, .T. ) ;
#2811 = EDGE_CURVE ( 'NONE', #231, #224, #2469, .T. ) ;
#2812 = PLANE ( 'NONE',  #617 ) ;
#2813 = CARTESIAN_POINT ( 'NONE',  ( 7.099999999999996092, -5.500000000000000000, -23.60000000000000853 ) ) ;
#2814 = LINE ( 'NONE', #223, #804 ) ;
#2815 = AXIS2_PLACEMENT_3D ( 'NONE', #591, #2552, #532 ) ;
#2816 = ORIENTED_EDGE ( 'NONE', *, *, #1160, .F. ) ;
#2817 = CYLINDRICAL_SURFACE ( 'NONE', #639, 3.499999999999999556 ) ;
#2818 = LINE ( 'NONE', #2154, #273 ) ;
#2819 = ORIENTED_EDGE ( 'NONE', *, *, #2543, .F. ) ;
#2820 = FACE_OUTER_BOUND ( 'NONE', #246, .T. ) ;
#2821 = LINE ( 'NONE', #1433, #669 ) ;
#2822 = ORIENTED_EDGE ( 'NONE', *, *, #1644, .F. ) ;
#2823 = FACE_OUTER_BOUND ( 'NONE', #1410, .T. ) ;
#2824 = EDGE_CURVE ( 'NONE', #736, #579, #1635, .T. ) ;
#2825 = CARTESIAN_POINT ( 'NONE',  ( -2.800000000000000266, 9.999999999999998224, -21.14000000000000767 ) ) ;
#2826 = DIRECTION ( 'NONE',  ( -0.000000000000000000, 0.000000000000000000, 1.000000000000000000 ) ) ;
#2827 = EDGE_CURVE ( 'NONE', #2642, #1443, #2311, .T. ) ;
#2828 = PLANE ( 'NONE',  #720 ) ;
#2829 = VECTOR ( 'NONE', #2779, 1000.000000000000000 ) ;
#2830 = ORIENTED_EDGE ( 'NONE', *, *, #1500, .F. ) ;
#2831 = LINE ( 'NONE', #1117, #918 ) ;
#2832 = LINE ( 'NONE', #857, #634 ) ;
#2833 = VECTOR ( 'NONE', #208, 1000.000000000000000 ) ;
#2834 = ORIENTED_EDGE ( 'NONE', *, *, #2494, .T. ) ;
#2835 = EDGE_CURVE ( 'NONE', #176, #127, #1962, .T. ) ;
#2836 = CARTESIAN_POINT ( 'NONE',  ( -15.27500000000000746, -13.99999999999999822, -16.60000000000000853 ) ) ;
#2837 = UNCERTAINTY_MEASURE_WITH_UNIT (LENGTH_MEASURE( 1.000000000000000082E-05 ), #646, 'distance_accuracy_value', 'NONE');
#2838 = VECTOR ( 'NONE', #2163, 1000.000000000000000 ) ;
#2839 = ORIENTED_EDGE ( 'NONE', *, *, #991, .F. ) ;
#2840 = DIRECTION ( 'NONE',  ( -0.000000000000000000, -0.000000000000000000, -1.000000000000000000 ) ) ;
#2841 = DIRECTION ( 'NONE',  ( -0.000000000000000000, -1.000000000000000000, -0.000000000000000000 ) ) ;
#2842 = CARTESIAN_POINT ( 'NONE',  ( 0.000000000000000000, -13.99999999999999822, 0.000000000000000000 ) ) ;
#2843 = DIRECTION ( 'NONE',  ( 1.000000000000000000, 0.000000000000000000, -7.228014483236697048E-17 ) ) ;
#2844 = CARTESIAN_POINT ( 'NONE',  ( -3.000000000000016875, -5.500000000000000000, 5.594999999999989093 ) ) ;
#2845 = VECTOR ( 'NONE', #1177, 1000.000000000000000 ) ;
#2846 = ORIENTED_EDGE ( 'NONE', *, *, #960, .T. ) ;
#2847 = CARTESIAN_POINT ( 'NONE',  ( -15.00000000000000000, -13.00000000000000000, -21.60000000000000853 ) ) ;
#2848 = AXIS2_PLACEMENT_3D ( 'NONE', #2745, #2354, #1049 ) ;
#2849 = MECHANICAL_DESIGN_GEOMETRIC_PRESENTATION_REPRESENTATION (  '', ( #1788 ), #2428 ) ;
ENDSEC;
END-ISO-10303-21;
