ISO-10303-21;
HEADER;
FILE_DESCRIPTION (( 'STEP AP214' ),
    '1' );
FILE_NAME ('Power Socket Front Panel v2.STEP',
    '2026-01-03T09:21:39',
    ( '' ),
    ( '' ),
    'SwSTEP 2.0',
    'SolidWorks 2025',
    '' );
FILE_SCHEMA (( 'AUTOMOTIVE_DESIGN' ));
ENDSEC;

DATA;
#1 = LINE ( 'NONE', #4224, #1176 ) ;
#2 = EDGE_CURVE ( 'NONE', #1496, #3498, #4365, .T. ) ;
#3 = CARTESIAN_POINT ( 'NONE',  ( 2.799999999999999378, -13.91959594928933441, 15.53801126270789190 ) ) ;
#4 = CARTESIAN_POINT ( 'NONE',  ( 0.4171102284096940838, 24.49999999999999289, 13.02308926805461553 ) ) ;
#5 = ORIENTED_EDGE ( 'NONE', *, *, #2993, .F. ) ;
#6 = CARTESIAN_POINT ( 'NONE',  ( 7.599667529665884658, 28.50000000000003197, 18.11989491965051968 ) ) ;
#7 = ORIENTED_EDGE ( 'NONE', *, *, #3238, .F. ) ;
#8 = ORIENTED_EDGE ( 'NONE', *, *, #2852, .F. ) ;
#9 = CARTESIAN_POINT ( 'NONE',  ( 2.799999999999999378, -2.999999999999999112, 21.13801126270789155 ) ) ;
#10 = DIRECTION ( 'NONE',  ( -0.000000000000000000, 1.000000000000000000, -0.000000000000000000 ) ) ;
#11 = FACE_OUTER_BOUND ( 'NONE', #2945, .T. ) ;
#12 = VERTEX_POINT ( 'NONE', #4789 ) ;
#13 = DIRECTION ( 'NONE',  ( 1.000000000000000000, -2.438088387897967896E-29, 6.982962677686266711E-15 ) ) ;
#14 = CARTESIAN_POINT ( 'NONE',  ( -2.999999999999996447, 29.09999999999999787, -20.04445395531110918 ) ) ;
#15 = DIRECTION ( 'NONE',  ( 0.000000000000000000, 1.000000000000000000, 0.000000000000000000 ) ) ;
#16 = ORIENTED_EDGE ( 'NONE', *, *, #4456, .T. ) ;
#17 = CARTESIAN_POINT ( 'NONE',  ( -25.00000000000000711, 0.000000000000000000, 38.99999999999996447 ) ) ;
#18 = CARTESIAN_POINT ( 'NONE',  ( 0.000000000000000000, 29.09999999999999787, -17.04445395531110563 ) ) ;
#19 = ORIENTED_EDGE ( 'NONE', *, *, #2747, .T. ) ;
#20 = EDGE_CURVE ( 'NONE', #3013, #4136, #2459, .T. ) ;
#21 = CARTESIAN_POINT ( 'NONE',  ( 2.037950071319532874, 32.00000000000000711, 6.418099619134823186 ) ) ;
#22 = ORIENTED_EDGE ( 'NONE', *, *, #2623, .T. ) ;
#23 = LINE ( 'NONE', #3850, #58 ) ;
#24 = DIRECTION ( 'NONE',  ( 0.000000000000000000, -0.000000000000000000, -1.000000000000000000 ) ) ;
#25 = DIRECTION ( 'NONE',  ( 0.000000000000000000, 0.000000000000000000, 1.000000000000000000 ) ) ;
#26 = ORIENTED_EDGE ( 'NONE', *, *, #1474, .T. ) ;
#27 = EDGE_CURVE ( 'NONE', #2704, #1885, #3627, .T. ) ;
#28 = CARTESIAN_POINT ( 'NONE',  ( -34.25000000000000000, 2.000000000000000000, 28.99999999999997158 ) ) ;
#29 = ORIENTED_EDGE ( 'NONE', *, *, #3080, .T. ) ;
#30 = ORIENTED_EDGE ( 'NONE', *, *, #4466, .F. ) ;
#31 = LINE ( 'NONE', #764, #4449 ) ;
#32 = PLANE ( 'NONE',  #713 ) ;
#33 = LINE ( 'NONE', #1187, #1332 ) ;
#34 = EDGE_LOOP ( 'NONE', ( #891, #1312, #2290, #4566, #2652, #1641, #622, #1733 ) ) ;
#35 = FACE_OUTER_BOUND ( 'NONE', #4148, .T. ) ;
#36 = CARTESIAN_POINT ( 'NONE',  ( -25.00000000000000711, 2.000000000000000000, -38.25000000000002842 ) ) ;
#37 = CARTESIAN_POINT ( 'NONE',  ( -2.249903526357135863, 25.00000000000018829, -4.500214463258211950 ) ) ;
#38 = ORIENTED_EDGE ( 'NONE', *, *, #3124, .F. ) ;
#39 = DIRECTION ( 'NONE',  ( 1.000000000000000000, 0.000000000000000000, 0.000000000000000000 ) ) ;
#40 = VECTOR ( 'NONE', #3462, 1000.000000000000000 ) ;
#41 = CARTESIAN_POINT ( 'NONE',  ( -3.601026911978597145, 24.50000000000000000, 1.758059867859497194 ) ) ;
#42 = PLANE ( 'NONE',  #4589 ) ;
#43 = AXIS2_PLACEMENT_3D ( 'NONE', #2666, #2267, #1977 ) ;
#44 = ORIENTED_EDGE ( 'NONE', *, *, #3027, .F. ) ;
#45 = DIRECTION ( 'NONE',  ( 0.000000000000000000, 0.000000000000000000, -1.000000000000000000 ) ) ;
#46 = DIRECTION ( 'NONE',  ( -1.000000000000000000, 0.000000000000000000, 0.000000000000000000 ) ) ;
#47 = EDGE_CURVE ( 'NONE', #1959, #4892, #1063, .T. ) ;
#48 = VECTOR ( 'NONE', #4342, 1000.000000000000000 ) ;
#49 = DIRECTION ( 'NONE',  ( -0.000000000000000000, -1.000000000000000000, -0.000000000000000000 ) ) ;
#50 = ORIENTED_EDGE ( 'NONE', *, *, #368, .T. ) ;
#51 = DIRECTION ( 'NONE',  ( 0.000000000000000000, 1.000000000000000000, 3.491481338843133355E-15 ) ) ;
#52 = ORIENTED_EDGE ( 'NONE', *, *, #806, .T. ) ;
#53 = AXIS2_PLACEMENT_3D ( 'NONE', #268, #4126, #1071 ) ;
#54 = CARTESIAN_POINT ( 'NONE',  ( 2.674825287092477577, 24.50000000000000000, 4.175286138712954731 ) ) ;
#55 = CARTESIAN_POINT ( 'NONE',  ( 25.00000000000000711, 2.000000000000000000, 28.99999999999997158 ) ) ;
#56 = EDGE_CURVE ( 'NONE', #2080, #1775, #225, .T. ) ;
#57 = VECTOR ( 'NONE', #2051, 1000.000000000000000 ) ;
#58 = VECTOR ( 'NONE', #3052, 1000.000000000000000 ) ;
#59 = CARTESIAN_POINT ( 'NONE',  ( -25.00000000000000711, 30.00000000000000000, 38.99999999999996447 ) ) ;
#60 = EDGE_LOOP ( 'NONE', ( #4902, #2075, #3467, #2597, #2619, #480 ) ) ;
#61 = DIRECTION ( 'NONE',  ( 0.000000000000000000, -1.000000000000000000, -3.491481338843133355E-15 ) ) ;
#62 = VECTOR ( 'NONE', #2281, 1000.000000000000000 ) ;
#63 = CARTESIAN_POINT ( 'NONE',  ( -33.50000000000000000, 10.50049802381102815, 18.48421203201064955 ) ) ;
#64 = EDGE_CURVE ( 'NONE', #2445, #2409, #1411, .T. ) ;
#65 = DIRECTION ( 'NONE',  ( 1.000000000000000000, 0.000000000000000000, 0.000000000000000000 ) ) ;
#66 = ADVANCED_FACE ( 'NONE', ( #4467, #1384, #2485 ), #2905, .F. ) ;
#67 = AXIS2_PLACEMENT_3D ( 'NONE', #3873, #3054, #24 ) ;
#68 = ORIENTED_EDGE ( 'NONE', *, *, #2401, .F. ) ;
#69 = CARTESIAN_POINT ( 'NONE',  ( 7.599667529665846466, 32.00000000000000000, 24.06419186098128549 ) ) ;
#70 = CARTESIAN_POINT ( 'NONE',  ( -7.601536384991225859, 25.00000000000008527, 25.49999999999940670 ) ) ;
#71 = ORIENTED_EDGE ( 'NONE', *, *, #3813, .T. ) ;
#72 = DIRECTION ( 'NONE',  ( 0.000000000000000000, 0.000000000000000000, -1.000000000000000000 ) ) ;
#73 = VECTOR ( 'NONE', #2085, 1000.000000000000000 ) ;
#74 = ORIENTED_EDGE ( 'NONE', *, *, #2124, .F. ) ;
#75 = ORIENTED_EDGE ( 'NONE', *, *, #4545, .T. ) ;
#76 = CARTESIAN_POINT ( 'NONE',  ( -8.871527771934950124, 28.50000000000003553, 17.83061455812334728 ) ) ;
#77 = DIRECTION ( 'NONE',  ( -2.322494089076271146E-16, 0.000000000000000000, 1.000000000000000000 ) ) ;
#78 = CARTESIAN_POINT ( 'NONE',  ( 1.577748280683119564, 31.99999999999998579, 11.42771081216555373 ) ) ;
#79 = VERTEX_POINT ( 'NONE', #174 ) ;
#80 = LINE ( 'NONE', #3082, #2047 ) ;
#81 = EDGE_LOOP ( 'NONE', ( #4823, #3336, #1864, #4248 ) ) ;
#82 = PLANE ( 'NONE',  #777 ) ;
#83 = CARTESIAN_POINT ( 'NONE',  ( 7.599667515478469859, 32.00000000000000000, 18.11989492295154491 ) ) ;
#84 = CARTESIAN_POINT ( 'NONE',  ( -2.249903526357135863, 32.00000000000000000, -4.500214463258191522 ) ) ;
#85 = VERTEX_POINT ( 'NONE', #629 ) ;
#86 = EDGE_CURVE ( 'NONE', #914, #784, #4442, .T. ) ;
#87 = PLANE ( 'NONE',  #309 ) ;
#88 = LINE ( 'NONE', #2306, #1910 ) ;
#89 = EDGE_LOOP ( 'NONE', ( #1538, #4280, #103, #1414 ) ) ;
#90 = ORIENTED_EDGE ( 'NONE', *, *, #583, .F. ) ;
#91 = VECTOR ( 'NONE', #4659, 1000.000000000000000 ) ;
#92 = EDGE_CURVE ( 'NONE', #1470, #1692, #2172, .T. ) ;
#93 = LINE ( 'NONE', #1628, #4389 ) ;
#94 = CARTESIAN_POINT ( 'NONE',  ( -27.50000000000000355, 10.49999999999999112, 14.74999999999995204 ) ) ;
#95 = CARTESIAN_POINT ( 'NONE',  ( 3.101750864123767659, 32.00000000000000000, 8.442655662617880807 ) ) ;
#96 = ORIENTED_EDGE ( 'NONE', *, *, #1679, .T. ) ;
#97 = VERTEX_POINT ( 'NONE', #1730 ) ;
#98 = CARTESIAN_POINT ( 'NONE',  ( -3.100088496576530517, 24.49999999999998934, 7.434263784897475524 ) ) ;
#99 = CARTESIAN_POINT ( 'NONE',  ( -35.00000000000000000, 0.000000000000000000, 28.99999999999997158 ) ) ;
#100 = FACE_OUTER_BOUND ( 'NONE', #481, .T. ) ;
#101 = VERTEX_POINT ( 'NONE', #2537 ) ;
#102 = CARTESIAN_POINT ( 'NONE',  ( -3.130299353382402394, 24.49999999999999645, -0.04195408413816992949 ) ) ;
#103 = ORIENTED_EDGE ( 'NONE', *, *, #4821, .T. ) ;
#104 = VECTOR ( 'NONE', #2997, 1000.000000000000000 ) ;
#105 = VERTEX_POINT ( 'NONE', #1359 ) ;
#106 = VERTEX_POINT ( 'NONE', #4075 ) ;
#107 = DIRECTION ( 'NONE',  ( -1.000000000000000000, -0.000000000000000000, -6.932791564434240106E-15 ) ) ;
#108 = FACE_OUTER_BOUND ( 'NONE', #2551, .T. ) ;
#109 = CARTESIAN_POINT ( 'NONE',  ( -3.100088496576544728, 32.00000000000000000, 8.757180451233447016 ) ) ;
#110 = EDGE_LOOP ( 'NONE', ( #4036, #4800, #2503, #743 ) ) ;
#111 = LINE ( 'NONE', #2455, #2285 ) ;
#112 = DIRECTION ( 'NONE',  ( -1.000000000000000000, 0.000000000000000000, 0.000000000000000000 ) ) ;
#113 = EDGE_CURVE ( 'NONE', #3100, #120, #3709, .T. ) ;
#114 = EDGE_LOOP ( 'NONE', ( #1807, #861 ) ) ;
#115 = ORIENTED_EDGE ( 'NONE', *, *, #1892, .F. ) ;
#116 = DIRECTION ( 'NONE',  ( 0.000000000000000000, 0.000000000000000000, 1.000000000000000000 ) ) ;
#117 = DIRECTION ( 'NONE',  ( -0.000000000000000000, -1.000000000000000000, -0.000000000000000000 ) ) ;
#118 = EDGE_CURVE ( 'NONE', #477, #4083, #2610, .T. ) ;
#119 = FACE_OUTER_BOUND ( 'NONE', #4583, .T. ) ;
#120 = VERTEX_POINT ( 'NONE', #3063 ) ;
#121 = EDGE_CURVE ( 'NONE', #1775, #992, #248, .T. ) ;
#122 = ORIENTED_EDGE ( 'NONE', *, *, #254, .F. ) ;
#123 = AXIS2_PLACEMENT_3D ( 'NONE', #4643, #814, #2731 ) ;
#124 = EDGE_LOOP ( 'NONE', ( #3798, #4691, #2114, #1478 ) ) ;
#125 = DIRECTION ( 'NONE',  ( 1.724440263185883865E-16, 0.000000000000000000, 1.000000000000000000 ) ) ;
#126 = CARTESIAN_POINT ( 'NONE',  ( 0.000000000000000000, 29.09999999999999787, -18.04445395531110563 ) ) ;
#127 = EDGE_CURVE ( 'NONE', #2873, #1885, #1921, .T. ) ;
#128 = DIRECTION ( 'NONE',  ( -6.845469849541233612E-15, 0.000000000000000000, 1.000000000000000000 ) ) ;
#129 = AXIS2_PLACEMENT_3D ( 'NONE', #4034, #971, #2473 ) ;
#130 = EDGE_CURVE ( 'NONE', #1045, #3072, #1578, .T. ) ;
#131 = ORIENTED_EDGE ( 'NONE', *, *, #2651, .T. ) ;
#132 = FACE_OUTER_BOUND ( 'NONE', #688, .T. ) ;
#133 = DIRECTION ( 'NONE',  ( -1.000000000000000000, 0.000000000000000000, 0.000000000000000000 ) ) ;
#134 = ORIENTED_EDGE ( 'NONE', *, *, #1874, .T. ) ;
#135 = VERTEX_POINT ( 'NONE', #3775 ) ;
#136 = CARTESIAN_POINT ( 'NONE',  ( -25.00000000000000711, 32.00000000000000000, 37.99999999999996447 ) ) ;
#137 = VECTOR ( 'NONE', #4839, 1000.000000000000000 ) ;
#138 = CARTESIAN_POINT ( 'NONE',  ( -3.100088496576541619, 24.50000000000000355, 8.442592957347656579 ) ) ;
#139 = CARTESIAN_POINT ( 'NONE',  ( 3.000000000000000000, 29.09999999999999787, -14.04445395531110563 ) ) ;
#140 = VECTOR ( 'NONE', #1190, 1000.000000000000000 ) ;
#141 = ORIENTED_EDGE ( 'NONE', *, *, #2061, .T. ) ;
#142 = CARTESIAN_POINT ( 'NONE',  ( -3.601026911978597145, 24.50000000000000711, 1.758059867859497194 ) ) ;
#143 = PLANE ( 'NONE',  #4849 ) ;
#144 = VECTOR ( 'NONE', #4111, 1000.000000000000000 ) ;
#145 = ORIENTED_EDGE ( 'NONE', *, *, #4729, .F. ) ;
#146 = CARTESIAN_POINT ( 'NONE',  ( -33.50000000000000000, 18.00000000000000000, 0.2499999999999529543 ) ) ;
#147 = AXIS2_PLACEMENT_3D ( 'NONE', #348, #2194, #1475 ) ;
#148 = CARTESIAN_POINT ( 'NONE',  ( 2.261570138442322797, 32.00000000000000000, 4.566165954495694734 ) ) ;
#149 = ORIENTED_EDGE ( 'NONE', *, *, #3685, .F. ) ;
#150 = VERTEX_POINT ( 'NONE', #3416 ) ;
#151 = ADVANCED_FACE ( 'NONE', ( #3391 ), #4864, .F. ) ;
#152 = CARTESIAN_POINT ( 'NONE',  ( -3.100088496576544728, 31.99999999999999289, 8.757180451233447016 ) ) ;
#153 = CARTESIAN_POINT ( 'NONE',  ( -2.920766955871769266, 24.49999999999999645, 9.809603735839640848 ) ) ;
#154 = CARTESIAN_POINT ( 'NONE',  ( -34.25000000000000000, 0.000000000000000000, 28.99999999999997158 ) ) ;
#155 = EDGE_CURVE ( 'NONE', #2604, #3272, #3351, .T. ) ;
#156 = VERTEX_POINT ( 'NONE', #1458 ) ;
#157 = FACE_OUTER_BOUND ( 'NONE', #3106, .T. ) ;
#158 = LINE ( 'NONE', #1690, #3164 ) ;
#159 = ORIENTED_EDGE ( 'NONE', *, *, #1087, .F. ) ;
#160 = ADVANCED_FACE ( 'NONE', ( #4113 ), #725, .F. ) ;
#161 = ORIENTED_EDGE ( 'NONE', *, *, #184, .F. ) ;
#162 = EDGE_LOOP ( 'NONE', ( #3969, #2795, #1421, #1781 ) ) ;
#163 = CARTESIAN_POINT ( 'NONE',  ( 2.251544362057745996, 32.00000000000000000, -1.046527771141978480 ) ) ;
#164 = AXIS2_PLACEMENT_3D ( 'NONE', #1280, #3950, #4738 ) ;
#165 = DIRECTION ( 'NONE',  ( 0.000000000000000000, 3.016910393003142366E-16, -1.000000000000000000 ) ) ;
#166 = VECTOR ( 'NONE', #2957, 1000.000000000000000 ) ;
#167 = DIRECTION ( 'NONE',  ( 0.000000000000000000, 0.000000000000000000, -1.000000000000000000 ) ) ;
#168 = CARTESIAN_POINT ( 'NONE',  ( 25.00000000000000711, 32.00000000000000000, -29.00000000000002132 ) ) ;
#169 = ORIENTED_EDGE ( 'NONE', *, *, #1722, .F. ) ;
#170 = ORIENTED_EDGE ( 'NONE', *, *, #4884, .T. ) ;
#171 = CARTESIAN_POINT ( 'NONE',  ( -2.549756024654625808, 24.49999999999999645, 4.724933036063095670 ) ) ;
#172 = CARTESIAN_POINT ( 'NONE',  ( 6.346119218776775206, 23.00000000000000000, -6.021333691102119801 ) ) ;
#173 = B_SPLINE_CURVE_WITH_KNOTS ( 'NONE', 3,
 ( #3805, #811, #4640, #3407, #1204, #1936, #3034, #428, #2727, #1614 ),
 .UNSPECIFIED., .F., .F.,
 ( 4, 2, 2, 2, 4 ),
 ( 0.000000000000000000, 0.0008065422682639511367, 0.001613084536527902273, 0.002419626804791853193, 0.003226169073055804547 ),
 .UNSPECIFIED. ) ;
#174 = CARTESIAN_POINT ( 'NONE',  ( 4.100096472055489549, 23.00000000000000000, 25.49999999999949907 ) ) ;
#175 = CARTESIAN_POINT ( 'NONE',  ( -45.97666018330589566, 17.25000000000000000, 24.99999999999995381 ) ) ;
#176 = CARTESIAN_POINT ( 'NONE',  ( 2.269200476419590107, 24.50000000000000000, 6.305370589921496460 ) ) ;
#177 = ORIENTED_EDGE ( 'NONE', *, *, #1423, .T. ) ;
#178 = FACE_OUTER_BOUND ( 'NONE', #3537, .T. ) ;
#179 = ORIENTED_EDGE ( 'NONE', *, *, #2212, .T. ) ;
#180 = VECTOR ( 'NONE', #1868, 1000.000000000000000 ) ;
#181 = CARTESIAN_POINT ( 'NONE',  ( 5.299549528938802823, 25.00000000000009948, 21.57711283463906327 ) ) ;
#182 = CARTESIAN_POINT ( 'NONE',  ( -34.00000000000000000, 32.00000000000000000, -29.00000000000002487 ) ) ;
#183 = LINE ( 'NONE', #1252, #4226 ) ;
#184 = EDGE_CURVE ( 'NONE', #4386, #4892, #3019, .T. ) ;
#185 = VERTEX_POINT ( 'NONE', #2218 ) ;
#186 = PLANE ( 'NONE',  #1522 ) ;
#187 = LINE ( 'NONE', #4715, #375 ) ;
#188 = ORIENTED_EDGE ( 'NONE', *, *, #2949, .T. ) ;
#189 = ORIENTED_EDGE ( 'NONE', *, *, #2, .F. ) ;
#190 = CARTESIAN_POINT ( 'NONE',  ( 1.101485361694153120, 24.50000000000000000, 5.187071063562613382 ) ) ;
#191 = CARTESIAN_POINT ( 'NONE',  ( -1.579617136008335088, 32.00000000000000000, 12.35902778106248334 ) ) ;
#192 = DIRECTION ( 'NONE',  ( 0.000000000000000000, -1.000000000000000000, 0.000000000000000000 ) ) ;
#193 = EDGE_CURVE ( 'NONE', #4744, #1314, #4909, .T. ) ;
#194 = CARTESIAN_POINT ( 'NONE',  ( -8.743329047513924479, 23.00000000000000000, -6.021333691102118024 ) ) ;
#195 = ORIENTED_EDGE ( 'NONE', *, *, #3185, .F. ) ;
#196 = CYLINDRICAL_SURFACE ( 'NONE', #3886, 9.999999999999998224 ) ;
#197 = DIRECTION ( 'NONE',  ( -4.908688302946797707E-17, 0.000000000000000000, 1.000000000000000000 ) ) ;
#198 = UNCERTAINTY_MEASURE_WITH_UNIT (LENGTH_MEASURE( 1.000000000000000082E-05 ), #1816, 'distance_accuracy_value', 'NONE');
#199 = EDGE_CURVE ( 'NONE', #4354, #1277, #366, .T. ) ;
#200 = CARTESIAN_POINT ( 'NONE',  ( -35.00000000000000000, 17.50000000000000000, 24.99999999999994671 ) ) ;
#201 = DIRECTION ( 'NONE',  ( 0.000000000000000000, -1.000000000000000000, 0.000000000000000000 ) ) ;
#202 = FACE_OUTER_BOUND ( 'NONE', #3264, .T. ) ;
#203 = PLANE ( 'NONE',  #2600 ) ;
#204 = LINE ( 'NONE', #3759, #1181 ) ;
#205 = LINE ( 'NONE', #2439, #3131 ) ;
#206 = ORIENTED_EDGE ( 'NONE', *, *, #833, .F. ) ;
#207 = PLANE ( 'NONE',  #2546 ) ;
#208 = DIRECTION ( 'NONE',  ( 0.000000000000000000, -1.000000000000000000, 0.000000000000000000 ) ) ;
#209 = AXIS2_PLACEMENT_3D ( 'NONE', #59, #3162, #1596 ) ;
#210 = ORIENTED_EDGE ( 'NONE', *, *, #2711, .F. ) ;
#211 = ORIENTED_EDGE ( 'NONE', *, *, #589, .T. ) ;
#212 = VERTEX_POINT ( 'NONE', #1500 ) ;
#213 = LINE ( 'NONE', #3539, #4597 ) ;
#214 = PLANE ( 'NONE',  #793 ) ;
#215 = AXIS2_PLACEMENT_3D ( 'NONE', #218, #1405, #2071 ) ;
#216 = PLANE ( 'NONE',  #4531 ) ;
#217 = ORIENTED_EDGE ( 'NONE', *, *, #3579, .T. ) ;
#218 = CARTESIAN_POINT ( 'NONE',  ( -25.00000000000000711, -3.000000000000000000, 28.99999999999997158 ) ) ;
#219 = ORIENTED_EDGE ( 'NONE', *, *, #1651, .T. ) ;
#220 = ORIENTED_EDGE ( 'NONE', *, *, #619, .F. ) ;
#221 = ORIENTED_EDGE ( 'NONE', *, *, #2822, .F. ) ;
#222 = CARTESIAN_POINT ( 'NONE',  ( 25.00000000000000711, 30.00000000000000000, -29.00000000000002132 ) ) ;
#223 = EDGE_CURVE ( 'NONE', #3588, #641, #4730, .T. ) ;
#224 = CARTESIAN_POINT ( 'NONE',  ( -45.97666018330589566, 16.50000000000002132, 18.48421203201064600 ) ) ;
#225 = LINE ( 'NONE', #4414, #2458 ) ;
#226 = DIRECTION ( 'NONE',  ( 0.000000000000000000, 0.000000000000000000, -1.000000000000000000 ) ) ;
#227 = EDGE_CURVE ( 'NONE', #1195, #97, #1476, .T. ) ;
#228 = VECTOR ( 'NONE', #950, 1000.000000000000000 ) ;
#229 = EDGE_CURVE ( 'NONE', #3114, #4269, #2994, .T. ) ;
#230 = DIRECTION ( 'NONE',  ( 0.000000000000000000, 1.000000000000000000, 3.491481338843133355E-15 ) ) ;
#231 = AXIS2_PLACEMENT_3D ( 'NONE', #4710, #1304, #3555 ) ;
#232 = DIRECTION ( 'NONE',  ( 1.000000000000000000, -2.438088387897967896E-29, 6.982962677686266711E-15 ) ) ;
#233 = EDGE_LOOP ( 'NONE', ( #518, #416, #709, #3083 ) ) ;
#234 = DIRECTION ( 'NONE',  ( 0.000000000000000000, 0.000000000000000000, -1.000000000000000000 ) ) ;
#235 = VECTOR ( 'NONE', #3883, 1000.000000000000000 ) ;
#236 = CARTESIAN_POINT ( 'NONE',  ( 2.021926968716449835, 32.00000000000000000, 11.12473516871042989 ) ) ;
#237 = VERTEX_POINT ( 'NONE', #4887 ) ;
#238 = DIRECTION ( 'NONE',  ( 0.000000000000000000, 0.000000000000000000, -1.000000000000000000 ) ) ;
#239 = DIRECTION ( 'NONE',  ( 0.000000000000000000, 0.000000000000000000, -1.000000000000000000 ) ) ;
#240 = ORIENTED_EDGE ( 'NONE', *, *, #3603, .F. ) ;
#241 = ORIENTED_EDGE ( 'NONE', *, *, #1013, .F. ) ;
#242 = ORIENTED_EDGE ( 'NONE', *, *, #1534, .F. ) ;
#243 = CARTESIAN_POINT ( 'NONE',  ( -10.26147307726754576, 28.49999999999999645, 18.29275258564710782 ) ) ;
#244 = CARTESIAN_POINT ( 'NONE',  ( 1.581279503555507837, 24.50000000000000000, 11.48414578258328866 ) ) ;
#245 = DIRECTION ( 'NONE',  ( 1.000000000000000000, 0.000000000000000000, 0.000000000000000000 ) ) ;
#246 = DIRECTION ( 'NONE',  ( 0.000000000000000000, -1.000000000000000000, 0.000000000000000000 ) ) ;
#247 = EDGE_LOOP ( 'NONE', ( #4286, #3130, #1155, #1265 ) ) ;
#248 = CIRCLE ( 'NONE', #4220, 8.499999999999996447 ) ;
#249 = VECTOR ( 'NONE', #504, 1000.000000000000000 ) ;
#250 = VERTEX_POINT ( 'NONE', #1100 ) ;
#251 = FACE_OUTER_BOUND ( 'NONE', #2520, .T. ) ;
#252 = PLANE ( 'NONE',  #3586 ) ;
#253 = CIRCLE ( 'NONE', #1376, 9.250000000000005329 ) ;
#254 = EDGE_CURVE ( 'NONE', #3298, #4042, #692, .T. ) ;
#255 = ORIENTED_EDGE ( 'NONE', *, *, #4179, .F. ) ;
#256 = CARTESIAN_POINT ( 'NONE',  ( -3.542715143589082238, 31.99999999999998579, 2.511203261466494752 ) ) ;
#257 = ORIENTED_EDGE ( 'NONE', *, *, #3120, .F. ) ;
#258 = FACE_OUTER_BOUND ( 'NONE', #2629, .T. ) ;
#259 = ADVANCED_FACE ( 'NONE', ( #11 ), #2958, .T. ) ;
#260 = DIRECTION ( 'NONE',  ( -7.014232593669911010E-15, 0.000000000000000000, 1.000000000000000000 ) ) ;
#261 = CARTESIAN_POINT ( 'NONE',  ( 2.760689908310699270, 32.00000000000000000, 10.17930586191153886 ) ) ;
#262 = VERTEX_POINT ( 'NONE', #2585 ) ;
#263 = DIRECTION ( 'NONE',  ( 1.000000000000000000, 0.000000000000000000, 0.000000000000000000 ) ) ;
#264 = CARTESIAN_POINT ( 'NONE',  ( -46.31370849898476649, 16.50000000000000000, 18.99999999999995381 ) ) ;
#265 = ORIENTED_EDGE ( 'NONE', *, *, #1630, .T. ) ;
#266 = ORIENTED_EDGE ( 'NONE', *, *, #3456, .F. ) ;
#267 = ORIENTED_EDGE ( 'NONE', *, *, #4570, .T. ) ;
#268 = CARTESIAN_POINT ( 'NONE',  ( -25.00000000000000711, 0.000000000000000000, -29.00000000000002132 ) ) ;
#269 = DIRECTION ( 'NONE',  ( 1.000000000000000000, -2.438088387897967896E-29, 6.982962677686266711E-15 ) ) ;
#270 = DIRECTION ( 'NONE',  ( 0.000000000000000000, 0.000000000000000000, -1.000000000000000000 ) ) ;
#271 = ORIENTED_EDGE ( 'NONE', *, *, #374, .T. ) ;
#272 = FACE_OUTER_BOUND ( 'NONE', #1340, .T. ) ;
#273 = VERTEX_POINT ( 'NONE', #3374 ) ;
#274 = VERTEX_POINT ( 'NONE', #439 ) ;
#275 = ORIENTED_EDGE ( 'NONE', *, *, #3642, .F. ) ;
#276 = LINE ( 'NONE', #4464, #4842 ) ;
#277 = CARTESIAN_POINT ( 'NONE',  ( -4.098455636355255116, 32.00000000000000000, 22.45905727886295722 ) ) ;
#278 = DIRECTION ( 'NONE',  ( 1.000000000000000000, 0.000000000000000000, -3.097720492815727659E-16 ) ) ;
#279 = EDGE_CURVE ( 'NONE', #2366, #1663, #4668, .T. ) ;
#280 = ORIENTED_EDGE ( 'NONE', *, *, #1998, .F. ) ;
#281 = DIRECTION ( 'NONE',  ( 0.000000000000000000, -1.000000000000000000, 0.000000000000000000 ) ) ;
#282 = ADVANCED_FACE ( 'NONE', ( #4624 ), #2664, .T. ) ;
#283 = DIRECTION ( 'NONE',  ( 0.000000000000000000, -0.000000000000000000, -1.000000000000000000 ) ) ;
#284 = EDGE_CURVE ( 'NONE', #3498, #3928, #298, .T. ) ;
#285 = ORIENTED_EDGE ( 'NONE', *, *, #1542, .F. ) ;
#286 = EDGE_CURVE ( 'NONE', #3073, #1470, #33, .T. ) ;
#287 = CARTESIAN_POINT ( 'NONE',  ( 2.921951066535890984, 32.00000000000002132, 9.809332590569294297 ) ) ;
#288 = B_SPLINE_SURFACE_WITH_KNOTS ( 'NONE', 2, 1, ( 
 ( #2644, #427 ),
 ( #3076, #780 ),
 ( #2294, #3406 ) ),
 .UNSPECIFIED., .F., .F., .F.,
 ( 3, 3 ),
 ( 2, 2 ),
 ( 0.4999510147485098921, 0.5003871720241332977 ),
 ( 0.000000000000000000, 1.000000000000000000 ),
 .UNSPECIFIED. ) ;
#289 = ORIENTED_EDGE ( 'NONE', *, *, #2817, .F. ) ;
#290 = CARTESIAN_POINT ( 'NONE',  ( 0.8721927253039357675, 31.99999999999999289, 13.06458333644166814 ) ) ;
#291 = CARTESIAN_POINT ( 'NONE',  ( -4.098455636355274656, 23.00000000000000000, 25.49999999999944222 ) ) ;
#292 = ORIENTED_EDGE ( 'NONE', *, *, #4603, .T. ) ;
#293 = DIRECTION ( 'NONE',  ( -0.000000000000000000, 1.000000000000000000, -0.000000000000000000 ) ) ;
#294 = EDGE_CURVE ( 'NONE', #273, #2730, #4831, .T. ) ;
#295 = CARTESIAN_POINT ( 'NONE',  ( -2.799999999999999378, 23.00000000000000000, 21.13801126270789155 ) ) ;
#296 = CARTESIAN_POINT ( 'NONE',  ( -33.50000000000000000, 19.50000000000000355, 23.86623553487585525 ) ) ;
#297 = EDGE_CURVE ( 'NONE', #2062, #1607, #1916, .T. ) ;
#298 = CIRCLE ( 'NONE', #1813, 1.000000000000000888 ) ;
#299 = EDGE_LOOP ( 'NONE', ( #3320, #2011, #4614, #2750 ) ) ;
#300 = CARTESIAN_POINT ( 'NONE',  ( 10.26313544485287643, 29.50000000000000000, 18.29275258562296003 ) ) ;
#301 = VERTEX_POINT ( 'NONE', #2396 ) ;
#302 = ORIENTED_EDGE ( 'NONE', *, *, #2174, .F. ) ;
#303 = VERTEX_POINT ( 'NONE', #2041 ) ;
#304 = DIRECTION ( 'NONE',  ( 6.982962677686266711E-15, 3.491481338843133355E-15, -1.000000000000000000 ) ) ;
#305 = CARTESIAN_POINT ( 'NONE',  ( 25.00000000000000711, 2.000000000000000000, 38.24999999999996447 ) ) ;
#306 = CARTESIAN_POINT ( 'NONE',  ( 25.00000000000000711, 2.000000000000001776, -29.00000000000002132 ) ) ;
#307 = VECTOR ( 'NONE', #2128, 1000.000000000000000 ) ;
#308 = CARTESIAN_POINT ( 'NONE',  ( -2.249903526357163841, 32.00000000000000000, -1.050058994014394509 ) ) ;
#309 = AXIS2_PLACEMENT_3D ( 'NONE', #1239, #4182, #1570 ) ;
#310 = PLANE ( 'NONE',  #544 ) ;
#311 = VECTOR ( 'NONE', #1854, 1000.000000000000000 ) ;
#312 = DIRECTION ( 'NONE',  ( 1.000000000000000000, -0.000000000000000000, 5.668385775182654990E-15 ) ) ;
#313 = AXIS2_PLACEMENT_3D ( 'NONE', #2668, #1535, #45 ) ;
#314 = VERTEX_POINT ( 'NONE', #3521 ) ;
#315 = CARTESIAN_POINT ( 'NONE',  ( -7.601536384991225859, 23.00000000000000000, 25.49999999999941735 ) ) ;
#316 = EDGE_CURVE ( 'NONE', #156, #2418, #3861, .T. ) ;
#317 = CARTESIAN_POINT ( 'NONE',  ( -1.579617136008335088, 32.00000000000000000, 11.48414578258329399 ) ) ;
#318 = EDGE_LOOP ( 'NONE', ( #4873, #3191, #2975, #838 ) ) ;
#319 = VECTOR ( 'NONE', #1099, 1000.000000000000000 ) ;
#320 = VERTEX_POINT ( 'NONE', #84 ) ;
#321 = FACE_OUTER_BOUND ( 'NONE', #346, .T. ) ;
#322 = EDGE_CURVE ( 'NONE', #1226, #2827, #3141, .T. ) ;
#323 = CARTESIAN_POINT ( 'NONE',  ( -45.97666018330589566, 17.00000000000011724, 7.843441091614861172E-14 ) ) ;
#324 = CARTESIAN_POINT ( 'NONE',  ( 1.577748280683119564, 24.49999999999999289, 11.42771081216552886 ) ) ;
#325 = EDGE_CURVE ( 'NONE', #1003, #1885, #2680, .T. ) ;
#326 = CARTESIAN_POINT ( 'NONE',  ( -35.00000000000000000, 17.00000000000002842, 18.98421203201066021 ) ) ;
#327 = VERTEX_POINT ( 'NONE', #3496 ) ;
#328 = EDGE_LOOP ( 'NONE', ( #3692, #3673, #2319, #2264 ) ) ;
#329 = ORIENTED_EDGE ( 'NONE', *, *, #3911, .T. ) ;
#330 = DIRECTION ( 'NONE',  ( 0.000000000000000000, -1.000000000000000000, -3.491481338843133355E-15 ) ) ;
#331 = AXIS2_PLACEMENT_3D ( 'NONE', #2811, #595, #4696 ) ;
#332 = DIRECTION ( 'NONE',  ( 1.000000000000000000, -0.000000000000000000, 5.676573260471036011E-15 ) ) ;
#333 = CARTESIAN_POINT ( 'NONE',  ( -2.489789831364566552, 24.49999999999998224, 10.88795047701367658 ) ) ;
#334 = LINE ( 'NONE', #4164, #2934 ) ;
#335 = CARTESIAN_POINT ( 'NONE',  ( -1.099844525993681765, 32.00000000000000000, 5.187071063562616935 ) ) ;
#336 = CARTESIAN_POINT ( 'NONE',  ( 25.00000000000000711, 32.00000000000000000, 38.99999999999996447 ) ) ;
#337 = CARTESIAN_POINT ( 'NONE',  ( 0.0008204178503570802583, 24.50000000000000000, 13.06458333644164149 ) ) ;
#338 = ORIENTED_EDGE ( 'NONE', *, *, #1529, .T. ) ;
#339 = CARTESIAN_POINT ( 'NONE',  ( 0.0008204178503570802583, 32.00000000000000000, 13.06458333644166814 ) ) ;
#340 = CARTESIAN_POINT ( 'NONE',  ( -2.799999999999999378, -2.999999999999999112, 21.13801126270789155 ) ) ;
#341 = DIRECTION ( 'NONE',  ( 0.000000000000000000, -1.000000000000000000, -3.491481338843133355E-15 ) ) ;
#342 = ADVANCED_FACE ( 'NONE', ( #1644 ), #1237, .F. ) ;
#343 = CARTESIAN_POINT ( 'NONE',  ( 2.251544362057766868, 25.00000000000018829, -4.500214463258177311 ) ) ;
#344 = CARTESIAN_POINT ( 'NONE',  ( -2.799999999999999378, -2.999999999999999112, 21.13801126270789155 ) ) ;
#345 = ORIENTED_EDGE ( 'NONE', *, *, #3877, .T. ) ;
#346 = EDGE_LOOP ( 'NONE', ( #3903, #179, #488, #1668 ) ) ;
#347 = CARTESIAN_POINT ( 'NONE',  ( 34.25000000000000000, 0.000000000000000000, -29.00000000000002487 ) ) ;
#348 = CARTESIAN_POINT ( 'NONE',  ( 0.000000000000000000, 32.00000000000000000, 13.00000000000000000 ) ) ;
#349 = ADVANCED_FACE ( 'NONE', ( #2763 ), #872, .T. ) ;
#350 = DIRECTION ( 'NONE',  ( 0.000000000000000000, -1.000000000000000000, 0.000000000000000000 ) ) ;
#351 = CARTESIAN_POINT ( 'NONE',  ( 33.50000000000000711, 30.00000000000000000, -29.00000000000002132 ) ) ;
#352 = CARTESIAN_POINT ( 'NONE',  ( -25.00000000000000711, 2.000000000000001776, 37.49999999999996447 ) ) ;
#353 = EDGE_CURVE ( 'NONE', #1056, #730, #3912, .T. ) ;
#354 = LINE ( 'NONE', #37, #1659 ) ;
#355 = CARTESIAN_POINT ( 'NONE',  ( -2.406309248611178120, 24.50000000000000355, 4.443777404816303012 ) ) ;
#356 = EDGE_LOOP ( 'NONE', ( #4019, #4638, #3704, #2325 ) ) ;
#357 = CARTESIAN_POINT ( 'NONE',  ( -7.601536384991179673, 29.50000000000000000, 18.11989491965043797 ) ) ;
#358 = CARTESIAN_POINT ( 'NONE',  ( 1.581276766165141456, 32.00000000000000000, 11.47356234004127984 ) ) ;
#359 = DIRECTION ( 'NONE',  ( -1.000000000000000000, 0.000000000000000000, 0.000000000000000000 ) ) ;
#360 = LINE ( 'NONE', #738, #2456 ) ;
#361 = CARTESIAN_POINT ( 'NONE',  ( -3.571427260065566323, 24.50000000000000355, 1.220073172502926351 ) ) ;
#362 = B_SPLINE_CURVE_WITH_KNOTS ( 'NONE', 2,
 ( #2253, #4480, #4175 ),
 .UNSPECIFIED., .F., .F.,
 ( 3, 3 ),
 ( 0.4999510147485095590, 0.5003871720241390708 ),
 .UNSPECIFIED. ) ;
#363 = EDGE_LOOP ( 'NONE', ( #1827, #3186, #1345, #1042 ) ) ;
#364 = CARTESIAN_POINT ( 'NONE',  ( 2.799354331628083337, 24.50000000000000355, 4.030042667858619865 ) ) ;
#365 = CARTESIAN_POINT ( 'NONE',  ( -11.79564475250961841, 32.00000000000000000, 19.12672227897299138 ) ) ;
#366 = CIRCLE ( 'NONE', #3797, 1.000000000000000888 ) ;
#367 = DIRECTION ( 'NONE',  ( 0.000000000000000000, -1.000000000000000000, 0.000000000000000000 ) ) ;
#368 = EDGE_CURVE ( 'NONE', #4717, #2703, #415, .T. ) ;
#369 = CARTESIAN_POINT ( 'NONE',  ( -3.100088496576544728, 32.00000000000000000, 8.757180451233447016 ) ) ;
#370 = DIRECTION ( 'NONE',  ( 0.000000000000000000, 0.000000000000000000, -1.000000000000000000 ) ) ;
#371 = ADVANCED_BREP_SHAPE_REPRESENTATION ( 'Power Socket Front Panel v2', ( #1300, #2882 ), #2466 ) ;
#372 = FACE_OUTER_BOUND ( 'NONE', #4331, .T. ) ;
#373 = ADVANCED_FACE ( 'NONE', ( #2165 ), #2901, .F. ) ;
#374 = EDGE_CURVE ( 'NONE', #3305, #1210, #444, .T. ) ;
#375 = VECTOR ( 'NONE', #1311, 1000.000000000000000 ) ;
#376 = ADVANCED_FACE ( 'NONE', ( #2872 ), #3703, .T. ) ;
#377 = FACE_OUTER_BOUND ( 'NONE', #884, .T. ) ;
#378 = VECTOR ( 'NONE', #1808, 1000.000000000000000 ) ;
#379 = EDGE_LOOP ( 'NONE', ( #2725, #4337 ) ) ;
#380 = CARTESIAN_POINT ( 'NONE',  ( 2.915797653028805669, 32.00000000000000711, 7.687840371170472586 ) ) ;
#381 = ORIENTED_EDGE ( 'NONE', *, *, #791, .T. ) ;
#382 = DIRECTION ( 'NONE',  ( 0.000000000000000000, 0.000000000000000000, 1.000000000000000000 ) ) ;
#383 = VECTOR ( 'NONE', #3291, 1000.000000000000000 ) ;
#384 = DIRECTION ( 'NONE',  ( 1.000000000000000000, 0.000000000000000000, -1.724440263185883619E-16 ) ) ;
#385 = CARTESIAN_POINT ( 'NONE',  ( 0.000000000000000000, 32.00000000000000000, 13.00000000000000000 ) ) ;
#386 = ORIENTED_EDGE ( 'NONE', *, *, #1309, .T. ) ;
#387 = DIRECTION ( 'NONE',  ( -0.000000000000000000, -1.000000000000000000, -0.000000000000000000 ) ) ;
#388 = ORIENTED_EDGE ( 'NONE', *, *, #3153, .T. ) ;
#389 = LINE ( 'NONE', #4257, #1435 ) ;
#390 = CARTESIAN_POINT ( 'NONE',  ( -10.26147307730576586, 29.50000000000000000, 18.29275258562281437 ) ) ;
#391 = VECTOR ( 'NONE', #332, 1000.000000000000000 ) ;
#392 = DIRECTION ( 'NONE',  ( 0.000000000000000000, 0.000000000000000000, -1.000000000000000000 ) ) ;
#393 = CARTESIAN_POINT ( 'NONE',  ( -35.00000000000000000, 10.00049802381102992, 18.98421203201065666 ) ) ;
#394 = CARTESIAN_POINT ( 'NONE',  ( 1.581269253792382701, 24.50000000000000000, 11.46758001443991226 ) ) ;
#395 = CARTESIAN_POINT ( 'NONE',  ( -25.00000000000000711, 0.000000000000000000, 28.99999999999997158 ) ) ;
#396 = ADVANCED_FACE ( 'NONE', ( #272 ), #3271, .T. ) ;
#397 = ORIENTED_EDGE ( 'NONE', *, *, #1991, .F. ) ;
#398 = FACE_OUTER_BOUND ( 'NONE', #1047, .T. ) ;
#399 = AXIS2_PLACEMENT_3D ( 'NONE', #4772, #2491, #993 ) ;
#400 = VERTEX_POINT ( 'NONE', #2837 ) ;
#401 = CARTESIAN_POINT ( 'NONE',  ( 7.599667529665898869, 25.00000000000011724, 16.80050947618696355 ) ) ;
#402 = EDGE_CURVE ( 'NONE', #2703, #1001, #4018, .T. ) ;
#403 = VERTEX_POINT ( 'NONE', #4069 ) ;
#404 = CARTESIAN_POINT ( 'NONE',  ( 2.465439427226200575, 32.00000000000000000, 6.872332982650574351 ) ) ;
#405 = DIRECTION ( 'NONE',  ( 0.000000000000000000, 0.000000000000000000, 1.000000000000000000 ) ) ;
#406 = DIRECTION ( 'NONE',  ( 0.000000000000000000, 0.000000000000000000, 1.000000000000000000 ) ) ;
#407 = CARTESIAN_POINT ( 'NONE',  ( -7.601536384991211648, 25.00000000000008882, 24.06419186098118246 ) ) ;
#408 = VERTEX_POINT ( 'NONE', #4779 ) ;
#409 = CARTESIAN_POINT ( 'NONE',  ( -2.650437576845427579, 24.49999999999999645, -0.6915792364496743394 ) ) ;
#410 = VERTEX_POINT ( 'NONE', #2422 ) ;
#411 = ORIENTED_EDGE ( 'NONE', *, *, #3394, .F. ) ;
#412 = ORIENTED_EDGE ( 'NONE', *, *, #4479, .T. ) ;
#413 = CARTESIAN_POINT ( 'NONE',  ( 1.458119989226522639, 24.50000000000000355, 5.056607137796286899 ) ) ;
#414 = DIRECTION ( 'NONE',  ( 0.000000000000000000, 1.000000000000000000, 3.491481338843133355E-15 ) ) ;
#415 = LINE ( 'NONE', #2480, #848 ) ;
#416 = ORIENTED_EDGE ( 'NONE', *, *, #1758, .F. ) ;
#417 = CARTESIAN_POINT ( 'NONE',  ( 14.50000000000021494, 32.00000000000000000, 24.06419186098135299 ) ) ;
#418 = DIRECTION ( 'NONE',  ( 0.000000000000000000, 1.000000000000000000, 3.491481338843133355E-15 ) ) ;
#419 = PLANE ( 'NONE',  #3059 ) ;
#420 = EDGE_CURVE ( 'NONE', #3452, #1026, #1800, .T. ) ;
#421 = CARTESIAN_POINT ( 'NONE',  ( -4.098455636355254228, 32.00000000000000000, 22.45905727886295722 ) ) ;
#422 = CARTESIAN_POINT ( 'NONE',  ( -2.560616245250304512, 32.00000000000000000, 10.52749793424622204 ) ) ;
#423 = ORIENTED_EDGE ( 'NONE', *, *, #2124, .T. ) ;
#424 = DIRECTION ( 'NONE',  ( 0.000000000000000000, -1.000000000000000000, -3.491481338843133355E-15 ) ) ;
#425 = ORIENTED_EDGE ( 'NONE', *, *, #1698, .T. ) ;
#426 = EDGE_CURVE ( 'NONE', #1663, #2080, #3674, .T. ) ;
#427 = CARTESIAN_POINT ( 'NONE',  ( -7.601536384982843231, 29.50000000000000000, 18.11989491965823618 ) ) ;
#428 = CARTESIAN_POINT ( 'NONE',  ( -3.571427284438406957, 32.00000000000000711, 1.221327285745251290 ) ) ;
#429 = EDGE_CURVE ( 'NONE', #2266, #2743, #2813, .T. ) ;
#430 = DIRECTION ( 'NONE',  ( -1.196361017915039486E-16, 0.000000000000000000, -1.000000000000000000 ) ) ;
#431 = ORIENTED_EDGE ( 'NONE', *, *, #2677, .T. ) ;
#432 = CARTESIAN_POINT ( 'NONE',  ( -2.984766773067499379, 24.49999999999999645, -0.2730657524832748040 ) ) ;
#433 = ORIENTED_EDGE ( 'NONE', *, *, #286, .F. ) ;
#434 = EDGE_CURVE ( 'NONE', #2408, #3072, #598, .T. ) ;
#435 = EDGE_LOOP ( 'NONE', ( #2391, #3129, #457, #2419 ) ) ;
#436 = CARTESIAN_POINT ( 'NONE',  ( -33.50000000000000000, 30.00000000000000000, 28.99999999999997158 ) ) ;
#437 = ADVANCED_FACE ( 'NONE', ( #2141 ), #572, .F. ) ;
#438 = LINE ( 'NONE', #4204, #3183 ) ;
#439 = CARTESIAN_POINT ( 'NONE',  ( -33.50000000000000000, 10.49999999999999112, 14.74999999999995204 ) ) ;
#440 = VERTEX_POINT ( 'NONE', #2120 ) ;
#441 = DIRECTION ( 'NONE',  ( 1.000000000000000000, -0.000000000000000000, 5.782411586589354681E-16 ) ) ;
#442 = LINE ( 'NONE', #3543, #790 ) ;
#443 = DIRECTION ( 'NONE',  ( 0.000000000000000000, -5.782891589540701605E-16, -1.000000000000000000 ) ) ;
#444 = CIRCLE ( 'NONE', #3245, 8.999999999999994671 ) ;
#445 = ORIENTED_EDGE ( 'NONE', *, *, #3421, .F. ) ;
#446 = FACE_BOUND ( 'NONE', #4176, .T. ) ;
#447 = AXIS2_PLACEMENT_3D ( 'NONE', #4425, #564, #912 ) ;
#448 = CARTESIAN_POINT ( 'NONE',  ( 11.51371982958092310, 22.99999999999999289, 18.91564796581036489 ) ) ;
#449 = CARTESIAN_POINT ( 'NONE',  ( 2.365873012224965155, 31.99999999999997868, 6.749355101976200366 ) ) ;
#450 = AXIS2_PLACEMENT_3D ( 'NONE', #608, #960, #3604 ) ;
#451 = EDGE_LOOP ( 'NONE', ( #3599, #3380, #397, #3954, #4827, #844, #1070, #1708, #2998, #3369, #2581, #2017, #1740, #4247, #4307, #1188, #3285 ) ) ;
#452 = FACE_OUTER_BOUND ( 'NONE', #1751, .T. ) ;
#453 = CARTESIAN_POINT ( 'NONE',  ( 8.374824250234464529, 24.50000000000000000, 13.67730034089338531 ) ) ;
#454 = VECTOR ( 'NONE', #2953, 1000.000000000000000 ) ;
#455 = DIRECTION ( 'NONE',  ( 1.000000000000000000, 0.000000000000000000, 0.000000000000000000 ) ) ;
#456 = ADVANCED_FACE ( 'NONE', ( #3644, #919 ), #3960, .T. ) ;
#457 = ORIENTED_EDGE ( 'NONE', *, *, #2345, .T. ) ;
#458 = LINE ( 'NONE', #4662, #3733 ) ;
#459 = EDGE_LOOP ( 'NONE', ( #4435, #431, #3871, #2321 ) ) ;
#460 = AXIS2_PLACEMENT_3D ( 'NONE', #2926, #652, #4439 ) ;
#461 = ORIENTED_EDGE ( 'NONE', *, *, #4131, .F. ) ;
#462 = CARTESIAN_POINT ( 'NONE',  ( -10.26147307730576586, 23.00000000000000000, 18.29275258562278950 ) ) ;
#463 = DIRECTION ( 'NONE',  ( -0.7071067811865477948, 0.000000000000000000, 0.7071067811865473507 ) ) ;
#464 = ADVANCED_FACE ( 'NONE', ( #3594 ), #3239, .F. ) ;
#465 = VECTOR ( 'NONE', #4776, 1000.000000000000000 ) ;
#466 = CARTESIAN_POINT ( 'NONE',  ( -3.075391468316590604, 24.50000000000000355, -0.3903447404358540429 ) ) ;
#467 = ORIENTED_EDGE ( 'NONE', *, *, #1253, .F. ) ;
#468 = LINE ( 'NONE', #3065, #2054 ) ;
#469 = VECTOR ( 'NONE', #1783, 1000.000000000000000 ) ;
#470 = LINE ( 'NONE', #1647, #1986 ) ;
#471 = DIRECTION ( 'NONE',  ( 0.000000000000000000, -1.000000000000000000, 0.000000000000000000 ) ) ;
#472 = B_SPLINE_CURVE_WITH_KNOTS ( 'NONE', 3,
 ( #3390, #1499, #4162, #4527, #1122, #1410, #4441, #2534, #4837, #1061 ),
 .UNSPECIFIED., .F., .F.,
 ( 4, 3, 3, 4 ),
 ( 0.000000000000000000, 1.587457236082453503E-05, 3.175370610555695823E-05, 5.665839790398765740E-05 ),
 .UNSPECIFIED. ) ;
#473 = ORIENTED_EDGE ( 'NONE', *, *, #3868, .T. ) ;
#474 = CARTESIAN_POINT ( 'NONE',  ( -8.743329047513924479, 23.00000000000000000, 7.256070824894444549 ) ) ;
#475 = VECTOR ( 'NONE', #1326, 1000.000000000000000 ) ;
#476 = CARTESIAN_POINT ( 'NONE',  ( -7.601536384991169903, 25.00000000000011013, 18.11989491965040244 ) ) ;
#477 = VERTEX_POINT ( 'NONE', #2528 ) ;
#478 = CARTESIAN_POINT ( 'NONE',  ( 2.642717322385687684, 32.00000000000001421, 7.128664200415792962 ) ) ;
#479 = VECTOR ( 'NONE', #909, 1000.000000000000000 ) ;
#480 = ORIENTED_EDGE ( 'NONE', *, *, #3734, .T. ) ;
#481 = EDGE_LOOP ( 'NONE', ( #1993, #1845, #517, #651 ) ) ;
#482 = LINE ( 'NONE', #3948, #4763 ) ;
#483 = CARTESIAN_POINT ( 'NONE',  ( -35.00000000000000000, 17.50000000000000000, 18.99999999999996092 ) ) ;
#484 = CARTESIAN_POINT ( 'NONE',  ( 1.539885159248137736, 32.00000000000000711, 11.90045641352208072 ) ) ;
#485 = ORIENTED_EDGE ( 'NONE', *, *, #765, .T. ) ;
#486 = CARTESIAN_POINT ( 'NONE',  ( 10.26313544485287643, 28.50000000000003197, 18.29275258562295647 ) ) ;
#487 = ORIENTED_EDGE ( 'NONE', *, *, #2283, .F. ) ;
#488 = ORIENTED_EDGE ( 'NONE', *, *, #2822, .T. ) ;
#489 = CARTESIAN_POINT ( 'NONE',  ( 5.299549528938802823, 25.00000000000009948, 21.57711283463906327 ) ) ;
#490 = DIRECTION ( 'NONE',  ( 0.000000000000000000, 0.000000000000000000, 1.000000000000000000 ) ) ;
#491 = CARTESIAN_POINT ( 'NONE',  ( -1.664219844423725059, 32.00000000000001421, 6.124822450183920353 ) ) ;
#492 = VERTEX_POINT ( 'NONE', #3216 ) ;
#493 = CARTESIAN_POINT ( 'NONE',  ( 8.374824250234464529, 28.49999999999999645, 13.67730034089338531 ) ) ;
#494 = EDGE_CURVE ( 'NONE', #4892, #1587, #4724, .T. ) ;
#495 = FACE_OUTER_BOUND ( 'NONE', #2606, .T. ) ;
#496 = ORIENTED_EDGE ( 'NONE', *, *, #3860, .T. ) ;
#497 = B_SPLINE_CURVE_WITH_KNOTS ( 'NONE', 3,
 ( #2676, #3492, #787, #4526, #2322, #1121, #4203, #364, #54, #2300, #3085, #3789, #744, #413, #1520, #3858 ),
 .UNSPECIFIED., .F., .F.,
 ( 4, 2, 2, 2, 2, 2, 2, 4 ),
 ( 0.000000000000000000, 0.001127792604888379693, 0.001691688907332569540, 0.002255585209776759387, 0.002819481512220949233, 0.003383377814665139080, 0.003947274117109328927, 0.004511170419553518773 ),
 .UNSPECIFIED. ) ;
#498 = DIRECTION ( 'NONE',  ( 0.000000000000000000, -1.000000000000000000, 0.000000000000000000 ) ) ;
#499 = EDGE_CURVE ( 'NONE', #1645, #3039, #3621, .T. ) ;
#500 = DIRECTION ( 'NONE',  ( 0.000000000000000000, 0.000000000000000000, -1.000000000000000000 ) ) ;
#501 = CYLINDRICAL_SURFACE ( 'NONE', #2353, 0.5000000000000004441 ) ;
#502 = CARTESIAN_POINT ( 'NONE',  ( 33.50000000000000000, 2.000000000000001776, 28.99999999999997158 ) ) ;
#503 = CARTESIAN_POINT ( 'NONE',  ( 3.599158056653549931, 24.50000000000000000, 1.487737314057047788 ) ) ;
#504 = DIRECTION ( 'NONE',  ( -1.196361017915039486E-16, 0.000000000000000000, -1.000000000000000000 ) ) ;
#505 = ORIENTED_EDGE ( 'NONE', *, *, #1291, .F. ) ;
#506 = DIRECTION ( 'NONE',  ( 0.000000000000000000, 1.000000000000000000, 3.491481338843133355E-15 ) ) ;
#507 = DIRECTION ( 'NONE',  ( 0.000000000000000000, -0.000000000000000000, 1.000000000000000000 ) ) ;
#508 = ORIENTED_EDGE ( 'NONE', *, *, #2500, .F. ) ;
#509 = VERTEX_POINT ( 'NONE', #1052 ) ;
#510 = CARTESIAN_POINT ( 'NONE',  ( -25.00000000000000711, 32.00000000000000000, 28.99999999999997158 ) ) ;
#511 = CARTESIAN_POINT ( 'NONE',  ( -46.31370849898476649, 17.50000000000000000, 18.99999999999996092 ) ) ;
#512 = CARTESIAN_POINT ( 'NONE',  ( -2.638482790986824700, 32.00000000000000711, 7.123331250798041303 ) ) ;
#513 = EDGE_LOOP ( 'NONE', ( #695, #3230, #4242, #1020, #755, #3347 ) ) ;
#514 = CARTESIAN_POINT ( 'NONE',  ( -33.50000000000000000, 16.50000000000000000, 1.749999999999954703 ) ) ;
#515 = CARTESIAN_POINT ( 'NONE',  ( -1.576085913135946814, 32.00000000000000000, 11.42771081216553419 ) ) ;
#516 = ADVANCED_FACE ( 'NONE', ( #4929 ), #1469, .F. ) ;
#517 = ORIENTED_EDGE ( 'NONE', *, *, #3884, .F. ) ;
#518 = ORIENTED_EDGE ( 'NONE', *, *, #4681, .T. ) ;
#519 = CARTESIAN_POINT ( 'NONE',  ( 35.00000000000000000, 32.00000000000000000, -29.00000000000002132 ) ) ;
#520 = AXIS2_PLACEMENT_3D ( 'NONE', #4206, #2303, #1264 ) ;
#521 = EDGE_CURVE ( 'NONE', #3914, #4501, #967, .T. ) ;
#522 = DIRECTION ( 'NONE',  ( 0.000000000000000000, 1.000000000000000000, -5.782411586589354927E-17 ) ) ;
#523 = ORIENTED_EDGE ( 'NONE', *, *, #2399, .T. ) ;
#524 = ORIENTED_EDGE ( 'NONE', *, *, #2559, .T. ) ;
#525 = VECTOR ( 'NONE', #3637, 1000.000000000000000 ) ;
#526 = LINE ( 'NONE', #3578, #3265 ) ;
#527 = DIRECTION ( 'NONE',  ( 0.000000000000000000, 0.000000000000000000, -1.000000000000000000 ) ) ;
#528 = CARTESIAN_POINT ( 'NONE',  ( 3.101750864123765883, 32.00000000000000000, 8.757180451233494978 ) ) ;
#529 = VECTOR ( 'NONE', #2962, 1000.000000000000000 ) ;
#530 = EDGE_LOOP ( 'NONE', ( #3056, #957, #1682, #2435 ) ) ;
#531 = CARTESIAN_POINT ( 'NONE',  ( 2.551418392201909580, 24.49999999999999289, 4.721401813190749586 ) ) ;
#532 = LINE ( 'NONE', #994, #2764 ) ;
#533 = ORIENTED_EDGE ( 'NONE', *, *, #3975, .F. ) ;
#534 = VERTEX_POINT ( 'NONE', #1518 ) ;
#535 = ORIENTED_EDGE ( 'NONE', *, *, #1291, .T. ) ;
#536 = DIRECTION ( 'NONE',  ( 0.000000000000000000, 1.000000000000000000, 3.491481338843133355E-15 ) ) ;
#537 = B_SPLINE_CURVE_WITH_KNOTS ( 'NONE', 3,
 ( #4818, #1064, #256, #3731, #4443, #1102, #701, #1125, #3020, #4888, #4076, #1786, #2587, #3302, #2636, #1412 ),
 .UNSPECIFIED., .F., .F.,
 ( 4, 2, 2, 2, 2, 2, 2, 4 ),
 ( 0.000000000000000000, 0.001128469603287364075, 0.001692704404931046113, 0.002256939206574728150, 0.002821174008218410405, 0.003385408809862092226, 0.003949643611505774046, 0.004513878413149456301 ),
 .UNSPECIFIED. ) ;
#538 = DIRECTION ( 'NONE',  ( 1.000000000000000000, 0.000000000000000000, -0.000000000000000000 ) ) ;
#539 = DIRECTION ( 'NONE',  ( -0.000000000000000000, -1.000000000000000000, -0.000000000000000000 ) ) ;
#540 = AXIS2_PLACEMENT_3D ( 'NONE', #3212, #1669, #2371 ) ;
#541 = ORIENTED_EDGE ( 'NONE', *, *, #2657, .F. ) ;
#542 = FACE_OUTER_BOUND ( 'NONE', #2175, .T. ) ;
#543 = CARTESIAN_POINT ( 'NONE',  ( -1.579617136008335088, 32.00000000000000000, 11.44534539468065582 ) ) ;
#544 = AXIS2_PLACEMENT_3D ( 'NONE', #3629, #1732, #283 ) ;
#545 = AXIS2_PLACEMENT_3D ( 'NONE', #4170, #1956, #382 ) ;
#546 = EDGE_LOOP ( 'NONE', ( #2481, #50, #3706, #1293 ) ) ;
#547 = CIRCLE ( 'NONE', #4140, 9.999999999999994671 ) ;
#548 = DIRECTION ( 'NONE',  ( 1.000000000000000000, 0.000000000000000000, 7.707402235806649088E-15 ) ) ;
#549 = PRODUCT_DEFINITION ( 'UNKNOWN', '', #805, #3247 ) ;
#550 = VECTOR ( 'NONE', #4761, 1000.000000000000000 ) ;
#551 = CARTESIAN_POINT ( 'NONE',  ( -1.576085913135946814, 24.50000000000000000, 11.42771081216550755 ) ) ;
#552 = AXIS2_PLACEMENT_3D ( 'NONE', #2449, #443, #2328 ) ;
#553 = ORIENTED_EDGE ( 'NONE', *, *, #1130, .F. ) ;
#554 = CARTESIAN_POINT ( 'NONE',  ( 3.525430201599102809, 32.00000000000000000, 2.511656204874905374 ) ) ;
#555 = ORIENTED_EDGE ( 'NONE', *, *, #4599, .T. ) ;
#556 = VECTOR ( 'NONE', #984, 1000.000000000000000 ) ;
#557 = AXIS2_PLACEMENT_3D ( 'NONE', #2040, #3213, #4312 ) ;
#558 = CARTESIAN_POINT ( 'NONE',  ( -2.267538108872327207, 32.00000000000000000, 6.301839367049113072 ) ) ;
#559 = EDGE_CURVE ( 'NONE', #4354, #2843, #4833, .T. ) ;
#560 = CYLINDRICAL_SURFACE ( 'NONE', #1213, 9.999999999999994671 ) ;
#561 = DIRECTION ( 'NONE',  ( 0.000000000000000000, -0.000000000000000000, -1.000000000000000000 ) ) ;
#562 = ORIENTED_EDGE ( 'NONE', *, *, #3145, .T. ) ;
#563 = DIRECTION ( 'NONE',  ( -0.000000000000000000, 1.000000000000000000, -0.000000000000000000 ) ) ;
#564 = DIRECTION ( 'NONE',  ( 0.000000000000000000, -1.000000000000000000, 0.000000000000000000 ) ) ;
#565 = EDGE_LOOP ( 'NONE', ( #345, #2745, #4496, #3069 ) ) ;
#566 = ORIENTED_EDGE ( 'NONE', *, *, #1447, .F. ) ;
#567 = ORIENTED_EDGE ( 'NONE', *, *, #1060, .T. ) ;
#568 = DIRECTION ( 'NONE',  ( -1.000000000000000000, 0.000000000000000000, 0.000000000000000000 ) ) ;
#569 = AXIS2_PLACEMENT_3D ( 'NONE', #1241, #4291, #4243 ) ;
#570 = CARTESIAN_POINT ( 'NONE',  ( -2.719786377652908538, 24.50000000000000711, 7.262061649453808165 ) ) ;
#571 = LINE ( 'NONE', #823, #1594 ) ;
#572 = CYLINDRICAL_SURFACE ( 'NONE', #4836, 8.499999999999992895 ) ;
#573 = EDGE_LOOP ( 'NONE', ( #2091, #1753, #1135, #3119 ) ) ;
#574 = CARTESIAN_POINT ( 'NONE',  ( -33.50000000000000000, 17.50000000000000000, 19.86623553487585170 ) ) ;
#575 = CARTESIAN_POINT ( 'NONE',  ( -1.579617136008335088, 24.50000000000000000, 11.44534539468062917 ) ) ;
#576 = AXIS2_PLACEMENT_3D ( 'NONE', #1530, #4190, #1485 ) ;
#577 = ORIENTED_EDGE ( 'NONE', *, *, #4821, .F. ) ;
#578 = FACE_OUTER_BOUND ( 'NONE', #2758, .T. ) ;
#579 = CARTESIAN_POINT ( 'NONE',  ( -3.601026911978597145, 32.00000000000000000, 1.758059867859523395 ) ) ;
#580 = VECTOR ( 'NONE', #1660, 1000.000000000000000 ) ;
#581 = CARTESIAN_POINT ( 'NONE',  ( -27.50000000000000355, 16.49999999999999645, 13.24999999999995559 ) ) ;
#582 = VERTEX_POINT ( 'NONE', #3787 ) ;
#583 = EDGE_CURVE ( 'NONE', #4501, #120, #3038, .T. ) ;
#584 = DIRECTION ( 'NONE',  ( 0.000000000000000000, 1.000000000000000000, 5.782411586589351722E-16 ) ) ;
#585 = CARTESIAN_POINT ( 'NONE',  ( 3.569652140351113889, 24.49999999999999645, 1.222130632922711069 ) ) ;
#586 = DIRECTION ( 'NONE',  ( 9.665489023696300246E-15, -0.000000000000000000, -1.000000000000000000 ) ) ;
#587 = ORIENTED_EDGE ( 'NONE', *, *, #1529, .F. ) ;
#588 = DIRECTION ( 'NONE',  ( 0.000000000000000000, -1.000000000000000000, -3.491481338843133355E-15 ) ) ;
#589 = EDGE_CURVE ( 'NONE', #4560, #120, #3466, .T. ) ;
#590 = CARTESIAN_POINT ( 'NONE',  ( -25.00000000000000711, 0.000000000000000000, 28.99999999999997158 ) ) ;
#591 = ORIENTED_EDGE ( 'NONE', *, *, #1831, .F. ) ;
#592 = VERTEX_POINT ( 'NONE', #2580 ) ;
#593 = ORIENTED_EDGE ( 'NONE', *, *, #601, .T. ) ;
#594 = CARTESIAN_POINT ( 'NONE',  ( -33.50000000000000000, 10.49999999999999467, 1.749999999999952927 ) ) ;
#595 = DIRECTION ( 'NONE',  ( 0.000000000000000000, 1.000000000000000000, 0.000000000000000000 ) ) ;
#596 = LINE ( 'NONE', #2118, #1709 ) ;
#597 = EDGE_CURVE ( 'NONE', #2297, #914, #3652, .T. ) ;
#598 = LINE ( 'NONE', #4041, #1649 ) ;
#599 = VERTEX_POINT ( 'NONE', #3386 ) ;
#600 = ORIENTED_EDGE ( 'NONE', *, *, #1418, .F. ) ;
#601 = EDGE_CURVE ( 'NONE', #1353, #657, #1428, .T. ) ;
#602 = ORIENTED_EDGE ( 'NONE', *, *, #2405, .T. ) ;
#603 = CARTESIAN_POINT ( 'NONE',  ( -1.099844525993681765, 24.49999999999999289, 5.187071063562599171 ) ) ;
#604 = DIRECTION ( 'NONE',  ( -1.000000000000000000, -0.000000000000000000, -0.000000000000000000 ) ) ;
#605 = CARTESIAN_POINT ( 'NONE',  ( -25.88422689413609490, 14.99999999999999645, 3.999999999999954259 ) ) ;
#606 = FILL_AREA_STYLE ('',( #1327 ) ) ;
#607 = CARTESIAN_POINT ( 'NONE',  ( 10.26313544485287643, 23.00000000000000000, 18.29275258562293516 ) ) ;
#608 = CARTESIAN_POINT ( 'NONE',  ( -1.099844525993681765, 25.00000000000015277, 5.187071063562600948 ) ) ;
#609 = LINE ( 'NONE', #335, #3672 ) ;
#610 = CARTESIAN_POINT ( 'NONE',  ( -25.00000000000000711, 0.000000000000000000, 28.99999999999997158 ) ) ;
#611 = VERTEX_POINT ( 'NONE', #2944 ) ;
#612 = CARTESIAN_POINT ( 'NONE',  ( 15.84405090676714600, 28.49999999999999645, 13.67730034089338709 ) ) ;
#613 = LINE ( 'NONE', #3182, #1420 ) ;
#614 = AXIS2_PLACEMENT_3D ( 'NONE', #4812, #1027, #1350 ) ;
#615 = EDGE_LOOP ( 'NONE', ( #1883, #2808, #4664, #2773 ) ) ;
#616 = VERTEX_POINT ( 'NONE', #4092 ) ;
#617 = DIRECTION ( 'NONE',  ( -0.000000000000000000, -1.000000000000000000, -0.000000000000000000 ) ) ;
#618 = DIRECTION ( 'NONE',  ( -0.000000000000000000, -1.000000000000000000, 5.782891589540701605E-16 ) ) ;
#619 = EDGE_CURVE ( 'NONE', #4525, #3100, #843, .T. ) ;
#620 = VECTOR ( 'NONE', #1371, 1000.000000000000000 ) ;
#621 = CARTESIAN_POINT ( 'NONE',  ( 2.364223480005580136, 24.50000000000000355, 6.747447261167074828 ) ) ;
#622 = ORIENTED_EDGE ( 'NONE', *, *, #4424, .F. ) ;
#623 = DIRECTION ( 'NONE',  ( 0.000000000000000000, 0.000000000000000000, -1.000000000000000000 ) ) ;
#624 = ORIENTED_EDGE ( 'NONE', *, *, #682, .F. ) ;
#625 = VECTOR ( 'NONE', #636, 1000.000000000000000 ) ;
#626 = FACE_OUTER_BOUND ( 'NONE', #1320, .T. ) ;
#627 = LINE ( 'NONE', #2400, #1759 ) ;
#628 = ADVANCED_FACE ( 'NONE', ( #2603 ), #674, .F. ) ;
#629 = CARTESIAN_POINT ( 'NONE',  ( -8.743329047513924479, 24.50000000000000000, 7.256070824894444549 ) ) ;
#630 = ORIENTED_EDGE ( 'NONE', *, *, #368, .F. ) ;
#631 = DIRECTION ( 'NONE',  ( -4.908688302946797091E-17, 0.000000000000000000, 1.000000000000000000 ) ) ;
#632 = VECTOR ( 'NONE', #2398, 1000.000000000000000 ) ;
#633 = FACE_OUTER_BOUND ( 'NONE', #3655, .T. ) ;
#634 = EDGE_CURVE ( 'NONE', #2007, #2339, #2968, .T. ) ;
#635 = CIRCLE ( 'NONE', #313, 8.499999999999992895 ) ;
#636 = DIRECTION ( 'NONE',  ( 0.000000000000000000, 0.000000000000000000, -1.000000000000000000 ) ) ;
#637 = VECTOR ( 'NONE', #584, 1000.000000000000000 ) ;
#638 = LINE ( 'NONE', #1393, #662 ) ;
#639 = ORIENTED_EDGE ( 'NONE', *, *, #4794, .F. ) ;
#640 = CARTESIAN_POINT ( 'NONE',  ( -33.50000000000000711, 9.500000000000000000, 18.99999999999996447 ) ) ;
#641 = VERTEX_POINT ( 'NONE', #2649 ) ;
#642 = ORIENTED_EDGE ( 'NONE', *, *, #2284, .T. ) ;
#643 = CARTESIAN_POINT ( 'NONE',  ( -5.301418384264122707, 23.00000000000000000, 16.80050947618688539 ) ) ;
#644 = CARTESIAN_POINT ( 'NONE',  ( -1.099844525993681765, 32.00000000000000000, 5.187071063562624929 ) ) ;
#645 = DIRECTION ( 'NONE',  ( -0.000000000000000000, 1.000000000000000000, -0.000000000000000000 ) ) ;
#646 = ORIENTED_EDGE ( 'NONE', *, *, #3742, .F. ) ;
#647 = CARTESIAN_POINT ( 'NONE',  ( 0.000000000000000000, 29.50000000000000000, 37.99999999999996447 ) ) ;
#648 = B_SPLINE_SURFACE_WITH_KNOTS ( 'NONE', 2, 1, ( 
 ( #4394, #4371 ),
 ( #1244, #1301 ),
 ( #2029, #929 ) ),
 .UNSPECIFIED., .F., .F., .F.,
 ( 3, 3 ),
 ( 2, 2 ),
 ( 0.4999544435945628695, 0.5003907626673651521 ),
 ( 0.000000000000000000, 1.000000000000000000 ),
 .UNSPECIFIED. ) ;
#649 = ORIENTED_EDGE ( 'NONE', *, *, #92, .F. ) ;
#650 = VECTOR ( 'NONE', #3055, 1000.000000000000000 ) ;
#651 = ORIENTED_EDGE ( 'NONE', *, *, #4794, .T. ) ;
#652 = DIRECTION ( 'NONE',  ( 0.000000000000000000, 0.000000000000000000, -1.000000000000000000 ) ) ;
#653 = ADVANCED_FACE ( 'NONE', ( #3750 ), #2214, .F. ) ;
#654 = CARTESIAN_POINT ( 'NONE',  ( -12.05359021688597032, 32.00000000000000000, 19.36521081018109314 ) ) ;
#655 = DIRECTION ( 'NONE',  ( -0.000000000000000000, -1.000000000000000000, -0.000000000000000000 ) ) ;
#656 = EDGE_CURVE ( 'NONE', #4020, #2348, #4460, .T. ) ;
#657 = VERTEX_POINT ( 'NONE', #4855 ) ;
#658 = CARTESIAN_POINT ( 'NONE',  ( 25.00000000000000711, 32.00000000000000000, 37.99999999999996447 ) ) ;
#659 = B_SPLINE_CURVE_WITH_KNOTS ( 'NONE', 3,
 ( #4455, #4250, #2669, #3459, #1912, #3110, #758, #1177, #3133, #2249, #1957, #4195, #1515, #2699 ),
 .UNSPECIFIED., .F., .F.,
 ( 4, 2, 2, 2, 2, 2, 4 ),
 ( 0.000000000000000000, 0.0003087712755628144309, 0.0006175425511256288618, 0.0009263138266884432927, 0.001235085102251257724, 0.001852627653376882682, 0.002470170204502507641 ),
 .UNSPECIFIED. ) ;
#660 = DIRECTION ( 'NONE',  ( 1.000000000000000000, 0.000000000000000000, 1.980797589838356288E-15 ) ) ;
#661 = ORIENTED_EDGE ( 'NONE', *, *, #3373, .F. ) ;
#662 = VECTOR ( 'NONE', #1015, 1000.000000000000000 ) ;
#663 = EDGE_CURVE ( 'NONE', #914, #2650, #3410, .T. ) ;
#664 = EDGE_LOOP ( 'NONE', ( #3277, #2639, #2160, #2166, #2417, #1016, #3739, #271 ) ) ;
#665 = EDGE_CURVE ( 'NONE', #403, #1890, #362, .T. ) ;
#666 = CARTESIAN_POINT ( 'NONE',  ( 2.820321055567309720, 32.00000000000002132, 10.05728054203522603 ) ) ;
#667 = VERTEX_POINT ( 'NONE', #4108 ) ;
#668 = FACE_OUTER_BOUND ( 'NONE', #3430, .T. ) ;
#669 = ORIENTED_EDGE ( 'NONE', *, *, #3377, .F. ) ;
#670 = VERTEX_POINT ( 'NONE', #326 ) ;
#671 = CARTESIAN_POINT ( 'NONE',  ( 0.000000000000000000, 29.50000000000000000, -17.04445395531110563 ) ) ;
#672 = DIRECTION ( 'NONE',  ( -0.000000000000000000, 1.000000000000000000, -0.000000000000000000 ) ) ;
#673 = CARTESIAN_POINT ( 'NONE',  ( 7.599667515476641100, 32.00000000000000000, 18.11989492296825688 ) ) ;
#674 = CYLINDRICAL_SURFACE ( 'NONE', #2513, 1.000000000000000888 ) ;
#675 = ORIENTED_EDGE ( 'NONE', *, *, #794, .F. ) ;
#676 = CARTESIAN_POINT ( 'NONE',  ( -19.81171673543281031, 23.00000000000000000, 12.01317212208040708 ) ) ;
#677 = CARTESIAN_POINT ( 'NONE',  ( -7.601536384991169903, 28.49999999999999645, 18.11989491965041665 ) ) ;
#678 = CARTESIAN_POINT ( 'NONE',  ( 1.581279503555507837, 25.00000000000013500, 11.48414578258329044 ) ) ;
#679 = CARTESIAN_POINT ( 'NONE',  ( 2.251544362057770421, 32.00000000000000000, -4.500214463258173758 ) ) ;
#680 = ORIENTED_EDGE ( 'NONE', *, *, #2993, .T. ) ;
#681 = LINE ( 'NONE', #3279, #3259 ) ;
#682 = EDGE_CURVE ( 'NONE', #2359, #410, #3292, .T. ) ;
#683 = ORIENTED_EDGE ( 'NONE', *, *, #227, .F. ) ;
#684 = CARTESIAN_POINT ( 'NONE',  ( 2.561370761353207293, 31.99999999999999289, 10.52772452016508353 ) ) ;
#685 = EDGE_CURVE ( 'NONE', #1743, #4008, #1207, .T. ) ;
#686 = ORIENTED_EDGE ( 'NONE', *, *, #4131, .T. ) ;
#687 = FACE_OUTER_BOUND ( 'NONE', #3333, .T. ) ;
#688 = EDGE_LOOP ( 'NONE', ( #2442, #485, #1938, #3163 ) ) ;
#689 = CARTESIAN_POINT ( 'NONE',  ( 6.346119218776774318, 28.49999999999999645, 11.64859530943569332 ) ) ;
#690 = CARTESIAN_POINT ( 'NONE',  ( 7.599667529665843801, 25.00000000000008882, 24.06419186098128904 ) ) ;
#691 = CARTESIAN_POINT ( 'NONE',  ( 2.491430667064947535, 24.49999999999999645, 10.88795047701371210 ) ) ;
#692 = CIRCLE ( 'NONE', #2761, 8.999999999999998224 ) ;
#693 = DIRECTION ( 'NONE',  ( 0.000000000000000000, -0.000000000000000000, 1.000000000000000000 ) ) ;
#694 = EDGE_CURVE ( 'NONE', #4717, #4450, #1336, .T. ) ;
#695 = ORIENTED_EDGE ( 'NONE', *, *, #434, .T. ) ;
#696 = PLANE ( 'NONE',  #2770 ) ;
#697 = VECTOR ( 'NONE', #1563, 1000.000000000000000 ) ;
#698 = CARTESIAN_POINT ( 'NONE',  ( -10.26147307730576586, 29.50000000000000000, 18.29275258562281437 ) ) ;
#699 = DIRECTION ( 'NONE',  ( -1.000000000000000000, 0.000000000000000000, -0.000000000000000000 ) ) ;
#700 = AXIS2_PLACEMENT_3D ( 'NONE', #1580, #4613, #4246 ) ;
#701 = CARTESIAN_POINT ( 'NONE',  ( -3.022955953918644578, 32.00000000000000000, 3.724747829044559033 ) ) ;
#702 = CARTESIAN_POINT ( 'NONE',  ( 3.599158056653548154, 24.49999999999999289, 1.758059867859545600 ) ) ;
#703 = AXIS2_PLACEMENT_3D ( 'NONE', #175, #903, #226 ) ;
#704 = DIRECTION ( 'NONE',  ( 0.000000000000000000, 0.000000000000000000, -1.000000000000000000 ) ) ;
#705 = VECTOR ( 'NONE', #3243, 1000.000000000000000 ) ;
#706 = EDGE_CURVE ( 'NONE', #1487, #273, #80, .T. ) ;
#707 = CARTESIAN_POINT ( 'NONE',  ( 3.101750864123764106, 32.00000000000000000, 9.027356204728524958 ) ) ;
#708 = VECTOR ( 'NONE', #4324, 1000.000000000000000 ) ;
#709 = ORIENTED_EDGE ( 'NONE', *, *, #3057, .F. ) ;
#710 = CARTESIAN_POINT ( 'NONE',  ( -2.800000000000000266, 23.00000000000000000, 15.53801126270789190 ) ) ;
#711 = ORIENTED_EDGE ( 'NONE', *, *, #127, .F. ) ;
#712 = EDGE_CURVE ( 'NONE', #2919, #477, #4199, .T. ) ;
#713 = AXIS2_PLACEMENT_3D ( 'NONE', #3140, #463, #4600 ) ;
#714 = FACE_OUTER_BOUND ( 'NONE', #1201, .T. ) ;
#715 = DIRECTION ( 'NONE',  ( -1.000000000000000000, -0.000000000000000000, -0.000000000000000000 ) ) ;
#716 = AXIS2_PLACEMENT_3D ( 'NONE', #1862, #3796, #1104 ) ;
#717 = CARTESIAN_POINT ( 'NONE',  ( 2.964752030452224130, 24.50000000000000711, 9.681763336001845133 ) ) ;
#718 = DIRECTION ( 'NONE',  ( -1.000000000000000000, 0.000000000000000000, 0.000000000000000000 ) ) ;
#719 = ORIENTED_EDGE ( 'NONE', *, *, #1758, .T. ) ;
#720 = EDGE_CURVE ( 'NONE', #2716, #2982, #1180, .T. ) ;
#721 = VECTOR ( 'NONE', #954, 1000.000000000000000 ) ;
#722 = CARTESIAN_POINT ( 'NONE',  ( 14.50000000000024691, 32.00000000000000000, 19.36521081018125656 ) ) ;
#723 = DIRECTION ( 'NONE',  ( 1.000000000000000000, 0.000000000000000000, -0.000000000000000000 ) ) ;
#724 = VECTOR ( 'NONE', #1973, 1000.000000000000000 ) ;
#725 = PLANE ( 'NONE',  #4046 ) ;
#726 = CARTESIAN_POINT ( 'NONE',  ( -13.50043034469988434, 28.49999999999999645, 12.01317212208039997 ) ) ;
#727 = CARTESIAN_POINT ( 'NONE',  ( 17.70476182858164549, 24.50000000000000000, 15.53801126270789190 ) ) ;
#728 = DIRECTION ( 'NONE',  ( 0.000000000000000000, 1.000000000000000000, 3.491481338843133355E-15 ) ) ;
#729 = ORIENTED_EDGE ( 'NONE', *, *, #402, .F. ) ;
#730 = VERTEX_POINT ( 'NONE', #3489 ) ;
#731 = ORIENTED_EDGE ( 'NONE', *, *, #4433, .F. ) ;
#732 = CARTESIAN_POINT ( 'NONE',  ( -3.066020282426710430, 31.99999999999999289, 9.293041621729663859 ) ) ;
#733 = ORIENTED_EDGE ( 'NONE', *, *, #619, .T. ) ;
#734 = CARTESIAN_POINT ( 'NONE',  ( 33.50000000000000711, 2.000000000000001776, -29.00000000000002487 ) ) ;
#735 = ORIENTED_EDGE ( 'NONE', *, *, #4208, .T. ) ;
#736 = DIRECTION ( 'NONE',  ( 0.000000000000000000, 1.000000000000000000, 0.000000000000000000 ) ) ;
#737 = CARTESIAN_POINT ( 'NONE',  ( -8.743329047513924479, 24.50000000000000000, -6.021333691102118024 ) ) ;
#738 = CARTESIAN_POINT ( 'NONE',  ( 7.599667515478469859, 23.00000000000000000, 18.11989492295154491 ) ) ;
#739 = ADVANCED_FACE ( 'NONE', ( #3156 ), #4184, .T. ) ;
#740 = CARTESIAN_POINT ( 'NONE',  ( 0.000000000000000000, 30.00001199999999812, -17.04445395531110563 ) ) ;
#741 = VERTEX_POINT ( 'NONE', #1939 ) ;
#742 = EDGE_CURVE ( 'NONE', #2113, #2445, #4572, .T. ) ;
#743 = ORIENTED_EDGE ( 'NONE', *, *, #4364, .T. ) ;
#744 = CARTESIAN_POINT ( 'NONE',  ( 1.795714051576962289, 24.50000000000000000, 4.885283151817581881 ) ) ;
#745 = PLANE ( 'NONE',  #2150 ) ;
#746 = EDGE_CURVE ( 'NONE', #1564, #156, #458, .T. ) ;
#747 = CARTESIAN_POINT ( 'NONE',  ( -4.098455636355261333, 23.00000000000000000, 22.45905727886297498 ) ) ;
#748 = EDGE_CURVE ( 'NONE', #2963, #4542, #2756, .T. ) ;
#749 = DIRECTION ( 'NONE',  ( 0.7071067811865473507, 0.000000000000000000, 0.7071067811865477948 ) ) ;
#750 = CARTESIAN_POINT ( 'NONE',  ( 4.100096472055489549, 25.00000000000008527, 25.49999999999948486 ) ) ;
#751 = FACE_BOUND ( 'NONE', #34, .T. ) ;
#752 = AXIS2_PLACEMENT_3D ( 'NONE', #2922, #4853, #270 ) ;
#753 = EDGE_LOOP ( 'NONE', ( #4880, #1335, #1259, #1068 ) ) ;
#754 = CARTESIAN_POINT ( 'NONE',  ( -2.019344049127788310, 32.00000000000000000, 11.12548237521775008 ) ) ;
#755 = ORIENTED_EDGE ( 'NONE', *, *, #1902, .T. ) ;
#756 = CARTESIAN_POINT ( 'NONE',  ( -7.601536384991225859, 25.00000000000008527, 25.49999999999940670 ) ) ;
#757 = CARTESIAN_POINT ( 'NONE',  ( 1.581115718853668639, 32.00000000000000000, 11.46297966177923300 ) ) ;
#758 = CARTESIAN_POINT ( 'NONE',  ( -0.7909823162937437147, 24.50000000000000000, 12.85709812454222778 ) ) ;
#759 = CARTESIAN_POINT ( 'NONE',  ( -25.00000000000000711, 29.50000000000000000, -29.00000000000002132 ) ) ;
#760 = EDGE_LOOP ( 'NONE', ( #1096, #1354, #711, #4931, #3783, #4315 ) ) ;
#761 = DIRECTION ( 'NONE',  ( -1.196361017915039732E-16, 0.000000000000000000, -1.000000000000000000 ) ) ;
#762 = VERTEX_POINT ( 'NONE', #2781 ) ;
#763 = ORIENTED_EDGE ( 'NONE', *, *, #3551, .F. ) ;
#764 = CARTESIAN_POINT ( 'NONE',  ( -2.249903526357135863, 32.00000000000000000, -4.500214463258193298 ) ) ;
#765 = EDGE_CURVE ( 'NONE', #2397, #1043, #1588, .T. ) ;
#766 = LINE ( 'NONE', #3440, #4530 ) ;
#767 = CARTESIAN_POINT ( 'NONE',  ( -2.489789831364566552, 32.00000000000000000, 10.88795047701370322 ) ) ;
#768 = VECTOR ( 'NONE', #51, 1000.000000000000000 ) ;
#769 = CARTESIAN_POINT ( 'NONE',  ( -35.00000000000000000, 10.50049802381102815, 18.48421203201064955 ) ) ;
#770 = ADVANCED_FACE ( 'NONE', ( #3878 ), #2702, .F. ) ;
#771 = CARTESIAN_POINT ( 'NONE',  ( 4.100096472055489549, 23.00000000000000000, 25.49999999999949907 ) ) ;
#772 = CYLINDRICAL_SURFACE ( 'NONE', #4415, 8.999999999999994671 ) ;
#773 = VECTOR ( 'NONE', #4378, 1000.000000000000000 ) ;
#774 = CARTESIAN_POINT ( 'NONE',  ( -2.999999999999996447, 28.49999999999999645, -20.04445395531110918 ) ) ;
#775 = EDGE_LOOP ( 'NONE', ( #1110, #3587, #3343, #4264 ) ) ;
#776 = CARTESIAN_POINT ( 'NONE',  ( -25.50000000000000355, 17.50000000000000000, 23.86623553487585525 ) ) ;
#777 = AXIS2_PLACEMENT_3D ( 'NONE', #1156, #2255, #1211 ) ;
#778 = VERTEX_POINT ( 'NONE', #890 ) ;
#779 = DIRECTION ( 'NONE',  ( 0.000000000000000000, 0.000000000000000000, -1.000000000000000000 ) ) ;
#780 = CARTESIAN_POINT ( 'NONE',  ( -8.871527771912335325, 29.49999999999999289, 17.83061455813567875 ) ) ;
#781 = VECTOR ( 'NONE', #4483, 1000.000000000000000 ) ;
#782 = CARTESIAN_POINT ( 'NONE',  ( -25.00000000000000711, 0.000000000000000000, -38.25000000000003553 ) ) ;
#783 = CARTESIAN_POINT ( 'NONE',  ( 0.7921790862652122733, 31.99999999999999289, 12.85644404718360789 ) ) ;
#784 = VERTEX_POINT ( 'NONE', #1154 ) ;
#785 = CARTESIAN_POINT ( 'NONE',  ( -1.578822939555203808, 32.00000000000000000, 11.44872285135580370 ) ) ;
#786 = CIRCLE ( 'NONE', #3575, 8.999999999999994671 ) ;
#787 = CARTESIAN_POINT ( 'NONE',  ( 3.541104957497977157, 24.50000000000000000, 2.510772067359142490 ) ) ;
#788 = EDGE_CURVE ( 'NONE', #3225, #3893, #4233, .T. ) ;
#789 = PLANE ( 'NONE',  #4936 ) ;
#790 = VECTOR ( 'NONE', #3819, 1000.000000000000000 ) ;
#791 = EDGE_CURVE ( 'NONE', #2832, #2622, #3136, .T. ) ;
#792 = CARTESIAN_POINT ( 'NONE',  ( -3.100088496576540731, 32.00000000000000000, 8.442532122171851228 ) ) ;
#793 = AXIS2_PLACEMENT_3D ( 'NONE', #2016, #490, #538 ) ;
#794 = EDGE_CURVE ( 'NONE', #1026, #2622, #3437, .T. ) ;
#795 = CARTESIAN_POINT ( 'NONE',  ( 4.100096472055489549, 32.00000000000000000, 25.49999999999952038 ) ) ;
#796 = CARTESIAN_POINT ( 'NONE',  ( 10.26313544485287643, 23.00000000000000000, 18.29275258562293516 ) ) ;
#797 = CARTESIAN_POINT ( 'NONE',  ( 0.000000000000000000, 32.00000000000000000, 13.00000000000000000 ) ) ;
#798 = CIRCLE ( 'NONE', #557, 8.499999999999996447 ) ;
#799 = EDGE_CURVE ( 'NONE', #3298, #1735, #613, .T. ) ;
#800 = ORIENTED_EDGE ( 'NONE', *, *, #3185, .T. ) ;
#801 = DIRECTION ( 'NONE',  ( 0.000000000000000000, 1.000000000000000000, 0.000000000000000000 ) ) ;
#802 = AXIS2_PLACEMENT_3D ( 'NONE', #2553, #2524, #3341 ) ;
#803 = EDGE_CURVE ( 'NONE', #3781, #2080, #2129, .T. ) ;
#804 = CARTESIAN_POINT ( 'NONE',  ( -3.120270278148117526, 24.49999999999999645, 3.566613137585274984 ) ) ;
#805 = PRODUCT_DEFINITION_FORMATION_WITH_SPECIFIED_SOURCE ( 'ANY', '', #4469, .NOT_KNOWN. ) ;
#806 = EDGE_CURVE ( 'NONE', #3662, #106, #1665, .T. ) ;
#807 = FACE_OUTER_BOUND ( 'NONE', #247, .T. ) ;
#808 = EDGE_CURVE ( 'NONE', #1587, #4083, #532, .T. ) ;
#809 = VERTEX_POINT ( 'NONE', #1773 ) ;
#810 = DIRECTION ( 'NONE',  ( 0.000000000000000000, -1.000000000000000000, -5.782411586589351722E-16 ) ) ;
#811 = CARTESIAN_POINT ( 'NONE',  ( -2.461427690470164631, 32.00000000000000000, -0.8810129075138400934 ) ) ;
#812 = CARTESIAN_POINT ( 'NONE',  ( 1.531423178240785665, 24.50000000000001421, 11.89312296962122772 ) ) ;
#813 = EDGE_LOOP ( 'NONE', ( #3233, #2133, #2293, #567 ) ) ;
#814 = DIRECTION ( 'NONE',  ( -1.000000000000000000, 0.000000000000000000, -0.000000000000000000 ) ) ;
#815 = VERTEX_POINT ( 'NONE', #4689 ) ;
#816 = FACE_OUTER_BOUND ( 'NONE', #4137, .T. ) ;
#817 = DIRECTION ( 'NONE',  ( -1.000000000000000000, 0.000000000000000000, -0.000000000000000000 ) ) ;
#818 = CARTESIAN_POINT ( 'NONE',  ( -2.249903526357163841, 32.00000000000000000, -1.050058994014394509 ) ) ;
#819 = VERTEX_POINT ( 'NONE', #2088 ) ;
#820 = AXIS2_PLACEMENT_3D ( 'NONE', #1848, #4877, #1491 ) ;
#821 = FACE_OUTER_BOUND ( 'NONE', #3322, .T. ) ;
#822 = CARTESIAN_POINT ( 'NONE',  ( -33.50000000000000000, 9.500000000000001776, 24.99999999999995381 ) ) ;
#823 = CARTESIAN_POINT ( 'NONE',  ( 34.00000000000000000, 32.00000000000000000, -29.00000000000002487 ) ) ;
#824 = EDGE_LOOP ( 'NONE', ( #329, #3081, #1984, #1726 ) ) ;
#825 = LINE ( 'NONE', #474, #3356 ) ;
#826 = EDGE_CURVE ( 'NONE', #2675, #1683, #1736, .T. ) ;
#827 = CARTESIAN_POINT ( 'NONE',  ( 12.05172136156067175, 23.00000000000000000, 19.36521081018123525 ) ) ;
#828 = EDGE_CURVE ( 'NONE', #2866, #4621, #4010, .T. ) ;
#829 = LINE ( 'NONE', #3869, #307 ) ;
#830 = VERTEX_POINT ( 'NONE', #4741 ) ;
#831 = VERTEX_POINT ( 'NONE', #2806 ) ;
#832 = FACE_OUTER_BOUND ( 'NONE', #233, .T. ) ;
#833 = EDGE_CURVE ( 'NONE', #185, #4726, #1396, .T. ) ;
#834 = FACE_BOUND ( 'NONE', #4228, .T. ) ;
#835 = DIRECTION ( 'NONE',  ( 0.000000000000000000, 0.000000000000000000, 1.000000000000000000 ) ) ;
#836 = EDGE_LOOP ( 'NONE', ( #1179, #496, #2183, #3112 ) ) ;
#837 = CARTESIAN_POINT ( 'NONE',  ( -1.579617136008335088, 32.00000000000000000, 11.47586458442107826 ) ) ;
#838 = ORIENTED_EDGE ( 'NONE', *, *, #4721, .T. ) ;
#839 = EDGE_LOOP ( 'NONE', ( #1950, #2042, #3705, #4132, #3961, #3012, #1246, #1909, #639, #149, #1905, #280 ) ) ;
#840 = DIRECTION ( 'NONE',  ( -0.000000000000000000, 0.000000000000000000, 1.000000000000000000 ) ) ;
#841 = LINE ( 'NONE', #1990, #2956 ) ;
#842 = CARTESIAN_POINT ( 'NONE',  ( -3.601026911978597145, 24.49999999999999645, 1.758059867859497194 ) ) ;
#843 = B_SPLINE_CURVE_WITH_KNOTS ( 'NONE', 2,
 ( #1850, #3345, #1095 ),
 .UNSPECIFIED., .F., .F.,
 ( 3, 3 ),
 ( 0.4996092373326300184, 0.5000455564054365754 ),
 .UNSPECIFIED. ) ;
#844 = ORIENTED_EDGE ( 'NONE', *, *, #2119, .F. ) ;
#845 = CARTESIAN_POINT ( 'NONE',  ( 3.000000000000003553, 29.09999999999999787, -20.04445395531110918 ) ) ;
#846 = DIRECTION ( 'NONE',  ( -1.000000000000000000, 0.000000000000000000, 0.000000000000000000 ) ) ;
#847 = CARTESIAN_POINT ( 'NONE',  ( -25.00000000000000711, 32.00000000000000000, 38.99999999999996447 ) ) ;
#848 = VECTOR ( 'NONE', #2450, 1000.000000000000000 ) ;
#849 = ORIENTED_EDGE ( 'NONE', *, *, #968, .F. ) ;
#850 = CYLINDRICAL_SURFACE ( 'NONE', #569, 8.999999999999994671 ) ;
#851 = VECTOR ( 'NONE', #539, 1000.000000000000000 ) ;
#852 = ADVANCED_FACE ( 'NONE', ( #3953 ), #2895, .F. ) ;
#853 = DIRECTION ( 'NONE',  ( 0.000000000000000000, 0.000000000000000000, -1.000000000000000000 ) ) ;
#854 = CARTESIAN_POINT ( 'NONE',  ( 25.00000000000000711, 2.000000000000000000, -29.00000000000002132 ) ) ;
#855 = VECTOR ( 'NONE', #1556, 1000.000000000000000 ) ;
#856 = ORIENTED_EDGE ( 'NONE', *, *, #1362, .F. ) ;
#857 = DIRECTION ( 'NONE',  ( -0.000000000000000000, -1.000000000000000000, -0.000000000000000000 ) ) ;
#858 = CARTESIAN_POINT ( 'NONE',  ( -3.100088496576546060, 24.50000000000001421, 9.027369547968589814 ) ) ;
#859 = VECTOR ( 'NONE', #4000, 1000.000000000000000 ) ;
#860 = CARTESIAN_POINT ( 'NONE',  ( 0.9638814166138246486, 31.99999999999999289, 12.74173163049445279 ) ) ;
#861 = ORIENTED_EDGE ( 'NONE', *, *, #3776, .T. ) ;
#862 = EDGE_CURVE ( 'NONE', #599, #4008, #1242, .T. ) ;
#863 = DIRECTION ( 'NONE',  ( -0.000000000000000000, 1.000000000000000000, -0.000000000000000000 ) ) ;
#864 = ORIENTED_EDGE ( 'NONE', *, *, #968, .T. ) ;
#865 = AXIS2_PLACEMENT_3D ( 'NONE', #2542, #1363, #1787 ) ;
#866 = VECTOR ( 'NONE', #1346, 1000.000000000000000 ) ;
#867 = ORIENTED_EDGE ( 'NONE', *, *, #47, .T. ) ;
#868 = CARTESIAN_POINT ( 'NONE',  ( 2.651488634864841654, 32.00000000000000711, -0.6886054238841966546 ) ) ;
#869 = DIRECTION ( 'NONE',  ( -7.231381220052033417E-15, 0.000000000000000000, 1.000000000000000000 ) ) ;
#870 = CIRCLE ( 'NONE', #3665, 1.600000000000000755 ) ;
#871 = EDGE_CURVE ( 'NONE', #403, #1045, #4401, .T. ) ;
#872 = PLANE ( 'NONE',  #520 ) ;
#873 = ORIENTED_EDGE ( 'NONE', *, *, #3148, .F. ) ;
#874 = FACE_OUTER_BOUND ( 'NONE', #1541, .T. ) ;
#875 = VECTOR ( 'NONE', #1965, 1000.000000000000000 ) ;
#876 = DIRECTION ( 'NONE',  ( 0.000000000000000000, 0.000000000000000000, 1.000000000000000000 ) ) ;
#877 = ORIENTED_EDGE ( 'NONE', *, *, #3057, .T. ) ;
#878 = DIRECTION ( 'NONE',  ( 1.000000000000000000, -0.000000000000000000, 6.033511238739806017E-15 ) ) ;
#879 = DIRECTION ( 'NONE',  ( 0.000000000000000000, 0.000000000000000000, 1.000000000000000000 ) ) ;
#880 = CARTESIAN_POINT ( 'NONE',  ( 1.101485361694153120, 32.00000000000000000, 5.187071063562639139 ) ) ;
#881 = VECTOR ( 'NONE', #563, 1000.000000000000000 ) ;
#882 = EDGE_LOOP ( 'NONE', ( #856, #675, #3675, #1046 ) ) ;
#883 = VECTOR ( 'NONE', #4586, 1000.000000000000000 ) ;
#884 = EDGE_LOOP ( 'NONE', ( #2383, #4573, #71, #4278, #2924, #3870 ) ) ;
#885 = CARTESIAN_POINT ( 'NONE',  ( 1.101485361694153120, 32.00000000000000000, 5.860867144937147444 ) ) ;
#886 = CARTESIAN_POINT ( 'NONE',  ( -2.819238454831717089, 24.49999999999999645, 10.05757038045173246 ) ) ;
#887 = LINE ( 'NONE', #3534, #73 ) ;
#888 = ORIENTED_EDGE ( 'NONE', *, *, #4798, .F. ) ;
#889 = FACE_OUTER_BOUND ( 'NONE', #2790, .T. ) ;
#890 = CARTESIAN_POINT ( 'NONE',  ( 25.00000000000000711, 2.000000000000001776, 37.49999999999996447 ) ) ;
#891 = ORIENTED_EDGE ( 'NONE', *, *, #3794, .F. ) ;
#892 = ORIENTED_EDGE ( 'NONE', *, *, #3029, .T. ) ;
#893 = ORIENTED_EDGE ( 'NONE', *, *, #3394, .T. ) ;
#894 = CARTESIAN_POINT ( 'NONE',  ( 0.000000000000000000, 29.50000000000000000, -38.00000000000002842 ) ) ;
#895 = CARTESIAN_POINT ( 'NONE',  ( -2.856015666920964868, 24.50000000000000711, 7.541194726343437793 ) ) ;
#896 = EDGE_CURVE ( 'NONE', #1277, #1001, #2037, .T. ) ;
#897 = DIRECTION ( 'NONE',  ( -1.000000000000000000, 0.000000000000000000, -0.000000000000000000 ) ) ;
#898 = ORIENTED_EDGE ( 'NONE', *, *, #2562, .T. ) ;
#899 = DIRECTION ( 'NONE',  ( -0.000000000000000000, 1.000000000000000000, -0.000000000000000000 ) ) ;
#900 = CARTESIAN_POINT ( 'NONE',  ( -1.579617136008335088, 32.00000000000000000, 11.48414578258329399 ) ) ;
#901 = EDGE_CURVE ( 'NONE', #2299, #4202, #3585, .T. ) ;
#902 = ORIENTED_EDGE ( 'NONE', *, *, #3693, .T. ) ;
#903 = DIRECTION ( 'NONE',  ( 1.000000000000000000, 0.000000000000000000, 0.000000000000000000 ) ) ;
#904 = LINE ( 'NONE', #4653, #1583 ) ;
#905 = DIRECTION ( 'NONE',  ( 0.000000000000000000, 0.000000000000000000, -1.000000000000000000 ) ) ;
#906 = ORIENTED_EDGE ( 'NONE', *, *, #4404, .F. ) ;
#907 = DIRECTION ( 'NONE',  ( 0.000000000000000000, 0.000000000000000000, -1.000000000000000000 ) ) ;
#908 = CARTESIAN_POINT ( 'NONE',  ( 2.988605851894670984, 24.50000000000000355, -0.2655010194063509577 ) ) ;
#909 = DIRECTION ( 'NONE',  ( -1.000000000000000000, -0.000000000000000000, -0.000000000000000000 ) ) ;
#910 = ORIENTED_EDGE ( 'NONE', *, *, #3465, .F. ) ;
#911 = PLANE ( 'NONE',  #2302 ) ;
#912 = DIRECTION ( 'NONE',  ( 0.000000000000000000, 0.000000000000000000, -1.000000000000000000 ) ) ;
#913 = CIRCLE ( 'NONE', #752, 8.499999999999992895 ) ;
#914 = VERTEX_POINT ( 'NONE', #3664 ) ;
#915 = ORIENTED_EDGE ( 'NONE', *, *, #1953, .F. ) ;
#916 = ORIENTED_EDGE ( 'NONE', *, *, #184, .T. ) ;
#917 = PLANE ( 'NONE',  #2142 ) ;
#918 = CARTESIAN_POINT ( 'NONE',  ( -1.576085913135946814, 32.00000000000000000, 11.42771081216553419 ) ) ;
#919 = FACE_OUTER_BOUND ( 'NONE', #753, .T. ) ;
#920 = ORIENTED_EDGE ( 'NONE', *, *, #746, .T. ) ;
#921 = EDGE_CURVE ( 'NONE', #1633, #3412, #158, .T. ) ;
#922 = CARTESIAN_POINT ( 'NONE',  ( -1.099844525993681765, 31.99999999999999289, 5.187071063562624929 ) ) ;
#923 = CARTESIAN_POINT ( 'NONE',  ( -1.576085913135946814, 24.50000000000000000, 11.42771081216550755 ) ) ;
#924 = ORIENTED_EDGE ( 'NONE', *, *, #1281, .F. ) ;
#925 = EDGE_CURVE ( 'NONE', #150, #1656, #187, .T. ) ;
#926 = PRESENTATION_STYLE_ASSIGNMENT (( #2880 ) ) ;
#927 = FACE_OUTER_BOUND ( 'NONE', #813, .T. ) ;
#928 = VECTOR ( 'NONE', #4259, 1000.000000000000000 ) ;
#929 = CARTESIAN_POINT ( 'NONE',  ( 10.26313544481721429, 28.50000000000000355, 18.29275258568390683 ) ) ;
#930 = ORIENTED_EDGE ( 'NONE', *, *, #92, .T. ) ;
#931 = ORIENTED_EDGE ( 'NONE', *, *, #634, .F. ) ;
#932 = VECTOR ( 'NONE', #1725, 1000.000000000000000 ) ;
#933 = PLANE ( 'NONE',  #3504 ) ;
#934 = CARTESIAN_POINT ( 'NONE',  ( 8.374824250234464529, 28.49999999999999645, 13.67730034089338531 ) ) ;
#935 = CARTESIAN_POINT ( 'NONE',  ( 4.100096472055509977, 32.00000000000000000, 22.45905727886303538 ) ) ;
#936 = AXIS2_PLACEMENT_3D ( 'NONE', #4734, #1333, #3945 ) ;
#937 = VERTEX_POINT ( 'NONE', #1717 ) ;
#938 = CARTESIAN_POINT ( 'NONE',  ( 1.581279503555500732, 24.50000000000000000, 12.35902778106247801 ) ) ;
#939 = LINE ( 'NONE', #1342, #1101 ) ;
#940 = VERTEX_POINT ( 'NONE', #3985 ) ;
#941 = ORIENTED_EDGE ( 'NONE', *, *, #2555, .T. ) ;
#942 = ORIENTED_EDGE ( 'NONE', *, *, #1219, .F. ) ;
#943 = LINE ( 'NONE', #2116, #2217 ) ;
#944 = AXIS2_PLACEMENT_3D ( 'NONE', #3143, #1970, #1946 ) ;
#945 = CARTESIAN_POINT ( 'NONE',  ( 35.00000000000000000, 32.00000000000000000, -29.00000000000002132 ) ) ;
#946 = CARTESIAN_POINT ( 'NONE',  ( 34.00000000000000000, 32.00000000000000000, 28.99999999999997513 ) ) ;
#947 = CARTESIAN_POINT ( 'NONE',  ( -35.00000000000000000, 14.99999999999999645, 3.999999999999954259 ) ) ;
#948 = CIRCLE ( 'NONE', #540, 0.2500000000000002220 ) ;
#949 = ORIENTED_EDGE ( 'NONE', *, *, #4521, .T. ) ;
#950 = DIRECTION ( 'NONE',  ( -0.000000000000000000, -1.000000000000000000, -0.000000000000000000 ) ) ;
#951 = CARTESIAN_POINT ( 'NONE',  ( 15.84405090676714600, 23.00000000000000000, 13.67730034089338709 ) ) ;
#952 = AXIS2_PLACEMENT_3D ( 'NONE', #1821, #1400, #4476 ) ;
#953 = EDGE_CURVE ( 'NONE', #1890, #3072, #939, .T. ) ;
#954 = DIRECTION ( 'NONE',  ( 0.000000000000000000, 1.000000000000000000, 3.491481338843133355E-15 ) ) ;
#955 = EDGE_CURVE ( 'NONE', #3013, #1003, #2112, .T. ) ;
#956 = CIRCLE ( 'NONE', #2292, 9.999999999999998224 ) ;
#957 = ORIENTED_EDGE ( 'NONE', *, *, #353, .F. ) ;
#958 = CARTESIAN_POINT ( 'NONE',  ( 3.101750864123765883, 24.49999999999999289, 8.757180451233468332 ) ) ;
#959 = EDGE_CURVE ( 'NONE', #1581, #1487, #3493, .T. ) ;
#960 = DIRECTION ( 'NONE',  ( 1.000000000000000000, -2.438088387897967896E-29, 6.982962677686266711E-15 ) ) ;
#961 = ADVANCED_FACE ( 'NONE', ( #2135, #3288 ), #1865, .T. ) ;
#962 = AXIS2_PLACEMENT_3D ( 'NONE', #3958, #4667, #1290 ) ;
#963 = CARTESIAN_POINT ( 'NONE',  ( 1.579375560123244870, 32.00000000000000000, 11.43583728693412560 ) ) ;
#964 = CARTESIAN_POINT ( 'NONE',  ( 25.00000000000000711, 32.00000000000000000, 38.99999999999996447 ) ) ;
#965 = EDGE_CURVE ( 'NONE', #3893, #4735, #4766, .T. ) ;
#966 = DIRECTION ( 'NONE',  ( -0.000000000000000000, 1.000000000000000000, -0.000000000000000000 ) ) ;
#967 = B_SPLINE_CURVE_WITH_KNOTS ( 'NONE', 2,
 ( #3010, #2190, #3319 ),
 .UNSPECIFIED., .F., .F.,
 ( 3, 3 ),
 ( 7.000000000000000000, 8.000000000000000000 ),
 .UNSPECIFIED. ) ;
#968 = EDGE_CURVE ( 'NONE', #2136, #4750, #1419, .T. ) ;
#969 = ORIENTED_EDGE ( 'NONE', *, *, #3280, .F. ) ;
#970 = CARTESIAN_POINT ( 'NONE',  ( -27.50000000000000355, 10.50000000000000178, 23.86623553487585525 ) ) ;
#971 = DIRECTION ( 'NONE',  ( -1.000000000000000000, 0.000000000000000000, -0.000000000000000000 ) ) ;
#972 = ORIENTED_EDGE ( 'NONE', *, *, #1534, .T. ) ;
#973 = EDGE_LOOP ( 'NONE', ( #3357, #4268, #3906, #1302 ) ) ;
#974 = CARTESIAN_POINT ( 'NONE',  ( 15.84405090676714600, 28.49999999999999645, 13.67730034089338709 ) ) ;
#975 = VECTOR ( 'NONE', #116, 1000.000000000000000 ) ;
#976 = LINE ( 'NONE', #3616, #4861 ) ;
#977 = DIRECTION ( 'NONE',  ( -1.000000000000000000, -0.000000000000000000, -7.042722500554166628E-15 ) ) ;
#978 = CARTESIAN_POINT ( 'NONE',  ( -2.999999999999996447, 29.09999999999999787, -14.04445395531110741 ) ) ;
#979 = VERTEX_POINT ( 'NONE', #1465 ) ;
#980 = VERTEX_POINT ( 'NONE', #3030 ) ;
#981 = ORIENTED_EDGE ( 'NONE', *, *, #748, .T. ) ;
#982 = DIRECTION ( 'NONE',  ( 0.000000000000000000, 0.000000000000000000, -1.000000000000000000 ) ) ;
#983 = DIRECTION ( 'NONE',  ( -0.000000000000000000, -1.000000000000000000, -0.000000000000000000 ) ) ;
#984 = DIRECTION ( 'NONE',  ( -0.000000000000000000, -1.000000000000000000, -0.000000000000000000 ) ) ;
#985 = CARTESIAN_POINT ( 'NONE',  ( -35.00000000000000000, 10.50000000000000711, 17.99999999999995737 ) ) ;
#986 = DIRECTION ( 'NONE',  ( 1.000000000000000000, 0.000000000000000000, -2.748605226541390308E-16 ) ) ;
#987 = CARTESIAN_POINT ( 'NONE',  ( 2.795644634101584813, 32.00000000000000000, 4.034604252371991606 ) ) ;
#988 = VERTEX_POINT ( 'NONE', #2205 ) ;
#989 = ADVANCED_FACE ( 'NONE', ( #2984, #1884 ), #4061, .F. ) ;
#990 = CARTESIAN_POINT ( 'NONE',  ( 10.91402400899246850, 32.00000000000000000, 18.55258812566868798 ) ) ;
#991 = CARTESIAN_POINT ( 'NONE',  ( -27.50000000000000355, 10.49999999999999467, 0.2499999999999533706 ) ) ;
#992 = VERTEX_POINT ( 'NONE', #734 ) ;
#993 = DIRECTION ( 'NONE',  ( -0.000000000000000000, 0.000000000000000000, -1.000000000000000000 ) ) ;
#994 = CARTESIAN_POINT ( 'NONE',  ( -35.00000000000000000, 11.99999999999999645, 10.99999999999995381 ) ) ;
#995 = EDGE_CURVE ( 'NONE', #3561, #3639, #1425, .T. ) ;
#996 = ORIENTED_EDGE ( 'NONE', *, *, #4283, .T. ) ;
#997 = ORIENTED_EDGE ( 'NONE', *, *, #3573, .T. ) ;
#998 = CARTESIAN_POINT ( 'NONE',  ( 0.000000000000000000, 23.00000000000000000, 18.33801126270789084 ) ) ;
#999 = FACE_OUTER_BOUND ( 'NONE', #4901, .T. ) ;
#1000 = LINE ( 'NONE', #2498, #2617 ) ;
#1001 = VERTEX_POINT ( 'NONE', #640 ) ;
#1002 = DIRECTION ( 'NONE',  ( 1.000000000000000000, 0.000000000000000000, 0.000000000000000000 ) ) ;
#1003 = VERTEX_POINT ( 'NONE', #710 ) ;
#1004 = VERTEX_POINT ( 'NONE', #3312 ) ;
#1005 = ORIENTED_EDGE ( 'NONE', *, *, #925, .T. ) ;
#1006 = CARTESIAN_POINT ( 'NONE',  ( 0.0008204178503570802583, 25.00000000000012790, 13.06458333644164327 ) ) ;
#1007 = LINE ( 'NONE', #3275, #4214 ) ;
#1008 = EDGE_CURVE ( 'NONE', #3028, #4894, #4895, .T. ) ;
#1009 = ORIENTED_EDGE ( 'NONE', *, *, #4179, .T. ) ;
#1010 = SURFACE_SIDE_STYLE ('',( #2820 ) ) ;
#1011 = CARTESIAN_POINT ( 'NONE',  ( -34.25000000000000711, 2.000000000000000000, -29.00000000000002132 ) ) ;
#1012 = CARTESIAN_POINT ( 'NONE',  ( -33.50000000000000711, 17.50000000000000000, 24.99999999999995026 ) ) ;
#1013 = EDGE_CURVE ( 'NONE', #2730, #2641, #3335, .T. ) ;
#1014 = DIRECTION ( 'NONE',  ( -1.000000000000000000, 0.000000000000000000, 0.000000000000000000 ) ) ;
#1015 = DIRECTION ( 'NONE',  ( 1.000000000000000000, -0.000000000000000000, 6.033511238739842304E-15 ) ) ;
#1016 = ORIENTED_EDGE ( 'NONE', *, *, #254, .T. ) ;
#1017 = DIRECTION ( 'NONE',  ( 0.000000000000000000, 1.000000000000000000, 3.491481338843133355E-15 ) ) ;
#1018 = ORIENTED_EDGE ( 'NONE', *, *, #3846, .F. ) ;
#1019 = ORIENTED_EDGE ( 'NONE', *, *, #1389, .T. ) ;
#1020 = ORIENTED_EDGE ( 'NONE', *, *, #2461, .F. ) ;
#1021 = CARTESIAN_POINT ( 'NONE',  ( -8.871527771911470239, 28.49999999999999645, 17.83061455815338547 ) ) ;
#1022 = PLANE ( 'NONE',  #1058 ) ;
#1023 = AXIS2_PLACEMENT_3D ( 'NONE', #168, #2923, #1748 ) ;
#1024 = LINE ( 'NONE', #3768, #3107 ) ;
#1025 = EDGE_CURVE ( 'NONE', #1043, #3084, #4514, .T. ) ;
#1026 = VERTEX_POINT ( 'NONE', #3696 ) ;
#1027 = DIRECTION ( 'NONE',  ( -6.982962677686266711E-15, -3.491481338843133355E-15, 1.000000000000000000 ) ) ;
#1028 = ORIENTED_EDGE ( 'NONE', *, *, #1510, .T. ) ;
#1029 = ORIENTED_EDGE ( 'NONE', *, *, #3813, .F. ) ;
#1030 = VECTOR ( 'NONE', #4103, 1000.000000000000000 ) ;
#1031 = LINE ( 'NONE', #2971, #781 ) ;
#1032 = CARTESIAN_POINT ( 'NONE',  ( 25.00000000000000711, 0.000000000000000000, 38.24999999999996447 ) ) ;
#1033 = ADVANCED_FACE ( 'NONE', ( #668 ), #4451, .F. ) ;
#1034 =( GEOMETRIC_REPRESENTATION_CONTEXT ( 3 ) GLOBAL_UNCERTAINTY_ASSIGNED_CONTEXT ( ( #4141 ) ) GLOBAL_UNIT_ASSIGNED_CONTEXT ( ( #3686, #2429, #2126 ) ) REPRESENTATION_CONTEXT ( 'NONE', 'WORKASPACE' ) );
#1035 = DIRECTION ( 'NONE',  ( -1.000000000000000000, 0.000000000000000000, 0.000000000000000000 ) ) ;
#1036 = ADVANCED_FACE ( 'NONE', ( #687 ), #2621, .F. ) ;
#1037 = LINE ( 'NONE', #2173, #4919 ) ;
#1038 = AXIS2_PLACEMENT_3D ( 'NONE', #998, #4429, #1091 ) ;
#1039 = CARTESIAN_POINT ( 'NONE',  ( 25.00000000000000711, 28.49999999999999645, 28.99999999999997158 ) ) ;
#1040 = ORIENTED_EDGE ( 'NONE', *, *, #2590, .T. ) ;
#1041 = CARTESIAN_POINT ( 'NONE',  ( 2.400538549699616997, 32.00000000000000000, 10.74018598397164581 ) ) ;
#1042 = ORIENTED_EDGE ( 'NONE', *, *, #2257, .T. ) ;
#1043 = VERTEX_POINT ( 'NONE', #3718 ) ;
#1044 = CARTESIAN_POINT ( 'NONE',  ( -0.2079702185871701303, 32.00000000000000000, 13.06458333644166814 ) ) ;
#1045 = VERTEX_POINT ( 'NONE', #357 ) ;
#1046 = ORIENTED_EDGE ( 'NONE', *, *, #2146, .T. ) ;
#1047 = EDGE_LOOP ( 'NONE', ( #4356, #2732, #2674, #2643, #1655, #3290, #4781, #1472 ) ) ;
#1048 = CARTESIAN_POINT ( 'NONE',  ( -2.799999999999999378, -13.91959594928933441, 21.13801126270789155 ) ) ;
#1049 = DIRECTION ( 'NONE',  ( -0.5912641566494920564, -2.815802741241716783E-15, 0.8064779581994570012 ) ) ;
#1050 = CARTESIAN_POINT ( 'NONE',  ( -33.50000000000000711, 10.49999999999999822, 18.99999999999995737 ) ) ;
#1051 = ORIENTED_EDGE ( 'NONE', *, *, #4681, .F. ) ;
#1052 = CARTESIAN_POINT ( 'NONE',  ( 34.25000000000000000, 0.000000000000000000, -29.00000000000002487 ) ) ;
#1053 = ORIENTED_EDGE ( 'NONE', *, *, #1107, .F. ) ;
#1054 = ORIENTED_EDGE ( 'NONE', *, *, #4884, .F. ) ;
#1055 = B_SPLINE_SURFACE_WITH_KNOTS ( 'NONE', 3, 1, ( 
 ( #603, #922 ),
 ( #171, #3646 ),
 ( #4412, #3566 ),
 ( #142, #2792 ) ),
 .UNSPECIFIED., .F., .F., .F.,
 ( 4, 4 ),
 ( 2, 2 ),
 ( 14.00000000000000000, 15.00000000000000000 ),
 ( 0.000000000000000000, 1.000000000000000000 ),
 .UNSPECIFIED. ) ;
#1056 = VERTEX_POINT ( 'NONE', #4923 ) ;
#1057 = CIRCLE ( 'NONE', #3519, 8.999999999999998224 ) ;
#1058 = AXIS2_PLACEMENT_3D ( 'NONE', #323, #1115, #2163 ) ;
#1059 = DIRECTION ( 'NONE',  ( 0.000000000000000000, 1.000000000000000000, 3.491481338843133355E-15 ) ) ;
#1060 = EDGE_CURVE ( 'NONE', #1314, #582, #2182, .T. ) ;
#1061 = CARTESIAN_POINT ( 'NONE',  ( -1.576085913135946814, 24.50000000000000000, 11.42771081216550755 ) ) ;
#1062 = ADVANCED_FACE ( 'NONE', ( #4475 ), #1147, .F. ) ;
#1063 = LINE ( 'NONE', #605, #4611 ) ;
#1064 = CARTESIAN_POINT ( 'NONE',  ( -3.601026911978599809, 32.00000000000000000, 2.139566395690075673 ) ) ;
#1065 = EDGE_CURVE ( 'NONE', #4621, #2409, #1624, .T. ) ;
#1066 = LINE ( 'NONE', #2568, #1749 ) ;
#1067 = CARTESIAN_POINT ( 'NONE',  ( 1.581279503555507837, 24.50000000000000355, 11.48414578258328866 ) ) ;
#1068 = ORIENTED_EDGE ( 'NONE', *, *, #2791, .T. ) ;
#1069 = CARTESIAN_POINT ( 'NONE',  ( -1.499747920382778821, 31.99999999999999289, 11.99370165127355570 ) ) ;
#1070 = ORIENTED_EDGE ( 'NONE', *, *, #1223, .F. ) ;
#1071 = DIRECTION ( 'NONE',  ( 0.000000000000000000, 0.000000000000000000, -1.000000000000000000 ) ) ;
#1072 = CARTESIAN_POINT ( 'NONE',  ( -7.601536384991169903, 25.00000000000011724, 16.80050947618686052 ) ) ;
#1073 = CARTESIAN_POINT ( 'NONE',  ( 3.101750864123759222, 32.00000000000000000, 9.893114560107507671 ) ) ;
#1074 = ORIENTED_EDGE ( 'NONE', *, *, #3424, .F. ) ;
#1075 = DIRECTION ( 'NONE',  ( 1.000000000000000000, -0.000000000000000000, 3.802133645976563900E-16 ) ) ;
#1076 = ORIENTED_EDGE ( 'NONE', *, *, #959, .F. ) ;
#1077 = ORIENTED_EDGE ( 'NONE', *, *, #4688, .F. ) ;
#1078 = DIRECTION ( 'NONE',  ( 1.000000000000000000, -0.000000000000000000, 3.802133645976563900E-16 ) ) ;
#1079 = LINE ( 'NONE', #2948, #391 ) ;
#1080 = EDGE_CURVE ( 'NONE', #3924, #3225, #4221, .T. ) ;
#1081 = CARTESIAN_POINT ( 'NONE',  ( -1.576085913135946814, 32.00000000000000000, 11.42771081216553419 ) ) ;
#1082 = EDGE_LOOP ( 'NONE', ( #3234, #4481, #241, #3879 ) ) ;
#1083 = CARTESIAN_POINT ( 'NONE',  ( -12.05359021688597032, 23.00000000000000000, 19.36521081018106116 ) ) ;
#1084 = LINE ( 'NONE', #2589, #3422 ) ;
#1085 = EDGE_CURVE ( 'NONE', #3477, #2263, #1501, .T. ) ;
#1086 = CARTESIAN_POINT ( 'NONE',  ( -14.49833763245320029, 23.00000000000000000, 24.06419186098114693 ) ) ;
#1087 = EDGE_CURVE ( 'NONE', #2873, #1088, #3149, .T. ) ;
#1088 = VERTEX_POINT ( 'NONE', #1906 ) ;
#1089 = DIRECTION ( 'NONE',  ( 0.000000000000000000, -0.000000000000000000, -1.000000000000000000 ) ) ;
#1090 = ORIENTED_EDGE ( 'NONE', *, *, #3884, .T. ) ;
#1091 = DIRECTION ( 'NONE',  ( 0.000000000000000000, 0.000000000000000000, -1.000000000000000000 ) ) ;
#1092 = DIRECTION ( 'NONE',  ( 0.000000000000000000, -1.000000000000000000, -3.491481338843133355E-15 ) ) ;
#1093 = DIRECTION ( 'NONE',  ( 0.000000000000000000, 0.000000000000000000, -1.000000000000000000 ) ) ;
#1094 = ORIENTED_EDGE ( 'NONE', *, *, #2565, .T. ) ;
#1095 = CARTESIAN_POINT ( 'NONE',  ( 7.599667515478469859, 32.00000000000000000, 18.11989492295154491 ) ) ;
#1096 = ORIENTED_EDGE ( 'NONE', *, *, #4333, .F. ) ;
#1097 = DIRECTION ( 'NONE',  ( 0.000000000000000000, 0.000000000000000000, 1.000000000000000000 ) ) ;
#1098 = VECTOR ( 'NONE', #1002, 1000.000000000000000 ) ;
#1099 = DIRECTION ( 'NONE',  ( 0.000000000000000000, -1.000000000000000000, 0.000000000000000000 ) ) ;
#1100 = CARTESIAN_POINT ( 'NONE',  ( 6.346119218776775206, 24.50000000000000000, -6.021333691102119801 ) ) ;
#1101 = VECTOR ( 'NONE', #2862, 1000.000000000000000 ) ;
#1102 = CARTESIAN_POINT ( 'NONE',  ( -3.121567404665261503, 32.00000000000000711, 3.564363223914125633 ) ) ;
#1103 = LINE ( 'NONE', #2613, #3350 ) ;
#1104 = DIRECTION ( 'NONE',  ( 1.196361017915039486E-16, 0.000000000000000000, 1.000000000000000000 ) ) ;
#1105 = AXIS2_PLACEMENT_3D ( 'NONE', #1388, #2954, #2979 ) ;
#1106 = VECTOR ( 'NONE', #1591, 1000.000000000000000 ) ;
#1107 = EDGE_CURVE ( 'NONE', #327, #1959, #3481, .T. ) ;
#1108 = LINE ( 'NONE', #776, #4872 ) ;
#1109 = ADVANCED_FACE ( 'NONE', ( #4944 ), #2695, .T. ) ;
#1110 = ORIENTED_EDGE ( 'NONE', *, *, #1701, .F. ) ;
#1111 = CARTESIAN_POINT ( 'NONE',  ( 5.299549528938837462, 32.00000000000000000, 16.80050947618696355 ) ) ;
#1112 = ORIENTED_EDGE ( 'NONE', *, *, #1401, .F. ) ;
#1113 = CARTESIAN_POINT ( 'NONE',  ( 7.599667529665894428, 32.00000000000000000, 16.80050947618696355 ) ) ;
#1114 = ADVANCED_FACE ( 'NONE', ( #807 ), #2313, .F. ) ;
#1115 = DIRECTION ( 'NONE',  ( -0.000000000000000000, 1.000000000000000000, 4.613788877420475110E-15 ) ) ;
#1116 = CARTESIAN_POINT ( 'NONE',  ( -35.00000000000000711, 30.00000000000000000, -29.00000000000001776 ) ) ;
#1117 = ADVANCED_FACE ( 'NONE', ( #2358 ), #3051, .F. ) ;
#1118 = CARTESIAN_POINT ( 'NONE',  ( 7.599667529665884658, 29.49999999999983302, 18.11989491965052324 ) ) ;
#1119 = EDGE_LOOP ( 'NONE', ( #1238, #4104, #4452, #4680, #1963, #1146, #188, #4713 ) ) ;
#1120 = ORIENTED_EDGE ( 'NONE', *, *, #3029, .F. ) ;
#1121 = CARTESIAN_POINT ( 'NONE',  ( 3.120862784027169212, 24.50000000000000355, 3.563531218508560361 ) ) ;
#1122 = CARTESIAN_POINT ( 'NONE',  ( -1.579453351306496112, 24.50000000000000000, 11.46297966177918504 ) ) ;
#1123 = VECTOR ( 'NONE', #49, 1000.000000000000000 ) ;
#1124 = DIRECTION ( 'NONE',  ( -1.000000000000000000, -0.000000000000000000, -0.000000000000000000 ) ) ;
#1125 = CARTESIAN_POINT ( 'NONE',  ( -2.799606528344505296, 32.00000000000000711, 4.031043438379135146 ) ) ;
#1126 = FACE_OUTER_BOUND ( 'NONE', #3446, .T. ) ;
#1127 = CARTESIAN_POINT ( 'NONE',  ( -19.81171673543281031, 28.49999999999999645, 27.23807268525122538 ) ) ;
#1128 = CARTESIAN_POINT ( 'NONE',  ( -3.586239581378392494, 24.50000000000000355, 2.137775664726464075 ) ) ;
#1129 = ORIENTED_EDGE ( 'NONE', *, *, #1287, .F. ) ;
#1130 = EDGE_CURVE ( 'NONE', #2963, #3880, #2721, .T. ) ;
#1131 = CARTESIAN_POINT ( 'NONE',  ( -1.579617136008335088, 32.00000000000000711, 11.58852321145674580 ) ) ;
#1132 = PLANE ( 'NONE',  #3973 ) ;
#1133 = FACE_OUTER_BOUND ( 'NONE', #4806, .T. ) ;
#1134 = LINE ( 'NONE', #4641, #2794 ) ;
#1135 = ORIENTED_EDGE ( 'NONE', *, *, #2492, .F. ) ;
#1136 = EDGE_CURVE ( 'NONE', #762, #3242, #3428, .T. ) ;
#1137 = CARTESIAN_POINT ( 'NONE',  ( -3.601026911978597145, 24.50000000000000000, 1.758059867859497194 ) ) ;
#1138 = CARTESIAN_POINT ( 'NONE',  ( -14.49833763245317364, 23.00000000000000000, 19.36521081018106827 ) ) ;
#1139 = DIRECTION ( 'NONE',  ( 0.000000000000000000, -0.000000000000000000, -1.000000000000000000 ) ) ;
#1140 = CARTESIAN_POINT ( 'NONE',  ( 34.25000000000000000, 2.000000000000000000, -29.00000000000002487 ) ) ;
#1141 = DIRECTION ( 'NONE',  ( -0.000000000000000000, -1.000000000000000000, -0.000000000000000000 ) ) ;
#1142 = CARTESIAN_POINT ( 'NONE',  ( 1.577748280683119564, 24.50000000000000000, 11.42771081216552886 ) ) ;
#1143 = CARTESIAN_POINT ( 'NONE',  ( -13.50043034469988434, 23.00000000000000000, 12.01317212208040530 ) ) ;
#1144 = FACE_OUTER_BOUND ( 'NONE', #3622, .T. ) ;
#1145 = PLANE ( 'NONE',  #2464 ) ;
#1146 = ORIENTED_EDGE ( 'NONE', *, *, #901, .T. ) ;
#1147 = PLANE ( 'NONE',  #43 ) ;
#1148 = CARTESIAN_POINT ( 'NONE',  ( -27.50000000000000355, 10.49999999999999112, 13.24999999999995204 ) ) ;
#1149 = LINE ( 'NONE', #4927, #2886 ) ;
#1150 = ADVANCED_FACE ( 'NONE', ( #3453 ), #42, .T. ) ;
#1151 = CARTESIAN_POINT ( 'NONE',  ( 1.373260321198249923, 24.50000000000000000, 12.27552364681331909 ) ) ;
#1152 = EDGE_CURVE ( 'NONE', #657, #1511, #2431, .T. ) ;
#1153 = ORIENTED_EDGE ( 'NONE', *, *, #4370, .F. ) ;
#1154 = CARTESIAN_POINT ( 'NONE',  ( 25.00000000000000711, 28.49999999999999645, 37.49999999999996447 ) ) ;
#1155 = ORIENTED_EDGE ( 'NONE', *, *, #2082, .T. ) ;
#1156 = CARTESIAN_POINT ( 'NONE',  ( -12.05359021688597032, 25.00000000000010658, 19.36521081018106827 ) ) ;
#1157 = DIRECTION ( 'NONE',  ( -0.000000000000000000, -1.000000000000000000, -0.000000000000000000 ) ) ;
#1158 = EDGE_CURVE ( 'NONE', #85, #1645, #829, .T. ) ;
#1159 = VECTOR ( 'NONE', #3190, 1000.000000000000000 ) ;
#1160 = CARTESIAN_POINT ( 'NONE',  ( -25.00000000000000711, 28.49999999999999645, -37.50000000000003553 ) ) ;
#1161 = ORIENTED_EDGE ( 'NONE', *, *, #1605, .F. ) ;
#1162 = VECTOR ( 'NONE', #4803, 1000.000000000000000 ) ;
#1163 = CARTESIAN_POINT ( 'NONE',  ( 17.70476182858164549, 23.00000000000000000, 27.23807268525122538 ) ) ;
#1164 = DIRECTION ( 'NONE',  ( 1.000000000000000000, 0.000000000000000000, 0.000000000000000000 ) ) ;
#1165 = EDGE_CURVE ( 'NONE', #3240, #1618, #2104, .T. ) ;
#1166 = DIRECTION ( 'NONE',  ( 0.7071067811865473507, 0.000000000000000000, -0.7071067811865476838 ) ) ;
#1167 = VECTOR ( 'NONE', #3128, 1000.000000000000000 ) ;
#1168 = EDGE_CURVE ( 'NONE', #4544, #4642, #2885, .T. ) ;
#1169 = ORIENTED_EDGE ( 'NONE', *, *, #2201, .T. ) ;
#1170 = LINE ( 'NONE', #3478, #881 ) ;
#1171 = CARTESIAN_POINT ( 'NONE',  ( -3.482093713828088077, 24.50000000000001421, 2.698530254056640043 ) ) ;
#1172 = AXIS2_PLACEMENT_3D ( 'NONE', #3640, #2759, #2447 ) ;
#1173 = ORIENTED_EDGE ( 'NONE', *, *, #4172, .F. ) ;
#1174 = DIRECTION ( 'NONE',  ( 6.982962677686266711E-15, 3.491481338843133355E-15, -1.000000000000000000 ) ) ;
#1175 = CARTESIAN_POINT ( 'NONE',  ( 17.70476182858164549, 24.50000000000000000, 15.53801126270789190 ) ) ;
#1176 = VECTOR ( 'NONE', #1558, 1000.000000000000000 ) ;
#1177 = CARTESIAN_POINT ( 'NONE',  ( -0.9627787222411331447, 24.50000000000000355, 12.74247560013450986 ) ) ;
#1178 = DIRECTION ( 'NONE',  ( 0.000000000000000000, 1.000000000000000000, 0.000000000000000000 ) ) ;
#1179 = ORIENTED_EDGE ( 'NONE', *, *, #2279, .T. ) ;
#1180 = LINE ( 'NONE', #1961, #1969 ) ;
#1181 = VECTOR ( 'NONE', #3257, 1000.000000000000000 ) ;
#1182 = ORIENTED_EDGE ( 'NONE', *, *, #1427, .T. ) ;
#1183 = CARTESIAN_POINT ( 'NONE',  ( -33.50000000000000000, 14.99999999999999645, 3.999999999999954259 ) ) ;
#1184 = FACE_OUTER_BOUND ( 'NONE', #3994, .T. ) ;
#1185 = VECTOR ( 'NONE', #4284, 1000.000000000000000 ) ;
#1186 = AXIS2_PLACEMENT_3D ( 'NONE', #3574, #2002, #2798 ) ;
#1187 = CARTESIAN_POINT ( 'NONE',  ( -5.301418384264150241, 32.00000000000000000, 21.57711283463900287 ) ) ;
#1188 = ORIENTED_EDGE ( 'NONE', *, *, #297, .F. ) ;
#1189 = ADVANCED_FACE ( 'NONE', ( #2772 ), #648, .T. ) ;
#1190 = DIRECTION ( 'NONE',  ( 7.014232593669911010E-15, 0.000000000000000000, -1.000000000000000000 ) ) ;
#1191 = DIRECTION ( 'NONE',  ( -1.000000000000000000, 0.000000000000000000, -0.000000000000000000 ) ) ;
#1192 = DIRECTION ( 'NONE',  ( 0.000000000000000000, 0.000000000000000000, 1.000000000000000000 ) ) ;
#1193 = EDGE_CURVE ( 'NONE', #237, #2379, #4346, .T. ) ;
#1194 = ADVANCED_FACE ( 'NONE', ( #2078 ), #203, .T. ) ;
#1195 = VERTEX_POINT ( 'NONE', #1365 ) ;
#1196 = CARTESIAN_POINT ( 'NONE',  ( -8.743329047513924479, 28.49999999999999645, 7.256070824894444549 ) ) ;
#1197 = VECTOR ( 'NONE', #1927, 1000.000000000000000 ) ;
#1198 = VECTOR ( 'NONE', #3530, 1000.000000000000000 ) ;
#1199 = CARTESIAN_POINT ( 'NONE',  ( -2.395001657749628698, 32.00000000000000711, 10.74533772241706053 ) ) ;
#1200 = DIRECTION ( 'NONE',  ( 3.802133645976563900E-16, 0.000000000000000000, -1.000000000000000000 ) ) ;
#1201 = EDGE_LOOP ( 'NONE', ( #3771, #4438, #4549, #1597 ) ) ;
#1202 = EDGE_LOOP ( 'NONE', ( #1454, #624, #646, #1129, #873, #4088, #2375, #661, #1404, #3002, #731, #3824, #3695, #915, #266, #2665, #1397 ) ) ;
#1203 = CARTESIAN_POINT ( 'NONE',  ( 1.101485361694153120, 25.00000000000015277, 5.187071063562615159 ) ) ;
#1204 = CARTESIAN_POINT ( 'NONE',  ( -3.131180315124440394, 32.00000000000000000, -0.04042362122215818060 ) ) ;
#1205 = LINE ( 'NONE', #3902, #1123 ) ;
#1206 = ORIENTED_EDGE ( 'NONE', *, *, #1653, .F. ) ;
#1207 = LINE ( 'NONE', #28, #697 ) ;
#1208 = ORIENTED_EDGE ( 'NONE', *, *, #4245, .F. ) ;
#1209 = ORIENTED_EDGE ( 'NONE', *, *, #833, .T. ) ;
#1210 = VERTEX_POINT ( 'NONE', #3172 ) ;
#1211 = DIRECTION ( 'NONE',  ( -0.000000000000000000, 1.000000000000000000, 3.491481338843133355E-15 ) ) ;
#1212 = CARTESIAN_POINT ( 'NONE',  ( -8.743329047513924479, 28.49999999999999645, -6.021333691102118024 ) ) ;
#1213 = AXIS2_PLACEMENT_3D ( 'NONE', #2411, #3949, #3204 ) ;
#1214 = CARTESIAN_POINT ( 'NONE',  ( -1.099844525993681765, 32.00000000000000000, 5.860867144937134121 ) ) ;
#1215 = ORIENTED_EDGE ( 'NONE', *, *, #2427, .T. ) ;
#1216 = DIRECTION ( 'NONE',  ( 0.000000000000000000, 1.000000000000000000, 3.491481338843133355E-15 ) ) ;
#1217 = CARTESIAN_POINT ( 'NONE',  ( 1.579985617222513516, 24.50000000000000000, 11.44345228739796738 ) ) ;
#1218 = LINE ( 'NONE', #3269, #4723 ) ;
#1219 = EDGE_CURVE ( 'NONE', #303, #106, #3974, .T. ) ;
#1220 = EDGE_LOOP ( 'NONE', ( #642, #864, #2475, #2178 ) ) ;
#1221 = CARTESIAN_POINT ( 'NONE',  ( -7.601536384991169903, 25.00000000000011724, 16.80050947618686052 ) ) ;
#1222 = CARTESIAN_POINT ( 'NONE',  ( 17.70476182858164549, 28.49999999999999645, 27.23807268525122538 ) ) ;
#1223 = EDGE_CURVE ( 'NONE', #3946, #4805, #2738, .T. ) ;
#1224 = CARTESIAN_POINT ( 'NONE',  ( 1.793608232936067415, 31.99999999999999289, 6.226001324866151876 ) ) ;
#1225 = ORIENTED_EDGE ( 'NONE', *, *, #2559, .F. ) ;
#1226 = VERTEX_POINT ( 'NONE', #2487 ) ;
#1227 = DIRECTION ( 'NONE',  ( -0.000000000000000000, 0.000000000000000000, -1.000000000000000000 ) ) ;
#1228 = CARTESIAN_POINT ( 'NONE',  ( -25.00000000000000711, 32.00000000000000000, 37.99999999999996447 ) ) ;
#1229 = ADVANCED_FACE ( 'NONE', ( #3552 ), #3281, .T. ) ;
#1230 = CARTESIAN_POINT ( 'NONE',  ( 0.0008204178503570802583, 32.00000000000000000, 13.06458333644166814 ) ) ;
#1231 = ORIENTED_EDGE ( 'NONE', *, *, #2623, .F. ) ;
#1232 = CARTESIAN_POINT ( 'NONE',  ( 1.101485361694153120, 24.50000000000000000, 5.187071063562608053 ) ) ;
#1233 = ORIENTED_EDGE ( 'NONE', *, *, #1107, .T. ) ;
#1234 = ORIENTED_EDGE ( 'NONE', *, *, #494, .T. ) ;
#1235 = CARTESIAN_POINT ( 'NONE',  ( -7.601536384991169903, 23.00000000000000000, 18.11989491965041665 ) ) ;
#1236 = LINE ( 'NONE', #3041, #3681 ) ;
#1237 = PLANE ( 'NONE',  #209 ) ;
#1238 = ORIENTED_EDGE ( 'NONE', *, *, #4886, .T. ) ;
#1239 = CARTESIAN_POINT ( 'NONE',  ( -2.999999999999996447, 29.09999999999999787, -20.04445395531110918 ) ) ;
#1240 = CARTESIAN_POINT ( 'NONE',  ( 1.581279503555507837, 24.50000000000000000, 11.47586458442107471 ) ) ;
#1241 = CARTESIAN_POINT ( 'NONE',  ( -25.00000000000000711, 32.00000000000000000, 28.99999999999997158 ) ) ;
#1242 = CIRCLE ( 'NONE', #2671, 9.249999999999994671 ) ;
#1243 = LINE ( 'NONE', #70, #57 ) ;
#1244 = CARTESIAN_POINT ( 'NONE',  ( 8.869658908809144648, 23.00000000000000355, 17.83061455561686515 ) ) ;
#1245 = AXIS2_PLACEMENT_3D ( 'NONE', #3849, #1200, #2332 ) ;
#1246 = ORIENTED_EDGE ( 'NONE', *, *, #1060, .F. ) ;
#1247 = ORIENTED_EDGE ( 'NONE', *, *, #2061, .F. ) ;
#1248 = ADVANCED_FACE ( 'NONE', ( #178 ), #3224, .F. ) ;
#1249 = DIRECTION ( 'NONE',  ( -7.383402730178885581E-15, -0.000000000000000000, 1.000000000000000000 ) ) ;
#1250 = CARTESIAN_POINT ( 'NONE',  ( -2.399294712588294853, 24.50000000000000355, 10.74051412072496348 ) ) ;
#1251 = AXIS2_PLACEMENT_3D ( 'NONE', #658, #3711, #1437 ) ;
#1252 = CARTESIAN_POINT ( 'NONE',  ( -34.00000000000000000, 32.00000000000000000, 28.99999999999997158 ) ) ;
#1253 = EDGE_CURVE ( 'NONE', #2268, #262, #2851, .T. ) ;
#1254 = ORIENTED_EDGE ( 'NONE', *, *, #4603, .F. ) ;
#1255 = DIRECTION ( 'NONE',  ( -5.782411586589355667E-16, 0.000000000000000000, 1.000000000000000000 ) ) ;
#1256 = VERTEX_POINT ( 'NONE', #3922 ) ;
#1257 = ADVANCED_FACE ( 'NONE', ( #119 ), #501, .T. ) ;
#1258 = VECTOR ( 'NONE', #899, 1000.000000000000000 ) ;
#1259 = ORIENTED_EDGE ( 'NONE', *, *, #20, .T. ) ;
#1260 = DIRECTION ( 'NONE',  ( -0.8056530427668259220, -2.068310563277370529E-15, 0.5923876895079394078 ) ) ;
#1261 = EDGE_CURVE ( 'NONE', #4692, #1656, #2407, .T. ) ;
#1262 = FACE_OUTER_BOUND ( 'NONE', #4679, .T. ) ;
#1263 = VECTOR ( 'NONE', #1766, 1000.000000000000000 ) ;
#1264 = DIRECTION ( 'NONE',  ( 0.000000000000000000, -1.000000000000000000, -3.491481338843133355E-15 ) ) ;
#1265 = ORIENTED_EDGE ( 'NONE', *, *, #3776, .F. ) ;
#1266 = DIRECTION ( 'NONE',  ( 1.000000000000000000, 0.000000000000000000, -1.724440263185883619E-16 ) ) ;
#1267 = VECTOR ( 'NONE', #4396, 1000.000000000000000 ) ;
#1268 = LINE ( 'NONE', #4755, #4676 ) ;
#1269 = ORIENTED_EDGE ( 'NONE', *, *, #712, .F. ) ;
#1270 = CARTESIAN_POINT ( 'NONE',  ( -11.67964663380889689, 23.00000000000000000, 19.01947394638946776 ) ) ;
#1271 = AXIS2_PLACEMENT_3D ( 'NONE', #4358, #4431, #4106 ) ;
#1272 = CARTESIAN_POINT ( 'NONE',  ( 1.101485361694153120, 32.00000000000000000, 5.860867144937147444 ) ) ;
#1273 = CARTESIAN_POINT ( 'NONE',  ( 3.119527787974800681, 32.00000000000000000, 3.565852370541971350 ) ) ;
#1274 = VECTOR ( 'NONE', #2355, 1000.000000000000000 ) ;
#1275 = VECTOR ( 'NONE', #4129, 1000.000000000000000 ) ;
#1276 = EDGE_LOOP ( 'NONE', ( #2757, #4661, #4751, #3480 ) ) ;
#1277 = VERTEX_POINT ( 'NONE', #2908 ) ;
#1278 = CARTESIAN_POINT ( 'NONE',  ( 0.000000000000000000, -2.999999999999999112, 18.33801126270789084 ) ) ;
#1279 = LINE ( 'NONE', #1228, #2616 ) ;
#1280 = CARTESIAN_POINT ( 'NONE',  ( 25.00000000000000711, 28.49999999999999645, -29.00000000000002132 ) ) ;
#1281 = EDGE_CURVE ( 'NONE', #2550, #741, #4418, .T. ) ;
#1282 = ORIENTED_EDGE ( 'NONE', *, *, #2404, .F. ) ;
#1283 = LINE ( 'NONE', #3610, #4694 ) ;
#1284 = DIRECTION ( 'NONE',  ( 0.000000000000000000, -1.000000000000000000, 0.000000000000000000 ) ) ;
#1285 = ORIENTED_EDGE ( 'NONE', *, *, #2171, .T. ) ;
#1286 = EDGE_LOOP ( 'NONE', ( #4535, #2831, #2343, #2436 ) ) ;
#1287 = EDGE_CURVE ( 'NONE', #408, #815, #4793, .T. ) ;
#1288 = ORIENTED_EDGE ( 'NONE', *, *, #3677, .T. ) ;
#1289 = CARTESIAN_POINT ( 'NONE',  ( 3.450153736967684015, 31.99999999999999289, 0.6944698600476016948 ) ) ;
#1290 = DIRECTION ( 'NONE',  ( 0.000000000000000000, -0.000000000000000000, 1.000000000000000000 ) ) ;
#1291 = EDGE_CURVE ( 'NONE', #4726, #3184, #2155, .T. ) ;
#1292 = CARTESIAN_POINT ( 'NONE',  ( 8.374824250234464529, 24.50000000000000000, 13.67730034089338531 ) ) ;
#1293 = ORIENTED_EDGE ( 'NONE', *, *, #896, .F. ) ;
#1294 = CARTESIAN_POINT ( 'NONE',  ( -35.00000000000000000, 16.50000000000002132, 18.98421203201065666 ) ) ;
#1295 = FACE_OUTER_BOUND ( 'NONE', #4474, .T. ) ;
#1296 = ORIENTED_EDGE ( 'NONE', *, *, #494, .F. ) ;
#1297 = AXIS2_PLACEMENT_3D ( 'NONE', #4349, #1738, #4684 ) ;
#1298 = LINE ( 'NONE', #2508, #48 ) ;
#1299 = CARTESIAN_POINT ( 'NONE',  ( -1.579617136008335088, 32.00000000000000000, 11.48414578258329399 ) ) ;
#1300 = MANIFOLD_SOLID_BREP ( 'Boss-Extrude16', #2955 ) ;
#1301 = CARTESIAN_POINT ( 'NONE',  ( 8.869658908809144648, 28.50000000000000000, 17.83061455561686515 ) ) ;
#1302 = ORIENTED_EDGE ( 'NONE', *, *, #3025, .T. ) ;
#1303 = ORIENTED_EDGE ( 'NONE', *, *, #3095, .F. ) ;
#1304 = DIRECTION ( 'NONE',  ( 1.000000000000000000, -0.000000000000000000, 0.000000000000000000 ) ) ;
#1305 = VECTOR ( 'NONE', #167, 1000.000000000000000 ) ;
#1306 = FACE_OUTER_BOUND ( 'NONE', #1702, .T. ) ;
#1307 = LINE ( 'NONE', #4375, #2157 ) ;
#1308 = ORIENTED_EDGE ( 'NONE', *, *, #2395, .F. ) ;
#1309 = EDGE_CURVE ( 'NONE', #410, #4513, #1298, .T. ) ;
#1310 = CARTESIAN_POINT ( 'NONE',  ( 1.581279503555507837, 24.50000000000000355, 11.48414578258328866 ) ) ;
#1311 = DIRECTION ( 'NONE',  ( -1.000000000000000000, -0.000000000000000000, -0.000000000000000000 ) ) ;
#1312 = ORIENTED_EDGE ( 'NONE', *, *, #4570, .F. ) ;
#1313 = ORIENTED_EDGE ( 'NONE', *, *, #3846, .T. ) ;
#1314 = VERTEX_POINT ( 'NONE', #2050 ) ;
#1315 = DIRECTION ( 'NONE',  ( -1.000000000000000000, -0.000000000000000000, -0.000000000000000000 ) ) ;
#1316 = FACE_OUTER_BOUND ( 'NONE', #3241, .T. ) ;
#1317 = CARTESIAN_POINT ( 'NONE',  ( -25.00000000000000711, 2.000000000000000000, 38.24999999999996447 ) ) ;
#1318 = EDGE_CURVE ( 'NONE', #3928, #4354, #4705, .T. ) ;
#1319 = CARTESIAN_POINT ( 'NONE',  ( -25.50000000000000355, 0.000000000000000000, 0.000000000000000000 ) ) ;
#1320 = EDGE_LOOP ( 'NONE', ( #3967, #1398, #2028, #1555, #1225, #4379, #3740, #4158 ) ) ;
#1321 = ORIENTED_EDGE ( 'NONE', *, *, #4487, .T. ) ;
#1322 = CARTESIAN_POINT ( 'NONE',  ( -13.50043034469988434, 23.00000000000000000, 12.01317212208040530 ) ) ;
#1323 = EDGE_CURVE ( 'NONE', #4513, #940, #3943, .T. ) ;
#1324 = DIRECTION ( 'NONE',  ( 0.000000000000000000, 0.000000000000000000, 1.000000000000000000 ) ) ;
#1325 = ADVANCED_FACE ( 'NONE', ( #3653 ), #1650, .F. ) ;
#1326 = DIRECTION ( 'NONE',  ( 1.000000000000000000, 0.000000000000000000, 0.000000000000000000 ) ) ;
#1327 = FILL_AREA_STYLE_COLOUR ( '', #1895 ) ;
#1328 = ADVANCED_FACE ( 'NONE', ( #2076 ), #4790, .T. ) ;
#1329 = ADVANCED_FACE ( 'NONE', ( #1731 ), #1451, .T. ) ;
#1330 = DIRECTION ( 'NONE',  ( 7.231381220052052350E-15, 0.000000000000000000, -1.000000000000000000 ) ) ;
#1331 = ADVANCED_FACE ( 'NONE', ( #4731 ), #2906, .F. ) ;
#1332 = VECTOR ( 'NONE', #3118, 1000.000000000000000 ) ;
#1333 = DIRECTION ( 'NONE',  ( 1.000000000000000000, 0.000000000000000000, 0.000000000000000000 ) ) ;
#1334 = ORIENTED_EDGE ( 'NONE', *, *, #86, .F. ) ;
#1335 = ORIENTED_EDGE ( 'NONE', *, *, #3524, .T. ) ;
#1336 = CIRCLE ( 'NONE', #123, 0.2504980238110278146 ) ;
#1337 = LINE ( 'NONE', #2056, #3099 ) ;
#1338 = CARTESIAN_POINT ( 'NONE',  ( 3.130937601190241004, 24.49999999999998934, -0.03804250837303049110 ) ) ;
#1339 = DIRECTION ( 'NONE',  ( -0.000000000000000000, -1.000000000000000000, -0.000000000000000000 ) ) ;
#1340 = EDGE_LOOP ( 'NONE', ( #1090, #930, #145, #3989 ) ) ;
#1341 = PLANE ( 'NONE',  #399 ) ;
#1342 = CARTESIAN_POINT ( 'NONE',  ( -10.26147307730576586, 32.00000000000000000, 18.29275258562282147 ) ) ;
#1343 = ORIENTED_EDGE ( 'NONE', *, *, #3545, .T. ) ;
#1344 = EDGE_LOOP ( 'NONE', ( #3609, #2850, #487, #1815, #4453, #2144, #2309, #2937, #2180, #2632, #4063 ) ) ;
#1345 = ORIENTED_EDGE ( 'NONE', *, *, #2427, .F. ) ;
#1346 = DIRECTION ( 'NONE',  ( 0.7071067811865465735, 0.000000000000000000, 0.7071067811865485719 ) ) ;
#1347 = VECTOR ( 'NONE', #4387, 1000.000000000000000 ) ;
#1348 = CARTESIAN_POINT ( 'NONE',  ( -2.641469422322661131, 24.50000000000000355, 7.128146965417239578 ) ) ;
#1349 = CARTESIAN_POINT ( 'NONE',  ( 2.034685949678085137, 24.50000000000001066, 6.415197732586026547 ) ) ;
#1350 = DIRECTION ( 'NONE',  ( -0.000000000000000000, 1.000000000000000000, 3.491481338843133355E-15 ) ) ;
#1351 = VECTOR ( 'NONE', #1374, 999.9999999999998863 ) ;
#1352 = ORIENTED_EDGE ( 'NONE', *, *, #4096, .F. ) ;
#1353 = VERTEX_POINT ( 'NONE', #3196 ) ;
#1354 = ORIENTED_EDGE ( 'NONE', *, *, #27, .T. ) ;
#1355 = CARTESIAN_POINT ( 'NONE',  ( -8.743329047513924479, 24.50000000000000000, -6.021333691102118024 ) ) ;
#1356 = CARTESIAN_POINT ( 'NONE',  ( -33.50000000000000711, 10.49999999999999822, 17.99999999999995737 ) ) ;
#1357 = VECTOR ( 'NONE', #4736, 1000.000000000000000 ) ;
#1358 = EDGE_CURVE ( 'NONE', #250, #3114, #4416, .T. ) ;
#1359 = CARTESIAN_POINT ( 'NONE',  ( 0.000000000000000000, 32.00000000000000000, -7.499999999999998224 ) ) ;
#1360 = VECTOR ( 'NONE', #4623, 1000.000000000000000 ) ;
#1361 = CARTESIAN_POINT ( 'NONE',  ( 0.000000000000000000, 23.00000000000000000, 0.000000000000000000 ) ) ;
#1362 = EDGE_CURVE ( 'NONE', #2622, #3583, #2460, .T. ) ;
#1363 = DIRECTION ( 'NONE',  ( -0.000000000000000000, 1.000000000000000000, 3.016910393003142366E-16 ) ) ;
#1364 = ADVANCED_FACE ( 'NONE', ( #578, #3628, #3250 ), #4759, .T. ) ;
#1365 = CARTESIAN_POINT ( 'NONE',  ( 17.70476182858164549, 23.00000000000000000, 27.23807268525122538 ) ) ;
#1366 = LINE ( 'NONE', #2514, #3177 ) ;
#1367 = LINE ( 'NONE', #2890, #3843 ) ;
#1368 = VECTOR ( 'NONE', #1560, 1000.000000000000227 ) ;
#1369 = ORIENTED_EDGE ( 'NONE', *, *, #1900, .F. ) ;
#1370 = CARTESIAN_POINT ( 'NONE',  ( 0.000000000000000000, 29.50000000000000000, 13.00000000000000000 ) ) ;
#1371 = DIRECTION ( 'NONE',  ( -1.000000000000000000, 0.000000000000000000, -7.095716575588796197E-15 ) ) ;
#1372 = VERTEX_POINT ( 'NONE', #4114 ) ;
#1373 = ORIENTED_EDGE ( 'NONE', *, *, #862, .T. ) ;
#1374 = DIRECTION ( 'NONE',  ( 0.7071067811865473507, 0.000000000000000000, 0.7071067811865477948 ) ) ;
#1375 = VECTOR ( 'NONE', #2317, 1000.000000000000000 ) ;
#1376 = AXIS2_PLACEMENT_3D ( 'NONE', #3800, #2077, #500 ) ;
#1377 = CARTESIAN_POINT ( 'NONE',  ( -2.364845074849327489, 24.50000000000000000, 6.748585731788833364 ) ) ;
#1378 = DIRECTION ( 'NONE',  ( 0.000000000000000000, -1.000000000000000000, -3.491481338843133355E-15 ) ) ;
#1379 = DIRECTION ( 'NONE',  ( 0.000000000000000000, 0.000000000000000000, -1.000000000000000000 ) ) ;
#1380 = VERTEX_POINT ( 'NONE', #2995 ) ;
#1381 = ORIENTED_EDGE ( 'NONE', *, *, #2174, .T. ) ;
#1382 = CARTESIAN_POINT ( 'NONE',  ( -2.999999999999996447, 29.09999999999999787, -14.04445395531110741 ) ) ;
#1383 = CARTESIAN_POINT ( 'NONE',  ( -7.601536384991169903, 23.00000000000000000, 16.80050947618687118 ) ) ;
#1384 = FACE_BOUND ( 'NONE', #4686, .T. ) ;
#1385 = CARTESIAN_POINT ( 'NONE',  ( -10.26147307730576586, 23.00000000000000000, 18.29275258562278950 ) ) ;
#1386 = ORIENTED_EDGE ( 'NONE', *, *, #199, .T. ) ;
#1387 = EDGE_CURVE ( 'NONE', #831, #1003, #1479, .T. ) ;
#1388 = CARTESIAN_POINT ( 'NONE',  ( -45.97666018330589566, 10.00049802381102992, 0.000000000000000000 ) ) ;
#1389 = EDGE_CURVE ( 'NONE', #3936, #3252, #537, .T. ) ;
#1390 = DIRECTION ( 'NONE',  ( -0.000000000000000000, -0.000000000000000000, 1.000000000000000000 ) ) ;
#1391 = CARTESIAN_POINT ( 'NONE',  ( 11.79413926943030688, 32.00000000000000000, 19.12705824190019399 ) ) ;
#1392 = EDGE_CURVE ( 'NONE', #1747, #992, #2612, .T. ) ;
#1393 = CARTESIAN_POINT ( 'NONE',  ( -5.301418384264122707, 23.00000000000000000, 16.80050947618688539 ) ) ;
#1394 = VERTEX_POINT ( 'NONE', #308 ) ;
#1395 = DIRECTION ( 'NONE',  ( 0.000000000000000000, -0.000000000000000000, 1.000000000000000000 ) ) ;
#1396 = LINE ( 'NONE', #4329, #620 ) ;
#1397 = ORIENTED_EDGE ( 'NONE', *, *, #1323, .F. ) ;
#1398 = ORIENTED_EDGE ( 'NONE', *, *, #3549, .F. ) ;
#1399 = VERTEX_POINT ( 'NONE', #726 ) ;
#1400 = DIRECTION ( 'NONE',  ( 0.000000000000000000, 1.000000000000000000, -0.000000000000000000 ) ) ;
#1401 = EDGE_CURVE ( 'NONE', #2007, #262, #2219, .T. ) ;
#1402 = DIRECTION ( 'NONE',  ( -0.8064779581994567792, 2.064387769268524399E-15, -0.5912641566494919454 ) ) ;
#1403 = LINE ( 'NONE', #3786, #180 ) ;
#1404 = ORIENTED_EDGE ( 'NONE', *, *, #4491, .F. ) ;
#1405 = DIRECTION ( 'NONE',  ( 0.000000000000000000, -1.000000000000000000, 0.000000000000000000 ) ) ;
#1406 = ORIENTED_EDGE ( 'NONE', *, *, #2722, .T. ) ;
#1407 = VERTEX_POINT ( 'NONE', #2196 ) ;
#1408 = ORIENTED_EDGE ( 'NONE', *, *, #420, .T. ) ;
#1409 = FACE_BOUND ( 'NONE', #664, .T. ) ;
#1410 = CARTESIAN_POINT ( 'NONE',  ( -1.579297675123135791, 24.50000000000000000, 11.45768715575852958 ) ) ;
#1411 = LINE ( 'NONE', #2878, #721 ) ;
#1412 = CARTESIAN_POINT ( 'NONE',  ( -1.099844525993681765, 32.00000000000000000, 5.187071063562624929 ) ) ;
#1413 = LINE ( 'NONE', #4472, #3890 ) ;
#1414 = ORIENTED_EDGE ( 'NONE', *, *, #3089, .T. ) ;
#1415 = VECTOR ( 'NONE', #3757, 1000.000000000000000 ) ;
#1416 = LINE ( 'NONE', #3715, #4703 ) ;
#1417 = ORIENTED_EDGE ( 'NONE', *, *, #2342, .F. ) ;
#1418 = EDGE_CURVE ( 'NONE', #3561, #2860, #4143, .T. ) ;
#1419 = LINE ( 'NONE', #1817, #1030 ) ;
#1420 = VECTOR ( 'NONE', #2916, 1000.000000000000000 ) ;
#1421 = ORIENTED_EDGE ( 'NONE', *, *, #2395, .T. ) ;
#1422 = CARTESIAN_POINT ( 'NONE',  ( 0.000000000000000000, -13.91959594928933441, 18.33801126270789084 ) ) ;
#1423 = EDGE_CURVE ( 'NONE', #105, #3510, #3497, .T. ) ;
#1424 = CARTESIAN_POINT ( 'NONE',  ( -27.50000000000000355, 16.50000000000000000, 1.749999999999954703 ) ) ;
#1425 = CIRCLE ( 'NONE', #2678, 8.999999999999998224 ) ;
#1426 = DIRECTION ( 'NONE',  ( 0.000000000000000000, -1.000000000000000000, 0.000000000000000000 ) ) ;
#1427 = EDGE_CURVE ( 'NONE', #2366, #1775, #1037, .T. ) ;
#1428 = LINE ( 'NONE', #4550, #1498 ) ;
#1429 = ORIENTED_EDGE ( 'NONE', *, *, #1013, .T. ) ;
#1430 = ORIENTED_EDGE ( 'NONE', *, *, #1152, .T. ) ;
#1431 = AXIS2_PLACEMENT_3D ( 'NONE', #3888, #2305, #2765 ) ;
#1432 = ORIENTED_EDGE ( 'NONE', *, *, #3465, .T. ) ;
#1433 = DIRECTION ( 'NONE',  ( -0.000000000000000000, -1.000000000000000000, -0.000000000000000000 ) ) ;
#1434 = FACE_OUTER_BOUND ( 'NONE', #2830, .T. ) ;
#1435 = VECTOR ( 'NONE', #840, 1000.000000000000000 ) ;
#1436 = ORIENTED_EDGE ( 'NONE', *, *, #2335, .T. ) ;
#1437 = DIRECTION ( 'NONE',  ( 1.000000000000000000, 0.000000000000000000, -0.000000000000000000 ) ) ;
#1438 = AXIS2_PLACEMENT_3D ( 'NONE', #1148, #2624, #810 ) ;
#1439 = DIRECTION ( 'NONE',  ( 0.000000000000000000, 1.000000000000000000, 3.491481338843133355E-15 ) ) ;
#1440 = VECTOR ( 'NONE', #4112, 1000.000000000000000 ) ;
#1441 = CARTESIAN_POINT ( 'NONE',  ( 8.374824250234464529, 23.00000000000000000, 13.67730034089338531 ) ) ;
#1442 = ORIENTED_EDGE ( 'NONE', *, *, #426, .F. ) ;
#1443 = CARTESIAN_POINT ( 'NONE',  ( 17.70476182858164549, 23.00000000000000000, 15.53801126270789190 ) ) ;
#1444 = CARTESIAN_POINT ( 'NONE',  ( -8.871527771911470239, 23.00000000000000000, 17.83061455815338547 ) ) ;
#1445 = FACE_OUTER_BOUND ( 'NONE', #4376, .T. ) ;
#1446 = VECTOR ( 'NONE', #655, 1000.000000000000000 ) ;
#1447 = EDGE_CURVE ( 'NONE', #730, #274, #3777, .T. ) ;
#1448 = CARTESIAN_POINT ( 'NONE',  ( 2.561702149317947264, 24.49999999999999645, 10.52715727297114512 ) ) ;
#1449 = CARTESIAN_POINT ( 'NONE',  ( 7.599667529665884658, 25.00000000000011013, 18.11989491965050547 ) ) ;
#1450 = EDGE_LOOP ( 'NONE', ( #3751, #562, #2521, #1802 ) ) ;
#1451 = B_SPLINE_SURFACE_WITH_KNOTS ( 'NONE', 3, 1, ( 
 ( #1760, #3168 ),
 ( #1270, #2797 ),
 ( #3600, #3222 ),
 ( #1385, #4051 ) ),
 .UNSPECIFIED., .F., .F., .F.,
 ( 4, 4 ),
 ( 2, 2 ),
 ( 10.00000000000000000, 11.00000000000000000 ),
 ( 0.000000000000000000, 1.000000000000000000 ),
 .UNSPECIFIED. ) ;
#1452 = ORIENTED_EDGE ( 'NONE', *, *, #4028, .T. ) ;
#1453 = VECTOR ( 'NONE', #39, 1000.000000000000000 ) ;
#1454 = ORIENTED_EDGE ( 'NONE', *, *, #1309, .F. ) ;
#1455 = LINE ( 'NONE', #1006, #4128 ) ;
#1456 = CARTESIAN_POINT ( 'NONE',  ( -10.26147307730576586, 28.49999999999999645, 18.29275258562281081 ) ) ;
#1457 = ADVANCED_FACE ( 'NONE', ( #4098 ), #4910, .T. ) ;
#1458 = CARTESIAN_POINT ( 'NONE',  ( 3.000000000000000000, 29.09999999999999787, -14.04445395531110563 ) ) ;
#1459 = VERTEX_POINT ( 'NONE', #1083 ) ;
#1460 = CARTESIAN_POINT ( 'NONE',  ( -2.799999999999999378, 23.00000000000000000, 15.53801126270789190 ) ) ;
#1461 = DIRECTION ( 'NONE',  ( 0.000000000000000000, 0.000000000000000000, -1.000000000000000000 ) ) ;
#1462 = ORIENTED_EDGE ( 'NONE', *, *, #284, .T. ) ;
#1463 = DIRECTION ( 'NONE',  ( 0.000000000000000000, 0.000000000000000000, -1.000000000000000000 ) ) ;
#1464 = ORIENTED_EDGE ( 'NONE', *, *, #3399, .F. ) ;
#1465 = CARTESIAN_POINT ( 'NONE',  ( -27.50000000000000355, 17.50000000000000000, 23.86623553487585525 ) ) ;
#1466 = FACE_OUTER_BOUND ( 'NONE', #110, .T. ) ;
#1467 = CARTESIAN_POINT ( 'NONE',  ( 1.581279503555507837, 32.00000000000000000, 11.48414578258331531 ) ) ;
#1468 = LINE ( 'NONE', #1116, #3617 ) ;
#1469 = PLANE ( 'NONE',  #2844 ) ;
#1470 = VERTEX_POINT ( 'NONE', #4532 ) ;
#1471 = ORIENTED_EDGE ( 'NONE', *, *, #3421, .T. ) ;
#1472 = ORIENTED_EDGE ( 'NONE', *, *, #925, .F. ) ;
#1473 = LINE ( 'NONE', #347, #2939 ) ;
#1474 = EDGE_CURVE ( 'NONE', #3114, #3452, #334, .T. ) ;
#1475 = DIRECTION ( 'NONE',  ( 0.000000000000000000, 0.000000000000000000, -1.000000000000000000 ) ) ;
#1476 = LINE ( 'NONE', #4529, #2044 ) ;
#1477 = ADVANCED_FACE ( 'NONE', ( #1860 ), #2541, .F. ) ;
#1478 = ORIENTED_EDGE ( 'NONE', *, *, #1323, .T. ) ;
#1479 = LINE ( 'NONE', #1460, #378 ) ;
#1480 = LINE ( 'NONE', #750, #3423 ) ;
#1481 = CARTESIAN_POINT ( 'NONE',  ( 0.000000000000000000, 29.50000000000000000, -18.04445395531110563 ) ) ;
#1482 = EDGE_CURVE ( 'NONE', #3207, #4222, #4866, .T. ) ;
#1483 = ORIENTED_EDGE ( 'NONE', *, *, #2177, .T. ) ;
#1484 = EDGE_CURVE ( 'NONE', #3272, #320, #4468, .T. ) ;
#1485 = DIRECTION ( 'NONE',  ( 0.000000000000000000, 0.000000000000000000, -1.000000000000000000 ) ) ;
#1486 = ORIENTED_EDGE ( 'NONE', *, *, #2430, .T. ) ;
#1487 = VERTEX_POINT ( 'NONE', #393 ) ;
#1488 = CARTESIAN_POINT ( 'NONE',  ( -1.372131924108802581, 31.99999999999999289, 12.27594851672735210 ) ) ;
#1489 = CARTESIAN_POINT ( 'NONE',  ( 8.869658908818193410, 23.00000000000000000, 17.83061455561480457 ) ) ;
#1490 = PLANE ( 'NONE',  #1770 ) ;
#1491 = DIRECTION ( 'NONE',  ( 0.000000000000000000, 0.000000000000000000, 1.000000000000000000 ) ) ;
#1492 = AXIS2_PLACEMENT_3D ( 'NONE', #978, #4698, #4749 ) ;
#1493 = CARTESIAN_POINT ( 'NONE',  ( -34.25000000000000711, 2.000000000000000000, -29.00000000000002132 ) ) ;
#1494 = ORIENTED_EDGE ( 'NONE', *, *, #1281, .T. ) ;
#1495 = EDGE_LOOP ( 'NONE', ( #2387, #1208, #122, #1718 ) ) ;
#1496 = VERTEX_POINT ( 'NONE', #3499 ) ;
#1497 = DIRECTION ( 'NONE',  ( 0.000000000000000000, -0.000000000000000000, -1.000000000000000000 ) ) ;
#1498 = VECTOR ( 'NONE', #761, 1000.000000000000000 ) ;
#1499 = CARTESIAN_POINT ( 'NONE',  ( -1.579617136008335088, 24.50000000000000000, 11.47885425846391527 ) ) ;
#1500 = CARTESIAN_POINT ( 'NONE',  ( -35.00000000000000000, 16.50000000000002132, 18.48421203201064600 ) ) ;
#1501 = CIRCLE ( 'NONE', #1739, 9.249999999999998224 ) ;
#1502 = DIRECTION ( 'NONE',  ( 0.000000000000000000, 1.000000000000000000, 3.491481338843133355E-15 ) ) ;
#1503 = LINE ( 'NONE', #3658, #1263 ) ;
#1504 = DIRECTION ( 'NONE',  ( 0.000000000000000000, -1.000000000000000000, 0.000000000000000000 ) ) ;
#1505 = ADVANCED_FACE ( 'NONE', ( #3523 ), #3121, .T. ) ;
#1506 = VECTOR ( 'NONE', #4490, 1000.000000000000000 ) ;
#1507 = VECTOR ( 'NONE', #1776, 1000.000000000000000 ) ;
#1508 = EDGE_LOOP ( 'NONE', ( #16, #3919, #5, #4427, #2086, #3211 ) ) ;
#1509 = DIRECTION ( 'NONE',  ( 0.000000000000000000, 0.000000000000000000, 1.000000000000000000 ) ) ;
#1510 = EDGE_CURVE ( 'NONE', #1623, #2137, #2683, .T. ) ;
#1511 = VERTEX_POINT ( 'NONE', #1549 ) ;
#1512 = CARTESIAN_POINT ( 'NONE',  ( -1.529943653002893811, 31.99999999999998579, 11.89327745021356186 ) ) ;
#1513 = VECTOR ( 'NONE', #3916, 1000.000000000000000 ) ;
#1514 = CARTESIAN_POINT ( 'NONE',  ( 1.581196249017107425, 32.00000000000000000, 11.46827142854187009 ) ) ;
#1515 = CARTESIAN_POINT ( 'NONE',  ( -1.579617136008334866, 24.49999999999999289, 11.69293641902079806 ) ) ;
#1516 = CARTESIAN_POINT ( 'NONE',  ( 0.1051743278194317704, 32.00000000000000711, 13.06458333644166991 ) ) ;
#1517 = AXIS2_PLACEMENT_3D ( 'NONE', #3, #359, #4592 ) ;
#1518 = CARTESIAN_POINT ( 'NONE',  ( -7.601536384991169903, 28.49999999999999645, 18.11989491965041665 ) ) ;
#1519 = ORIENTED_EDGE ( 'NONE', *, *, #806, .F. ) ;
#1520 = CARTESIAN_POINT ( 'NONE',  ( 1.283030129714414214, 24.50000000000000355, 5.128765049247370200 ) ) ;
#1521 = CARTESIAN_POINT ( 'NONE',  ( 6.346119218776774318, 24.50000000000000000, 11.64859530943569332 ) ) ;
#1522 = AXIS2_PLACEMENT_3D ( 'NONE', #4740, #1688, #588 ) ;
#1523 = CARTESIAN_POINT ( 'NONE',  ( -19.81171673543281031, 23.00000000000000000, 27.23807268525122538 ) ) ;
#1524 = FACE_OUTER_BOUND ( 'NONE', #3461, .T. ) ;
#1525 = CARTESIAN_POINT ( 'NONE',  ( -33.50000000000000000, 10.49999999999999467, 1.749999999999952927 ) ) ;
#1526 = PLANE ( 'NONE',  #2911 ) ;
#1527 = AXIS2_PLACEMENT_3D ( 'NONE', #610, #3355, #2179 ) ;
#1528 = ADVANCED_FACE ( 'NONE', ( #35 ), #87, .F. ) ;
#1529 = EDGE_CURVE ( 'NONE', #1640, #4642, #2658, .T. ) ;
#1530 = CARTESIAN_POINT ( 'NONE',  ( -46.31370849898476649, 10.49999999999999822, 18.99999999999995381 ) ) ;
#1531 = ORIENTED_EDGE ( 'NONE', *, *, #2647, .T. ) ;
#1532 = ORIENTED_EDGE ( 'NONE', *, *, #2657, .T. ) ;
#1533 = DIRECTION ( 'NONE',  ( 0.000000000000000000, 1.000000000000000000, 3.491481338843133355E-15 ) ) ;
#1534 = EDGE_CURVE ( 'NONE', #135, #1496, #3568, .T. ) ;
#1535 = DIRECTION ( 'NONE',  ( 0.000000000000000000, -1.000000000000000000, 0.000000000000000000 ) ) ;
#1536 = PLANE ( 'NONE',  #67 ) ;
#1537 = CARTESIAN_POINT ( 'NONE',  ( 7.599667529665884658, 23.00000000000000000, 18.11989491965051968 ) ) ;
#1538 = ORIENTED_EDGE ( 'NONE', *, *, #229, .F. ) ;
#1539 = VECTOR ( 'NONE', #527, 1000.000000000000000 ) ;
#1540 = CARTESIAN_POINT ( 'NONE',  ( 4.100096472055509977, 25.00000000000009592, 22.45905727886301761 ) ) ;
#1541 = EDGE_LOOP ( 'NONE', ( #3286, #159, #4807, #3710 ) ) ;
#1542 = EDGE_CURVE ( 'NONE', #135, #3242, #2740, .T. ) ;
#1543 = ORIENTED_EDGE ( 'NONE', *, *, #322, .T. ) ;
#1544 = DIRECTION ( 'NONE',  ( 5.906722184143108780E-15, -0.000000000000000000, -1.000000000000000000 ) ) ;
#1545 = EDGE_CURVE ( 'NONE', #2359, #3936, #468, .T. ) ;
#1546 = DIRECTION ( 'NONE',  ( 0.000000000000000000, 1.000000000000000000, -5.782411586589354927E-17 ) ) ;
#1547 = CARTESIAN_POINT ( 'NONE',  ( -3.100088496576544728, 32.00000000000000711, 9.896645782979833328 ) ) ;
#1548 = ORIENTED_EDGE ( 'NONE', *, *, #808, .F. ) ;
#1549 = CARTESIAN_POINT ( 'NONE',  ( -25.00000000000001066, 32.00000000000000000, -39.00000000000002842 ) ) ;
#1550 = FACE_OUTER_BOUND ( 'NONE', #1978, .T. ) ;
#1551 = DIRECTION ( 'NONE',  ( 1.000000000000000000, 0.000000000000000000, 0.000000000000000000 ) ) ;
#1552 = EDGE_LOOP ( 'NONE', ( #388, #2244, #4832, #4813 ) ) ;
#1553 = FACE_OUTER_BOUND ( 'NONE', #2855, .T. ) ;
#1554 = CARTESIAN_POINT ( 'NONE',  ( 11.79415823585950918, 23.00000000000000355, 19.12707577768376765 ) ) ;
#1555 = ORIENTED_EDGE ( 'NONE', *, *, #3145, .F. ) ;
#1556 = DIRECTION ( 'NONE',  ( 0.000000000000000000, 1.000000000000000000, 3.491481338843133355E-15 ) ) ;
#1557 = ORIENTED_EDGE ( 'NONE', *, *, #1482, .T. ) ;
#1558 = DIRECTION ( 'NONE',  ( -0.000000000000000000, -0.000000000000000000, -1.000000000000000000 ) ) ;
#1559 = CARTESIAN_POINT ( 'NONE',  ( 2.251544362057745996, 24.50000000000000000, -1.046527771142004681 ) ) ;
#1560 = DIRECTION ( 'NONE',  ( -0.8056530427668326944, 0.000000000000000000, 0.5923876895079301930 ) ) ;
#1561 = ADVANCED_FACE ( 'NONE', ( #874 ), #4287, .F. ) ;
#1562 = EDGE_LOOP ( 'NONE', ( #2739, #1851, #1009, #1955 ) ) ;
#1563 = DIRECTION ( 'NONE',  ( -0.000000000000000000, -1.000000000000000000, -0.000000000000000000 ) ) ;
#1564 = VERTEX_POINT ( 'NONE', #3093 ) ;
#1565 = FACE_OUTER_BOUND ( 'NONE', #4402, .T. ) ;
#1566 = FACE_OUTER_BOUND ( 'NONE', #3923, .T. ) ;
#1567 = VECTOR ( 'NONE', #392, 1000.000000000000000 ) ;
#1568 = EDGE_CURVE ( 'NONE', #4899, #2136, #4261, .T. ) ;
#1569 = DIRECTION ( 'NONE',  ( 1.000000000000000000, -0.000000000000000000, 0.000000000000000000 ) ) ;
#1570 = DIRECTION ( 'NONE',  ( -1.000000000000000000, 0.000000000000000000, -0.000000000000000000 ) ) ;
#1571 = CARTESIAN_POINT ( 'NONE',  ( 11.06394789039919679, 23.00000000000000000, 18.55733591889012501 ) ) ;
#1572 = FACE_OUTER_BOUND ( 'NONE', #4904, .T. ) ;
#1573 = VECTOR ( 'NONE', #522, 1000.000000000000000 ) ;
#1574 = VERTEX_POINT ( 'NONE', #2712 ) ;
#1575 = ORIENTED_EDGE ( 'NONE', *, *, #4270, .T. ) ;
#1576 = PLANE ( 'NONE',  #2378 ) ;
#1577 = CARTESIAN_POINT ( 'NONE',  ( -2.818252580799507800, 32.00000000000001421, 10.05975139779702587 ) ) ;
#1578 = B_SPLINE_CURVE_WITH_KNOTS ( 'NONE', 2,
 ( #2564, #4142, #3043 ),
 .UNSPECIFIED., .F., .F.,
 ( 3, 3 ),
 ( 9.000000000000000000, 10.00000000000000000 ),
 .UNSPECIFIED. ) ;
#1579 = VECTOR ( 'NONE', #4665, 1000.000000000000000 ) ;
#1580 = CARTESIAN_POINT ( 'NONE',  ( -25.00000000000000711, 32.00000000000000000, -29.00000000000002132 ) ) ;
#1581 = VERTEX_POINT ( 'NONE', #769 ) ;
#1582 = DIRECTION ( 'NONE',  ( -1.000000000000000000, 0.000000000000000000, 0.000000000000000000 ) ) ;
#1583 = VECTOR ( 'NONE', #3198, 1000.000000000000000 ) ;
#1584 = AXIS2_PLACEMENT_3D ( 'NONE', #3267, #2138, #4454 ) ;
#1585 = DIRECTION ( 'NONE',  ( 0.000000000000000000, 0.000000000000000000, -1.000000000000000000 ) ) ;
#1586 = DIRECTION ( 'NONE',  ( 0.000000000000000000, 1.000000000000000000, 0.000000000000000000 ) ) ;
#1587 = VERTEX_POINT ( 'NONE', #1994 ) ;
#1588 = LINE ( 'NONE', #4254, #40 ) ;
#1589 = VECTOR ( 'NONE', #1546, 1000.000000000000000 ) ;
#1590 = ORIENTED_EDGE ( 'NONE', *, *, #3671, .F. ) ;
#1591 = DIRECTION ( 'NONE',  ( 0.000000000000000000, 1.000000000000000000, 3.491481338843133355E-15 ) ) ;
#1592 = ADVANCED_FACE ( 'NONE', ( #3862 ), #1922, .F. ) ;
#1593 = CARTESIAN_POINT ( 'NONE',  ( -27.50000000000000355, 18.00000000000000000, 14.74999999999995204 ) ) ;
#1594 = VECTOR ( 'NONE', #3643, 1000.000000000000000 ) ;
#1595 = ORIENTED_EDGE ( 'NONE', *, *, #2052, .F. ) ;
#1596 = DIRECTION ( 'NONE',  ( -1.000000000000000000, 0.000000000000000000, -0.000000000000000000 ) ) ;
#1597 = ORIENTED_EDGE ( 'NONE', *, *, #4482, .T. ) ;
#1598 = DIRECTION ( 'NONE',  ( -1.000000000000000000, 0.000000000000000000, -4.239071229693654001E-15 ) ) ;
#1599 = ADVANCED_FACE ( 'NONE', ( #821 ), #1625, .F. ) ;
#1600 = CARTESIAN_POINT ( 'NONE',  ( 25.00000000000000711, 29.50000000000000000, 37.99999999999996447 ) ) ;
#1601 = LINE ( 'NONE', #946, #4682 ) ;
#1602 = VECTOR ( 'NONE', #128, 1000.000000000000000 ) ;
#1603 = CARTESIAN_POINT ( 'NONE',  ( -46.31370849898476649, 17.50000000000000000, 24.99999999999994671 ) ) ;
#1604 = CIRCLE ( 'NONE', #3194, 20.49999999999999645 ) ;
#1605 = EDGE_CURVE ( 'NONE', #4699, #273, #2326, .T. ) ;
#1606 = CARTESIAN_POINT ( 'NONE',  ( 17.70476182858164549, 28.49999999999999645, 15.53801126270789190 ) ) ;
#1607 = VERTEX_POINT ( 'NONE', #369 ) ;
#1608 = VECTOR ( 'NONE', #1839, 1000.000000000000000 ) ;
#1609 = VERTEX_POINT ( 'NONE', #1896 ) ;
#1610 = DIRECTION ( 'NONE',  ( -1.000000000000000000, 2.438088387897967896E-29, -6.982962677686266711E-15 ) ) ;
#1611 = ORIENTED_EDGE ( 'NONE', *, *, #791, .F. ) ;
#1612 = ORIENTED_EDGE ( 'NONE', *, *, #4599, .F. ) ;
#1613 = CARTESIAN_POINT ( 'NONE',  ( -2.267538108872327207, 24.49999999999999289, 6.301839367049087315 ) ) ;
#1614 = CARTESIAN_POINT ( 'NONE',  ( -3.601026911978597145, 32.00000000000000000, 1.758059867859523395 ) ) ;
#1615 = CARTESIAN_POINT ( 'NONE',  ( 1.501130559476324899, 24.50000000000000355, 11.99349656143168730 ) ) ;
#1616 = ORIENTED_EDGE ( 'NONE', *, *, #4854, .F. ) ;
#1617 = CARTESIAN_POINT ( 'NONE',  ( -1.576085913135946814, 32.00000000000000000, 11.42771081216553419 ) ) ;
#1618 = VERTEX_POINT ( 'NONE', #3417 ) ;
#1619 = EDGE_LOOP ( 'NONE', ( #2978, #1040, #210, #4327 ) ) ;
#1620 = PLANE ( 'NONE',  #4058 ) ;
#1621 = CARTESIAN_POINT ( 'NONE',  ( -27.50000000000000355, 10.49999999999999112, 14.74999999999995204 ) ) ;
#1622 = CARTESIAN_POINT ( 'NONE',  ( -2.249903526357163841, 24.50000000000000711, -1.050058994014420710 ) ) ;
#1623 = VERTEX_POINT ( 'NONE', #4937 ) ;
#1624 = B_SPLINE_CURVE_WITH_KNOTS ( 'NONE', 3,
 ( #4192, #95, #4588, #380, #4267, #2642, #478, #404, #449, #1631, #21, #1224, #1933, #3509, #3104, #1954 ),
 .UNSPECIFIED., .F., .F.,
 ( 4, 2, 2, 2, 2, 2, 2, 4 ),
 ( 0.000000000000000000, 0.0009303234999038462270, 0.001395485249855769449, 0.001860646999807692888, 0.002325808749759616326, 0.002790970499711539331, 0.003256132249663462770, 0.003721293999615385775 ),
 .UNSPECIFIED. ) ;
#1625 = PLANE ( 'NONE',  #944 ) ;
#1626 = FACE_OUTER_BOUND ( 'NONE', #1450, .T. ) ;
#1627 = ADVANCED_FACE ( 'NONE', ( #1524 ), #3044, .T. ) ;
#1628 = CARTESIAN_POINT ( 'NONE',  ( 7.599667529665898869, 23.00000000000000000, 16.80050947618697776 ) ) ;
#1629 = CARTESIAN_POINT ( 'NONE',  ( 3.101750864123765883, 31.99999999999998579, 8.757180451233494978 ) ) ;
#1630 = EDGE_CURVE ( 'NONE', #1496, #1618, #3442, .T. ) ;
#1631 = CARTESIAN_POINT ( 'NONE',  ( 2.152415578467813173, 31.99999999999999289, 6.522756353719270983 ) ) ;
#1632 = ADVANCED_FACE ( 'NONE', ( #1674 ), #196, .T. ) ;
#1633 = VERTEX_POINT ( 'NONE', #1382 ) ;
#1634 = ORIENTED_EDGE ( 'NONE', *, *, #429, .T. ) ;
#1635 = CARTESIAN_POINT ( 'NONE',  ( -1.099844525993681765, 32.00000000000000000, 5.860867144937134121 ) ) ;
#1636 = DIRECTION ( 'NONE',  ( 0.000000000000000000, -1.000000000000000000, 0.000000000000000000 ) ) ;
#1637 = LINE ( 'NONE', #2859, #3598 ) ;
#1638 = ORIENTED_EDGE ( 'NONE', *, *, #47, .F. ) ;
#1639 = CARTESIAN_POINT ( 'NONE',  ( -2.461419461015440735, 24.50000000000000000, -0.8810194843374679063 ) ) ;
#1640 = VERTEX_POINT ( 'NONE', #1754 ) ;
#1641 = ORIENTED_EDGE ( 'NONE', *, *, #1874, .F. ) ;
#1642 = LINE ( 'NONE', #3563, #1507 ) ;
#1643 = PLANE ( 'NONE',  #331 ) ;
#1644 = FACE_OUTER_BOUND ( 'NONE', #1562, .T. ) ;
#1645 = VERTEX_POINT ( 'NONE', #1355 ) ;
#1646 = LINE ( 'NONE', #3165, #4760 ) ;
#1647 = CARTESIAN_POINT ( 'NONE',  ( -33.50000000000000000, 18.00000000000000000, 14.74999999999995204 ) ) ;
#1648 = ORIENTED_EDGE ( 'NONE', *, *, #4072, .F. ) ;
#1649 = VECTOR ( 'NONE', #4434, 1000.000000000000000 ) ;
#1650 = CYLINDRICAL_SURFACE ( 'NONE', #703, 0.2500000000000002220 ) ;
#1651 = EDGE_CURVE ( 'NONE', #212, #670, #1974, .T. ) ;
#1652 = LINE ( 'NONE', #1606, #4311 ) ;
#1653 = EDGE_CURVE ( 'NONE', #778, #2650, #2072, .T. ) ;
#1654 = DIRECTION ( 'NONE',  ( -0.000000000000000000, -0.000000000000000000, 1.000000000000000000 ) ) ;
#1655 = ORIENTED_EDGE ( 'NONE', *, *, #2, .T. ) ;
#1656 = VERTEX_POINT ( 'NONE', #574 ) ;
#1657 = DIRECTION ( 'NONE',  ( 1.000000000000000000, 0.000000000000000000, -1.724440263185883865E-16 ) ) ;
#1658 = EDGE_CURVE ( 'NONE', #2263, #509, #4754, .T. ) ;
#1659 = VECTOR ( 'NONE', #728, 1000.000000000000000 ) ;
#1660 = DIRECTION ( 'NONE',  ( 1.000000000000000000, 0.000000000000000000, 2.322494089076271146E-16 ) ) ;
#1661 = AXIS2_PLACEMENT_3D ( 'NONE', #4319, #2403, #3570 ) ;
#1662 = CARTESIAN_POINT ( 'NONE',  ( 12.05172136156067175, 23.00000000000000000, 19.36521081018123525 ) ) ;
#1663 = VERTEX_POINT ( 'NONE', #3219 ) ;
#1664 = LINE ( 'NONE', #2472, #4385 ) ;
#1665 = LINE ( 'NONE', #2829, #4913 ) ;
#1666 = VECTOR ( 'NONE', #4808, 1000.000000000000000 ) ;
#1667 = ORIENTED_EDGE ( 'NONE', *, *, #374, .F. ) ;
#1668 = ORIENTED_EDGE ( 'NONE', *, *, #2177, .F. ) ;
#1669 = DIRECTION ( 'NONE',  ( 1.000000000000000000, -0.000000000000000000, 0.000000000000000000 ) ) ;
#1670 = CARTESIAN_POINT ( 'NONE',  ( -2.914268844323597119, 24.50000000000000711, 7.687611681424682430 ) ) ;
#1671 = AXIS2_PLACEMENT_3D ( 'NONE', #1744, #4851, #2228 ) ;
#1672 = DIRECTION ( 'NONE',  ( -0.000000000000000000, 0.000000000000000000, -1.000000000000000000 ) ) ;
#1673 = ORIENTED_EDGE ( 'NONE', *, *, #2226, .T. ) ;
#1674 = FACE_OUTER_BOUND ( 'NONE', #2522, .T. ) ;
#1675 = AXIS2_PLACEMENT_3D ( 'NONE', #4165, #4767, #3419 ) ;
#1676 = CARTESIAN_POINT ( 'NONE',  ( 25.00000000000000711, 30.00000000000000000, 38.99999999999996447 ) ) ;
#1677 = ORIENTED_EDGE ( 'NONE', *, *, #4677, .F. ) ;
#1678 = DIRECTION ( 'NONE',  ( -6.982962677686266711E-15, -3.491481338843133355E-15, 1.000000000000000000 ) ) ;
#1679 = EDGE_CURVE ( 'NONE', #1968, #1683, #3192, .T. ) ;
#1680 = DIRECTION ( 'NONE',  ( 0.000000000000000000, 1.000000000000000000, 3.491481338843133355E-15 ) ) ;
#1681 = CARTESIAN_POINT ( 'NONE',  ( 2.406422463806137113, 32.00000000000001421, 4.442749684920114461 ) ) ;
#1682 = ORIENTED_EDGE ( 'NONE', *, *, #3080, .F. ) ;
#1683 = VERTEX_POINT ( 'NONE', #3963 ) ;
#1684 = LINE ( 'NONE', #3227, #1357 ) ;
#1685 = CARTESIAN_POINT ( 'NONE',  ( -3.065204045698357138, 24.50000000000000355, 9.296874252041845921 ) ) ;
#1686 = CARTESIAN_POINT ( 'NONE',  ( -10.26147307730576586, 23.00000000000000000, 18.29275258562278950 ) ) ;
#1687 = ORIENTED_EDGE ( 'NONE', *, *, #2525, .F. ) ;
#1688 = DIRECTION ( 'NONE',  ( 1.000000000000000000, -2.438088387897967896E-29, 6.982962677686266711E-15 ) ) ;
#1689 = ADVANCED_FACE ( 'NONE', ( #542 ), #1055, .T. ) ;
#1690 = CARTESIAN_POINT ( 'NONE',  ( -2.999999999999996447, 29.09999999999999787, -14.04445395531110741 ) ) ;
#1691 = ORIENTED_EDGE ( 'NONE', *, *, #420, .F. ) ;
#1692 = VERTEX_POINT ( 'NONE', #4338 ) ;
#1693 = ORIENTED_EDGE ( 'NONE', *, *, #4489, .F. ) ;
#1694 = CYLINDRICAL_SURFACE ( 'NONE', #1172, 8.499999999999996447 ) ;
#1695 = CARTESIAN_POINT ( 'NONE',  ( -33.50000000000000711, 17.50000000000000000, 23.86623553487585525 ) ) ;
#1696 = CARTESIAN_POINT ( 'NONE',  ( 8.869658908809022080, 32.00000000000000000, 17.83061455563302644 ) ) ;
#1697 = VERTEX_POINT ( 'NONE', #2424 ) ;
#1698 = EDGE_CURVE ( 'NONE', #3039, #819, #2376, .T. ) ;
#1699 = DIRECTION ( 'NONE',  ( 1.000000000000000000, 0.000000000000000000, 2.322494089076271146E-16 ) ) ;
#1700 = VERTEX_POINT ( 'NONE', #3915 ) ;
#1701 = EDGE_CURVE ( 'NONE', #440, #1399, #4727, .T. ) ;
#1702 = EDGE_LOOP ( 'NONE', ( #255, #3719, #686, #3983 ) ) ;
#1703 = DIRECTION ( 'NONE',  ( 1.000000000000000000, -0.000000000000000000, 0.000000000000000000 ) ) ;
#1704 = DIRECTION ( 'NONE',  ( 1.000000000000000000, 0.000000000000000000, 0.000000000000000000 ) ) ;
#1705 = CARTESIAN_POINT ( 'NONE',  ( -25.00000000000000711, 28.49999999999999645, 37.49999999999996447 ) ) ;
#1706 = CARTESIAN_POINT ( 'NONE',  ( 14.50000000000024869, 25.00000000000010658, 19.36521081018125656 ) ) ;
#1707 = LINE ( 'NONE', #94, #3435 ) ;
#1708 = ORIENTED_EDGE ( 'NONE', *, *, #2677, .F. ) ;
#1709 = VECTOR ( 'NONE', #2094, 1000.000000000000000 ) ;
#1710 = CARTESIAN_POINT ( 'NONE',  ( 3.584437647193350784, 32.00000000000000711, 2.137575003535403972 ) ) ;
#1711 = ORIENTED_EDGE ( 'NONE', *, *, #118, .T. ) ;
#1712 = CARTESIAN_POINT ( 'NONE',  ( -1.099844525993681765, 24.49999999999999645, 5.860867144937108364 ) ) ;
#1713 = CARTESIAN_POINT ( 'NONE',  ( -2.799999999999999378, -13.91959594928933441, 21.13801126270789155 ) ) ;
#1714 = DIRECTION ( 'NONE',  ( -1.000000000000000000, 2.438088387897967896E-29, -6.982962677686266711E-15 ) ) ;
#1715 = ORIENTED_EDGE ( 'NONE', *, *, #4552, .T. ) ;
#1716 = FACE_OUTER_BOUND ( 'NONE', #4087, .T. ) ;
#1717 = CARTESIAN_POINT ( 'NONE',  ( 33.50000000000000000, 28.49999999999999645, 28.99999999999997158 ) ) ;
#1718 = ORIENTED_EDGE ( 'NONE', *, *, #799, .T. ) ;
#1719 = ORIENTED_EDGE ( 'NONE', *, *, #3251, .F. ) ;
#1720 = CARTESIAN_POINT ( 'NONE',  ( -45.97666018330589566, 17.00000000000002842, 18.98421203201066021 ) ) ;
#1721 = CARTESIAN_POINT ( 'NONE',  ( -1.579617136008335088, 24.50000000000000355, 11.48414578258326912 ) ) ;
#1722 = EDGE_CURVE ( 'NONE', #4202, #599, #111, .T. ) ;
#1723 = FACE_OUTER_BOUND ( 'NONE', #1082, .T. ) ;
#1724 = ORIENTED_EDGE ( 'NONE', *, *, #4688, .T. ) ;
#1725 = DIRECTION ( 'NONE',  ( -0.000000000000000000, 1.000000000000000000, -0.000000000000000000 ) ) ;
#1726 = ORIENTED_EDGE ( 'NONE', *, *, #2152, .T. ) ;
#1727 = CARTESIAN_POINT ( 'NONE',  ( -46.31370849898476649, 17.50000000000000000, 24.99999999999994671 ) ) ;
#1728 = LINE ( 'NONE', #1830, #1440 ) ;
#1729 = EDGE_CURVE ( 'NONE', #988, #440, #1646, .T. ) ;
#1730 = CARTESIAN_POINT ( 'NONE',  ( 17.70476182858164549, 28.49999999999999645, 27.23807268525122538 ) ) ;
#1731 = FACE_OUTER_BOUND ( 'NONE', #513, .T. ) ;
#1732 = DIRECTION ( 'NONE',  ( 0.000000000000000000, -1.000000000000000000, 0.000000000000000000 ) ) ;
#1733 = ORIENTED_EDGE ( 'NONE', *, *, #2555, .F. ) ;
#1734 = DIRECTION ( 'NONE',  ( -1.000000000000000000, -0.000000000000000000, -0.000000000000000000 ) ) ;
#1735 = VERTEX_POINT ( 'NONE', #2815 ) ;
#1736 = CIRCLE ( 'NONE', #4189, 1.600000000000000755 ) ;
#1737 = CARTESIAN_POINT ( 'NONE',  ( 10.59635991700607427, 32.00000000000000000, 18.40284782959528798 ) ) ;
#1738 = DIRECTION ( 'NONE',  ( 1.000000000000000000, 0.000000000000000000, 0.000000000000000000 ) ) ;
#1739 = AXIS2_PLACEMENT_3D ( 'NONE', #854, #4565, #72 ) ;
#1740 = ORIENTED_EDGE ( 'NONE', *, *, #965, .F. ) ;
#1741 = DIRECTION ( 'NONE',  ( -1.000000000000000000, 0.000000000000000000, -0.000000000000000000 ) ) ;
#1742 = CARTESIAN_POINT ( 'NONE',  ( -2.799999999999999378, -13.91959594928933441, 15.53801126270789190 ) ) ;
#1743 = VERTEX_POINT ( 'NONE', #2098 ) ;
#1744 = CARTESIAN_POINT ( 'NONE',  ( 25.00000000000000711, 2.000000000000000000, -29.00000000000002132 ) ) ;
#1745 = CARTESIAN_POINT ( 'NONE',  ( -0.8740615806291651690, 24.49999999999999645, 13.06458333644163439 ) ) ;
#1746 = CARTESIAN_POINT ( 'NONE',  ( 2.856823862741116660, 24.49999999999999645, 7.539891440058176464 ) ) ;
#1747 = VERTEX_POINT ( 'NONE', #2483 ) ;
#1748 = DIRECTION ( 'NONE',  ( 0.000000000000000000, 0.000000000000000000, -1.000000000000000000 ) ) ;
#1749 = VECTOR ( 'NONE', #986, 1000.000000000000000 ) ;
#1750 = VECTOR ( 'NONE', #2015, 1000.000000000000000 ) ;
#1751 = EDGE_LOOP ( 'NONE', ( #577, #445, #4200, #425 ) ) ;
#1752 = ORIENTED_EDGE ( 'NONE', *, *, #799, .F. ) ;
#1753 = ORIENTED_EDGE ( 'NONE', *, *, #2404, .T. ) ;
#1754 = CARTESIAN_POINT ( 'NONE',  ( 14.50000000000021494, 32.00000000000000000, 24.06419186098135299 ) ) ;
#1755 = CARTESIAN_POINT ( 'NONE',  ( -19.81171673543281031, 23.00000000000000000, 27.23807268525122538 ) ) ;
#1756 = AXIS2_PLACEMENT_3D ( 'NONE', #1048, #1796, #3745 ) ;
#1757 = VERTEX_POINT ( 'NONE', #493 ) ;
#1758 = EDGE_CURVE ( 'NONE', #2755, #616, #2875, .T. ) ;
#1759 = VECTOR ( 'NONE', #604, 1000.000000000000000 ) ;
#1760 = CARTESIAN_POINT ( 'NONE',  ( -12.05359021688597032, 23.00000000000000000, 19.36521081018106116 ) ) ;
#1761 = DIRECTION ( 'NONE',  ( 0.000000000000000000, 0.000000000000000000, -1.000000000000000000 ) ) ;
#1762 = AXIS2_PLACEMENT_3D ( 'NONE', #3632, #3178, #3901 ) ;
#1763 = CARTESIAN_POINT ( 'NONE',  ( 3.019196611365944527, 32.00000000000000711, 3.728771856952645347 ) ) ;
#1764 = ADVANCED_FACE ( 'NONE', ( #2122 ), #4022, .F. ) ;
#1765 = VERTEX_POINT ( 'NONE', #4671 ) ;
#1766 = DIRECTION ( 'NONE',  ( 0.000000000000000000, 1.000000000000000000, 0.000000000000000000 ) ) ;
#1767 = CARTESIAN_POINT ( 'NONE',  ( -33.50000000000000000, 19.50000000000000355, 23.86623553487585525 ) ) ;
#1768 = B_SPLINE_SURFACE_WITH_KNOTS ( 'NONE', 3, 1, ( 
 ( #2821, #1272 ),
 ( #176, #3550 ),
 ( #4675, #3223 ),
 ( #958, #1629 ) ),
 .UNSPECIFIED., .F., .F., .F.,
 ( 4, 4 ),
 ( 2, 2 ),
 ( 6.000000000000000000, 7.000000000000000000 ),
 ( 0.000000000000000000, 1.000000000000000000 ),
 .UNSPECIFIED. ) ;
#1769 = CIRCLE ( 'NONE', #4146, 20.49999999999999645 ) ;
#1770 = AXIS2_PLACEMENT_3D ( 'NONE', #690, #2187, #341 ) ;
#1771 = ORIENTED_EDGE ( 'NONE', *, *, #748, .F. ) ;
#1772 = CARTESIAN_POINT ( 'NONE',  ( -27.50000000000000355, 10.49999999999999112, 14.74999999999995204 ) ) ;
#1773 = CARTESIAN_POINT ( 'NONE',  ( 25.00000000000000711, 32.00000000000000000, -39.00000000000002132 ) ) ;
#1774 = VERTEX_POINT ( 'NONE', #514 ) ;
#1775 = VERTEX_POINT ( 'NONE', #4316 ) ;
#1776 = DIRECTION ( 'NONE',  ( -0.000000000000000000, -1.000000000000000000, -0.000000000000000000 ) ) ;
#1777 = FACE_OUTER_BOUND ( 'NONE', #4774, .T. ) ;
#1778 = FACE_OUTER_BOUND ( 'NONE', #2560, .T. ) ;
#1779 = CARTESIAN_POINT ( 'NONE',  ( 25.00000000000000711, 30.00000000000000000, 28.99999999999997158 ) ) ;
#1780 = ORIENTED_EDGE ( 'NONE', *, *, #316, .T. ) ;
#1781 = ORIENTED_EDGE ( 'NONE', *, *, #4048, .T. ) ;
#1782 = PLANE ( 'NONE',  #1976 ) ;
#1783 = DIRECTION ( 'NONE',  ( -1.000000000000000000, -0.000000000000000000, -6.536324237897399040E-15 ) ) ;
#1784 = VERTEX_POINT ( 'NONE', #2561 ) ;
#1785 = EDGE_LOOP ( 'NONE', ( #3635, #2499, #4757, #997 ) ) ;
#1786 = CARTESIAN_POINT ( 'NONE',  ( -1.958665372940128879, 32.00000000000002132, 4.786201304761338982 ) ) ;
#1787 = DIRECTION ( 'NONE',  ( 0.000000000000000000, -3.016910393003142366E-16, 1.000000000000000000 ) ) ;
#1788 = ADVANCED_FACE ( 'NONE', ( #2237, #251 ), #696, .F. ) ;
#1789 = CARTESIAN_POINT ( 'NONE',  ( -1.099844525993681765, 24.50000000000000000, 5.860867144937103035 ) ) ;
#1790 = CARTESIAN_POINT ( 'NONE',  ( 2.964340232293553701, 32.00000000000000711, 9.682957755854589621 ) ) ;
#1791 = EDGE_CURVE ( 'NONE', #3928, #4102, #2215, .T. ) ;
#1792 = EDGE_CURVE ( 'NONE', #988, #3676, #2583, .T. ) ;
#1793 = VERTEX_POINT ( 'NONE', #2532 ) ;
#1794 = CARTESIAN_POINT ( 'NONE',  ( -0.9721252079207256536, 32.00000000000000711, 12.74790640847031220 ) ) ;
#1795 = ORIENTED_EDGE ( 'NONE', *, *, #3456, .T. ) ;
#1796 = DIRECTION ( 'NONE',  ( 0.000000000000000000, 0.000000000000000000, -1.000000000000000000 ) ) ;
#1797 = CARTESIAN_POINT ( 'NONE',  ( -35.00000000000000000, 1.068921942992014665E-14, 18.48421203201065666 ) ) ;
#1798 = CARTESIAN_POINT ( 'NONE',  ( 3.101750864123764551, 24.50000000000000355, 9.027966008974170009 ) ) ;
#1799 = EDGE_LOOP ( 'NONE', ( #1519, #3698, #566, #3726, #44, #1648, #2887, #4610 ) ) ;
#1800 = LINE ( 'NONE', #1292, #3005 ) ;
#1801 = EDGE_LOOP ( 'NONE', ( #3490, #1209, #2046, #2946 ) ) ;
#1802 = ORIENTED_EDGE ( 'NONE', *, *, #4825, .T. ) ;
#1803 = ORIENTED_EDGE ( 'NONE', *, *, #1401, .T. ) ;
#1804 = DIRECTION ( 'NONE',  ( -0.000000000000000000, -0.000000000000000000, 1.000000000000000000 ) ) ;
#1805 = CARTESIAN_POINT ( 'NONE',  ( -25.00000000000000711, 2.000000000000000000, 28.99999999999997158 ) ) ;
#1806 = ORIENTED_EDGE ( 'NONE', *, *, #3650, .F. ) ;
#1807 = ORIENTED_EDGE ( 'NONE', *, *, #2209, .T. ) ;
#1808 = DIRECTION ( 'NONE',  ( -0.000000000000000000, -0.000000000000000000, -1.000000000000000000 ) ) ;
#1809 = B_SPLINE_SURFACE_WITH_KNOTS ( 'NONE', 3, 1, ( 
 ( #3669, #2139 ),
 ( #4852, #3316 ),
 ( #3700, #4876 ),
 ( #244, #1467 ) ),
 .UNSPECIFIED., .F., .F., .F.,
 ( 4, 4 ),
 ( 2, 2 ),
 ( 4.000000000000000000, 5.000000000000000000 ),
 ( 0.000000000000000000, 1.000000000000000000 ),
 .UNSPECIFIED. ) ;
#1810 = B_SPLINE_CURVE_WITH_KNOTS ( 'NONE', 2,
 ( #4925, #1489, #4515 ),
 .UNSPECIFIED., .F., .F.,
 ( 3, 3 ),
 ( 0.4999544435945628695, 0.5003907626673682607 ),
 .UNSPECIFIED. ) ;
#1811 = CARTESIAN_POINT ( 'NONE',  ( -34.00000000000000000, 32.00000000000000000, 28.99999999999997158 ) ) ;
#1812 = ADVANCED_FACE ( 'NONE', ( #4815 ), #1782, .T. ) ;
#1813 = AXIS2_PLACEMENT_3D ( 'NONE', #4601, #897, #3565 ) ;
#1814 = DIRECTION ( 'NONE',  ( 1.000000000000000000, 0.000000000000000000, 1.005588344291908176E-14 ) ) ;
#1815 = ORIENTED_EDGE ( 'NONE', *, *, #3980, .F. ) ;
#1816 =( LENGTH_UNIT ( ) NAMED_UNIT ( * ) SI_UNIT ( .MILLI., .METRE. ) );
#1817 = CARTESIAN_POINT ( 'NONE',  ( 7.599667529665836696, 32.00000000000000000, 25.49999999999952749 ) ) ;
#1818 = AXIS2_PLACEMENT_3D ( 'NONE', #2273, #3368, #1825 ) ;
#1819 = EDGE_CURVE ( 'NONE', #4642, #980, #4045, .T. ) ;
#1820 = ORIENTED_EDGE ( 'NONE', *, *, #597, .T. ) ;
#1821 = CARTESIAN_POINT ( 'NONE',  ( 0.000000000000000000, 29.09999999999999787, -17.04445395531110563 ) ) ;
#1822 = CARTESIAN_POINT ( 'NONE',  ( 25.00000000000000711, 32.00000000000000000, -38.00000000000002132 ) ) ;
#1823 = AXIS2_PLACEMENT_3D ( 'NONE', #4654, #2291, #779 ) ;
#1824 = CARTESIAN_POINT ( 'NONE',  ( 3.101750864123765883, 24.50000000000000355, 8.757180451233468332 ) ) ;
#1825 = DIRECTION ( 'NONE',  ( 0.000000000000000000, 0.000000000000000000, -1.000000000000000000 ) ) ;
#1826 = ORIENTED_EDGE ( 'NONE', *, *, #3790, .T. ) ;
#1827 = ORIENTED_EDGE ( 'NONE', *, *, #1843, .T. ) ;
#1828 = ORIENTED_EDGE ( 'NONE', *, *, #965, .T. ) ;
#1829 = FACE_OUTER_BOUND ( 'NONE', #1508, .T. ) ;
#1830 = CARTESIAN_POINT ( 'NONE',  ( 35.00000000000000000, 30.00000000000000000, 28.99999999999997158 ) ) ;
#1831 = EDGE_CURVE ( 'NONE', #1574, #2604, #4071, .T. ) ;
#1832 = VECTOR ( 'NONE', #1059, 1000.000000000000000 ) ;
#1833 = DIRECTION ( 'NONE',  ( 0.000000000000000000, 1.000000000000000000, 3.491481338843133355E-15 ) ) ;
#1834 = ORIENTED_EDGE ( 'NONE', *, *, #794, .T. ) ;
#1835 = DIRECTION ( 'NONE',  ( 0.000000000000000000, 0.000000000000000000, 1.000000000000000000 ) ) ;
#1836 = AXIS2_PLACEMENT_3D ( 'NONE', #671, #736, #405 ) ;
#1837 = LINE ( 'NONE', #3654, #3660 ) ;
#1838 = CIRCLE ( 'NONE', #2540, 9.249999999999994671 ) ;
#1839 = DIRECTION ( 'NONE',  ( 0.000000000000000000, 0.000000000000000000, -1.000000000000000000 ) ) ;
#1840 = EDGE_CURVE ( 'NONE', #3645, #4735, #1455, .T. ) ;
#1841 = ORIENTED_EDGE ( 'NONE', *, *, #1008, .T. ) ;
#1842 = DIRECTION ( 'NONE',  ( 1.000000000000000000, -0.000000000000000000, 3.802133645976563900E-16 ) ) ;
#1843 = EDGE_CURVE ( 'NONE', #667, #1043, #4138, .T. ) ;
#1844 = ORIENTED_EDGE ( 'NONE', *, *, #1729, .T. ) ;
#1845 = ORIENTED_EDGE ( 'NONE', *, *, #286, .T. ) ;
#1846 = LINE ( 'NONE', #4497, #2688 ) ;
#1847 = CARTESIAN_POINT ( 'NONE',  ( 2.251544362057770421, 32.00000000000000000, -4.500214463258173758 ) ) ;
#1848 = CARTESIAN_POINT ( 'NONE',  ( 25.00000000000000711, 0.000000000000000000, 28.99999999999997158 ) ) ;
#1849 = ADVANCED_FACE ( 'NONE', ( #1409, #626 ), #2505, .F. ) ;
#1850 = CARTESIAN_POINT ( 'NONE',  ( 10.26313544482804119, 32.00000000000000000, 18.29275258570828200 ) ) ;
#1851 = ORIENTED_EDGE ( 'NONE', *, *, #3549, .T. ) ;
#1852 = VERTEX_POINT ( 'NONE', #3754 ) ;
#1853 = ORIENTED_EDGE ( 'NONE', *, *, #3742, .T. ) ;
#1854 = DIRECTION ( 'NONE',  ( 0.000000000000000000, 1.000000000000000000, 3.491481338843133355E-15 ) ) ;
#1855 = DIRECTION ( 'NONE',  ( 0.000000000000000000, 0.000000000000000000, -1.000000000000000000 ) ) ;
#1856 = ADVANCED_FACE ( 'NONE', ( #1829 ), #3371, .F. ) ;
#1857 = CARTESIAN_POINT ( 'NONE',  ( 6.346119218776774318, 23.00000000000000000, 11.64859530943569332 ) ) ;
#1858 = EDGE_CURVE ( 'NONE', #4525, #4560, #1031, .T. ) ;
#1859 = ORIENTED_EDGE ( 'NONE', *, *, #3078, .F. ) ;
#1860 = FACE_OUTER_BOUND ( 'NONE', #2814, .T. ) ;
#1861 = CARTESIAN_POINT ( 'NONE',  ( 2.251544362057745996, 24.50000000000000355, -1.046527771142004681 ) ) ;
#1862 = CARTESIAN_POINT ( 'NONE',  ( -34.25000000000000000, 2.000000000000000000, 28.99999999999997158 ) ) ;
#1863 = DIRECTION ( 'NONE',  ( 0.000000000000000000, 0.000000000000000000, 1.000000000000000000 ) ) ;
#1864 = ORIENTED_EDGE ( 'NONE', *, *, #828, .F. ) ;
#1865 = PLANE ( 'NONE',  #4193 ) ;
#1866 = DIRECTION ( 'NONE',  ( -1.000000000000000000, 0.000000000000000000, 0.000000000000000000 ) ) ;
#1867 = LINE ( 'NONE', #1797, #4390 ) ;
#1868 = DIRECTION ( 'NONE',  ( 0.000000000000000000, 0.000000000000000000, 1.000000000000000000 ) ) ;
#1869 = EDGE_LOOP ( 'NONE', ( #1945, #1691, #1288, #3738 ) ) ;
#1870 = CARTESIAN_POINT ( 'NONE',  ( -46.31370849898476649, 10.49999999999999822, 17.99999999999995381 ) ) ;
#1871 = ORIENTED_EDGE ( 'NONE', *, *, #2593, .T. ) ;
#1872 = ORIENTED_EDGE ( 'NONE', *, *, #426, .T. ) ;
#1873 = DIRECTION ( 'NONE',  ( -1.000000000000000000, 0.000000000000000000, 0.000000000000000000 ) ) ;
#1874 = EDGE_CURVE ( 'NONE', #509, #741, #1473, .T. ) ;
#1875 = DIRECTION ( 'NONE',  ( 0.000000000000000000, 0.000000000000000000, -1.000000000000000000 ) ) ;
#1876 = CARTESIAN_POINT ( 'NONE',  ( -25.88422689413609490, 11.99999999999999645, 10.99999999999995381 ) ) ;
#1877 = CARTESIAN_POINT ( 'NONE',  ( -34.00000000000000711, 32.00000000000000000, -29.00000000000002132 ) ) ;
#1878 = ADVANCED_FACE ( 'NONE', ( #2991 ), #4502, .T. ) ;
#1879 = DIRECTION ( 'NONE',  ( 0.000000000000000000, 1.000000000000000000, -0.000000000000000000 ) ) ;
#1880 = LINE ( 'NONE', #4581, #4563 ) ;
#1881 = CARTESIAN_POINT ( 'NONE',  ( -3.601026911978598921, 24.50000000000000355, 1.948836895095392041 ) ) ;
#1882 = B_SPLINE_SURFACE_WITH_KNOTS ( 'NONE', 3, 1, ( 
 ( #2361, #152 ),
 ( #98, #4372 ),
 ( #1613, #558 ),
 ( #1712, #1635 ) ),
 .UNSPECIFIED., .F., .F., .F.,
 ( 4, 4 ),
 ( 2, 2 ),
 ( 16.00000000000000000, 17.00000000000000000 ),
 ( 0.000000000000000000, 1.000000000000000000 ),
 .UNSPECIFIED. ) ;
#1883 = ORIENTED_EDGE ( 'NONE', *, *, #4031, .T. ) ;
#1884 = FACE_OUTER_BOUND ( 'NONE', #4012, .T. ) ;
#1885 = VERTEX_POINT ( 'NONE', #3707 ) ;
#1886 = CARTESIAN_POINT ( 'NONE',  ( 7.599667529665836696, 25.00000000000008527, 25.49999999999951328 ) ) ;
#1887 = PLANE ( 'NONE',  #2223 ) ;
#1888 = FACE_OUTER_BOUND ( 'NONE', #124, .T. ) ;
#1889 = CARTESIAN_POINT ( 'NONE',  ( -3.362422779585199528, 24.50000000000000000, 0.4393780330285817493 ) ) ;
#1890 = VERTEX_POINT ( 'NONE', #2947 ) ;
#1891 = FACE_BOUND ( 'NONE', #1799, .T. ) ;
#1892 = EDGE_CURVE ( 'NONE', #2254, #3684, #276, .T. ) ;
#1893 = PLANE ( 'NONE',  #2871 ) ;
#1894 = CARTESIAN_POINT ( 'NONE',  ( 2.251544362057745996, 32.00000000000000000, -1.046527771141987362 ) ) ;
#1895 = COLOUR_RGB ( '',0.7921568627450980005, 0.8196078431372548767, 0.9333333333333333481 ) ;
#1896 = CARTESIAN_POINT ( 'NONE',  ( -25.00000000000000711, 2.000000000000000000, -38.25000000000002842 ) ) ;
#1897 = CARTESIAN_POINT ( 'NONE',  ( 34.25000000000000000, 2.000000000000000000, 28.99999999999997513 ) ) ;
#1898 = AXIS2_PLACEMENT_3D ( 'NONE', #1706, #1678, #4366 ) ;
#1899 = DIRECTION ( 'NONE',  ( 0.000000000000000000, -1.000000000000000000, 0.000000000000000000 ) ) ;
#1900 = EDGE_CURVE ( 'NONE', #1564, #1407, #3324, .T. ) ;
#1901 = AXIS2_PLACEMENT_3D ( 'NONE', #3348, #2145, #1497 ) ;
#1902 = EDGE_CURVE ( 'NONE', #1459, #2360, #2762, .T. ) ;
#1903 = CARTESIAN_POINT ( 'NONE',  ( 10.26313544485287643, 23.00000000000000000, 18.29275258562293516 ) ) ;
#1904 = EDGE_CURVE ( 'NONE', #3678, #1765, #2705, .T. ) ;
#1905 = ORIENTED_EDGE ( 'NONE', *, *, #2369, .F. ) ;
#1906 = CARTESIAN_POINT ( 'NONE',  ( -19.81171673543281031, 28.49999999999999645, 27.23807268525122538 ) ) ;
#1907 = AXIS2_PLACEMENT_3D ( 'NONE', #1039, #2509, #2282 ) ;
#1908 = ADVANCED_FACE ( 'NONE', ( #4232, #1918, #1891, #2653 ), #1620, .T. ) ;
#1909 = ORIENTED_EDGE ( 'NONE', *, *, #193, .F. ) ;
#1910 = VECTOR ( 'NONE', #418, 1000.000000000000000 ) ;
#1911 = CARTESIAN_POINT ( 'NONE',  ( -33.50000000000000000, 28.49999999999999645, 28.99999999999997158 ) ) ;
#1912 = CARTESIAN_POINT ( 'NONE',  ( -0.5087354508399141162, 24.50000000000000000, 12.98471412081613430 ) ) ;
#1913 = CARTESIAN_POINT ( 'NONE',  ( 1.382022356352116343, 32.00000000000000000, 12.28042743097763356 ) ) ;
#1914 = ORIENTED_EDGE ( 'NONE', *, *, #3365, .F. ) ;
#1915 = CARTESIAN_POINT ( 'NONE',  ( 7.599667529665884658, 29.49999999999983302, 18.11989491965052324 ) ) ;
#1916 = B_SPLINE_CURVE_WITH_KNOTS ( 'NONE', 3,
 ( #1214, #2347, #491, #1992, #2018, #3541, #3090, #512, #1967, #2709, #4235, #2324, #792, #109 ),
 .UNSPECIFIED., .F., .F.,
 ( 4, 2, 2, 2, 2, 2, 4 ),
 ( 0.000000000000000000, 0.0009304940717840282918, 0.001395741107676041516, 0.001860988143568054632, 0.002326235179460067314, 0.002791482215352080864, 0.003721976287136106662 ),
 .UNSPECIFIED. ) ;
#1917 = ORIENTED_EDGE ( 'NONE', *, *, #1080, .F. ) ;
#1918 = FACE_OUTER_BOUND ( 'NONE', #573, .T. ) ;
#1919 = LINE ( 'NONE', #2323, #1360 ) ;
#1920 = AXIS2_PLACEMENT_3D ( 'NONE', #1603, #801, #2380 ) ;
#1921 = LINE ( 'NONE', #1523, #2841 ) ;
#1922 = PLANE ( 'NONE',  #4756 ) ;
#1923 = DIRECTION ( 'NONE',  ( -0.000000000000000000, -0.000000000000000000, 1.000000000000000000 ) ) ;
#1924 = FACE_BOUND ( 'NONE', #2225, .T. ) ;
#1925 = ORIENTED_EDGE ( 'NONE', *, *, #2109, .F. ) ;
#1926 = ORIENTED_EDGE ( 'NONE', *, *, #1136, .F. ) ;
#1927 = DIRECTION ( 'NONE',  ( -1.000000000000000000, -0.000000000000000000, -2.891205793294680298E-16 ) ) ;
#1928 = VERTEX_POINT ( 'NONE', #2344 ) ;
#1929 = ADVANCED_FACE ( 'NONE', ( #816 ), #1964, .F. ) ;
#1930 = CARTESIAN_POINT ( 'NONE',  ( -3.100088496576545616, 32.00000000000000000, 9.027982885241424782 ) ) ;
#1931 = EDGE_CURVE ( 'NONE', #1511, #2896, #1989, .T. ) ;
#1932 = ORIENTED_EDGE ( 'NONE', *, *, #959, .T. ) ;
#1933 = CARTESIAN_POINT ( 'NONE',  ( 1.662776039068672773, 32.00000000000000000, 6.138065276611208709 ) ) ;
#1934 = CARTESIAN_POINT ( 'NONE',  ( 0.000000000000000000, 29.50000000000000000, 13.00000000000000000 ) ) ;
#1935 = ADVANCED_FACE ( 'NONE', ( #3468 ), #82, .T. ) ;
#1936 = CARTESIAN_POINT ( 'NONE',  ( -3.363040858396017185, 32.00000000000000711, 0.4409579078545431963 ) ) ;
#1937 = CARTESIAN_POINT ( 'NONE',  ( 7.599667515478469859, 28.49999999999999645, 18.11989492295154491 ) ) ;
#1938 = ORIENTED_EDGE ( 'NONE', *, *, #1843, .F. ) ;
#1939 = CARTESIAN_POINT ( 'NONE',  ( 34.25000000000000000, 0.000000000000000000, 28.99999999999997513 ) ) ;
#1940 = ORIENTED_EDGE ( 'NONE', *, *, #955, .F. ) ;
#1941 = ORIENTED_EDGE ( 'NONE', *, *, #1193, .F. ) ;
#1942 = LINE ( 'NONE', #3413, #1106 ) ;
#1943 = CARTESIAN_POINT ( 'NONE',  ( -25.50000000000000355, 19.50000000000000355, 23.86623553487585525 ) ) ;
#1944 = CARTESIAN_POINT ( 'NONE',  ( -33.50000000000000000, 10.50049802381102815, 18.98421203201065310 ) ) ;
#1945 = ORIENTED_EDGE ( 'NONE', *, *, #4437, .F. ) ;
#1946 = DIRECTION ( 'NONE',  ( 1.000000000000000000, 0.000000000000000000, -0.000000000000000000 ) ) ;
#1947 = VECTOR ( 'NONE', #1551, 1000.000000000000000 ) ;
#1948 = CARTESIAN_POINT ( 'NONE',  ( -33.50000000000000000, 10.49999999999999112, 13.24999999999995204 ) ) ;
#1949 = CARTESIAN_POINT ( 'NONE',  ( -46.31370849898476649, 9.500000000000000000, 24.99999999999994671 ) ) ;
#1950 = ORIENTED_EDGE ( 'NONE', *, *, #1902, .F. ) ;
#1951 = CARTESIAN_POINT ( 'NONE',  ( -33.50000000000000000, 2.000000000000001776, 28.99999999999997158 ) ) ;
#1952 = PLANE ( 'NONE',  #4539 ) ;
#1953 = EDGE_CURVE ( 'NONE', #2648, #2113, #497, .T. ) ;
#1954 = CARTESIAN_POINT ( 'NONE',  ( 1.101485361694153120, 32.00000000000000000, 5.860867144937147444 ) ) ;
#1955 = ORIENTED_EDGE ( 'NONE', *, *, #4697, .T. ) ;
#1956 = DIRECTION ( 'NONE',  ( 0.000000000000000000, 1.000000000000000000, 0.000000000000000000 ) ) ;
#1957 = CARTESIAN_POINT ( 'NONE',  ( -1.380882952920176265, 24.50000000000000000, 12.28088276325549089 ) ) ;
#1958 = CARTESIAN_POINT ( 'NONE',  ( 17.70476182858164549, 23.00000000000000000, 15.53801126270789190 ) ) ;
#1959 = VERTEX_POINT ( 'NONE', #1183 ) ;
#1960 = EDGE_CURVE ( 'NONE', #1852, #3893, #1942, .T. ) ;
#1961 = CARTESIAN_POINT ( 'NONE',  ( -4.098455636355274656, 32.00000000000000000, 25.49999999999944578 ) ) ;
#1962 = ORIENTED_EDGE ( 'NONE', *, *, #2048, .T. ) ;
#1963 = ORIENTED_EDGE ( 'NONE', *, *, #3551, .T. ) ;
#1964 = PLANE ( 'NONE',  #3746 ) ;
#1965 = DIRECTION ( 'NONE',  ( -0.000000000000000000, -0.000000000000000000, -1.000000000000000000 ) ) ;
#1966 = EDGE_CURVE ( 'NONE', #741, #2943, #3096, .T. ) ;
#1967 = CARTESIAN_POINT ( 'NONE',  ( -2.718593322160459014, 32.00000000000000711, 7.259863832289030761 ) ) ;
#1968 = VERTEX_POINT ( 'NONE', #3115 ) ;
#1969 = VECTOR ( 'NONE', #2320, 1000.000000000000000 ) ;
#1970 = DIRECTION ( 'NONE',  ( 0.000000000000000000, 0.000000000000000000, 1.000000000000000000 ) ) ;
#1971 = DIRECTION ( 'NONE',  ( -0.000000000000000000, -0.000000000000000000, -1.000000000000000000 ) ) ;
#1972 = LINE ( 'NONE', #3502, #4607 ) ;
#1973 = DIRECTION ( 'NONE',  ( 0.000000000000000000, 1.000000000000000000, 3.491481338843133355E-15 ) ) ;
#1974 = CIRCLE ( 'NONE', #4926, 0.5000000000000073275 ) ;
#1975 = DIRECTION ( 'NONE',  ( -1.000000000000000000, -0.000000000000000000, -0.000000000000000000 ) ) ;
#1976 = AXIS2_PLACEMENT_3D ( 'NONE', #3727, #304, #330 ) ;
#1977 = DIRECTION ( 'NONE',  ( 0.000000000000000000, -0.000000000000000000, -1.000000000000000000 ) ) ;
#1978 = EDGE_LOOP ( 'NONE', ( #8, #219, #423, #4644 ) ) ;
#1979 = ORIENTED_EDGE ( 'NONE', *, *, #826, .F. ) ;
#1980 = LINE ( 'NONE', #181, #3418 ) ;
#1981 = VECTOR ( 'NONE', #1249, 1000.000000000000000 ) ;
#1982 = CARTESIAN_POINT ( 'NONE',  ( 2.462848818512297644, 24.50000000000000000, -0.8778439909074859937 ) ) ;
#1983 = CARTESIAN_POINT ( 'NONE',  ( 1.581279503555506283, 32.00000000000000000, 11.69288143493316134 ) ) ;
#1984 = ORIENTED_EDGE ( 'NONE', *, *, #4343, .F. ) ;
#1985 = CARTESIAN_POINT ( 'NONE',  ( -1.579312265382276204, 32.00000000000000000, 11.45930405883267866 ) ) ;
#1986 = VECTOR ( 'NONE', #1923, 1000.000000000000000 ) ;
#1987 = ORIENTED_EDGE ( 'NONE', *, *, #2879, .T. ) ;
#1988 = ORIENTED_EDGE ( 'NONE', *, *, #155, .T. ) ;
#1989 = LINE ( 'NONE', #3812, #4517 ) ;
#1990 = CARTESIAN_POINT ( 'NONE',  ( 14.50000000000021494, 25.00000000000008882, 24.06419186098133522 ) ) ;
#1991 = EDGE_CURVE ( 'NONE', #320, #1394, #31, .T. ) ;
#1992 = CARTESIAN_POINT ( 'NONE',  ( -2.033783811295645005, 32.00000000000000711, 6.414267539289007836 ) ) ;
#1993 = ORIENTED_EDGE ( 'NONE', *, *, #4040, .T. ) ;
#1994 = CARTESIAN_POINT ( 'NONE',  ( -35.00000000000000000, 11.99999999999999645, 3.999999999999954259 ) ) ;
#1995 = CARTESIAN_POINT ( 'NONE',  ( 1.580974632929448953, 24.50000000000000000, 11.45930405883267689 ) ) ;
#1996 = EDGE_CURVE ( 'NONE', #1277, #4717, #389, .T. ) ;
#1997 = VECTOR ( 'NONE', #430, 1000.000000000000000 ) ;
#1998 = EDGE_CURVE ( 'NONE', #2360, #4122, #2049, .T. ) ;
#1999 = ORIENTED_EDGE ( 'NONE', *, *, #3690, .F. ) ;
#2000 = CARTESIAN_POINT ( 'NONE',  ( -5.301418384264150241, 23.00000000000000000, 21.57711283463899932 ) ) ;
#2001 = VECTOR ( 'NONE', #2940, 1000.000000000000000 ) ;
#2002 = DIRECTION ( 'NONE',  ( 0.000000000000000000, 1.000000000000000000, 0.000000000000000000 ) ) ;
#2003 = ORIENTED_EDGE ( 'NONE', *, *, #3829, .T. ) ;
#2004 = CIRCLE ( 'NONE', #1527, 9.999999999999994671 ) ;
#2005 = ORIENTED_EDGE ( 'NONE', *, *, #712, .T. ) ;
#2006 = CARTESIAN_POINT ( 'NONE',  ( -1.576085913135946814, 25.00000000000013500, 11.42771081216550932 ) ) ;
#2007 = VERTEX_POINT ( 'NONE', #9 ) ;
#2008 = CARTESIAN_POINT ( 'NONE',  ( -8.743329047513924479, 23.00000000000000000, -6.021333691102118024 ) ) ;
#2009 = LINE ( 'NONE', #934, #580 ) ;
#2010 = CARTESIAN_POINT ( 'NONE',  ( -2.999999999999996447, 28.49999999999999645, -20.04445395531110918 ) ) ;
#2011 = ORIENTED_EDGE ( 'NONE', *, *, #3748, .F. ) ;
#2012 = CARTESIAN_POINT ( 'NONE',  ( 17.70476182858164549, 23.00000000000000000, 15.53801126270789190 ) ) ;
#2013 = ORIENTED_EDGE ( 'NONE', *, *, #4397, .F. ) ;
#2014 = ORIENTED_EDGE ( 'NONE', *, *, #4011, .F. ) ;
#2015 = DIRECTION ( 'NONE',  ( 1.000000000000000000, 0.000000000000000000, 0.000000000000000000 ) ) ;
#2016 = CARTESIAN_POINT ( 'NONE',  ( -25.00000000000000711, 30.00000000000000000, -37.50000000000002842 ) ) ;
#2017 = ORIENTED_EDGE ( 'NONE', *, *, #4521, .F. ) ;
#2018 = CARTESIAN_POINT ( 'NONE',  ( -2.150110125183557042, 31.99999999999997868, 6.520570557710887449 ) ) ;
#2019 = ORIENTED_EDGE ( 'NONE', *, *, #1423, .F. ) ;
#2020 = ADVANCED_FACE ( 'NONE', ( #1565 ), #1694, .F. ) ;
#2021 = DIRECTION ( 'NONE',  ( -0.000000000000000000, -1.000000000000000000, -0.000000000000000000 ) ) ;
#2022 = CARTESIAN_POINT ( 'NONE',  ( -19.81171673543281031, 24.50000000000000000, 15.53801126270789190 ) ) ;
#2023 = ADVANCED_FACE ( 'NONE', ( #4281 ), #917, .T. ) ;
#2024 = ORIENTED_EDGE ( 'NONE', *, *, #3682, .T. ) ;
#2025 = EDGE_CURVE ( 'NONE', #611, #1380, #4309, .T. ) ;
#2026 = DIRECTION ( 'NONE',  ( -0.8064779581994643287, 0.000000000000000000, -0.5912641566494817313 ) ) ;
#2027 = CARTESIAN_POINT ( 'NONE',  ( 7.599667529665884658, 32.00000000000000000, 18.11989491965052324 ) ) ;
#2028 = ORIENTED_EDGE ( 'NONE', *, *, #2892, .F. ) ;
#2029 = CARTESIAN_POINT ( 'NONE',  ( 10.26313544481721429, 23.00000000000000711, 18.29275258568390683 ) ) ;
#2030 = ORIENTED_EDGE ( 'NONE', *, *, #1791, .F. ) ;
#2031 = ORIENTED_EDGE ( 'NONE', *, *, #3593, .T. ) ;
#2032 = DIRECTION ( 'NONE',  ( -1.000000000000000000, -0.000000000000000000, -0.000000000000000000 ) ) ;
#2033 = LINE ( 'NONE', #964, #3613 ) ;
#2034 = CARTESIAN_POINT ( 'NONE',  ( 25.00000000000000711, 30.00000000000000000, -39.00000000000002132 ) ) ;
#2035 = EDGE_LOOP ( 'NONE', ( #4771, #338, #4716, #4625 ) ) ;
#2036 = DIRECTION ( 'NONE',  ( 0.000000000000000000, -1.000000000000000000, 0.000000000000000000 ) ) ;
#2037 = LINE ( 'NONE', #3232, #525 ) ;
#2038 = EDGE_LOOP ( 'NONE', ( #3296, #523, #1925, #19 ) ) ;
#2039 = DIRECTION ( 'NONE',  ( 0.000000000000000000, 0.000000000000000000, -1.000000000000000000 ) ) ;
#2040 = CARTESIAN_POINT ( 'NONE',  ( -25.00000000000000711, 28.49999999999999645, -29.00000000000002132 ) ) ;
#2041 = CARTESIAN_POINT ( 'NONE',  ( -27.50000000000000355, 16.49999999999999645, 13.24999999999995559 ) ) ;
#2042 = ORIENTED_EDGE ( 'NONE', *, *, #2951, .F. ) ;
#2043 = DIRECTION ( 'NONE',  ( -1.000000000000000000, 0.000000000000000000, 0.000000000000000000 ) ) ;
#2044 = VECTOR ( 'NONE', #3792, 1000.000000000000000 ) ;
#2045 = LINE ( 'NONE', #1676, #4293 ) ;
#2046 = ORIENTED_EDGE ( 'NONE', *, *, #4634, .F. ) ;
#2047 = VECTOR ( 'NONE', #3855, 1000.000000000000000 ) ;
#2048 = EDGE_CURVE ( 'NONE', #1735, #4914, #3235, .T. ) ;
#2049 = B_SPLINE_CURVE_WITH_KNOTS ( 'NONE', 2,
 ( #462, #3881, #3439 ),
 .UNSPECIFIED., .F., .F.,
 ( 3, 3 ),
 ( 0.4996128279758595969, 0.5000489852514843347 ),
 .UNSPECIFIED. ) ;
#2050 = CARTESIAN_POINT ( 'NONE',  ( -4.098455636355261333, 23.00000000000000000, 22.45905727886297498 ) ) ;
#2051 = DIRECTION ( 'NONE',  ( 0.000000000000000000, 1.000000000000000000, 3.491481338843133355E-15 ) ) ;
#2052 = EDGE_CURVE ( 'NONE', #1618, #3242, #948, .T. ) ;
#2053 = CARTESIAN_POINT ( 'NONE',  ( 1.799786299147291047, 31.99999999999998579, 4.900223861181251195 ) ) ;
#2054 = VECTOR ( 'NONE', #1216, 1000.000000000000000 ) ;
#2055 = EDGE_LOOP ( 'NONE', ( #1054, #4399 ) ) ;
#2056 = CARTESIAN_POINT ( 'NONE',  ( -25.00000000000000711, 2.000000000000000000, -38.25000000000002842 ) ) ;
#2057 = CARTESIAN_POINT ( 'NONE',  ( -2.020472303163519445, 24.50000000000000355, 11.12481310739743989 ) ) ;
#2058 = EDGE_CURVE ( 'NONE', #2263, #2550, #2420, .T. ) ;
#2059 = VECTOR ( 'NONE', #1266, 1000.000000000000000 ) ;
#2060 = CARTESIAN_POINT ( 'NONE',  ( 14.50000000000024691, 32.00000000000000000, 19.36521081018125656 ) ) ;
#2061 = EDGE_CURVE ( 'NONE', #4122, #534, #3957, .T. ) ;
#2062 = VERTEX_POINT ( 'NONE', #2810 ) ;
#2063 = CARTESIAN_POINT ( 'NONE',  ( 1.101485361694153120, 24.49999999999998934, 5.187071063562613382 ) ) ;
#2064 = CARTESIAN_POINT ( 'NONE',  ( -7.601536384991179673, 32.00000000000000000, 18.11989491965043797 ) ) ;
#2065 = VERTEX_POINT ( 'NONE', #3159 ) ;
#2066 = EDGE_LOOP ( 'NONE', ( #941, #2783, #1173, #602 ) ) ;
#2067 = CARTESIAN_POINT ( 'NONE',  ( 3.599158056653548154, 32.00000000000000000, 1.758059867859572023 ) ) ;
#2068 = LINE ( 'NONE', #3590, #4303 ) ;
#2069 = CARTESIAN_POINT ( 'NONE',  ( 10.26313544481727291, 32.00000000000000000, 18.29275258570017826 ) ) ;
#2070 = VECTOR ( 'NONE', #1971, 1000.000000000000000 ) ;
#2071 = DIRECTION ( 'NONE',  ( 0.000000000000000000, -0.000000000000000000, -1.000000000000000000 ) ) ;
#2072 = LINE ( 'NONE', #2903, #3661 ) ;
#2073 = AXIS2_PLACEMENT_3D ( 'NONE', #3087, #817, #4555 ) ;
#2074 = PLANE ( 'NONE',  #4604 ) ;
#2075 = ORIENTED_EDGE ( 'NONE', *, *, #2655, .T. ) ;
#2076 = FACE_OUTER_BOUND ( 'NONE', #1785, .T. ) ;
#2077 = DIRECTION ( 'NONE',  ( 0.000000000000000000, -1.000000000000000000, 0.000000000000000000 ) ) ;
#2078 = FACE_OUTER_BOUND ( 'NONE', #363, .T. ) ;
#2079 = VECTOR ( 'NONE', #3146, 1000.000000000000000 ) ;
#2080 = VERTEX_POINT ( 'NONE', #2785 ) ;
#2081 = VECTOR ( 'NONE', #3694, 1000.000000000000000 ) ;
#2082 = EDGE_CURVE ( 'NONE', #4123, #3488, #4357, .T. ) ;
#2083 = CARTESIAN_POINT ( 'NONE',  ( 2.999999999999999112, 28.49999999999999645, -14.04445395531110385 ) ) ;
#2084 = CARTESIAN_POINT ( 'NONE',  ( -2.799999999999999378, -2.999999999999999112, 15.53801126270789190 ) ) ;
#2085 = DIRECTION ( 'NONE',  ( 0.000000000000000000, 1.000000000000000000, 3.491481338843133355E-15 ) ) ;
#2086 = ORIENTED_EDGE ( 'NONE', *, *, #3487, .F. ) ;
#2087 = DIRECTION ( 'NONE',  ( 0.000000000000000000, 0.000000000000000000, 1.000000000000000000 ) ) ;
#2088 = CARTESIAN_POINT ( 'NONE',  ( 6.346119218776775206, 28.49999999999999645, -6.021333691102119801 ) ) ;
#2089 = EDGE_CURVE ( 'NONE', #2254, #101, #943, .T. ) ;
#2090 = ORIENTED_EDGE ( 'NONE', *, *, #1998, .T. ) ;
#2091 = ORIENTED_EDGE ( 'NONE', *, *, #2153, .T. ) ;
#2092 = DIRECTION ( 'NONE',  ( -0.000000000000000000, 1.000000000000000000, -0.000000000000000000 ) ) ;
#2093 = CARTESIAN_POINT ( 'NONE',  ( -14.49833763245320561, 32.00000000000000000, 24.06419186098116825 ) ) ;
#2094 = DIRECTION ( 'NONE',  ( 0.000000000000000000, 0.000000000000000000, 1.000000000000000000 ) ) ;
#2095 = DIRECTION ( 'NONE',  ( 0.000000000000000000, -1.000000000000000000, 0.000000000000000000 ) ) ;
#2096 = ORIENTED_EDGE ( 'NONE', *, *, #2365, .F. ) ;
#2097 = VERTEX_POINT ( 'NONE', #136 ) ;
#2098 = CARTESIAN_POINT ( 'NONE',  ( -34.25000000000000000, 2.000000000000000000, 28.99999999999997158 ) ) ;
#2099 = CARTESIAN_POINT ( 'NONE',  ( 2.510525938252074087E-15, 29.50000000000000000, 33.49999999999999289 ) ) ;
#2100 = ORIENTED_EDGE ( 'NONE', *, *, #4677, .T. ) ;
#2101 = CARTESIAN_POINT ( 'NONE',  ( -2.249903526357135863, 24.50000000000000000, -4.500214463258199515 ) ) ;
#2102 = B_SPLINE_CURVE_WITH_KNOTS ( 'NONE', 3,
 ( #4153, #3431, #358, #1514, #757, #2269, #3606, #3203, #963, #4639 ),
 .UNSPECIFIED., .F., .F.,
 ( 4, 3, 3, 4 ),
 ( 0.000000000000000000, 1.587457236082354570E-05, 3.175370610555323128E-05, 5.665839790398910752E-05 ),
 .UNSPECIFIED. ) ;
#2103 = DIRECTION ( 'NONE',  ( 1.000000000000000000, 0.000000000000000000, 0.000000000000000000 ) ) ;
#2104 = LINE ( 'NONE', #3630, #3086 ) ;
#2105 = CARTESIAN_POINT ( 'NONE',  ( -33.50000000000000000, 14.99999999999999645, 10.99999999999995381 ) ) ;
#2106 = AXIS2_PLACEMENT_3D ( 'NONE', #797, #15, #2307 ) ;
#2107 = FACE_OUTER_BOUND ( 'NONE', #2189, .T. ) ;
#2108 = DIRECTION ( 'NONE',  ( -0.000000000000000000, 1.000000000000000000, -0.000000000000000000 ) ) ;
#2109 = EDGE_CURVE ( 'NONE', #592, #1256, #3188, .T. ) ;
#2110 = ORIENTED_EDGE ( 'NONE', *, *, #284, .F. ) ;
#2111 = CARTESIAN_POINT ( 'NONE',  ( 2.251544362057766868, 25.00000000000018829, -4.500214463258177311 ) ) ;
#2112 = LINE ( 'NONE', #1742, #773 ) ;
#2113 = VERTEX_POINT ( 'NONE', #190 ) ;
#2114 = ORIENTED_EDGE ( 'NONE', *, *, #4118, .F. ) ;
#2115 = ORIENTED_EDGE ( 'NONE', *, *, #2972, .T. ) ;
#2116 = CARTESIAN_POINT ( 'NONE',  ( -25.50000000000000355, 19.50000000000000355, 19.86623553487585170 ) ) ;
#2117 = CARTESIAN_POINT ( 'NONE',  ( -1.388800003767827196, 24.50000000000000355, 5.982912990399190889 ) ) ;
#2118 = CARTESIAN_POINT ( 'NONE',  ( -35.00000000000000000, 10.00049802381102992, 0.000000000000000000 ) ) ;
#2119 = EDGE_CURVE ( 'NONE', #4805, #2604, #2888, .T. ) ;
#2120 = CARTESIAN_POINT ( 'NONE',  ( -13.50043034469988434, 24.50000000000000000, 12.01317212208040530 ) ) ;
#2121 = ORIENTED_EDGE ( 'NONE', *, *, #3027, .T. ) ;
#2122 = FACE_OUTER_BOUND ( 'NONE', #2428, .T. ) ;
#2123 = CARTESIAN_POINT ( 'NONE',  ( 12.05172136156067175, 23.00000000000000000, 19.36521081018123525 ) ) ;
#2124 = EDGE_CURVE ( 'NONE', #670, #762, #4646, .T. ) ;
#2125 = CARTESIAN_POINT ( 'NONE',  ( -35.00000000000000000, 30.00000000000000000, 28.99999999999997158 ) ) ;
#2126 =( NAMED_UNIT ( * ) SI_UNIT ( $, .STERADIAN. ) SOLID_ANGLE_UNIT ( ) );
#2127 = CARTESIAN_POINT ( 'NONE',  ( -4.098455636355261333, 25.00000000000009592, 22.45905727886296077 ) ) ;
#2128 = DIRECTION ( 'NONE',  ( 0.000000000000000000, 0.000000000000000000, -1.000000000000000000 ) ) ;
#2129 = CIRCLE ( 'NONE', #447, 8.499999999999996447 ) ;
#2130 = CARTESIAN_POINT ( 'NONE',  ( 25.00000000000000711, 0.000000000000000000, -29.00000000000002132 ) ) ;
#2131 = DIRECTION ( 'NONE',  ( -0.000000000000000000, -0.000000000000000000, 1.000000000000000000 ) ) ;
#2132 = VECTOR ( 'NONE', #3004, 1000.000000000000000 ) ;
#2133 = ORIENTED_EDGE ( 'NONE', *, *, #720, .T. ) ;
#2134 = DIRECTION ( 'NONE',  ( -0.000000000000000000, 1.000000000000000000, 0.000000000000000000 ) ) ;
#2135 = FACE_BOUND ( 'NONE', #3947, .T. ) ;
#2136 = VERTEX_POINT ( 'NONE', #4380 ) ;
#2137 = VERTEX_POINT ( 'NONE', #594 ) ;
#2138 = DIRECTION ( 'NONE',  ( -0.000000000000000000, -1.000000000000000000, 0.000000000000000000 ) ) ;
#2139 = CARTESIAN_POINT ( 'NONE',  ( 1.577748280683119564, 32.00000000000000000, 11.42771081216555373 ) ) ;
#2140 = CARTESIAN_POINT ( 'NONE',  ( 2.914276305806235534, 24.50000000000000711, 7.683895435547922759 ) ) ;
#2141 = FACE_OUTER_BOUND ( 'NONE', #4110, .T. ) ;
#2142 = AXIS2_PLACEMENT_3D ( 'NONE', #489, #3990, #1260 ) ;
#2143 = ORIENTED_EDGE ( 'NONE', *, *, #2401, .T. ) ;
#2144 = ORIENTED_EDGE ( 'NONE', *, *, #3851, .F. ) ;
#2145 = DIRECTION ( 'NONE',  ( 0.000000000000000000, -1.000000000000000000, 0.000000000000000000 ) ) ;
#2146 = EDGE_CURVE ( 'NONE', #4905, #3583, #4745, .T. ) ;
#2147 = CARTESIAN_POINT ( 'NONE',  ( 2.251544362057766868, 24.50000000000000000, -4.500214463258164876 ) ) ;
#2148 = EDGE_CURVE ( 'NONE', #2097, #4846, #2858, .T. ) ;
#2149 = ORIENTED_EDGE ( 'NONE', *, *, #3579, .F. ) ;
#2150 = AXIS2_PLACEMENT_3D ( 'NONE', #305, #4073, #723 ) ;
#2151 = CARTESIAN_POINT ( 'NONE',  ( 17.70476182858164549, 23.00000000000000000, 15.53801126270789190 ) ) ;
#2152 = EDGE_CURVE ( 'NONE', #582, #4943, #213, .T. ) ;
#2153 = EDGE_CURVE ( 'NONE', #2297, #4811, #1642, .T. ) ;
#2154 = CARTESIAN_POINT ( 'NONE',  ( -27.50000000000000355, 17.50000000000000000, 23.86623553487585525 ) ) ;
#2155 = LINE ( 'NONE', #3689, #4052 ) ;
#2156 = CARTESIAN_POINT ( 'NONE',  ( 33.50000000000000000, 28.49999999999999645, 28.99999999999997158 ) ) ;
#2157 = VECTOR ( 'NONE', #2108, 1000.000000000000000 ) ;
#2158 = ORIENTED_EDGE ( 'NONE', *, *, #4799, .F. ) ;
#2159 = CARTESIAN_POINT ( 'NONE',  ( -33.50000000000000000, 1.068921942992014665E-14, 18.48421203201065666 ) ) ;
#2160 = ORIENTED_EDGE ( 'NONE', *, *, #4582, .T. ) ;
#2161 = VERTEX_POINT ( 'NONE', #643 ) ;
#2162 = DIRECTION ( 'NONE',  ( 7.263418566698637880E-15, -0.000000000000000000, -1.000000000000000000 ) ) ;
#2163 = DIRECTION ( 'NONE',  ( 0.000000000000000000, -4.613788877420475110E-15, 1.000000000000000000 ) ) ;
#2164 = LINE ( 'NONE', #296, #2496 ) ;
#2165 = FACE_OUTER_BOUND ( 'NONE', #2402, .T. ) ;
#2166 = ORIENTED_EDGE ( 'NONE', *, *, #995, .T. ) ;
#2167 = ORIENTED_EDGE ( 'NONE', *, *, #4576, .F. ) ;
#2168 = CARTESIAN_POINT ( 'NONE',  ( 33.50000000000000000, 30.00000000000000000, 28.99999999999997158 ) ) ;
#2169 = FACE_OUTER_BOUND ( 'NONE', #435, .T. ) ;
#2170 = AXIS2_PLACEMENT_3D ( 'NONE', #4057, #2592, #1863 ) ;
#2171 = EDGE_CURVE ( 'NONE', #2299, #2943, #2576, .T. ) ;
#2172 = LINE ( 'NONE', #3999, #4780 ) ;
#2173 = CARTESIAN_POINT ( 'NONE',  ( 25.00000000000000711, 30.00000000000000000, -37.50000000000002842 ) ) ;
#2174 = EDGE_CURVE ( 'NONE', #2896, #301, #3171, .T. ) ;
#2175 = EDGE_LOOP ( 'NONE', ( #3803, #1019, #1859, #1853 ) ) ;
#2176 = LINE ( 'NONE', #1811, #1506 ) ;
#2177 = EDGE_CURVE ( 'NONE', #1683, #2675, #4289, .T. ) ;
#2178 = ORIENTED_EDGE ( 'NONE', *, *, #3424, .T. ) ;
#2179 = DIRECTION ( 'NONE',  ( 0.000000000000000000, 0.000000000000000000, -1.000000000000000000 ) ) ;
#2180 = ORIENTED_EDGE ( 'NONE', *, *, #3553, .F. ) ;
#2181 = DIRECTION ( 'NONE',  ( 0.000000000000000000, 0.000000000000000000, 1.000000000000000000 ) ) ;
#2182 = LINE ( 'NONE', #291, #529 ) ;
#2183 = ORIENTED_EDGE ( 'NONE', *, *, #2209, .F. ) ;
#2184 = ORIENTED_EDGE ( 'NONE', *, *, #1510, .F. ) ;
#2185 = ORIENTED_EDGE ( 'NONE', *, *, #589, .F. ) ;
#2186 = CARTESIAN_POINT ( 'NONE',  ( 2.510525938252074087E-15, 32.00000000000000000, 33.49999999999999289 ) ) ;
#2187 = DIRECTION ( 'NONE',  ( 6.982962677686266711E-15, 3.491481338843133355E-15, -1.000000000000000000 ) ) ;
#2188 = FACE_OUTER_BOUND ( 'NONE', #81, .T. ) ;
#2189 = EDGE_LOOP ( 'NONE', ( #2121, #289, #1941, #902 ) ) ;
#2190 = CARTESIAN_POINT ( 'NONE',  ( 8.869658916609672872, 28.50000000000003553, 17.83061455812347162 ) ) ;
#2191 = ORIENTED_EDGE ( 'NONE', *, *, #121, .T. ) ;
#2192 = ORIENTED_EDGE ( 'NONE', *, *, #2720, .T. ) ;
#2193 = CARTESIAN_POINT ( 'NONE',  ( 0.000000000000000000, 24.50000000000000000, 0.000000000000000000 ) ) ;
#2194 = DIRECTION ( 'NONE',  ( -0.000000000000000000, -1.000000000000000000, -0.000000000000000000 ) ) ;
#2195 = CARTESIAN_POINT ( 'NONE',  ( -3.100088496576544728, 24.49999999999998934, 8.757180451233420371 ) ) ;
#2196 = CARTESIAN_POINT ( 'NONE',  ( 3.000000000000003553, 28.49999999999999645, -20.04445395531110918 ) ) ;
#2197 = B_SPLINE_SURFACE_WITH_KNOTS ( 'NONE', 3, 1, ( 
 ( #2816, #900 ),
 ( #3597, #3939 ),
 ( #575, #543 ),
 ( #923, #515 ) ),
 .UNSPECIFIED., .F., .F., .F.,
 ( 4, 4 ),
 ( 2, 2 ),
 ( 1.000000000000000000, 2.000000000000000000 ),
 ( 0.000000000000000000, 1.000000000000000000 ),
 .UNSPECIFIED. ) ;
#2198 = ADVANCED_FACE ( 'NONE', ( #321 ), #4105, .F. ) ;
#2199 = LINE ( 'NONE', #2154, #4516 ) ;
#2200 = EDGE_CURVE ( 'NONE', #3510, #2893, #4037, .T. ) ;
#2201 = EDGE_CURVE ( 'NONE', #4269, #1757, #3766, .T. ) ;
#2202 = CARTESIAN_POINT ( 'NONE',  ( 3.066671547350844129, 32.00000000000000711, 9.296756429332258875 ) ) ;
#2203 = ADVANCED_FACE ( 'NONE', ( #714 ), #2938, .F. ) ;
#2204 = EDGE_LOOP ( 'NONE', ( #4619, #211, #90, #3463 ) ) ;
#2205 = CARTESIAN_POINT ( 'NONE',  ( -19.81171673543281031, 24.50000000000000000, 12.01317212208040708 ) ) ;
#2206 = AXIS2_PLACEMENT_3D ( 'NONE', #2234, #3770, #693 ) ;
#2207 = ORIENTED_EDGE ( 'NONE', *, *, #953, .T. ) ;
#2208 = PLANE ( 'NONE',  #1756 ) ;
#2209 = EDGE_CURVE ( 'NONE', #3488, #3217, #3892, .T. ) ;
#2210 = FACE_OUTER_BOUND ( 'NONE', #4523, .T. ) ;
#2211 = DIRECTION ( 'NONE',  ( 0.000000000000000000, 0.000000000000000000, -1.000000000000000000 ) ) ;
#2212 = EDGE_CURVE ( 'NONE', #1968, #314, #3818, .T. ) ;
#2213 = ORIENTED_EDGE ( 'NONE', *, *, #955, .T. ) ;
#2214 = PLANE ( 'NONE',  #2206 ) ;
#2215 = LINE ( 'NONE', #4906, #2440 ) ;
#2216 = DIRECTION ( 'NONE',  ( 1.000000000000000000, 0.000000000000000000, 0.000000000000000000 ) ) ;
#2217 = VECTOR ( 'NONE', #1315, 1000.000000000000000 ) ;
#2218 = CARTESIAN_POINT ( 'NONE',  ( -12.05359021688597032, 32.00000000000000000, 19.36521081018109314 ) ) ;
#2219 = LINE ( 'NONE', #3758, #4055 ) ;
#2220 = CARTESIAN_POINT ( 'NONE',  ( 3.599158056653548154, 32.00000000000000000, 1.758059867859572023 ) ) ;
#2221 = DIRECTION ( 'NONE',  ( 0.000000000000000000, 0.000000000000000000, 1.000000000000000000 ) ) ;
#2222 = VECTOR ( 'NONE', #3166, 1000.000000000000000 ) ;
#2223 = AXIS2_PLACEMENT_3D ( 'NONE', #4171, #77, #4568 ) ;
#2224 = CARTESIAN_POINT ( 'NONE',  ( 1.810372994690540693, 32.00000000000000000, 11.29028713467247691 ) ) ;
#2225 = EDGE_LOOP ( 'NONE', ( #649, #433, #4407, #3763, #3388, #3899, #2014, #505, #206, #2723, #3651, #1120 ) ) ;
#2226 = EDGE_CURVE ( 'NONE', #440, #85, #3699, .T. ) ;
#2227 = CARTESIAN_POINT ( 'NONE',  ( -1.569640557954418814, 32.00000000000000000, 11.69121796693197446 ) ) ;
#2228 = DIRECTION ( 'NONE',  ( 0.000000000000000000, 0.000000000000000000, -1.000000000000000000 ) ) ;
#2229 = PLANE ( 'NONE',  #802 ) ;
#2230 = VECTOR ( 'NONE', #3506, 1000.000000000000000 ) ;
#2231 = AXIS2_PLACEMENT_3D ( 'NONE', #1072, #269, #1092 ) ;
#2232 = CARTESIAN_POINT ( 'NONE',  ( 2.760575807377035673, 24.50000000000000000, 10.17949929624260541 ) ) ;
#2233 = ADVANCED_FACE ( 'NONE', ( #2898 ), #2208, .F. ) ;
#2234 = CARTESIAN_POINT ( 'NONE',  ( -27.50000000000000355, 10.49999999999999112, 13.24999999999995204 ) ) ;
#2235 = B_SPLINE_SURFACE_WITH_KNOTS ( 'NONE', 3, 1, ( 
 ( #4305, #2414 ),
 ( #3952, #3208 ),
 ( #531, #4714 ),
 ( #2063, #3584 ) ),
 .UNSPECIFIED., .F., .F., .F.,
 ( 4, 4 ),
 ( 2, 2 ),
 ( 8.000000000000000000, 9.000000000000000000 ),
 ( 0.000000000000000000, 1.000000000000000000 ),
 .UNSPECIFIED. ) ;
#2236 = ORIENTED_EDGE ( 'NONE', *, *, #2119, .T. ) ;
#2237 = FACE_BOUND ( 'NONE', #1202, .T. ) ;
#2238 = CYLINDRICAL_SURFACE ( 'NONE', #3756, 9.250000000000005329 ) ;
#2239 = DIRECTION ( 'NONE',  ( -0.000000000000000000, 0.000000000000000000, 1.000000000000000000 ) ) ;
#2240 = CARTESIAN_POINT ( 'NONE',  ( 0.000000000000000000, 32.00000000000000000, 13.00000000000000000 ) ) ;
#2241 = DIRECTION ( 'NONE',  ( 0.000000000000000000, 1.000000000000000000, 3.491481338843133355E-15 ) ) ;
#2242 = PLANE ( 'NONE',  #2106 ) ;
#2243 = CARTESIAN_POINT ( 'NONE',  ( -2.963514122497402870, 31.99999999999999289, 9.681963346135431081 ) ) ;
#2244 = ORIENTED_EDGE ( 'NONE', *, *, #3671, .T. ) ;
#2245 = CARTESIAN_POINT ( 'NONE',  ( 0.000000000000000000, 0.000000000000000000, 0.000000000000000000 ) ) ;
#2246 = DIRECTION ( 'NONE',  ( -6.900247638363675773E-15, 0.000000000000000000, 1.000000000000000000 ) ) ;
#2247 = ORIENTED_EDGE ( 'NONE', *, *, #3095, .T. ) ;
#2248 = CARTESIAN_POINT ( 'NONE',  ( -2.999999999999996447, 29.09999999999999787, -20.04445395531110918 ) ) ;
#2249 = CARTESIAN_POINT ( 'NONE',  ( -1.262940208036819056, 24.49999999999999645, 12.45709140835428030 ) ) ;
#2250 = ADVANCED_FACE ( 'NONE', ( #1466 ), #4875, .T. ) ;
#2251 = CARTESIAN_POINT ( 'NONE',  ( 35.00000000000000000, 32.00000000000000000, 28.99999999999997158 ) ) ;
#2252 = EDGE_CURVE ( 'NONE', #1372, #2266, #786, .T. ) ;
#2253 = CARTESIAN_POINT ( 'NONE',  ( -7.601536384991179673, 32.00000000000000000, 18.11989491965043797 ) ) ;
#2254 = VERTEX_POINT ( 'NONE', #2552 ) ;
#2255 = DIRECTION ( 'NONE',  ( -6.982962677686266711E-15, -3.491481338843133355E-15, 1.000000000000000000 ) ) ;
#2256 = FACE_OUTER_BOUND ( 'NONE', #760, .T. ) ;
#2257 = EDGE_CURVE ( 'NONE', #3880, #667, #1846, .T. ) ;
#2258 = CARTESIAN_POINT ( 'NONE',  ( -35.00000000000000000, 10.49999999999999822, 18.99999999999995737 ) ) ;
#2259 = DIRECTION ( 'NONE',  ( -0.000000000000000000, -1.000000000000000000, -0.000000000000000000 ) ) ;
#2260 = CARTESIAN_POINT ( 'NONE',  ( -33.50000000000000000, 16.50000000000002132, 18.48421203201064600 ) ) ;
#2261 = ADVANCED_FACE ( 'NONE', ( #2495 ), #4078, .T. ) ;
#2262 = LINE ( 'NONE', #3378, #2538 ) ;
#2263 = VERTEX_POINT ( 'NONE', #4089 ) ;
#2264 = ORIENTED_EDGE ( 'NONE', *, *, #4251, .T. ) ;
#2265 = CARTESIAN_POINT ( 'NONE',  ( -1.576085913135946814, 32.00000000000000000, 11.42771081216553419 ) ) ;
#2266 = VERTEX_POINT ( 'NONE', #2964 ) ;
#2267 = DIRECTION ( 'NONE',  ( 0.000000000000000000, -1.000000000000000000, 0.000000000000000000 ) ) ;
#2268 = VERTEX_POINT ( 'NONE', #4828 ) ;
#2269 = CARTESIAN_POINT ( 'NONE',  ( 1.580960042670308541, 32.00000000000000000, 11.45768715575857755 ) ) ;
#2270 = LINE ( 'NONE', #4617, #2454 ) ;
#2271 = CARTESIAN_POINT ( 'NONE',  ( 0.9731423665873097928, 24.49999999999999645, 12.74716991661000698 ) ) ;
#2272 = ORIENTED_EDGE ( 'NONE', *, *, #4270, .F. ) ;
#2273 = CARTESIAN_POINT ( 'NONE',  ( -25.00000000000000711, 28.49999999999999645, 28.99999999999997158 ) ) ;
#2274 = ORIENTED_EDGE ( 'NONE', *, *, #1651, .F. ) ;
#2275 = ORIENTED_EDGE ( 'NONE', *, *, #803, .F. ) ;
#2276 = DIRECTION ( 'NONE',  ( -7.039140375027286072E-15, 0.000000000000000000, 1.000000000000000000 ) ) ;
#2277 = CARTESIAN_POINT ( 'NONE',  ( 35.00000000000000000, 30.00000000000000000, -29.00000000000002132 ) ) ;
#2278 = DIRECTION ( 'NONE',  ( -0.000000000000000000, 1.000000000000000000, -0.000000000000000000 ) ) ;
#2279 = EDGE_CURVE ( 'NONE', #4123, #2065, #3580, .T. ) ;
#2280 = DIRECTION ( 'NONE',  ( 0.000000000000000000, 0.000000000000000000, -1.000000000000000000 ) ) ;
#2281 = DIRECTION ( 'NONE',  ( -1.000000000000000000, -0.000000000000000000, -7.931136461787285449E-15 ) ) ;
#2282 = DIRECTION ( 'NONE',  ( 0.000000000000000000, 0.000000000000000000, -1.000000000000000000 ) ) ;
#2283 = EDGE_CURVE ( 'NONE', #1399, #12, #23, .T. ) ;
#2284 = EDGE_CURVE ( 'NONE', #4231, #2136, #4546, .T. ) ;
#2285 = VECTOR ( 'NONE', #3996, 1000.000000000000000 ) ;
#2286 = LINE ( 'NONE', #3866, #2230 ) ;
#2287 = CARTESIAN_POINT ( 'NONE',  ( 2.251544362057745996, 25.00000000000017764, -1.046527771142002905 ) ) ;
#2288 = AXIS2_PLACEMENT_3D ( 'NONE', #3363, #617, #2598 ) ;
#2289 = EDGE_LOOP ( 'NONE', ( #3392, #535, #1719, #3201 ) ) ;
#2290 = ORIENTED_EDGE ( 'NONE', *, *, #862, .F. ) ;
#2291 = DIRECTION ( 'NONE',  ( 0.000000000000000000, -1.000000000000000000, 0.000000000000000000 ) ) ;
#2292 = AXIS2_PLACEMENT_3D ( 'NONE', #2130, #1879, #234 ) ;
#2293 = ORIENTED_EDGE ( 'NONE', *, *, #3942, .F. ) ;
#2294 = CARTESIAN_POINT ( 'NONE',  ( -10.26147307726612823, 31.99999999999998579, 18.29275258562253015 ) ) ;
#2295 = LINE ( 'NONE', #2625, #1375 ) ;
#2296 = DIRECTION ( 'NONE',  ( -0.000000000000000000, 1.000000000000000000, -0.000000000000000000 ) ) ;
#2297 = VERTEX_POINT ( 'NONE', #1911 ) ;
#2298 = CARTESIAN_POINT ( 'NONE',  ( 10.26313544485287643, 29.49999999999983302, 18.29275258562296003 ) ) ;
#2299 = VERTEX_POINT ( 'NONE', #3804 ) ;
#2300 = CARTESIAN_POINT ( 'NONE',  ( 2.408180051710192338, 24.49999999999999645, 4.441184550857568247 ) ) ;
#2301 = CARTESIAN_POINT ( 'NONE',  ( 1.101485361694153120, 25.00000000000015277, 5.860867144937123463 ) ) ;
#2302 = AXIS2_PLACEMENT_3D ( 'NONE', #2894, #2134, #1395 ) ;
#2303 = DIRECTION ( 'NONE',  ( 1.000000000000000000, -2.438088387897967896E-29, 6.982962677686266711E-15 ) ) ;
#2304 = ORIENTED_EDGE ( 'NONE', *, *, #4364, .F. ) ;
#2305 = DIRECTION ( 'NONE',  ( -1.000000000000000000, 0.000000000000000000, -0.000000000000000000 ) ) ;
#2306 = CARTESIAN_POINT ( 'NONE',  ( 10.26313544485287643, 25.00000000000011013, 18.29275258562294226 ) ) ;
#2307 = DIRECTION ( 'NONE',  ( 0.000000000000000000, -0.000000000000000000, 1.000000000000000000 ) ) ;
#2308 = EDGE_CURVE ( 'NONE', #2113, #3946, #4194, .T. ) ;
#2309 = ORIENTED_EDGE ( 'NONE', *, *, #3826, .F. ) ;
#2310 = LINE ( 'NONE', #2000, #2626 ) ;
#2311 = CARTESIAN_POINT ( 'NONE',  ( -3.527045866399507901, 24.50000000000000000, 2.511971170203881165 ) ) ;
#2312 = ADVANCED_FACE ( 'NONE', ( #3830 ), #2726, .F. ) ;
#2313 = CYLINDRICAL_SURFACE ( 'NONE', #1823, 1.000000000000000888 ) ;
#2314 = ORIENTED_EDGE ( 'NONE', *, *, #1858, .F. ) ;
#2315 = B_SPLINE_CURVE_WITH_KNOTS ( 'NONE', 3,
 ( #4273, #3607, #2057, #1250, #4374, #4325, #886, #153, #2469, #1685, #858, #3926 ),
 .UNSPECIFIED., .F., .F.,
 ( 4, 2, 2, 2, 2, 4 ),
 ( 0.000000000000000000, 0.0008042472342269608651, 0.001608494468453921730, 0.002010618085567399994, 0.002412741702680878259, 0.003216988936907839124 ),
 .UNSPECIFIED. ) ;
#2316 = DIRECTION ( 'NONE',  ( 0.000000000000000000, 0.000000000000000000, 1.000000000000000000 ) ) ;
#2317 = DIRECTION ( 'NONE',  ( 0.000000000000000000, 4.613788877420475110E-15, -1.000000000000000000 ) ) ;
#2318 = CARTESIAN_POINT ( 'NONE',  ( 1.421843790775903171, 24.50000000000000355, 12.18481622640368478 ) ) ;
#2319 = ORIENTED_EDGE ( 'NONE', *, *, #64, .F. ) ;
#2320 = DIRECTION ( 'NONE',  ( 6.845469849541225724E-15, 0.000000000000000000, -1.000000000000000000 ) ) ;
#2321 = ORIENTED_EDGE ( 'NONE', *, *, #742, .T. ) ;
#2322 = CARTESIAN_POINT ( 'NONE',  ( 3.292055172662508244, 24.50000000000000000, 3.228621550437320575 ) ) ;
#2323 = CARTESIAN_POINT ( 'NONE',  ( -1.099844525993681765, 25.00000000000015277, 5.187071063562600948 ) ) ;
#2324 = CARTESIAN_POINT ( 'NONE',  ( -3.052026013626515155, 32.00000000000001421, 8.128352566521725109 ) ) ;
#2325 = ORIENTED_EDGE ( 'NONE', *, *, #1418, .T. ) ;
#2326 = LINE ( 'NONE', #4649, #3737 ) ;
#2327 = DIRECTION ( 'NONE',  ( 0.000000000000000000, 0.000000000000000000, 1.000000000000000000 ) ) ;
#2328 = DIRECTION ( 'NONE',  ( 0.000000000000000000, 1.000000000000000000, -5.782891589540701605E-16 ) ) ;
#2329 = DIRECTION ( 'NONE',  ( -0.000000000000000000, 1.000000000000000000, -0.000000000000000000 ) ) ;
#2330 = ADVANCED_FACE ( 'NONE', ( #4591 ), #288, .T. ) ;
#2331 = CARTESIAN_POINT ( 'NONE',  ( -1.799011655421925759, 24.50000000000000355, 4.901186849782765087 ) ) ;
#2332 = DIRECTION ( 'NONE',  ( -1.000000000000000000, 0.000000000000000000, -3.802133645976563900E-16 ) ) ;
#2333 = ORIENTED_EDGE ( 'NONE', *, *, #316, .F. ) ;
#2334 = ORIENTED_EDGE ( 'NONE', *, *, #2252, .F. ) ;
#2335 = EDGE_CURVE ( 'NONE', #2827, #1735, #4290, .T. ) ;
#2336 = CARTESIAN_POINT ( 'NONE',  ( 25.00000000000000711, 32.00000000000000000, 37.99999999999996447 ) ) ;
#2337 = FACE_BOUND ( 'NONE', #1344, .T. ) ;
#2338 = CARTESIAN_POINT ( 'NONE',  ( 1.571258113506633025, 24.50000000000001066, 11.69115324308192783 ) ) ;
#2339 = VERTEX_POINT ( 'NONE', #340 ) ;
#2340 = CARTESIAN_POINT ( 'NONE',  ( -33.50000000000000000, 11.99999999999999645, 10.99999999999995381 ) ) ;
#2341 = ORIENTED_EDGE ( 'NONE', *, *, #2048, .F. ) ;
#2342 = EDGE_CURVE ( 'NONE', #2622, #2704, #3382, .T. ) ;
#2343 = ORIENTED_EDGE ( 'NONE', *, *, #1701, .T. ) ;
#2344 = CARTESIAN_POINT ( 'NONE',  ( -33.50000000000000000, 28.49999999999999645, -29.00000000000001776 ) ) ;
#2345 = EDGE_CURVE ( 'NONE', #2893, #3517, #2865, .T. ) ;
#2346 = DIRECTION ( 'NONE',  ( 0.000000000000000000, 0.000000000000000000, -1.000000000000000000 ) ) ;
#2347 = CARTESIAN_POINT ( 'NONE',  ( -1.394245600767247018, 32.00000000000001421, 5.972045880556295039 ) ) ;
#2348 = VERTEX_POINT ( 'NONE', #3006 ) ;
#2349 = VECTOR ( 'NONE', #1017, 1000.000000000000000 ) ;
#2350 = DIRECTION ( 'NONE',  ( -0.000000000000000000, 0.000000000000000000, -1.000000000000000000 ) ) ;
#2351 = CARTESIAN_POINT ( 'NONE',  ( 14.50000000000021494, 23.00000000000000000, 24.06419186098134588 ) ) ;
#2352 = CARTESIAN_POINT ( 'NONE',  ( 1.395526456518546787, 24.50000000000000711, 5.972797082272181868 ) ) ;
#2353 = AXIS2_PLACEMENT_3D ( 'NONE', #2799, #4321, #905 ) ;
#2354 = ORIENTED_EDGE ( 'NONE', *, *, #2655, .F. ) ;
#2355 = DIRECTION ( 'NONE',  ( -0.000000000000000000, -0.000000000000000000, -1.000000000000000000 ) ) ;
#2356 = DIRECTION ( 'NONE',  ( -1.000000000000000000, 0.000000000000000000, -0.000000000000000000 ) ) ;
#2357 = AXIS2_PLACEMENT_3D ( 'NONE', #4393, #4081, #3732 ) ;
#2358 = FACE_OUTER_BOUND ( 'NONE', #3605, .T. ) ;
#2359 = VERTEX_POINT ( 'NONE', #3484 ) ;
#2360 = VERTEX_POINT ( 'NONE', #3458 ) ;
#2361 = CARTESIAN_POINT ( 'NONE',  ( -3.100088496576544728, 24.49999999999998579, 8.757180451233420371 ) ) ;
#2362 = CIRCLE ( 'NONE', #231, 0.2504980238110278146 ) ;
#2363 = CARTESIAN_POINT ( 'NONE',  ( 25.00000000000000711, 2.000000000000000000, 28.99999999999997158 ) ) ;
#2364 = CARTESIAN_POINT ( 'NONE',  ( 5.299549528938804599, 32.00000000000000000, 21.57711283463909524 ) ) ;
#2365 = EDGE_CURVE ( 'NONE', #2423, #778, #635, .T. ) ;
#2366 = VERTEX_POINT ( 'NONE', #4249 ) ;
#2367 = CARTESIAN_POINT ( 'NONE',  ( 8.869658916609672872, 28.50000000000003553, 17.83061455812347162 ) ) ;
#2368 = ORIENTED_EDGE ( 'NONE', *, *, #2393, .F. ) ;
#2369 = EDGE_CURVE ( 'NONE', #4122, #2809, #1, .T. ) ;
#2370 = EDGE_LOOP ( 'NONE', ( #4260, #2390, #3482, #2207 ) ) ;
#2371 = DIRECTION ( 'NONE',  ( 0.000000000000000000, 0.000000000000000000, -1.000000000000000000 ) ) ;
#2372 = LINE ( 'NONE', #2277, #4373 ) ;
#2373 = ADVANCED_FACE ( 'NONE', ( #832 ), #1132, .F. ) ;
#2374 = CARTESIAN_POINT ( 'NONE',  ( 34.00000000000000000, 29.50000000000000000, 13.00000000000000000 ) ) ;
#2375 = ORIENTED_EDGE ( 'NONE', *, *, #3025, .F. ) ;
#2376 = LINE ( 'NONE', #3596, #2059 ) ;
#2377 = LINE ( 'NONE', #1948, #2070 ) ;
#2378 = AXIS2_PLACEMENT_3D ( 'NONE', #4217, #4265, #4584 ) ;
#2379 = VERTEX_POINT ( 'NONE', #3109 ) ;
#2380 = DIRECTION ( 'NONE',  ( 0.000000000000000000, -0.000000000000000000, 1.000000000000000000 ) ) ;
#2381 = LINE ( 'NONE', #2432, #4134 ) ;
#2382 = DIRECTION ( 'NONE',  ( 0.000000000000000000, 0.000000000000000000, 1.000000000000000000 ) ) ;
#2383 = ORIENTED_EDGE ( 'NONE', *, *, #583, .T. ) ;
#2384 = CARTESIAN_POINT ( 'NONE',  ( -27.50000000000000355, 10.49999999999999112, 13.24999999999995204 ) ) ;
#2385 = CARTESIAN_POINT ( 'NONE',  ( 3.451761013541325696, 24.49999999999999289, 0.7003278326380908414 ) ) ;
#2386 = CARTESIAN_POINT ( 'NONE',  ( -7.601536384991211648, 32.00000000000000000, 24.06419186098119667 ) ) ;
#2387 = ORIENTED_EDGE ( 'NONE', *, *, #2335, .F. ) ;
#2388 = DIRECTION ( 'NONE',  ( 0.000000000000000000, 0.000000000000000000, -1.000000000000000000 ) ) ;
#2389 = CARTESIAN_POINT ( 'NONE',  ( -1.577823022367718320, 32.00000000000000000, 11.43817605482948885 ) ) ;
#2390 = ORIENTED_EDGE ( 'NONE', *, *, #871, .F. ) ;
#2391 = ORIENTED_EDGE ( 'NONE', *, *, #4484, .F. ) ;
#2392 = CARTESIAN_POINT ( 'NONE',  ( 0.000000000000000000, 30.00001199999999812, -18.04445395531110563 ) ) ;
#2393 = EDGE_CURVE ( 'NONE', #1210, #2097, #4616, .T. ) ;
#2394 = CARTESIAN_POINT ( 'NONE',  ( -3.053791813169754121, 24.50000000000000711, 8.135850515873077171 ) ) ;
#2395 = EDGE_CURVE ( 'NONE', #4663, #1793, #1810, .T. ) ;
#2396 = CARTESIAN_POINT ( 'NONE',  ( -35.00000000000000711, 0.000000000000000000, -29.00000000000001776 ) ) ;
#2397 = VERTEX_POINT ( 'NONE', #1113 ) ;
#2398 = DIRECTION ( 'NONE',  ( -0.000000000000000000, -1.000000000000000000, -0.000000000000000000 ) ) ;
#2399 = EDGE_CURVE ( 'NONE', #641, #1256, #2102, .T. ) ;
#2400 = CARTESIAN_POINT ( 'NONE',  ( -27.50000000000000355, 18.00000000000000000, 0.2499999999999529543 ) ) ;
#2401 = EDGE_CURVE ( 'NONE', #4699, #2703, #2362, .T. ) ;
#2402 = EDGE_LOOP ( 'NONE', ( #4308, #4408, #1231, #1780 ) ) ;
#2403 = DIRECTION ( 'NONE',  ( 0.000000000000000000, -1.000000000000000000, 0.000000000000000000 ) ) ;
#2404 = EDGE_CURVE ( 'NONE', #4811, #3781, #482, .T. ) ;
#2405 = EDGE_CURVE ( 'NONE', #1609, #3385, #1337, .T. ) ;
#2406 = PLANE ( 'NONE',  #3503 ) ;
#2407 = LINE ( 'NONE', #1012, #4916 ) ;
#2408 = VERTEX_POINT ( 'NONE', #3532 ) ;
#2409 = VERTEX_POINT ( 'NONE', #885 ) ;
#2410 = DIRECTION ( 'NONE',  ( 1.000000000000000000, 0.000000000000000000, -0.000000000000000000 ) ) ;
#2411 = CARTESIAN_POINT ( 'NONE',  ( -25.00000000000000711, 30.00000000000000000, 28.99999999999997158 ) ) ;
#2412 = CARTESIAN_POINT ( 'NONE',  ( 14.50000000000024869, 23.00000000000000000, 19.36521081018127077 ) ) ;
#2413 = ORIENTED_EDGE ( 'NONE', *, *, #2200, .F. ) ;
#2414 = CARTESIAN_POINT ( 'NONE',  ( 3.599158056653548154, 32.00000000000000711, 1.758059867859572023 ) ) ;
#2415 = DIRECTION ( 'NONE',  ( 0.000000000000000000, 1.000000000000000000, 5.782411586589351722E-16 ) ) ;
#2416 = ORIENTED_EDGE ( 'NONE', *, *, #4100, .F. ) ;
#2417 = ORIENTED_EDGE ( 'NONE', *, *, #3975, .T. ) ;
#2418 = VERTEX_POINT ( 'NONE', #2083 ) ;
#2419 = ORIENTED_EDGE ( 'NONE', *, *, #2722, .F. ) ;
#2420 = LINE ( 'NONE', #4719, #4673 ) ;
#2421 = CARTESIAN_POINT ( 'NONE',  ( -1.579617136008335088, 24.50000000000000000, 12.35902778106245847 ) ) ;
#2422 = CARTESIAN_POINT ( 'NONE',  ( -2.249903526357163841, 24.50000000000000000, -1.050058994014420710 ) ) ;
#2423 = VERTEX_POINT ( 'NONE', #502 ) ;
#2424 = CARTESIAN_POINT ( 'NONE',  ( -7.601536384991211648, 32.00000000000000000, 24.06419186098119667 ) ) ;
#2425 = VECTOR ( 'NONE', #4314, 1000.000000000000000 ) ;
#2426 = DIRECTION ( 'NONE',  ( -0.000000000000000000, 1.000000000000000000, -0.000000000000000000 ) ) ;
#2427 = EDGE_CURVE ( 'NONE', #3880, #3084, #1980, .T. ) ;
#2428 = EDGE_LOOP ( 'NONE', ( #1182, #2191, #4026, #292 ) ) ;
#2429 =( NAMED_UNIT ( * ) PLANE_ANGLE_UNIT ( ) SI_UNIT ( $, .RADIAN. ) );
#2430 = EDGE_CURVE ( 'NONE', #534, #2408, #2571, .T. ) ;
#2431 = CIRCLE ( 'NONE', #700, 10.00000000000000533 ) ;
#2432 = CARTESIAN_POINT ( 'NONE',  ( -33.50000000000000000, 14.99999999999999645, 3.999999999999954259 ) ) ;
#2433 = ADVANCED_FACE ( 'NONE', ( #452 ), #2824, .F. ) ;
#2434 = CARTESIAN_POINT ( 'NONE',  ( 3.291110106079696340, 32.00000000000000711, 3.230757126767237697 ) ) ;
#2435 = ORIENTED_EDGE ( 'NONE', *, *, #2817, .T. ) ;
#2436 = ORIENTED_EDGE ( 'NONE', *, *, #2283, .T. ) ;
#2437 = CARTESIAN_POINT ( 'NONE',  ( 14.50000000000021494, 23.00000000000000000, 24.06419186098134588 ) ) ;
#2438 = CIRCLE ( 'NONE', #3011, 1.000000000000000888 ) ;
#2439 = CARTESIAN_POINT ( 'NONE',  ( -25.50000000000000355, 19.50000000000000355, 23.86623553487585525 ) ) ;
#2440 = VECTOR ( 'NONE', #1078, 1000.000000000000000 ) ;
#2441 = PLANE ( 'NONE',  #3433 ) ;
#2442 = ORIENTED_EDGE ( 'NONE', *, *, #3774, .T. ) ;
#2443 = CARTESIAN_POINT ( 'NONE',  ( 1.581279503555500732, 32.00000000000000000, 12.35902778106250466 ) ) ;
#2444 = DIRECTION ( 'NONE',  ( -0.000000000000000000, -1.000000000000000000, -0.000000000000000000 ) ) ;
#2445 = VERTEX_POINT ( 'NONE', #3176 ) ;
#2446 = ORIENTED_EDGE ( 'NONE', *, *, #3238, .T. ) ;
#2447 = DIRECTION ( 'NONE',  ( 0.000000000000000000, 0.000000000000000000, -1.000000000000000000 ) ) ;
#2448 = CARTESIAN_POINT ( 'NONE',  ( 0.0008204178503570802583, 24.49999999999999645, 13.06458333644164149 ) ) ;
#2449 = CARTESIAN_POINT ( 'NONE',  ( -45.97666018330589566, 1.068921942992014665E-14, 18.48421203201065666 ) ) ;
#2450 = DIRECTION ( 'NONE',  ( 1.000000000000000000, -0.000000000000000000, 3.802133645976563900E-16 ) ) ;
#2451 = ORIENTED_EDGE ( 'NONE', *, *, #3693, .F. ) ;
#2452 = VECTOR ( 'NONE', #1761, 1000.000000000000000 ) ;
#2453 = ORIENTED_EDGE ( 'NONE', *, *, #4333, .T. ) ;
#2454 = VECTOR ( 'NONE', #4225, 1000.000000000000000 ) ;
#2455 = CARTESIAN_POINT ( 'NONE',  ( -25.00000000000000711, 2.000000000000000000, 38.24999999999996447 ) ) ;
#2456 = VECTOR ( 'NONE', #4499, 1000.000000000000000 ) ;
#2457 = DIRECTION ( 'NONE',  ( 0.000000000000000000, -1.000000000000000000, 0.000000000000000000 ) ) ;
#2458 = VECTOR ( 'NONE', #4024, 1000.000000000000000 ) ;
#2459 = LINE ( 'NONE', #3326, #2877 ) ;
#2460 = LINE ( 'NONE', #2151, #859 ) ;
#2461 = EDGE_CURVE ( 'NONE', #1459, #185, #2775, .T. ) ;
#2462 = VECTOR ( 'NONE', #672, 1000.000000000000000 ) ;
#2463 = CARTESIAN_POINT ( 'NONE',  ( 5.299549528938802823, 23.00000000000000000, 21.57711283463907392 ) ) ;
#2464 = AXIS2_PLACEMENT_3D ( 'NONE', #2287, #4147, #2663 ) ;
#2465 = CARTESIAN_POINT ( 'NONE',  ( 3.599158056653548154, 32.00000000000000000, 1.758059867859572023 ) ) ;
#2466 =( GEOMETRIC_REPRESENTATION_CONTEXT ( 3 ) GLOBAL_UNCERTAINTY_ASSIGNED_CONTEXT ( ( #198 ) ) GLOBAL_UNIT_ASSIGNED_CONTEXT ( ( #1816, #4124, #2518 ) ) REPRESENTATION_CONTEXT ( 'NONE', 'WORKASPACE' ) );
#2467 = CARTESIAN_POINT ( 'NONE',  ( -2.999999999999996447, 29.09999999999999787, -14.04445395531110741 ) ) ;
#2468 = ADVANCED_FACE ( 'NONE', ( #2751 ), #1882, .T. ) ;
#2469 = CARTESIAN_POINT ( 'NONE',  ( -2.963089597725133917, 24.50000000000000000, 9.683201663722432073 ) ) ;
#2470 = LINE ( 'NONE', #4006, #975 ) ;
#2471 = ORIENTED_EDGE ( 'NONE', *, *, #4576, .T. ) ;
#2472 = CARTESIAN_POINT ( 'NONE',  ( -3.100088496576544728, 25.00000000000014211, 8.757180451233422147 ) ) ;
#2473 = DIRECTION ( 'NONE',  ( 0.000000000000000000, 0.000000000000000000, -1.000000000000000000 ) ) ;
#2474 = VERTEX_POINT ( 'NONE', #3132 ) ;
#2475 = ORIENTED_EDGE ( 'NONE', *, *, #3153, .F. ) ;
#2476 = CARTESIAN_POINT ( 'NONE',  ( -25.50000000000000355, 10.50000000000000178, 19.86623553487585170 ) ) ;
#2477 = ADVANCED_FACE ( 'NONE', ( #4348 ), #933, .F. ) ;
#2478 = FACE_OUTER_BOUND ( 'NONE', #3226, .T. ) ;
#2479 = FACE_OUTER_BOUND ( 'NONE', #3261, .T. ) ;
#2480 = CARTESIAN_POINT ( 'NONE',  ( -46.31370849898476649, 9.500000000000000000, 24.99999999999994671 ) ) ;
#2481 = ORIENTED_EDGE ( 'NONE', *, *, #1996, .T. ) ;
#2482 = ORIENTED_EDGE ( 'NONE', *, *, #3942, .T. ) ;
#2483 = CARTESIAN_POINT ( 'NONE',  ( 33.50000000000000711, 28.49999999999999645, -29.00000000000002132 ) ) ;
#2484 = DIRECTION ( 'NONE',  ( -6.027379889218269368E-15, 0.000000000000000000, 1.000000000000000000 ) ) ;
#2485 = FACE_OUTER_BOUND ( 'NONE', #3157, .T. ) ;
#2486 = DIRECTION ( 'NONE',  ( 1.000000000000000000, 0.000000000000000000, 4.527464464641961669E-15 ) ) ;
#2487 = CARTESIAN_POINT ( 'NONE',  ( 34.00000000000000000, 29.50000000000000000, 28.99999999999997513 ) ) ;
#2488 = CARTESIAN_POINT ( 'NONE',  ( 10.26313544482804119, 32.00000000000000000, 18.29275258570828200 ) ) ;
#2489 = LINE ( 'NONE', #991, #3602 ) ;
#2490 = VERTEX_POINT ( 'NONE', #4272 ) ;
#2491 = DIRECTION ( 'NONE',  ( 1.000000000000000000, 0.000000000000000000, -0.000000000000000000 ) ) ;
#2492 = EDGE_CURVE ( 'NONE', #1928, #3781, #526, .T. ) ;
#2493 = DIRECTION ( 'NONE',  ( -0.000000000000000000, -1.000000000000000000, -0.000000000000000000 ) ) ;
#2494 = ORIENTED_EDGE ( 'NONE', *, *, #1722, .T. ) ;
#2495 = FACE_OUTER_BOUND ( 'NONE', #4645, .T. ) ;
#2496 = VECTOR ( 'NONE', #4830, 1000.000000000000000 ) ;
#2497 = CARTESIAN_POINT ( 'NONE',  ( -1.579617136008335088, 32.00000000000000000, 11.48414578258329399 ) ) ;
#2498 = CARTESIAN_POINT ( 'NONE',  ( -45.97666018330589566, 10.00049802381102992, 24.98421203201064600 ) ) ;
#2499 = ORIENTED_EDGE ( 'NONE', *, *, #1819, .T. ) ;
#2500 = EDGE_CURVE ( 'NONE', #301, #3476, #1684, .T. ) ;
#2501 = CARTESIAN_POINT ( 'NONE',  ( -33.50000000000000711, 9.500000000000000000, 24.99999999999995026 ) ) ;
#2502 = ORIENTED_EDGE ( 'NONE', *, *, #3377, .T. ) ;
#2503 = ORIENTED_EDGE ( 'NONE', *, *, #2839, .T. ) ;
#2504 = EDGE_CURVE ( 'NONE', #4544, #2733, #4657, .T. ) ;
#2505 = PLANE ( 'NONE',  #1901 ) ;
#2506 = DIRECTION ( 'NONE',  ( -0.7071067811865486830, 0.000000000000000000, 0.7071067811865464625 ) ) ;
#2507 = ORIENTED_EDGE ( 'NONE', *, *, #229, .T. ) ;
#2508 = CARTESIAN_POINT ( 'NONE',  ( -2.249903526357163841, 24.50000000000000000, -1.050058994014425817 ) ) ;
#2509 = DIRECTION ( 'NONE',  ( 0.000000000000000000, 1.000000000000000000, -0.000000000000000000 ) ) ;
#2510 = VERTEX_POINT ( 'NONE', #4299 ) ;
#2511 = CARTESIAN_POINT ( 'NONE',  ( 34.25000000000000000, 2.000000000000000000, 28.99999999999997513 ) ) ;
#2512 = ORIENTED_EDGE ( 'NONE', *, *, #2025, .T. ) ;
#2513 = AXIS2_PLACEMENT_3D ( 'NONE', #740, #4133, #4900 ) ;
#2514 = CARTESIAN_POINT ( 'NONE',  ( -25.00000000000000711, 0.000000000000000000, -38.25000000000002842 ) ) ;
#2515 = CARTESIAN_POINT ( 'NONE',  ( -27.50000000000000355, 10.50000000000000178, 23.86623553487585525 ) ) ;
#2516 = PRESENTATION_LAYER_ASSIGNMENT (  '', '', ( #4666 ) ) ;
#2517 = EDGE_LOOP ( 'NONE', ( #2185, #2314, #733, #2845 ) ) ;
#2518 =( NAMED_UNIT ( * ) SI_UNIT ( $, .STERADIAN. ) SOLID_ANGLE_UNIT ( ) );
#2519 = CARTESIAN_POINT ( 'NONE',  ( 17.70476182858164549, 24.50000000000000000, 15.53801126270789190 ) ) ;
#2520 = EDGE_LOOP ( 'NONE', ( #1834, #3313, #2453, #1844, #1673, #2527, #1471, #4920, #26, #1408 ) ) ;
#2521 = ORIENTED_EDGE ( 'NONE', *, *, #2909, .T. ) ;
#2522 = EDGE_LOOP ( 'NONE', ( #1153, #1430, #3788, #1381 ) ) ;
#2523 = CARTESIAN_POINT ( 'NONE',  ( -7.601536384979907801, 23.00000000000000000, 18.11989491967041133 ) ) ;
#2524 = DIRECTION ( 'NONE',  ( 0.000000000000000000, 0.000000000000000000, -1.000000000000000000 ) ) ;
#2525 = EDGE_CURVE ( 'NONE', #4222, #3662, #3977, .T. ) ;
#2526 = CARTESIAN_POINT ( 'NONE',  ( 1.810944197284443336, 24.49999999999999289, 11.28994969519882119 ) ) ;
#2527 = ORIENTED_EDGE ( 'NONE', *, *, #1158, .T. ) ;
#2528 = CARTESIAN_POINT ( 'NONE',  ( -33.50000000000000000, 11.99999999999999645, 10.99999999999995381 ) ) ;
#2529 = VECTOR ( 'NONE', #536, 1000.000000000000000 ) ;
#2530 = EDGE_CURVE ( 'NONE', #314, #1968, #870, .T. ) ;
#2531 = ORIENTED_EDGE ( 'NONE', *, *, #3124, .T. ) ;
#2532 = CARTESIAN_POINT ( 'NONE',  ( 10.26313544485287643, 23.00000000000000000, 18.29275258562293516 ) ) ;
#2533 = B_SPLINE_CURVE_WITH_KNOTS ( 'NONE', 3,
 ( #2700, #4227, #2338, #812, #1615, #2318, #1151, #4274, #4197, #2271, #3434, #4, #4548, #3874 ),
 .UNSPECIFIED., .F., .F.,
 ( 4, 2, 2, 2, 2, 2, 4 ),
 ( 0.000000000000000000, 0.0003086755272100225002, 0.0006173510544200450003, 0.0009260265816300675005, 0.001234702108840090001, 0.001852053163260131098, 0.002469404217680172195 ),
 .UNSPECIFIED. ) ;
#2534 = CARTESIAN_POINT ( 'NONE',  ( -1.578521094806277114, 24.50000000000000000, 11.44412919867487410 ) ) ;
#2535 = EDGE_CURVE ( 'NONE', #2843, #4102, #1503, .T. ) ;
#2536 = VECTOR ( 'NONE', #3784, 1000.000000000000000 ) ;
#2537 = CARTESIAN_POINT ( 'NONE',  ( -33.50000000000000000, 19.50000000000000355, 19.86623553487585170 ) ) ;
#2538 = VECTOR ( 'NONE', #2221, 1000.000000000000000 ) ;
#2539 = ORIENTED_EDGE ( 'NONE', *, *, #694, .T. ) ;
#2540 = AXIS2_PLACEMENT_3D ( 'NONE', #1805, #3325, #2927 ) ;
#2541 = PLANE ( 'NONE',  #1251 ) ;
#2542 = CARTESIAN_POINT ( 'NONE',  ( -27.50000000000000355, 16.49999999999999645, 13.24999999999995559 ) ) ;
#2543 = ORIENTED_EDGE ( 'NONE', *, *, #2879, .F. ) ;
#2544 = DIRECTION ( 'NONE',  ( 2.748605226541390308E-16, 0.000000000000000000, 1.000000000000000000 ) ) ;
#2545 = B_SPLINE_SURFACE_WITH_KNOTS ( 'NONE', 2, 1, ( 
 ( #1456, #698 ),
 ( #3300, #4862 ),
 ( #677, #3349 ) ),
 .UNSPECIFIED., .F., .F., .F.,
 ( 3, 3 ),
 ( 2, 2 ),
 ( 9.000000000000000000, 10.00000000000000000 ),
 ( 0.000000000000000000, 1.000000000000000000 ),
 .UNSPECIFIED. ) ;
#2546 = AXIS2_PLACEMENT_3D ( 'NONE', #1772, #238, #1741 ) ;
#2547 = VECTOR ( 'NONE', #3147, 1000.000000000000000 ) ;
#2548 = EDGE_LOOP ( 'NONE', ( #3569, #4304, #2918, #996 ) ) ;
#2549 = DIRECTION ( 'NONE',  ( 0.000000000000000000, -1.000000000000000000, 0.000000000000000000 ) ) ;
#2550 = VERTEX_POINT ( 'NONE', #1897 ) ;
#2551 = EDGE_LOOP ( 'NONE', ( #4571, #1841, #2804, #2512 ) ) ;
#2552 = CARTESIAN_POINT ( 'NONE',  ( -25.50000000000000355, 19.50000000000000355, 19.86623553487585170 ) ) ;
#2553 = CARTESIAN_POINT ( 'NONE',  ( -25.00000000000000711, 30.00000000000000000, 37.49999999999996447 ) ) ;
#2554 = LINE ( 'NONE', #4107, #3308 ) ;
#2555 = EDGE_CURVE ( 'NONE', #3385, #2672, #1366, .T. ) ;
#2556 = ORIENTED_EDGE ( 'NONE', *, *, #56, .T. ) ;
#2557 = CARTESIAN_POINT ( 'NONE',  ( -25.00000000000000711, 30.00000000000000000, 37.49999999999996447 ) ) ;
#2558 = VECTOR ( 'NONE', #2981, 1000.000000000000000 ) ;
#2559 = EDGE_CURVE ( 'NONE', #809, #3836, #4062, .T. ) ;
#2560 = EDGE_LOOP ( 'NONE', ( #1094, #2184, #4718, #2662 ) ) ;
#2561 = CARTESIAN_POINT ( 'NONE',  ( -7.601536384991222306, 32.00000000000000000, 25.49999999999943867 ) ) ;
#2562 = EDGE_CURVE ( 'NONE', #2943, #599, #1103, .T. ) ;
#2563 = CARTESIAN_POINT ( 'NONE',  ( -2.799999999999999378, -2.999999999999999112, 15.53801126270789190 ) ) ;
#2564 = CARTESIAN_POINT ( 'NONE',  ( -7.601536384991179673, 29.50000000000000000, 18.11989491965043797 ) ) ;
#2565 = EDGE_CURVE ( 'NONE', #1774, #2137, #4938, .T. ) ;
#2566 = DIRECTION ( 'NONE',  ( 0.000000000000000000, 1.000000000000000000, 0.000000000000000000 ) ) ;
#2567 = EDGE_LOOP ( 'NONE', ( #867, #1234, #1612, #4739 ) ) ;
#2568 = CARTESIAN_POINT ( 'NONE',  ( -19.81171673543281031, 28.49999999999999645, 12.01317212208040708 ) ) ;
#2569 = ADVANCED_FACE ( 'NONE', ( #3022 ), #3321, .T. ) ;
#2570 = ADVANCED_FACE ( 'NONE', ( #1126 ), #4420, .T. ) ;
#2571 = B_SPLINE_CURVE_WITH_KNOTS ( 'NONE', 2,
 ( #4683, #76, #3872 ),
 .UNSPECIFIED., .F., .F.,
 ( 3, 3 ),
 ( 9.000000000000000000, 10.00000000000000000 ),
 .UNSPECIFIED. ) ;
#2572 = FACE_OUTER_BOUND ( 'NONE', #775, .T. ) ;
#2573 = ORIENTED_EDGE ( 'NONE', *, *, #3120, .T. ) ;
#2574 = DIRECTION ( 'NONE',  ( 0.000000000000000000, 0.000000000000000000, 1.000000000000000000 ) ) ;
#2575 = ORIENTED_EDGE ( 'NONE', *, *, #4758, .T. ) ;
#2576 = LINE ( 'NONE', #3720, #383 ) ;
#2577 = FACE_OUTER_BOUND ( 'NONE', #565, .T. ) ;
#2578 = CARTESIAN_POINT ( 'NONE',  ( 2.020842370902055762, 24.49999999999999645, 11.12536262652418273 ) ) ;
#2579 = AXIS2_PLACEMENT_3D ( 'NONE', #2601, #1426, #2211 ) ;
#2580 = CARTESIAN_POINT ( 'NONE',  ( 1.577748280683119564, 24.50000000000000000, 11.42771081216552886 ) ) ;
#2581 = ORIENTED_EDGE ( 'NONE', *, *, #2399, .F. ) ;
#2582 = EDGE_LOOP ( 'NONE', ( #2914, #3526, #763, #1494 ) ) ;
#2583 = LINE ( 'NONE', #676, #144 ) ;
#2584 = CARTESIAN_POINT ( 'NONE',  ( -10.26147307730576586, 32.00000000000000000, 18.29275258562282147 ) ) ;
#2585 = CARTESIAN_POINT ( 'NONE',  ( 2.799999999999999378, 23.00000000000000000, 21.13801126270789155 ) ) ;
#2586 = ORIENTED_EDGE ( 'NONE', *, *, #1482, .F. ) ;
#2587 = CARTESIAN_POINT ( 'NONE',  ( -1.794917134591078156, 32.00000000000000711, 4.886203936945578086 ) ) ;
#2588 = PRODUCT_DEFINITION_SHAPE ( 'NONE', 'NONE',  #549 ) ;
#2589 = CARTESIAN_POINT ( 'NONE',  ( -2.249903526357163841, 25.00000000000017764, -1.050058994014418934 ) ) ;
#2590 = EDGE_CURVE ( 'NONE', #3252, #2062, #609, .T. ) ;
#2591 = VECTOR ( 'NONE', #3935, 1000.000000000000000 ) ;
#2592 = DIRECTION ( 'NONE',  ( 1.000000000000000000, 0.000000000000000000, 3.802133645976563900E-16 ) ) ;
#2593 = EDGE_CURVE ( 'NONE', #106, #1774, #204, .T. ) ;
#2594 = ORIENTED_EDGE ( 'NONE', *, *, #3682, .F. ) ;
#2595 = CARTESIAN_POINT ( 'NONE',  ( -1.190774319156203687, 31.99999999999999289, 12.52909627120507530 ) ) ;
#2596 = VECTOR ( 'NONE', #623, 1000.000000000000000 ) ;
#2597 = ORIENTED_EDGE ( 'NONE', *, *, #2718, .F. ) ;
#2598 = DIRECTION ( 'NONE',  ( 0.000000000000000000, 0.000000000000000000, -1.000000000000000000 ) ) ;
#2599 = CARTESIAN_POINT ( 'NONE',  ( -25.88422689413609490, 14.99999999999999645, 10.99999999999995381 ) ) ;
#2600 = AXIS2_PLACEMENT_3D ( 'NONE', #3656, #232, #4002 ) ;
#2601 = CARTESIAN_POINT ( 'NONE',  ( 25.00000000000000711, 0.000000000000000000, -29.00000000000002132 ) ) ;
#2602 = ORIENTED_EDGE ( 'NONE', *, *, #4636, .F. ) ;
#2603 = FACE_OUTER_BOUND ( 'NONE', #836, .T. ) ;
#2604 = VERTEX_POINT ( 'NONE', #4558 ) ;
#2605 = VECTOR ( 'NONE', #548, 1000.000000000000000 ) ;
#2606 = EDGE_LOOP ( 'NONE', ( #1557, #1531, #2446, #3483, #3638, #4637, #29, #2247 ) ) ;
#2607 = CARTESIAN_POINT ( 'NONE',  ( -11.79563415722433639, 23.00000000000000000, 19.12671248289443326 ) ) ;
#2608 = CARTESIAN_POINT ( 'NONE',  ( -11.51433987339902032, 32.00000000000000000, 18.91564969602176660 ) ) ;
#2609 = AXIS2_PLACEMENT_3D ( 'NONE', #222, #2021, #3542 ) ;
#2610 = LINE ( 'NONE', #1876, #3907 ) ;
#2611 = EDGE_LOOP ( 'NONE', ( #267, #4351, #1693, #3137 ) ) ;
#2612 = LINE ( 'NONE', #351, #3169 ) ;
#2613 = CARTESIAN_POINT ( 'NONE',  ( 25.00000000000000711, 0.000000000000000000, 38.24999999999996447 ) ) ;
#2614 = LINE ( 'NONE', #4166, #104 ) ;
#2615 = AXIS2_PLACEMENT_3D ( 'NONE', #4580, #1164, #2685 ) ;
#2616 = VECTOR ( 'NONE', #1636, 1000.000000000000000 ) ;
#2617 = VECTOR ( 'NONE', #65, 1000.000000000000000 ) ;
#2618 = CARTESIAN_POINT ( 'NONE',  ( -3.100088496576544728, 24.49999999999996447, 8.757180451233420371 ) ) ;
#2619 = ORIENTED_EDGE ( 'NONE', *, *, #4048, .F. ) ;
#2620 = AXIS2_PLACEMENT_3D ( 'NONE', #2125, #4049, #2928 ) ;
#2621 = PLANE ( 'NONE',  #3008 ) ;
#2622 = VERTEX_POINT ( 'NONE', #727 ) ;
#2623 = EDGE_CURVE ( 'NONE', #156, #1633, #3376, .T. ) ;
#2624 = DIRECTION ( 'NONE',  ( 0.000000000000000000, -5.782411586589351722E-16, 1.000000000000000000 ) ) ;
#2625 = CARTESIAN_POINT ( 'NONE',  ( -35.00000000000000000, 17.00000000000011724, 7.843441091614861172E-14 ) ) ;
#2626 = VECTOR ( 'NONE', #3528, 1000.000000000000000 ) ;
#2627 = CARTESIAN_POINT ( 'NONE',  ( 3.067485291360588118, 24.50000000000000711, 9.292957242215576841 ) ) ;
#2628 = CARTESIAN_POINT ( 'NONE',  ( -8.743329047513924479, 23.00000000000000000, 7.256070824894444549 ) ) ;
#2629 = EDGE_LOOP ( 'NONE', ( #981, #4082, #3547, #1724 ) ) ;
#2630 = ORIENTED_EDGE ( 'NONE', *, *, #3373, .T. ) ;
#2631 = EDGE_CURVE ( 'NONE', #79, #4899, #1480, .T. ) ;
#2632 = ORIENTED_EDGE ( 'NONE', *, *, #2201, .F. ) ;
#2633 = DIRECTION ( 'NONE',  ( 0.000000000000000000, 0.000000000000000000, -1.000000000000000000 ) ) ;
#2634 = CARTESIAN_POINT ( 'NONE',  ( -25.00000000000000711, 2.000000000000000000, -29.00000000000002132 ) ) ;
#2635 = DIRECTION ( 'NONE',  ( 0.000000000000000000, 0.000000000000000000, -1.000000000000000000 ) ) ;
#2636 = CARTESIAN_POINT ( 'NONE',  ( -1.281637403228134797, 32.00000000000000711, 5.129127249904909647 ) ) ;
#2637 = DIRECTION ( 'NONE',  ( -0.000000000000000000, -1.000000000000000000, -0.000000000000000000 ) ) ;
#2638 = DIRECTION ( 'NONE',  ( 1.000000000000000000, 0.000000000000000000, 0.000000000000000000 ) ) ;
#2639 = ORIENTED_EDGE ( 'NONE', *, *, #2148, .T. ) ;
#2640 = CARTESIAN_POINT ( 'NONE',  ( 7.599667529665884658, 25.00000000000011013, 18.11989491965050547 ) ) ;
#2641 = VERTEX_POINT ( 'NONE', #2260 ) ;
#2642 = CARTESIAN_POINT ( 'NONE',  ( 2.721116254561209757, 31.99999999999999289, 7.262502103964044053 ) ) ;
#2643 = ORIENTED_EDGE ( 'NONE', *, *, #1630, .F. ) ;
#2644 = CARTESIAN_POINT ( 'NONE',  ( -7.601536384982843231, 32.00000000000000000, 18.11989491965823618 ) ) ;
#2645 = CARTESIAN_POINT ( 'NONE',  ( -27.50000000000000355, 10.49999999999999467, 1.749999999999952927 ) ) ;
#2646 = DIRECTION ( 'NONE',  ( 0.000000000000000000, 0.000000000000000000, 1.000000000000000000 ) ) ;
#2647 = EDGE_CURVE ( 'NONE', #4222, #303, #4004, .T. ) ;
#2648 = VERTEX_POINT ( 'NONE', #4506 ) ;
#2649 = CARTESIAN_POINT ( 'NONE',  ( 1.581279503555507837, 32.00000000000000000, 11.48414578258331531 ) ) ;
#2650 = VERTEX_POINT ( 'NONE', #352 ) ;
#2651 = EDGE_CURVE ( 'NONE', #477, #327, #4533, .T. ) ;
#2652 = ORIENTED_EDGE ( 'NONE', *, *, #1966, .F. ) ;
#2653 = FACE_BOUND ( 'NONE', #4043, .T. ) ;
#2654 = CARTESIAN_POINT ( 'NONE',  ( 5.299549528938804599, 32.00000000000000000, 21.57711283463909524 ) ) ;
#2655 = EDGE_CURVE ( 'NONE', #980, #4525, #3393, .T. ) ;
#2656 = DIRECTION ( 'NONE',  ( 1.000000000000000000, 0.000000000000000000, 0.000000000000000000 ) ) ;
#2657 = EDGE_CURVE ( 'NONE', #4709, #1700, #956, .T. ) ;
#2658 = LINE ( 'NONE', #417, #140 ) ;
#2659 = CARTESIAN_POINT ( 'NONE',  ( 1.581279503555507837, 24.50000000000000355, 11.48414578258328866 ) ) ;
#2660 = FACE_OUTER_BOUND ( 'NONE', #3801, .T. ) ;
#2661 = CARTESIAN_POINT ( 'NONE',  ( -35.00000000000000000, 9.499999999999998224, 24.99999999999995381 ) ) ;
#2662 = ORIENTED_EDGE ( 'NONE', *, *, #3365, .T. ) ;
#2663 = DIRECTION ( 'NONE',  ( 0.000000000000000000, 1.000000000000000000, 3.491481338843133355E-15 ) ) ;
#2664 = B_SPLINE_SURFACE_WITH_KNOTS ( 'NONE', 3, 1, ( 
 ( #842, #3885 ),
 ( #4285, #3839 ),
 ( #466, #3472 ),
 ( #1622, #818 ) ),
 .UNSPECIFIED., .F., .F., .F.,
 ( 4, 4 ),
 ( 2, 2 ),
 ( 13.00000000000000000, 14.00000000000000000 ),
 ( 0.000000000000000000, 1.000000000000000000 ),
 .UNSPECIFIED. ) ;
#2665 = ORIENTED_EDGE ( 'NONE', *, *, #2846, .F. ) ;
#2666 = CARTESIAN_POINT ( 'NONE',  ( -27.50000000000000355, 18.00000000000000000, 14.74999999999995204 ) ) ;
#2667 = VECTOR ( 'NONE', #1672, 1000.000000000000000 ) ;
#2668 = CARTESIAN_POINT ( 'NONE',  ( 25.00000000000000711, 2.000000000000001776, 28.99999999999997158 ) ) ;
#2669 = CARTESIAN_POINT ( 'NONE',  ( -0.2062517664983213872, 24.50000000000000355, 13.05460675838772922 ) ) ;
#2670 = LINE ( 'NONE', #4593, #4940 ) ;
#2671 = AXIS2_PLACEMENT_3D ( 'NONE', #590, #208, #239 ) ;
#2672 = VERTEX_POINT ( 'NONE', #3396 ) ;
#2673 = CARTESIAN_POINT ( 'NONE',  ( -1.577126527717740867, 32.00000000000000000, 11.43290753986362773 ) ) ;
#2674 = ORIENTED_EDGE ( 'NONE', *, *, #1165, .T. ) ;
#2675 = VERTEX_POINT ( 'NONE', #4911 ) ;
#2676 = CARTESIAN_POINT ( 'NONE',  ( 3.599158056653548154, 24.50000000000000000, 1.758059867859545600 ) ) ;
#2677 = EDGE_CURVE ( 'NONE', #2409, #3946, #2766, .T. ) ;
#2678 = AXIS2_PLACEMENT_3D ( 'NONE', #4125, #2549, #3381 ) ;
#2679 = FACE_OUTER_BOUND ( 'NONE', #459, .T. ) ;
#2680 = LINE ( 'NONE', #4648, #1159 ) ;
#2681 = VECTOR ( 'NONE', #4237, 1000.000000000000000 ) ;
#2682 = ORIENTED_EDGE ( 'NONE', *, *, #279, .F. ) ;
#2683 = LINE ( 'NONE', #3841, #2681 ) ;
#2684 = ADVANCED_FACE ( 'NONE', ( #1626 ), #4238, .F. ) ;
#2685 = DIRECTION ( 'NONE',  ( 0.000000000000000000, 0.000000000000000000, -1.000000000000000000 ) ) ;
#2686 = VECTOR ( 'NONE', #1433, 1000.000000000000000 ) ;
#2687 = CARTESIAN_POINT ( 'NONE',  ( -2.999999999999996447, 29.09999999999999787, -20.04445395531110918 ) ) ;
#2688 = VECTOR ( 'NONE', #2162, 1000.000000000000000 ) ;
#2689 = ORIENTED_EDGE ( 'NONE', *, *, #663, .T. ) ;
#2690 = CARTESIAN_POINT ( 'NONE',  ( -33.50000000000000711, 17.50000000000000000, 18.99999999999996447 ) ) ;
#2691 = DIRECTION ( 'NONE',  ( -1.000000000000000000, 2.438088387897967896E-29, -6.982962677686266711E-15 ) ) ;
#2692 = ADVANCED_FACE ( 'NONE', ( #3122 ), #4262, .F. ) ;
#2693 = AXIS2_PLACEMENT_3D ( 'NONE', #36, #4288, #1191 ) ;
#2694 = ORIENTED_EDGE ( 'NONE', *, *, #2052, .T. ) ;
#2695 = PLANE ( 'NONE',  #3962 ) ;
#2697 = ORIENTED_EDGE ( 'NONE', *, *, #4484, .T. ) ;
#2696 = VECTOR ( 'NONE', #46, 1000.000000000000000 ) ;
#2698 = DIRECTION ( 'NONE',  ( -1.000000000000000000, 0.000000000000000000, 0.000000000000000000 ) ) ;
#2699 = CARTESIAN_POINT ( 'NONE',  ( -1.579617136008335088, 24.50000000000000000, 11.48414578258326912 ) ) ;
#2700 = CARTESIAN_POINT ( 'NONE',  ( 1.581279503555507837, 24.50000000000000355, 11.48414578258328866 ) ) ;
#2701 = ORIENTED_EDGE ( 'NONE', *, *, #2788, .F. ) ;
#2702 = CYLINDRICAL_SURFACE ( 'NONE', #4747, 1.600000000000000755 ) ;
#2703 = VERTEX_POINT ( 'NONE', #822 ) ;
#2704 = VERTEX_POINT ( 'NONE', #2022 ) ;
#2705 = LINE ( 'NONE', #1138, #3018 ) ;
#2706 = LINE ( 'NONE', #4234, #875 ) ;
#2707 = ADVANCED_FACE ( 'NONE', ( #495 ), #3863, .F. ) ;
#2708 = AXIS2_PLACEMENT_3D ( 'NONE', #2768, #498, #3448 ) ;
#2709 = CARTESIAN_POINT ( 'NONE',  ( -2.855336827092017860, 32.00000000000000711, 7.539560397274870596 ) ) ;
#2710 = ORIENTED_EDGE ( 'NONE', *, *, #2153, .F. ) ;
#2711 = EDGE_CURVE ( 'NONE', #408, #2062, #442, .T. ) ;
#2712 = CARTESIAN_POINT ( 'NONE',  ( 2.251544362057745996, 24.50000000000000000, -1.046527771142004681 ) ) ;
#2713 = CARTESIAN_POINT ( 'NONE',  ( 1.101485361694153120, 32.00000000000000000, 5.860867144937139450 ) ) ;
#2714 = DIRECTION ( 'NONE',  ( 0.000000000000000000, 2.891205793294675861E-16, -1.000000000000000000 ) ) ;
#2715 = EDGE_CURVE ( 'NONE', #3840, #730, #470, .T. ) ;
#2716 = VERTEX_POINT ( 'NONE', #3144 ) ;
#2717 = CARTESIAN_POINT ( 'NONE',  ( 35.00000000000000000, 0.000000000000000000, -29.00000000000002132 ) ) ;
#2718 = EDGE_CURVE ( 'NONE', #3914, #4560, #88, .T. ) ;
#2719 = CARTESIAN_POINT ( 'NONE',  ( -1.809295839777423476, 31.99999999999998579, 11.28994466532796892 ) ) ;
#2720 = EDGE_CURVE ( 'NONE', #274, #3662, #2377, .T. ) ;
#2721 = LINE ( 'NONE', #3897, #2848 ) ;
#2722 = EDGE_CURVE ( 'NONE', #105, #3517, #4650, .T. ) ;
#2723 = ORIENTED_EDGE ( 'NONE', *, *, #2942, .F. ) ;
#2724 = ORIENTED_EDGE ( 'NONE', *, *, #3033, .F. ) ;
#2725 = ORIENTED_EDGE ( 'NONE', *, *, #2530, .F. ) ;
#2726 = PLANE ( 'NONE',  #1438 ) ;
#2727 = CARTESIAN_POINT ( 'NONE',  ( -3.601026911978597589, 32.00000000000000000, 1.487320927033737750 ) ) ;
#2728 = CARTESIAN_POINT ( 'NONE',  ( 1.263944550813017820, 32.00000000000000711, 12.45646789961843837 ) ) ;
#2729 = AXIS2_PLACEMENT_3D ( 'NONE', #1050, #4067, #1093 ) ;
#2730 = VERTEX_POINT ( 'NONE', #63 ) ;
#2731 = DIRECTION ( 'NONE',  ( 0.000000000000000000, 0.000000000000000000, -1.000000000000000000 ) ) ;
#2732 = ORIENTED_EDGE ( 'NONE', *, *, #3716, .T. ) ;
#2733 = VERTEX_POINT ( 'NONE', #2351 ) ;
#2734 = CARTESIAN_POINT ( 'NONE',  ( -10.59516764005141809, 23.00000000000000355, 18.40300314453379471 ) ) ;
#2735 = B_SPLINE_CURVE_WITH_KNOTS ( 'NONE', 3,
 ( #2584, #4485, #3017, #2608, #365, #654 ),
 .UNSPECIFIED., .F., .F.,
 ( 4, 2, 4 ),
 ( 0.000000000000000000, 0.001051435901509344692, 0.002102871803018689385 ),
 .UNSPECIFIED. ) ;
#2736 = DIRECTION ( 'NONE',  ( -0.000000000000000000, -0.000000000000000000, 1.000000000000000000 ) ) ;
#2737 = DIRECTION ( 'NONE',  ( 0.000000000000000000, 0.000000000000000000, -1.000000000000000000 ) ) ;
#2738 = B_SPLINE_CURVE_WITH_KNOTS ( 'NONE', 3,
 ( #880, #4294, #2053, #148, #1681, #4678, #987, #1763, #1273, #2434, #3255, #3200, #554, #1710, #4708, #2465 ),
 .UNSPECIFIED., .F., .F.,
 ( 4, 2, 2, 2, 2, 2, 2, 4 ),
 ( 0.000000000000000000, 0.001127754229173419734, 0.001691631343760129601, 0.002255508458346839468, 0.002819385572933549335, 0.003383262687520259202, 0.003947139802106969068, 0.004511016916693678935 ),
 .UNSPECIFIED. ) ;
#2739 = ORIENTED_EDGE ( 'NONE', *, *, #2839, .F. ) ;
#2740 = LINE ( 'NONE', #4627, #4196 ) ;
#2741 = CARTESIAN_POINT ( 'NONE',  ( 1.580786280808085920, 24.50000000000000000, 11.45401321221913449 ) ) ;
#2742 = FACE_OUTER_BOUND ( 'NONE', #2517, .T. ) ;
#2743 = VERTEX_POINT ( 'NONE', #1600 ) ;
#2744 = B_SPLINE_CURVE_WITH_KNOTS ( 'NONE', 3,
 ( #1903, #4218, #4562, #448, #1554, #827 ),
 .UNSPECIFIED., .F., .F.,
 ( 4, 2, 4 ),
 ( 0.000000000000000000, 0.001049923319283610750, 0.002099846638567221500 ),
 .UNSPECIFIED. ) ;
#2745 = ORIENTED_EDGE ( 'NONE', *, *, #1653, .T. ) ;
#2746 = CARTESIAN_POINT ( 'NONE',  ( -14.49833763245317364, 32.00000000000000000, 19.36521081018106827 ) ) ;
#2747 = EDGE_CURVE ( 'NONE', #592, #3588, #3218, .T. ) ;
#2748 = CARTESIAN_POINT ( 'NONE',  ( -25.88422689413609490, 14.99999999999999645, 3.999999999999954259 ) ) ;
#2749 = DIRECTION ( 'NONE',  ( -0.000000000000000000, 1.000000000000000000, -0.000000000000000000 ) ) ;
#2750 = ORIENTED_EDGE ( 'NONE', *, *, #1892, .T. ) ;
#2751 = FACE_OUTER_BOUND ( 'NONE', #3988, .T. ) ;
#2752 = EDGE_CURVE ( 'NONE', #4231, #79, #4183, .T. ) ;
#2753 = FACE_OUTER_BOUND ( 'NONE', #4843, .T. ) ;
#2754 = LINE ( 'NONE', #1537, #650 ) ;
#2755 = VERTEX_POINT ( 'NONE', #14 ) ;
#2756 = LINE ( 'NONE', #1540, #768 ) ;
#2757 = ORIENTED_EDGE ( 'NONE', *, *, #3794, .T. ) ;
#2758 = EDGE_LOOP ( 'NONE', ( #2779, #3827, #467, #4322, #2502, #4870, #4422, #3752 ) ) ;
#2759 = DIRECTION ( 'NONE',  ( -0.000000000000000000, -1.000000000000000000, -0.000000000000000000 ) ) ;
#2760 = CARTESIAN_POINT ( 'NONE',  ( 6.346119218776775206, 28.49999999999999645, -6.021333691102119801 ) ) ;
#2761 = AXIS2_PLACEMENT_3D ( 'NONE', #4486, #367, #4577 ) ;
#2762 = B_SPLINE_CURVE_WITH_KNOTS ( 'NONE', 3,
 ( #4094, #2607, #3837, #4554, #2734, #3061 ),
 .UNSPECIFIED., .F., .F.,
 ( 4, 2, 4 ),
 ( 0.000000000000000000, 0.001051932242637271817, 0.002103864485274543634 ),
 .UNSPECIFIED. ) ;
#2763 = FACE_OUTER_BOUND ( 'NONE', #2970, .T. ) ;
#2764 = VECTOR ( 'NONE', #4773, 1000.000000000000000 ) ;
#2765 = DIRECTION ( 'NONE',  ( 0.000000000000000000, 0.000000000000000000, -1.000000000000000000 ) ) ;
#2766 = LINE ( 'NONE', #2713, #1513 ) ;
#2767 = VECTOR ( 'NONE', #4054, 1000.000000000000000 ) ;
#2768 = CARTESIAN_POINT ( 'NONE',  ( -25.00000000000000711, 32.00000000000000000, 28.99999999999997158 ) ) ;
#2769 = CARTESIAN_POINT ( 'NONE',  ( 10.26313544485287643, 28.50000000000003197, 18.29275258562295647 ) ) ;
#2770 = AXIS2_PLACEMENT_3D ( 'NONE', #2193, #4860, #3680 ) ;
#2771 = ADVANCED_FACE ( 'NONE', ( #1550 ), #3066, .T. ) ;
#2772 = FACE_OUTER_BOUND ( 'NONE', #162, .T. ) ;
#2773 = ORIENTED_EDGE ( 'NONE', *, *, #682, .T. ) ;
#2774 = ADVANCED_FACE ( 'NONE', ( #4211 ), #3725, .T. ) ;
#2775 = LINE ( 'NONE', #3925, #708 ) ;
#2776 = VECTOR ( 'NONE', #4567, 1000.000000000000000 ) ;
#2777 = PLANE ( 'NONE',  #1762 ) ;
#2778 = DIRECTION ( 'NONE',  ( 0.000000000000000000, 1.000000000000000000, 3.491481338843133355E-15 ) ) ;
#2779 = ORIENTED_EDGE ( 'NONE', *, *, #1387, .F. ) ;
#2780 = ADVANCED_FACE ( 'NONE', ( #1295 ), #252, .F. ) ;
#2781 = CARTESIAN_POINT ( 'NONE',  ( -33.50000000000000000, 17.00000000000002842, 18.98421203201066021 ) ) ;
#2782 = VECTOR ( 'NONE', #4796, 1000.000000000000000 ) ;
#2783 = ORIENTED_EDGE ( 'NONE', *, *, #4482, .F. ) ;
#2784 = ORIENTED_EDGE ( 'NONE', *, *, #2647, .F. ) ;
#2785 = CARTESIAN_POINT ( 'NONE',  ( -25.00000000000000711, 2.000000000000001776, -37.50000000000002132 ) ) ;
#2786 = DIRECTION ( 'NONE',  ( 1.000000000000000000, -0.000000000000000000, 3.802133645976563900E-16 ) ) ;
#2787 = VECTOR ( 'NONE', #3991, 1000.000000000000000 ) ;
#2788 = EDGE_CURVE ( 'NONE', #2733, #4801, #3246, .T. ) ;
#2789 = CARTESIAN_POINT ( 'NONE',  ( -27.50000000000000355, 18.00000000000000000, 14.74999999999995204 ) ) ;
#2790 = EDGE_LOOP ( 'NONE', ( #3809, #3362, #257, #4463 ) ) ;
#2791 = EDGE_CURVE ( 'NONE', #4136, #2007, #4672, .T. ) ;
#2792 = CARTESIAN_POINT ( 'NONE',  ( -3.601026911978597145, 32.00000000000000711, 1.758059867859523395 ) ) ;
#2793 = CARTESIAN_POINT ( 'NONE',  ( 11.67777777848358411, 32.00000000000000000, 19.01947394638965960 ) ) ;
#2794 = VECTOR ( 'NONE', #2296, 1000.000000000000000 ) ;
#2795 = ORIENTED_EDGE ( 'NONE', *, *, #4339, .F. ) ;
#2796 = ORIENTED_EDGE ( 'NONE', *, *, #3344, .T. ) ;
#2797 = CARTESIAN_POINT ( 'NONE',  ( -11.67964663380889689, 32.00000000000000000, 19.01947394638949973 ) ) ;
#2798 = DIRECTION ( 'NONE',  ( 0.000000000000000000, 0.000000000000000000, 1.000000000000000000 ) ) ;
#2799 = CARTESIAN_POINT ( 'NONE',  ( -45.97666018330589566, 10.50049802381102815, 18.98421203201065310 ) ) ;
#2800 = ORIENTED_EDGE ( 'NONE', *, *, #3037, .T. ) ;
#2801 = DIRECTION ( 'NONE',  ( -0.000000000000000000, -1.000000000000000000, 0.000000000000000000 ) ) ;
#2802 = CARTESIAN_POINT ( 'NONE',  ( 0.000000000000000000, 29.50000000000000000, -7.499999999999998224 ) ) ;
#2803 = CARTESIAN_POINT ( 'NONE',  ( 7.599667515478469859, 23.00000000000000000, 18.11989492295154491 ) ) ;
#2804 = ORIENTED_EDGE ( 'NONE', *, *, #3642, .T. ) ;
#2805 = CARTESIAN_POINT ( 'NONE',  ( -25.00000000000000711, 29.50000000000000000, -38.00000000000002842 ) ) ;
#2806 = CARTESIAN_POINT ( 'NONE',  ( -2.799999999999999378, 23.00000000000000000, 21.13801126270789155 ) ) ;
#2807 = ORIENTED_EDGE ( 'NONE', *, *, #3877, .F. ) ;
#2808 = ORIENTED_EDGE ( 'NONE', *, *, #3449, .T. ) ;
#2809 = VERTEX_POINT ( 'NONE', #1383 ) ;
#2810 = CARTESIAN_POINT ( 'NONE',  ( -1.099844525993681765, 32.00000000000000000, 5.860867144937134121 ) ) ;
#2811 = CARTESIAN_POINT ( 'NONE',  ( 0.000000000000000000, 10.50000000000000178, 0.000000000000000000 ) ) ;
#2812 = ADVANCED_FACE ( 'NONE', ( #4728 ), #143, .F. ) ;
#2813 = LINE ( 'NONE', #647, #1098 ) ;
#2814 = EDGE_LOOP ( 'NONE', ( #3807, #910, #2368, #4207 ) ) ;
#2815 = CARTESIAN_POINT ( 'NONE',  ( 25.00000000000000711, 29.50000000000000000, -38.00000000000002132 ) ) ;
#2816 = CARTESIAN_POINT ( 'NONE',  ( -1.579617136008335088, 24.50000000000000000, 11.48414578258326912 ) ) ;
#2817 = EDGE_CURVE ( 'NONE', #2379, #3840, #627, .T. ) ;
#2818 = ORIENTED_EDGE ( 'NONE', *, *, #4313, .F. ) ;
#2819 = AXIS2_PLACEMENT_3D ( 'NONE', #1143, #4534, #1166 ) ;
#2820 = SURFACE_STYLE_FILL_AREA ( #606 ) ;
#2821 = CARTESIAN_POINT ( 'NONE',  ( 1.101485361694153120, 24.50000000000000355, 5.860867144937121687 ) ) ;
#2822 = EDGE_CURVE ( 'NONE', #314, #2675, #1268, .T. ) ;
#2823 = CARTESIAN_POINT ( 'NONE',  ( 14.50000000000024869, 25.00000000000010658, 19.36521081018125656 ) ) ;
#2824 = PLANE ( 'NONE',  #3021 ) ;
#2825 = DIRECTION ( 'NONE',  ( 0.000000000000000000, -1.000000000000000000, 0.000000000000000000 ) ) ;
#2826 = LINE ( 'NONE', #1686, #3278 ) ;
#2827 = VERTEX_POINT ( 'NONE', #4388 ) ;
#2828 = CARTESIAN_POINT ( 'NONE',  ( 1.581279503555507837, 32.00000000000000000, 11.48414578258331531 ) ) ;
#2829 = CARTESIAN_POINT ( 'NONE',  ( -33.50000000000000000, 10.49999999999999112, 13.24999999999995204 ) ) ;
#2830 = EDGE_LOOP ( 'NONE', ( #2003, #4856, #3697, #4820 ) ) ;
#2831 = ORIENTED_EDGE ( 'NONE', *, *, #2226, .F. ) ;
#2832 = VERTEX_POINT ( 'NONE', #4363 ) ;
#2833 = ORIENTED_EDGE ( 'NONE', *, *, #4479, .F. ) ;
#2834 = CARTESIAN_POINT ( 'NONE',  ( 1.577748280683119564, 25.00000000000013500, 11.42771081216553064 ) ) ;
#2835 = CYLINDRICAL_SURFACE ( 'NONE', #1271, 9.249999999999994671 ) ;
#2836 = DIRECTION ( 'NONE',  ( 0.000000000000000000, 1.000000000000000000, 2.891205793294675861E-16 ) ) ;
#2837 = CARTESIAN_POINT ( 'NONE',  ( -25.00000000000000711, 0.000000000000000000, 38.99999999999996447 ) ) ;
#2838 = ORIENTED_EDGE ( 'NONE', *, *, #3524, .F. ) ;
#2839 = EDGE_CURVE ( 'NONE', #4093, #1004, #2045, .T. ) ;
#2840 = DIRECTION ( 'NONE',  ( 0.000000000000000000, 0.000000000000000000, -1.000000000000000000 ) ) ;
#2841 = VECTOR ( 'NONE', #2635, 1000.000000000000000 ) ;
#2842 = DIRECTION ( 'NONE',  ( -0.000000000000000000, -1.000000000000000000, 0.000000000000000000 ) ) ;
#2843 = VERTEX_POINT ( 'NONE', #1356 ) ;
#2844 = AXIS2_PLACEMENT_3D ( 'NONE', #2628, #2989, #4157 ) ;
#2845 = ORIENTED_EDGE ( 'NONE', *, *, #113, .T. ) ;
#2846 = EDGE_CURVE ( 'NONE', #940, #1574, #4317, .T. ) ;
#2847 = CARTESIAN_POINT ( 'NONE',  ( 6.346119218776775206, 24.50000000000000000, -6.021333691102119801 ) ) ;
#2848 = VECTOR ( 'NONE', #4169, 1000.000000000000000 ) ;
#2849 = LINE ( 'NONE', #3507, #2547 ) ;
#2850 = ORIENTED_EDGE ( 'NONE', *, *, #4721, .F. ) ;
#2851 = LINE ( 'NONE', #4764, #3735 ) ;
#2852 = EDGE_CURVE ( 'NONE', #212, #2641, #3567, .T. ) ;
#2853 = VECTOR ( 'NONE', #201, 1000.000000000000000 ) ;
#2854 = B_SPLINE_CURVE_WITH_KNOTS ( 'NONE', 3,
 ( #1559, #1982, #3512, #908, #1338, #3581, #2385, #585, #503, #3533 ),
 .UNSPECIFIED., .F., .F.,
 ( 4, 2, 2, 2, 4 ),
 ( 0.000000000000000000, 0.0008052601676585969918, 0.001610520335317193984, 0.002415780502975790976, 0.003221040670634387967 ),
 .UNSPECIFIED. ) ;
#2855 = EDGE_LOOP ( 'NONE', ( #2334, #4223, #3187, #1432 ) ) ;
#2856 = DIRECTION ( 'NONE',  ( 0.000000000000000000, 1.000000000000000000, 3.491481338843133355E-15 ) ) ;
#2857 = CARTESIAN_POINT ( 'NONE',  ( 2.510525938252074087E-15, 32.00000000000000000, 33.49999999999999289 ) ) ;
#2858 = CIRCLE ( 'NONE', #3968, 8.999999999999994671 ) ;
#2859 = CARTESIAN_POINT ( 'NONE',  ( -7.601536384991211648, 23.00000000000000000, 24.06419186098119312 ) ) ;
#2860 = VERTEX_POINT ( 'NONE', #4023 ) ;
#2861 = DIRECTION ( 'NONE',  ( -0.000000000000000000, 1.000000000000000000, 3.491481338843133355E-15 ) ) ;
#2862 = DIRECTION ( 'NONE',  ( -0.000000000000000000, -1.000000000000000000, -3.491481338843133355E-15 ) ) ;
#2863 = ORIENTED_EDGE ( 'NONE', *, *, #3340, .F. ) ;
#2864 = AXIS2_PLACEMENT_3D ( 'NONE', #2748, #853, #2356 ) ;
#2865 = CIRCLE ( 'NONE', #4205, 20.49999999999999645 ) ;
#2866 = VERTEX_POINT ( 'NONE', #3649 ) ;
#2867 = EDGE_LOOP ( 'NONE', ( #134, #924, #3173, #3554 ) ) ;
#2868 = DIRECTION ( 'NONE',  ( 0.000000000000000000, -1.000000000000000000, 0.000000000000000000 ) ) ;
#2869 = LINE ( 'NONE', #945, #2787 ) ;
#2870 = CARTESIAN_POINT ( 'NONE',  ( 2.719875891303838333, 24.50000000000000000, 7.260215154862638798 ) ) ;
#2871 = AXIS2_PLACEMENT_3D ( 'NONE', #1943, #3470, #1139 ) ;
#2872 = FACE_OUTER_BOUND ( 'NONE', #299, .T. ) ;
#2873 = VERTEX_POINT ( 'NONE', #1755 ) ;
#2874 = ORIENTED_EDGE ( 'NONE', *, *, #1996, .F. ) ;
#2875 = LINE ( 'NONE', #3625, #632 ) ;
#2876 = CARTESIAN_POINT ( 'NONE',  ( -25.88422689413609490, 14.99999999999999645, 10.99999999999995381 ) ) ;
#2877 = VECTOR ( 'NONE', #278, 1000.000000000000000 ) ;
#2878 = CARTESIAN_POINT ( 'NONE',  ( 1.101485361694153120, 25.00000000000015277, 5.860867144937123463 ) ) ;
#2879 = EDGE_CURVE ( 'NONE', #937, #2423, #1007, .T. ) ;
#2880 = SURFACE_STYLE_USAGE ( .BOTH. , #1010 ) ;
#2881 = B_SPLINE_SURFACE_WITH_KNOTS ( 'NONE', 2, 1, ( 
 ( #2069, #3592 ),
 ( #1696, #3214 ),
 ( #673, #3701 ) ),
 .UNSPECIFIED., .F., .F., .F.,
 ( 3, 3 ),
 ( 2, 2 ),
 ( 0.4996092373326347924, 0.5000455564054371305 ),
 ( 0.000000000000000000, 1.000000000000000000 ),
 .UNSPECIFIED. ) ;
#2882 = AXIS2_PLACEMENT_3D ( 'NONE', #2245, #2181, #263 ) ;
#2883 = CARTESIAN_POINT ( 'NONE',  ( 34.00000000000000000, 32.00000000000000000, -29.00000000000002487 ) ) ;
#2884 = ADVANCED_FACE ( 'NONE', ( #4413 ), #2074, .F. ) ;
#2885 = LINE ( 'NONE', #2823, #3882 ) ;
#2886 = VECTOR ( 'NONE', #406, 1000.000000000000000 ) ;
#2887 = ORIENTED_EDGE ( 'NONE', *, *, #2565, .F. ) ;
#2888 = B_SPLINE_CURVE_WITH_KNOTS ( 'NONE', 3,
 ( #2067, #3139, #4693, #1289, #3908, #3933, #4014, #868, #3589, #163 ),
 .UNSPECIFIED., .F., .F.,
 ( 4, 2, 2, 2, 4 ),
 ( 0.000000000000000000, 0.0008053174564039072359, 0.001610634912807814472, 0.002415952369211721816, 0.003221269825615628943 ),
 .UNSPECIFIED. ) ;
#2889 = DIRECTION ( 'NONE',  ( -0.000000000000000000, -1.000000000000000000, -2.891205793294675861E-16 ) ) ;
#2890 = CARTESIAN_POINT ( 'NONE',  ( -25.00000000000000711, 0.000000000000000000, -39.00000000000002842 ) ) ;
#2891 = ADVANCED_FACE ( 'NONE', ( #3683 ), #2197, .T. ) ;
#2892 = EDGE_CURVE ( 'NONE', #4341, #4093, #547, .T. ) ;
#2893 = VERTEX_POINT ( 'NONE', #2099 ) ;
#2894 = CARTESIAN_POINT ( 'NONE',  ( -27.50000000000000355, 10.49999999999999467, 1.749999999999952927 ) ) ;
#2895 = PLANE ( 'NONE',  #3404 ) ;
#2896 = VERTEX_POINT ( 'NONE', #3626 ) ;
#2897 = ORIENTED_EDGE ( 'NONE', *, *, #4456, .F. ) ;
#2898 = FACE_OUTER_BOUND ( 'NONE', #3108, .T. ) ;
#2899 = CARTESIAN_POINT ( 'NONE',  ( -3.100088496576544728, 24.49999999999996447, 8.757180451233420371 ) ) ;
#2900 = CARTESIAN_POINT ( 'NONE',  ( 2.151076857424866873, 24.50000000000000355, 6.521494186171805651 ) ) ;
#2901 = PLANE ( 'NONE',  #1492 ) ;
#2902 = ORIENTED_EDGE ( 'NONE', *, *, #3918, .T. ) ;
#2903 = CARTESIAN_POINT ( 'NONE',  ( -25.00000000000000711, 2.000000000000001776, 37.49999999999996447 ) ) ;
#2904 = CARTESIAN_POINT ( 'NONE',  ( 12.05172136156067175, 32.00000000000000000, 19.36521081018126722 ) ) ;
#2905 = PLANE ( 'NONE',  #2620 ) ;
#2906 = CYLINDRICAL_SURFACE ( 'NONE', #1661, 8.999999999999998224 ) ;
#2907 = LINE ( 'NONE', #4444, #2452 ) ;
#2908 = CARTESIAN_POINT ( 'NONE',  ( -35.00000000000000000, 9.500000000000001776, 18.99999999999996092 ) ) ;
#2909 = EDGE_CURVE ( 'NONE', #4341, #830, #1728, .T. ) ;
#2910 = CARTESIAN_POINT ( 'NONE',  ( 11.51318756825410716, 32.00000000000000000, 18.91526895048654922 ) ) ;
#2911 = AXIS2_PLACEMENT_3D ( 'NONE', #395, #1899, #3046 ) ;
#2912 = PLANE ( 'NONE',  #3042 ) ;
#2913 = ADVANCED_FACE ( 'NONE', ( #1434 ), #2545, .T. ) ;
#2914 = ORIENTED_EDGE ( 'NONE', *, *, #1966, .T. ) ;
#2915 = CARTESIAN_POINT ( 'NONE',  ( 0.0008204178503570802583, 31.99999999999999289, 13.06458333644166814 ) ) ;
#2916 = DIRECTION ( 'NONE',  ( 0.000000000000000000, -1.000000000000000000, 0.000000000000000000 ) ) ;
#2917 = ADVANCED_FACE ( 'NONE', ( #4907 ), #745, .F. ) ;
#2918 = ORIENTED_EDGE ( 'NONE', *, *, #4540, .F. ) ;
#2919 = VERTEX_POINT ( 'NONE', #2973 ) ;
#2920 = DIRECTION ( 'NONE',  ( 0.000000000000000000, 1.000000000000000000, 0.000000000000000000 ) ) ;
#2921 = FACE_OUTER_BOUND ( 'NONE', #4608, .T. ) ;
#2922 = CARTESIAN_POINT ( 'NONE',  ( -25.00000000000000711, 2.000000000000001776, 28.99999999999997158 ) ) ;
#2923 = DIRECTION ( 'NONE',  ( 0.000000000000000000, -1.000000000000000000, 0.000000000000000000 ) ) ;
#2924 = ORIENTED_EDGE ( 'NONE', *, *, #4536, .T. ) ;
#2925 = ORIENTED_EDGE ( 'NONE', *, *, #1392, .T. ) ;
#2926 = CARTESIAN_POINT ( 'NONE',  ( -25.50000000000000355, 19.50000000000000355, 23.86623553487585525 ) ) ;
#2927 = DIRECTION ( 'NONE',  ( 0.000000000000000000, 0.000000000000000000, -1.000000000000000000 ) ) ;
#2928 = DIRECTION ( 'NONE',  ( 0.000000000000000000, 0.000000000000000000, -1.000000000000000000 ) ) ;
#2929 = DIRECTION ( 'NONE',  ( 0.000000000000000000, -1.000000000000000000, 0.000000000000000000 ) ) ;
#2930 = LINE ( 'NONE', #607, #4295 ) ;
#2931 = ORIENTED_EDGE ( 'NONE', *, *, #4512, .F. ) ;
#2932 = AXIS2_PLACEMENT_3D ( 'NONE', #3764, #3403, #2574 ) ;
#2933 = CARTESIAN_POINT ( 'NONE',  ( -25.00000000000000711, 32.00000000000000000, -38.00000000000002842 ) ) ;
#2934 = VECTOR ( 'NONE', #749, 999.9999999999998863 ) ;
#2935 = ORIENTED_EDGE ( 'NONE', *, *, #826, .T. ) ;
#2936 = CARTESIAN_POINT ( 'NONE',  ( -25.50000000000000355, 10.50000000000000178, 23.86623553487585525 ) ) ;
#2937 = ORIENTED_EDGE ( 'NONE', *, *, #2146, .F. ) ;
#2938 = CYLINDRICAL_SURFACE ( 'NONE', #1671, 9.249999999999998224 ) ;
#2939 = VECTOR ( 'NONE', #4882, 1000.000000000000000 ) ;
#2940 = DIRECTION ( 'NONE',  ( -1.000000000000000000, -0.000000000000000000, -0.000000000000000000 ) ) ;
#2941 = CARTESIAN_POINT ( 'NONE',  ( -35.00000000000000000, 10.00049802381102992, 24.98421203201064600 ) ) ;
#2942 = EDGE_CURVE ( 'NONE', #1890, #185, #2735, .T. ) ;
#2943 = VERTEX_POINT ( 'NONE', #1032 ) ;
#2944 = CARTESIAN_POINT ( 'NONE',  ( -27.50000000000000355, 10.50000000000000178, 19.86623553487585170 ) ) ;
#2945 = EDGE_LOOP ( 'NONE', ( #4707, #1826, #1917, #1343 ) ) ;
#2946 = ORIENTED_EDGE ( 'NONE', *, *, #2951, .T. ) ;
#2947 = CARTESIAN_POINT ( 'NONE',  ( -10.26147307730576586, 32.00000000000000000, 18.29275258562282147 ) ) ;
#2948 = CARTESIAN_POINT ( 'NONE',  ( -12.05359021688597032, 23.00000000000000000, 19.36521081018108248 ) ) ;
#2949 = EDGE_CURVE ( 'NONE', #4202, #1743, #1838, .T. ) ;
#2950 = DIRECTION ( 'NONE',  ( -1.000000000000000000, -0.000000000000000000, -0.000000000000000000 ) ) ;
#2951 = EDGE_CURVE ( 'NONE', #1765, #1459, #1079, .T. ) ;
#2952 = CIRCLE ( 'NONE', #1186, 8.999999999999994671 ) ;
#2953 = DIRECTION ( 'NONE',  ( -0.000000000000000000, -0.000000000000000000, -1.000000000000000000 ) ) ;
#2954 = DIRECTION ( 'NONE',  ( 0.000000000000000000, -1.000000000000000000, 0.000000000000000000 ) ) ;
#2955 = CLOSED_SHELL ( 'NONE', ( #2999, #770, #628, #4752, #1908, #4700, #1114, #2774, #1328, #1457, #3303, #1109, #4302, #4003, #2023, #1194, #4845, #3769, #739, #2913, #3334, #396, #4658, #3253, #3917, #1150, #349, #1812, #4858, #1935, #1329, #2468, #1229, #1689, #282, #1505, #4368, #3765, #2569, #4918, #3125, #3815, #4461, #3315, #4941, #3199, #2891, #259, #3450, #4150, #3495, #342, #2250, #2684, #2570, #1599, #1632, #66, #3001, #4077, #3244, #2917, #3088, #160, #2203, #2692, #961, #2020, #3150, #1764, #1878, #437, #3310, #3318, #1592, #1528, #2373, #373, #989, #1364, #516, #2433, #2812, #3053, #3445, #2884, #1036, #1561, #2977, #3611, #4185, #1189, #2261, #852, #1788, #2233, #3426, #4865, #2198, #456, #3940, #4156, #1627, #2330, #4335, #1849, #4765, #1477, #4127, #2477, #464, #3623, #1331, #151, #3215, #3913, #4652, #2780, #653, #2312, #4007, #4240, #4915, #3469, #1062, #4863, #2707, #1033, #1117, #3713, #4181, #3529, #1325, #3306, #2771, #4279, #1257, #3971, #1856, #1929, #3050, #376, #1248, #3206 ) ) ;
#2956 = VECTOR ( 'NONE', #3062, 1000.000000000000000 ) ;
#2957 = DIRECTION ( 'NONE',  ( 0.000000000000000000, 0.000000000000000000, -1.000000000000000000 ) ) ;
#2958 = B_SPLINE_SURFACE_WITH_KNOTS ( 'NONE', 3, 1, ( 
 ( #4180, #1081 ),
 ( #333, #767 ),
 ( #3816, #1547 ),
 ( #2195, #3729 ) ),
 .UNSPECIFIED., .F., .F., .F.,
 ( 4, 4 ),
 ( 2, 2 ),
 ( 0.000000000000000000, 1.000000000000000000 ),
 ( 0.000000000000000000, 1.000000000000000000 ),
 .UNSPECIFIED. ) ;
#2959 = VECTOR ( 'NONE', #2026, 1000.000000000000114 ) ;
#2960 = AXIS2_PLACEMENT_3D ( 'NONE', #4090, #4498, #2965 ) ;
#2961 = ORIENTED_EDGE ( 'NONE', *, *, #4626, .T. ) ;
#2962 = DIRECTION ( 'NONE',  ( -4.563646566360848704E-15, -0.000000000000000000, 1.000000000000000000 ) ) ;
#2963 = VERTEX_POINT ( 'NONE', #3773 ) ;
#2964 = CARTESIAN_POINT ( 'NONE',  ( -25.00000000000000711, 29.50000000000000000, 37.99999999999996447 ) ) ;
#2965 = DIRECTION ( 'NONE',  ( 0.000000000000000000, 0.000000000000000000, -1.000000000000000000 ) ) ;
#2966 = AXIS2_PLACEMENT_3D ( 'NONE', #3307, #1463, #4822 ) ;
#2967 = CARTESIAN_POINT ( 'NONE',  ( 3.101750864123765883, 32.00000000000000000, 8.757180451233494978 ) ) ;
#2968 = LINE ( 'NONE', #344, #3329 ) ;
#2969 = EDGE_LOOP ( 'NONE', ( #3464, #1988, #1616, #2990 ) ) ;
#2970 = EDGE_LOOP ( 'NONE', ( #3887, #1715, #3142, #75 ) ) ;
#2971 = CARTESIAN_POINT ( 'NONE',  ( 10.26313544485287643, 32.00000000000000000, 18.29275258562296713 ) ) ;
#2972 = EDGE_CURVE ( 'NONE', #3639, #4914, #3708, .T. ) ;
#2973 = CARTESIAN_POINT ( 'NONE',  ( -33.50000000000000000, 11.99999999999999645, 3.999999999999954259 ) ) ;
#2974 = DIRECTION ( 'NONE',  ( 0.000000000000000000, 0.000000000000000000, -1.000000000000000000 ) ) ;
#2975 = ORIENTED_EDGE ( 'NONE', *, *, #4792, .T. ) ;
#2976 = CARTESIAN_POINT ( 'NONE',  ( -33.50000000000000000, 10.49999999999999112, 14.74999999999995204 ) ) ;
#2977 = ADVANCED_FACE ( 'NONE', ( #2256 ), #4816, .F. ) ;
#2978 = ORIENTED_EDGE ( 'NONE', *, *, #3078, .T. ) ;
#2979 = DIRECTION ( 'NONE',  ( 0.000000000000000000, -0.000000000000000000, -1.000000000000000000 ) ) ;
#2980 = CIRCLE ( 'NONE', #820, 9.999999999999994671 ) ;
#2981 = DIRECTION ( 'NONE',  ( -0.000000000000000000, 1.000000000000000000, -0.000000000000000000 ) ) ;
#2982 = VERTEX_POINT ( 'NONE', #277 ) ;
#2983 = ORIENTED_EDGE ( 'NONE', *, *, #2535, .F. ) ;
#2984 = FACE_BOUND ( 'NONE', #114, .T. ) ;
#2985 = ORIENTED_EDGE ( 'NONE', *, *, #3826, .T. ) ;
#2986 = CARTESIAN_POINT ( 'NONE',  ( -13.50043034469988434, 24.50000000000000000, 12.01317212208040530 ) ) ;
#2987 = CYLINDRICAL_SURFACE ( 'NONE', #2960, 8.499999999999992895 ) ;
#2988 = CARTESIAN_POINT ( 'NONE',  ( -35.00000000000000000, 14.99999999999999645, 10.99999999999995381 ) ) ;
#2989 = DIRECTION ( 'NONE',  ( 1.000000000000000000, 0.000000000000000000, 0.000000000000000000 ) ) ;
#2990 = ORIENTED_EDGE ( 'NONE', *, *, #2846, .T. ) ;
#2991 = FACE_OUTER_BOUND ( 'NONE', #3370, .T. ) ;
#2992 = FACE_OUTER_BOUND ( 'NONE', #1276, .T. ) ;
#2993 = EDGE_CURVE ( 'NONE', #4894, #979, #3372, .T. ) ;
#2994 = LINE ( 'NONE', #1857, #3647 ) ;
#2995 = CARTESIAN_POINT ( 'NONE',  ( -25.50000000000000355, 10.50000000000000178, 19.86623553487585170 ) ) ;
#2996 = CARTESIAN_POINT ( 'NONE',  ( 2.251544362057745996, 32.00000000000000711, -1.046527771141978480 ) ) ;
#2997 = DIRECTION ( 'NONE',  ( -0.000000000000000000, -1.000000000000000000, -0.000000000000000000 ) ) ;
#2998 = ORIENTED_EDGE ( 'NONE', *, *, #1065, .F. ) ;
#2999 = ADVANCED_FACE ( 'NONE', ( #2169 ), #4885, .T. ) ;
#3000 = DIRECTION ( 'NONE',  ( -0.000000000000000000, -0.000000000000000000, 1.000000000000000000 ) ) ;
#3001 = ADVANCED_FACE ( 'NONE', ( #2992 ), #2238, .F. ) ;
#3002 = ORIENTED_EDGE ( 'NONE', *, *, #2747, .F. ) ;
#3003 = ORIENTED_EDGE ( 'NONE', *, *, #871, .T. ) ;
#3004 = DIRECTION ( 'NONE',  ( -1.000000000000000000, 0.000000000000000000, 0.000000000000000000 ) ) ;
#3005 = VECTOR ( 'NONE', #1699, 1000.000000000000000 ) ;
#3006 = CARTESIAN_POINT ( 'NONE',  ( -34.25000000000000711, 0.000000000000000000, -29.00000000000002132 ) ) ;
#3007 = FACE_OUTER_BOUND ( 'NONE', #2038, .T. ) ;
#3008 = AXIS2_PLACEMENT_3D ( 'NONE', #1443, #4151, #3782 ) ;
#3009 = DIRECTION ( 'NONE',  ( -0.000000000000000000, 1.000000000000000000, 3.491481338843133355E-15 ) ) ;
#3010 = CARTESIAN_POINT ( 'NONE',  ( 10.26313544485287643, 28.50000000000003197, 18.29275258562295647 ) ) ;
#3011 = AXIS2_PLACEMENT_3D ( 'NONE', #3844, #3444, #1192 ) ;
#3012 = ORIENTED_EDGE ( 'NONE', *, *, #2152, .F. ) ;
#3013 = VERTEX_POINT ( 'NONE', #2563 ) ;
#3014 = AXIS2_PLACEMENT_3D ( 'NONE', #1361, #281, #3395 ) ;
#3015 = ORIENTED_EDGE ( 'NONE', *, *, #1568, .T. ) ;
#3016 = CARTESIAN_POINT ( 'NONE',  ( 5.299549528938837462, 25.00000000000011724, 16.80050947618694934 ) ) ;
#3017 = CARTESIAN_POINT ( 'NONE',  ( -10.91400877898168531, 32.00000000000000000, 18.55312925764786769 ) ) ;
#3018 = VECTOR ( 'NONE', #1544, 1000.000000000000000 ) ;
#3019 = LINE ( 'NONE', #4097, #1567 ) ;
#3020 = CARTESIAN_POINT ( 'NONE',  ( -2.674958789255511782, 32.00000000000000000, 4.176299766624468113 ) ) ;
#3021 = AXIS2_PLACEMENT_3D ( 'NONE', #2008, #125, #1657 ) ;
#3022 = FACE_OUTER_BOUND ( 'NONE', #3951, .T. ) ;
#3023 = PLANE ( 'NONE',  #2819 ) ;
#3024 = AXIS2_PLACEMENT_3D ( 'NONE', #55, #1157, #2346 ) ;
#3025 = EDGE_CURVE ( 'NONE', #1852, #3924, #472, .T. ) ;
#3026 = CARTESIAN_POINT ( 'NONE',  ( -2.261362401978850745, 24.50000000000000711, 4.567163846937778438 ) ) ;
#3027 = EDGE_CURVE ( 'NONE', #4035, #3840, #4095, .T. ) ;
#3028 = VERTEX_POINT ( 'NONE', #4933 ) ;
#3029 = EDGE_CURVE ( 'NONE', #1692, #403, #438, .T. ) ;
#3030 = CARTESIAN_POINT ( 'NONE',  ( 12.05172136156067175, 32.00000000000000000, 19.36521081018126722 ) ) ;
#3031 = ORIENTED_EDGE ( 'NONE', *, *, #2651, .F. ) ;
#3032 = DIRECTION ( 'NONE',  ( 0.000000000000000000, 1.000000000000000000, 0.000000000000000000 ) ) ;
#3033 = EDGE_CURVE ( 'NONE', #762, #2641, #3822, .T. ) ;
#3034 = CARTESIAN_POINT ( 'NONE',  ( -3.453123658712819566, 32.00000000000000000, 0.6988153907315987068 ) ) ;
#3035 = CIRCLE ( 'NONE', #2708, 9.999999999999994671 ) ;
#3036 = LINE ( 'NONE', #1958, #3117 ) ;
#3037 = EDGE_CURVE ( 'NONE', #3836, #4709, #2372, .T. ) ;
#3038 = LINE ( 'NONE', #1449, #3249 ) ;
#3039 = VERTEX_POINT ( 'NONE', #1212 ) ;
#3040 = DIRECTION ( 'NONE',  ( 0.000000000000000000, -1.000000000000000000, 0.000000000000000000 ) ) ;
#3041 = CARTESIAN_POINT ( 'NONE',  ( 3.599158056653548154, 25.00000000000016698, 1.758059867859547376 ) ) ;
#3042 = AXIS2_PLACEMENT_3D ( 'NONE', #4448, #2544, #4101 ) ;
#3043 = CARTESIAN_POINT ( 'NONE',  ( -10.26147307730576586, 29.50000000000000000, 18.29275258562281437 ) ) ;
#3044 = CYLINDRICAL_SURFACE ( 'NONE', #3256, 20.49999999999999645 ) ;
#3045 = CARTESIAN_POINT ( 'NONE',  ( 3.073522612991555381, 32.00000000000000000, -0.3903447404357862638 ) ) ;
#3046 = DIRECTION ( 'NONE',  ( 0.000000000000000000, -0.000000000000000000, -1.000000000000000000 ) ) ;
#3047 = LINE ( 'NONE', #17, #1453 ) ;
#3048 = CARTESIAN_POINT ( 'NONE',  ( -1.463453552045667738, 24.50000000000000000, 5.071176018771335059 ) ) ;
#3049 = EDGE_LOOP ( 'NONE', ( #285, #972, #265, #2694 ) ) ;
#3050 = ADVANCED_FACE ( 'NONE', ( #1184 ), #1893, .F. ) ;
#3051 = PLANE ( 'NONE',  #1245 ) ;
#3052 = DIRECTION ( 'NONE',  ( 0.7071067811865474617, 0.000000000000000000, -0.7071067811865476838 ) ) ;
#3053 = ADVANCED_FACE ( 'NONE', ( #1566 ), #32, .F. ) ;
#3054 = DIRECTION ( 'NONE',  ( 0.000000000000000000, -1.000000000000000000, 0.000000000000000000 ) ) ;
#3055 = DIRECTION ( 'NONE',  ( -1.051837268371221541E-14, -0.000000000000000000, 1.000000000000000000 ) ) ;
#3056 = ORIENTED_EDGE ( 'NONE', *, *, #2715, .T. ) ;
#3057 = EDGE_CURVE ( 'NONE', #1633, #2755, #2706, .T. ) ;
#3058 = CARTESIAN_POINT ( 'NONE',  ( 15.84405090676714600, 24.50000000000000000, 13.67730034089338709 ) ) ;
#3059 = AXIS2_PLACEMENT_3D ( 'NONE', #1949, #1504, #704 ) ;
#3060 = ORIENTED_EDGE ( 'NONE', *, *, #322, .F. ) ;
#3061 = CARTESIAN_POINT ( 'NONE',  ( -10.26147307730576586, 23.00000000000000000, 18.29275258562278950 ) ) ;
#3062 = DIRECTION ( 'NONE',  ( 0.000000000000000000, 1.000000000000000000, 3.491481338843133355E-15 ) ) ;
#3063 = CARTESIAN_POINT ( 'NONE',  ( 7.599667529665884658, 29.49999999999983302, 18.11989491965052324 ) ) ;
#3064 = ORIENTED_EDGE ( 'NONE', *, *, #1025, .F. ) ;
#3065 = CARTESIAN_POINT ( 'NONE',  ( -3.601026911978597145, 25.00000000000016698, 1.758059867859498748 ) ) ;
#3066 = CYLINDRICAL_SURFACE ( 'NONE', #2615, 0.5000000000000073275 ) ;
#3067 = FACE_OUTER_BOUND ( 'NONE', #546, .T. ) ;
#3068 = ORIENTED_EDGE ( 'NONE', *, *, #4072, .T. ) ;
#3069 = ORIENTED_EDGE ( 'NONE', *, *, #86, .T. ) ;
#3070 = CARTESIAN_POINT ( 'NONE',  ( 3.599158056653548154, 32.00000000000000000, 1.758059867859572023 ) ) ;
#3071 = DIRECTION ( 'NONE',  ( -1.000000000000000000, -0.000000000000000000, -0.000000000000000000 ) ) ;
#3072 = VERTEX_POINT ( 'NONE', #390 ) ;
#3073 = VERTEX_POINT ( 'NONE', #3910 ) ;
#3074 = CARTESIAN_POINT ( 'NONE',  ( -33.50000000000000000, 14.99999999999999645, 10.99999999999995381 ) ) ;
#3075 = AXIS2_PLACEMENT_3D ( 'NONE', #1944, #1569, #2737 ) ;
#3076 = CARTESIAN_POINT ( 'NONE',  ( -8.871527771912335325, 31.99999999999999289, 17.83061455813567875 ) ) ;
#3077 = PLANE ( 'NONE',  #1517 ) ;
#3078 = EDGE_CURVE ( 'NONE', #815, #3252, #1919, .T. ) ;
#3079 = CARTESIAN_POINT ( 'NONE',  ( -34.25000000000000000, 2.000000000000000000, 28.99999999999997158 ) ) ;
#3080 = EDGE_CURVE ( 'NONE', #2379, #1056, #4647, .T. ) ;
#3081 = ORIENTED_EDGE ( 'NONE', *, *, #3937, .T. ) ;
#3082 = CARTESIAN_POINT ( 'NONE',  ( -45.97666018330589566, 10.00049802381102992, 18.98421203201065666 ) ) ;
#3083 = ORIENTED_EDGE ( 'NONE', *, *, #921, .T. ) ;
#3084 = VERTEX_POINT ( 'NONE', #2654 ) ;
#3085 = CARTESIAN_POINT ( 'NONE',  ( 2.265121688382142118, 24.50000000000001066, 4.563227945946539243 ) ) ;
#3086 = VECTOR ( 'NONE', #1654, 1000.000000000000000 ) ;
#3087 = CARTESIAN_POINT ( 'NONE',  ( -33.50000000000000000, 16.50000000000002132, 18.98421203201065666 ) ) ;
#3088 = ADVANCED_FACE ( 'NONE', ( #3859 ), #3494, .F. ) ;
#3089 = EDGE_CURVE ( 'NONE', #819, #4269, #3414, .T. ) ;
#3090 = CARTESIAN_POINT ( 'NONE',  ( -2.460891583455327325, 32.00000000000000711, 6.867161612870140708 ) ) ;
#3091 = VECTOR ( 'NONE', #4602, 1000.000000000000000 ) ;
#3092 = EDGE_CURVE ( 'NONE', #1380, #2254, #3116, .T. ) ;
#3093 = CARTESIAN_POINT ( 'NONE',  ( 3.000000000000003553, 29.09999999999999787, -20.04445395531110918 ) ) ;
#3094 = CARTESIAN_POINT ( 'NONE',  ( 1.578788895264913617, 24.50000000000000000, 11.43290753986362596 ) ) ;
#3095 = EDGE_CURVE ( 'NONE', #1056, #3207, #4575, .T. ) ;
#3096 = CIRCLE ( 'NONE', #3571, 9.249999999999994671 ) ;
#3097 = FACE_BOUND ( 'NONE', #451, .T. ) ;
#3098 = EDGE_CURVE ( 'NONE', #2733, #1640, #841, .T. ) ;
#3099 = VECTOR ( 'NONE', #857, 1000.000000000000000 ) ;
#3100 = VERTEX_POINT ( 'NONE', #83 ) ;
#3101 = LINE ( 'NONE', #774, #1274 ) ;
#3102 = CARTESIAN_POINT ( 'NONE',  ( -33.50000000000000000, 2.000000000000001776, -29.00000000000001776 ) ) ;
#3103 = AXIS2_PLACEMENT_3D ( 'NONE', #4465, #2216, #1855 ) ;
#3104 = CARTESIAN_POINT ( 'NONE',  ( 1.248478953295523386, 32.00000000000000711, 5.916821852582427432 ) ) ;
#3105 = ORIENTED_EDGE ( 'NONE', *, *, #1427, .F. ) ;
#3106 = EDGE_LOOP ( 'NONE', ( #3515, #949, #4395, #3323 ) ) ;
#3107 = VECTOR ( 'NONE', #3409, 1000.000000000000000 ) ;
#3108 = EDGE_LOOP ( 'NONE', ( #931, #1803, #3941, #4198 ) ) ;
#3109 = CARTESIAN_POINT ( 'NONE',  ( -27.50000000000000355, 18.00000000000000000, 0.2499999999999529543 ) ) ;
#3110 = CARTESIAN_POINT ( 'NONE',  ( -0.7002031839165150373, 24.50000000000000355, 12.90559911687657291 ) ) ;
#3111 = CARTESIAN_POINT ( 'NONE',  ( 0.4097848873065924047, 31.99999999999998579, 13.01464326337773514 ) ) ;
#3112 = ORIENTED_EDGE ( 'NONE', *, *, #2082, .F. ) ;
#3113 = CARTESIAN_POINT ( 'NONE',  ( -1.579606886245209951, 32.00000000000000000, 11.46758001443991404 ) ) ;
#3114 = VERTEX_POINT ( 'NONE', #1521 ) ;
#3115 = CARTESIAN_POINT ( 'NONE',  ( 1.959434878635766709E-16, -2.999999999999999112, 16.73801126270788941 ) ) ;
#3116 = LINE ( 'NONE', #3520, #4934 ) ;
#3117 = VECTOR ( 'NONE', #3853, 1000.000000000000000 ) ;
#3118 = DIRECTION ( 'NONE',  ( 6.900247638363680506E-15, 0.000000000000000000, -1.000000000000000000 ) ) ;
#3119 = ORIENTED_EDGE ( 'NONE', *, *, #4096, .T. ) ;
#3120 = EDGE_CURVE ( 'NONE', #2648, #4805, #1236, .T. ) ;
#3121 = PLANE ( 'NONE',  #4669 ) ;
#3122 = FACE_OUTER_BOUND ( 'NONE', #2066, .T. ) ;
#3123 = LINE ( 'NONE', #3864, #3986 ) ;
#3124 = EDGE_CURVE ( 'NONE', #1656, #101, #766, .T. ) ;
#3125 = ADVANCED_FACE ( 'NONE', ( #2679 ), #789, .T. ) ;
#3126 = LINE ( 'NONE', #421, #2959 ) ;
#3127 = LINE ( 'NONE', #4706, #3987 ) ;
#3128 = DIRECTION ( 'NONE',  ( 0.000000000000000000, 0.000000000000000000, -1.000000000000000000 ) ) ;
#3129 = ORIENTED_EDGE ( 'NONE', *, *, #2200, .T. ) ;
#3130 = ORIENTED_EDGE ( 'NONE', *, *, #4100, .T. ) ;
#3131 = VECTOR ( 'NONE', #3152, 1000.000000000000000 ) ;
#3132 = CARTESIAN_POINT ( 'NONE',  ( -33.50000000000000000, 19.50000000000000355, 23.86623553487585525 ) ) ;
#3133 = CARTESIAN_POINT ( 'NONE',  ( -1.044130070771513763, 24.50000000000000711, 12.67574051958970394 ) ) ;
#3134 = LINE ( 'NONE', #2010, #3909 ) ;
#3135 = ORIENTED_EDGE ( 'NONE', *, *, #597, .F. ) ;
#3136 = LINE ( 'NONE', #2012, #3875 ) ;
#3137 = ORIENTED_EDGE ( 'NONE', *, *, #685, .T. ) ;
#3138 = ORIENTED_EDGE ( 'NONE', *, *, #3829, .F. ) ;
#3139 = CARTESIAN_POINT ( 'NONE',  ( 3.599158056653549043, 32.00000000000000000, 1.487710579218682660 ) ) ;
#3140 = CARTESIAN_POINT ( 'NONE',  ( 6.346119218776774318, 23.00000000000000000, 11.64859530943569332 ) ) ;
#3141 = LINE ( 'NONE', #2374, #2667 ) ;
#3142 = ORIENTED_EDGE ( 'NONE', *, *, #3911, .F. ) ;
#3143 = CARTESIAN_POINT ( 'NONE',  ( -25.00000000000000711, 30.00000000000000000, -39.00000000000002842 ) ) ;
#3144 = CARTESIAN_POINT ( 'NONE',  ( -4.098455636355274656, 32.00000000000000000, 25.49999999999944578 ) ) ;
#3145 = EDGE_CURVE ( 'NONE', #3836, #4341, #2869, .T. ) ;
#3146 = DIRECTION ( 'NONE',  ( 0.000000000000000000, 0.000000000000000000, -1.000000000000000000 ) ) ;
#3147 = DIRECTION ( 'NONE',  ( 0.000000000000000000, -1.000000000000000000, 0.000000000000000000 ) ) ;
#3148 = EDGE_CURVE ( 'NONE', #3744, #408, #3454, .T. ) ;
#3149 = LINE ( 'NONE', #3802, #4282 ) ;
#3150 = ADVANCED_FACE ( 'NONE', ( #999 ), #214, .T. ) ;
#3151 = CARTESIAN_POINT ( 'NONE',  ( 34.00000000000000000, 32.00000000000000000, -29.00000000000002487 ) ) ;
#3152 = DIRECTION ( 'NONE',  ( 0.000000000000000000, -1.000000000000000000, 0.000000000000000000 ) ) ;
#3153 = EDGE_CURVE ( 'NONE', #4801, #4750, #976, .T. ) ;
#3154 = CARTESIAN_POINT ( 'NONE',  ( -5.301418384264150241, 25.00000000000009948, 21.57711283463898511 ) ) ;
#3155 = ORIENTED_EDGE ( 'NONE', *, *, #1165, .F. ) ;
#3156 = FACE_OUTER_BOUND ( 'NONE', #2204, .T. ) ;
#3157 = EDGE_LOOP ( 'NONE', ( #461, #593, #3210, #4590 ) ) ;
#3158 = ORIENTED_EDGE ( 'NONE', *, *, #3868, .F. ) ;
#3159 = CARTESIAN_POINT ( 'NONE',  ( 1.224646799147355672E-16, 29.50000000000000000, -16.04445395531110563 ) ) ;
#3160 = PLANE ( 'NONE',  #962 ) ;
#3161 = ORIENTED_EDGE ( 'NONE', *, *, #4825, .F. ) ;
#3162 = DIRECTION ( 'NONE',  ( 0.000000000000000000, 0.000000000000000000, -1.000000000000000000 ) ) ;
#3163 = ORIENTED_EDGE ( 'NONE', *, *, #4798, .T. ) ;
#3164 = VECTOR ( 'NONE', #2444, 1000.000000000000000 ) ;
#3165 = CARTESIAN_POINT ( 'NONE',  ( -19.81171673543281031, 24.50000000000000000, 12.01317212208040708 ) ) ;
#3166 = DIRECTION ( 'NONE',  ( -0.000000000000000000, -1.000000000000000000, -0.000000000000000000 ) ) ;
#3167 = ORIENTED_EDGE ( 'NONE', *, *, #1261, .F. ) ;
#3168 = CARTESIAN_POINT ( 'NONE',  ( -12.05359021688597032, 32.00000000000000000, 19.36521081018109314 ) ) ;
#3169 = VECTOR ( 'NONE', #2259, 1000.000000000000000 ) ;
#3170 = DIRECTION ( 'NONE',  ( -1.000000000000000000, 0.000000000000000000, 0.000000000000000000 ) ) ;
#3171 = CIRCLE ( 'NONE', #53, 9.999999999999998224 ) ;
#3172 = CARTESIAN_POINT ( 'NONE',  ( 25.00000000000000711, 32.00000000000000000, 37.99999999999996447 ) ) ;
#3173 = ORIENTED_EDGE ( 'NONE', *, *, #2058, .F. ) ;
#3174 = EDGE_CURVE ( 'NONE', #3498, #4692, #4777, .T. ) ;
#3175 = ORIENTED_EDGE ( 'NONE', *, *, #4245, .T. ) ;
#3176 = CARTESIAN_POINT ( 'NONE',  ( 1.101485361694153120, 24.50000000000000000, 5.860867144937121687 ) ) ;
#3177 = VECTOR ( 'NONE', #4890, 1000.000000000000000 ) ;
#3178 = DIRECTION ( 'NONE',  ( -0.000000000000000000, 5.782411586589354927E-17, 1.000000000000000000 ) ) ;
#3179 = DIRECTION ( 'NONE',  ( 0.000000000000000000, -1.000000000000000000, 0.000000000000000000 ) ) ;
#3180 = ORIENTED_EDGE ( 'NONE', *, *, #4074, .T. ) ;
#3181 = DIRECTION ( 'NONE',  ( -6.982962677686266711E-15, -3.491481338843133355E-15, 1.000000000000000000 ) ) ;
#3182 = CARTESIAN_POINT ( 'NONE',  ( 25.00000000000000711, 32.00000000000000000, -38.00000000000002132 ) ) ;
#3183 = VECTOR ( 'NONE', #869, 1000.000000000000000 ) ;
#3184 = VERTEX_POINT ( 'NONE', #2093 ) ;
#3185 = EDGE_CURVE ( 'NONE', #1663, #1928, #798, .T. ) ;
#3186 = ORIENTED_EDGE ( 'NONE', *, *, #1025, .T. ) ;
#3187 = ORIENTED_EDGE ( 'NONE', *, *, #2148, .F. ) ;
#3188 = LINE ( 'NONE', #2834, #2529 ) ;
#3189 = CARTESIAN_POINT ( 'NONE',  ( -1.792629382718484043, 24.49999999999998934, 6.225058670400911431 ) ) ;
#3190 = DIRECTION ( 'NONE',  ( -1.000000000000000000, 0.000000000000000000, 0.000000000000000000 ) ) ;
#3191 = ORIENTED_EDGE ( 'NONE', *, *, #1158, .F. ) ;
#3192 = LINE ( 'NONE', #3938, #1258 ) ;
#3193 = DIRECTION ( 'NONE',  ( 0.7071067811865464625, 0.000000000000000000, 0.7071067811865486830 ) ) ;
#3194 = AXIS2_PLACEMENT_3D ( 'NONE', #1370, #3231, #2087 ) ;
#3195 = ORIENTED_EDGE ( 'NONE', *, *, #325, .T. ) ;
#3196 = CARTESIAN_POINT ( 'NONE',  ( -35.00000000000000000, 32.00000000000000000, 28.99999999999997158 ) ) ;
#3197 = CIRCLE ( 'NONE', #2170, 1.000000000000000888 ) ;
#3198 = DIRECTION ( 'NONE',  ( 0.000000000000000000, 1.000000000000000000, 3.491481338843133355E-15 ) ) ;
#3199 = ADVANCED_FACE ( 'NONE', ( #2478 ), #3634, .T. ) ;
#3200 = CARTESIAN_POINT ( 'NONE',  ( 3.480605318703575701, 32.00000000000000711, 2.698135688507283358 ) ) ;
#3201 = ORIENTED_EDGE ( 'NONE', *, *, #1904, .T. ) ;
#3202 = ORIENTED_EDGE ( 'NONE', *, *, #2525, .T. ) ;
#3203 = CARTESIAN_POINT ( 'NONE',  ( 1.580183462353449642, 32.00000000000000000, 11.44412919867492029 ) ) ;
#3204 = DIRECTION ( 'NONE',  ( 0.000000000000000000, 0.000000000000000000, -1.000000000000000000 ) ) ;
#3205 = PLANE ( 'NONE',  #4537 ) ;
#3206 = ADVANCED_FACE ( 'NONE', ( #108 ), #1643, .F. ) ;
#3207 = VERTEX_POINT ( 'NONE', #3268 ) ;
#3208 = CARTESIAN_POINT ( 'NONE',  ( 3.599158056653534388, 32.00000000000000000, 3.363194449977822131 ) ) ;
#3209 = DIRECTION ( 'NONE',  ( 0.000000000000000000, 0.000000000000000000, -1.000000000000000000 ) ) ;
#3210 = ORIENTED_EDGE ( 'NONE', *, *, #4370, .T. ) ;
#3211 = ORIENTED_EDGE ( 'NONE', *, *, #3821, .T. ) ;
#3212 = CARTESIAN_POINT ( 'NONE',  ( -33.50000000000000000, 17.25000000000000000, 24.99999999999995381 ) ) ;
#3213 = DIRECTION ( 'NONE',  ( 0.000000000000000000, 1.000000000000000000, -0.000000000000000000 ) ) ;
#3214 = CARTESIAN_POINT ( 'NONE',  ( 8.869658908809022080, 29.50000000000000000, 17.83061455563302644 ) ) ;
#3215 = ADVANCED_FACE ( 'NONE', ( #1262 ), #3160, .F. ) ;
#3216 = CARTESIAN_POINT ( 'NONE',  ( -27.50000000000000355, 16.50000000000000000, 1.749999999999954703 ) ) ;
#3217 = VERTEX_POINT ( 'NONE', #4334 ) ;
#3218 = B_SPLINE_CURVE_WITH_KNOTS ( 'NONE', 3,
 ( #1142, #3094, #3443, #1217, #3889, #2741, #1995, #394, #1240, #2659 ),
 .UNSPECIFIED., .F., .F.,
 ( 4, 3, 3, 4 ),
 ( 0.000000000000000000, 1.589967664655935153E-05, 3.177322124006977784E-05, 5.660053884828755065E-05 ),
 .UNSPECIFIED. ) ;
#3219 = CARTESIAN_POINT ( 'NONE',  ( -25.00000000000000711, 28.49999999999999645, -37.50000000000002132 ) ) ;
#3220 = CARTESIAN_POINT ( 'NONE',  ( 25.00000000000000711, 32.00000000000000000, 28.99999999999997158 ) ) ;
#3221 = EDGE_LOOP ( 'NONE', ( #4674, #96, #1979, #221 ) ) ;
#3222 = CARTESIAN_POINT ( 'NONE',  ( -11.06228552285211464, 32.00000000000000000, 18.55733591888999712 ) ) ;
#3223 = CARTESIAN_POINT ( 'NONE',  ( 3.101750864123772988, 31.99999999999999289, 7.434263784897550131 ) ) ;
#3224 = PLANE ( 'NONE',  #936 ) ;
#3225 = VERTEX_POINT ( 'NONE', #918 ) ;
#3226 = EDGE_LOOP ( 'NONE', ( #4296, #1828, #3427, #2630 ) ) ;
#3227 = CARTESIAN_POINT ( 'NONE',  ( -35.00000000000000000, 0.000000000000000000, 28.99999999999997158 ) ) ;
#3228 = LINE ( 'NONE', #4737, #3619 ) ;
#3229 = LINE ( 'NONE', #2386, #4079 ) ;
#3230 = ORIENTED_EDGE ( 'NONE', *, *, #953, .F. ) ;
#3231 = DIRECTION ( 'NONE',  ( 0.000000000000000000, 1.000000000000000000, 0.000000000000000000 ) ) ;
#3232 = CARTESIAN_POINT ( 'NONE',  ( -46.31370849898476649, 9.500000000000000000, 18.99999999999996092 ) ) ;
#3233 = ORIENTED_EDGE ( 'NONE', *, *, #4343, .T. ) ;
#3234 = ORIENTED_EDGE ( 'NONE', *, *, #3344, .F. ) ;
#3235 = LINE ( 'NONE', #894, #4201 ) ;
#3236 = CARTESIAN_POINT ( 'NONE',  ( -2.151452094041028218, 24.50000000000000355, 6.521835492979087157 ) ) ;
#3237 = CARTESIAN_POINT ( 'NONE',  ( 7.599667529665836696, 23.00000000000000000, 25.49999999999952749 ) ) ;
#3238 = EDGE_CURVE ( 'NONE', #303, #492, #2068, .T. ) ;
#3239 = CYLINDRICAL_SURFACE ( 'NONE', #1023, 8.999999999999998224 ) ;
#3240 = VERTEX_POINT ( 'NONE', #1695 ) ;
#3241 = EDGE_LOOP ( 'NONE', ( #1373, #4021, #3535, #2494 ) ) ;
#3242 = VERTEX_POINT ( 'NONE', #4720 ) ;
#3243 = DIRECTION ( 'NONE',  ( -0.000000000000000000, 1.000000000000000000, -0.000000000000000000 ) ) ;
#3244 = ADVANCED_FACE ( 'NONE', ( #1316 ), #2835, .F. ) ;
#3245 = AXIS2_PLACEMENT_3D ( 'NONE', #3993, #246, #1379 ) ;
#3246 = LINE ( 'NONE', #4786, #469 ) ;
#3247 = PRODUCT_DEFINITION_CONTEXT ( 'detailed design', #4787, 'design' ) ;
#3248 = DIRECTION ( 'NONE',  ( 0.000000000000000000, 0.000000000000000000, -1.000000000000000000 ) ) ;
#3249 = VECTOR ( 'NONE', #3723, 1000.000000000000000 ) ;
#3250 = FACE_BOUND ( 'NONE', #839, .T. ) ;
#3251 = EDGE_CURVE ( 'NONE', #3678, #3184, #4809, .T. ) ;
#3252 = VERTEX_POINT ( 'NONE', #644 ) ;
#3253 = ADVANCED_FACE ( 'NONE', ( #2210 ), #3747, .T. ) ;
#3254 = PLANE ( 'NONE',  #865 ) ;
#3255 = CARTESIAN_POINT ( 'NONE',  ( 3.363402195232424230, 32.00000000000000000, 3.057247613399983521 ) ) ;
#3256 = AXIS2_PLACEMENT_3D ( 'NONE', #4557, #1141, #2280 ) ;
#3257 = DIRECTION ( 'NONE',  ( 0.000000000000000000, 3.016910393003142366E-16, -1.000000000000000000 ) ) ;
#3258 = CYLINDRICAL_SURFACE ( 'NONE', #1297, 0.2504980238110278146 ) ;
#3259 = VECTOR ( 'NONE', #1439, 1000.000000000000000 ) ;
#3260 = AXIS2_PLACEMENT_3D ( 'NONE', #2168, #1873, #1097 ) ;
#3261 = EDGE_LOOP ( 'NONE', ( #3297, #3015, #3667, #4857 ) ) ;
#3262 = FACE_OUTER_BOUND ( 'NONE', #4276, .T. ) ;
#3263 = DIRECTION ( 'NONE',  ( 1.000000000000000000, 0.000000000000000000, -0.000000000000000000 ) ) ;
#3264 = EDGE_LOOP ( 'NONE', ( #1871, #1914, #7, #3289 ) ) ;
#3265 = VECTOR ( 'NONE', #3900, 1000.000000000000000 ) ;
#3266 = EDGE_LOOP ( 'NONE', ( #3060, #2272, #3522, #3175 ) ) ;
#3267 = CARTESIAN_POINT ( 'NONE',  ( 0.000000000000000000, -2.999999999999999112, 18.33801126270789084 ) ) ;
#3268 = CARTESIAN_POINT ( 'NONE',  ( -27.50000000000000355, 10.49999999999999112, 14.74999999999995204 ) ) ;
#3269 = CARTESIAN_POINT ( 'NONE',  ( -45.97666018330589566, 10.50049802381102815, 18.48421203201064955 ) ) ;
#3270 = VECTOR ( 'NONE', #4702, 1000.000000000000000 ) ;
#3271 = PLANE ( 'NONE',  #614 ) ;
#3272 = VERTEX_POINT ( 'NONE', #1847 ) ;
#3273 = DIRECTION ( 'NONE',  ( 1.000000000000000000, 0.000000000000000000, -2.748605226541390308E-16 ) ) ;
#3274 = VECTOR ( 'NONE', #977, 1000.000000000000000 ) ;
#3275 = CARTESIAN_POINT ( 'NONE',  ( 33.50000000000000000, 30.00000000000000000, 28.99999999999997158 ) ) ;
#3276 = EDGE_CURVE ( 'NONE', #262, #831, #4477, .T. ) ;
#3277 = ORIENTED_EDGE ( 'NONE', *, *, #2393, .T. ) ;
#3278 = VECTOR ( 'NONE', #966, 1000.000000000000000 ) ;
#3279 = CARTESIAN_POINT ( 'NONE',  ( 12.05172136156067175, 25.00000000000010658, 19.36521081018124235 ) ) ;
#3280 = EDGE_CURVE ( 'NONE', #611, #150, #3293, .T. ) ;
#3281 = PLANE ( 'NONE',  #450 ) ;
#3282 = ORIENTED_EDGE ( 'NONE', *, *, #121, .F. ) ;
#3283 = CARTESIAN_POINT ( 'NONE',  ( 12.05172136156067175, 32.00000000000000000, 19.36521081018126722 ) ) ;
#3284 = LINE ( 'NONE', #1441, #2558 ) ;
#3285 = ORIENTED_EDGE ( 'NONE', *, *, #2590, .F. ) ;
#3286 = ORIENTED_EDGE ( 'NONE', *, *, #3851, .T. ) ;
#3287 = CARTESIAN_POINT ( 'NONE',  ( -25.00000000000000711, 2.000000000000000000, -29.00000000000002132 ) ) ;
#3288 = FACE_OUTER_BOUND ( 'NONE', #1119, .T. ) ;
#3289 = ORIENTED_EDGE ( 'NONE', *, *, #1219, .T. ) ;
#3290 = ORIENTED_EDGE ( 'NONE', *, *, #3174, .T. ) ;
#3291 = DIRECTION ( 'NONE',  ( -0.000000000000000000, -1.000000000000000000, -0.000000000000000000 ) ) ;
#3292 = B_SPLINE_CURVE_WITH_KNOTS ( 'NONE', 3,
 ( #1137, #4878, #361, #4520, #1889, #102, #432, #409, #1639, #3835 ),
 .UNSPECIFIED., .F., .F.,
 ( 4, 2, 2, 2, 4 ),
 ( 0.000000000000000000, 0.0008065441996259331559, 0.001613088399251866312, 0.002419632598877799468, 0.003226176798503732623 ),
 .UNSPECIFIED. ) ;
#3293 = LINE ( 'NONE', #3767, #2462 ) ;
#3294 = PLANE ( 'NONE',  #552 ) ;
#3295 = DIRECTION ( 'NONE',  ( 0.000000000000000000, 0.000000000000000000, -1.000000000000000000 ) ) ;
#3296 = ORIENTED_EDGE ( 'NONE', *, *, #223, .T. ) ;
#3297 = ORIENTED_EDGE ( 'NONE', *, *, #2631, .T. ) ;
#3298 = VERTEX_POINT ( 'NONE', #1822 ) ;
#3299 = CARTESIAN_POINT ( 'NONE',  ( 2.251544362057745996, 25.00000000000017764, -1.046527771142002905 ) ) ;
#3300 = CARTESIAN_POINT ( 'NONE',  ( -8.871527771934950124, 28.50000000000000000, 17.83061455812334728 ) ) ;
#3301 = CARTESIAN_POINT ( 'NONE',  ( -19.81171673543281031, 24.50000000000000000, 15.53801126270789190 ) ) ;
#3302 = CARTESIAN_POINT ( 'NONE',  ( -1.456937484050339959, 32.00000000000000711, 5.057207896468879582 ) ) ;
#3303 = ADVANCED_FACE ( 'NONE', ( #3364 ), #1490, .T. ) ;
#3304 = CARTESIAN_POINT ( 'NONE',  ( -7.601536384991222306, 32.00000000000000000, 25.49999999999943867 ) ) ;
#3305 = VERTEX_POINT ( 'NONE', #4038 ) ;
#3306 = ADVANCED_FACE ( 'NONE', ( #1445 ), #1022, .T. ) ;
#3307 = CARTESIAN_POINT ( 'NONE',  ( -25.00000000000000711, 32.00000000000000000, -38.00000000000002842 ) ) ;
#3308 = VECTOR ( 'NONE', #645, 1000.000000000000000 ) ;
#3309 = ORIENTED_EDGE ( 'NONE', *, *, #803, .T. ) ;
#3310 = ADVANCED_FACE ( 'NONE', ( #2577 ), #2229, .T. ) ;
#3311 = SHAPE_DEFINITION_REPRESENTATION ( #2588, #371 ) ;
#3312 = CARTESIAN_POINT ( 'NONE',  ( 25.00000000000000711, 0.000000000000000000, 38.99999999999996447 ) ) ;
#3313 = ORIENTED_EDGE ( 'NONE', *, *, #2342, .T. ) ;
#3314 = CARTESIAN_POINT ( 'NONE',  ( -25.00000000000000711, 29.50000000000000000, 28.99999999999997158 ) ) ;
#3315 = ADVANCED_FACE ( 'NONE', ( #3007 ), #1809, .T. ) ;
#3316 = CARTESIAN_POINT ( 'NONE',  ( 1.581279503555507837, 32.00000000000000000, 11.44534539468067535 ) ) ;
#3317 = CARTESIAN_POINT ( 'NONE',  ( 2.819341346546647475, 24.50000000000001066, 10.05944415776720824 ) ) ;
#3318 = ADVANCED_FACE ( 'NONE', ( #1777 ), #2987, .F. ) ;
#3319 = CARTESIAN_POINT ( 'NONE',  ( 7.599667515478469859, 28.49999999999999645, 18.11989492295154491 ) ) ;
#3320 = ORIENTED_EDGE ( 'NONE', *, *, #3487, .T. ) ;
#3321 = B_SPLINE_SURFACE_WITH_KNOTS ( 'NONE', 3, 1, ( 
 ( #1861, #2996 ),
 ( #3778, #3045 ),
 ( #4056, #3795 ),
 ( #702, #2220 ) ),
 .UNSPECIFIED., .F., .F., .F.,
 ( 4, 4 ),
 ( 2, 2 ),
 ( 9.000000000000000000, 10.00000000000000000 ),
 ( 0.000000000000000000, 1.000000000000000000 ),
 .UNSPECIFIED. ) ;
#3322 = EDGE_LOOP ( 'NONE', ( #3614, #3624, #2471, #4704 ) ) ;
#3323 = ORIENTED_EDGE ( 'NONE', *, *, #4491, .T. ) ;
#3324 = LINE ( 'NONE', #4835, #2686 ) ;
#3325 = DIRECTION ( 'NONE',  ( 0.000000000000000000, -1.000000000000000000, 0.000000000000000000 ) ) ;
#3326 = CARTESIAN_POINT ( 'NONE',  ( -2.799999999999999378, -2.999999999999999112, 15.53801126270789190 ) ) ;
#3327 = DIRECTION ( 'NONE',  ( -1.000000000000000000, 2.438088387897967896E-29, -6.982962677686266711E-15 ) ) ;
#3328 = FACE_OUTER_BOUND ( 'NONE', #3455, .T. ) ;
#3329 = VECTOR ( 'NONE', #718, 1000.000000000000000 ) ;
#3330 = VECTOR ( 'NONE', #2246, 1000.000000000000000 ) ;
#3331 = CARTESIAN_POINT ( 'NONE',  ( -19.81171673543281031, 28.49999999999999645, 12.01317212208040708 ) ) ;
#3332 = VECTOR ( 'NONE', #1598, 1000.000000000000000 ) ;
#3333 = EDGE_LOOP ( 'NONE', ( #2985, #683, #669, #381, #4253 ) ) ;
#3334 = ADVANCED_FACE ( 'NONE', ( #2921 ), #4066, .T. ) ;
#3335 = LINE ( 'NONE', #2159, #3408 ) ;
#3336 = ORIENTED_EDGE ( 'NONE', *, *, #3620, .T. ) ;
#3337 = ORIENTED_EDGE ( 'NONE', *, *, #2025, .F. ) ;
#3338 = DIRECTION ( 'NONE',  ( 0.000000000000000000, 0.000000000000000000, 1.000000000000000000 ) ) ;
#3339 = VECTOR ( 'NONE', #3615, 1000.000000000000000 ) ;
#3340 = EDGE_CURVE ( 'NONE', #327, #4386, #4518, .T. ) ;
#3341 = DIRECTION ( 'NONE',  ( -1.000000000000000000, 0.000000000000000000, -0.000000000000000000 ) ) ;
#3342 = CARTESIAN_POINT ( 'NONE',  ( -35.00000000000000000, 10.49999999999999822, 17.99999999999995737 ) ) ;
#3343 = ORIENTED_EDGE ( 'NONE', *, *, #1792, .T. ) ;
#3344 = EDGE_CURVE ( 'NONE', #212, #1581, #1867, .T. ) ;
#3345 = CARTESIAN_POINT ( 'NONE',  ( 8.869658908825046595, 32.00000000000000000, 17.83061455560437381 ) ) ;
#3346 = ORIENTED_EDGE ( 'NONE', *, *, #193, .T. ) ;
#3347 = ORIENTED_EDGE ( 'NONE', *, *, #4636, .T. ) ;
#3348 = CARTESIAN_POINT ( 'NONE',  ( -25.00000000000000711, 32.00000000000000000, 28.99999999999997158 ) ) ;
#3349 = CARTESIAN_POINT ( 'NONE',  ( -7.601536384991169903, 29.50000000000000000, 18.11989491965042021 ) ) ;
#3350 = VECTOR ( 'NONE', #1014, 1000.000000000000000 ) ;
#3351 = LINE ( 'NONE', #1894, #1415 ) ;
#3352 = VECTOR ( 'NONE', #1585, 1000.000000000000000 ) ;
#3353 = DIRECTION ( 'NONE',  ( 0.000000000000000000, -1.000000000000000000, -0.000000000000000000 ) ) ;
#3354 = PLANE ( 'NONE',  #1105 ) ;
#3355 = DIRECTION ( 'NONE',  ( 0.000000000000000000, 1.000000000000000000, -0.000000000000000000 ) ) ;
#3356 = VECTOR ( 'NONE', #2329, 1000.000000000000000 ) ;
#3357 = ORIENTED_EDGE ( 'NONE', *, *, #1080, .T. ) ;
#3358 = CIRCLE ( 'NONE', #3691, 1.000000000000000888 ) ;
#3359 = VECTOR ( 'NONE', #2131, 1000.000000000000000 ) ;
#3360 = APPLICATION_PROTOCOL_DEFINITION ( 'draft international standard', 'automotive_design', 1998, #4787 ) ;
#3361 = DIRECTION ( 'NONE',  ( 0.000000000000000000, -1.000000000000000000, 0.000000000000000000 ) ) ;
#3362 = ORIENTED_EDGE ( 'NONE', *, *, #1223, .T. ) ;
#3363 = CARTESIAN_POINT ( 'NONE',  ( 25.00000000000000711, 30.00000000000000000, 28.99999999999997158 ) ) ;
#3364 = FACE_OUTER_BOUND ( 'NONE', #1552, .T. ) ;
#3365 = EDGE_CURVE ( 'NONE', #492, #1774, #4829, .T. ) ;
#3366 = PLANE ( 'NONE',  #4016 ) ;
#3367 = ORIENTED_EDGE ( 'NONE', *, *, #3491, .T. ) ;
#3368 = DIRECTION ( 'NONE',  ( 0.000000000000000000, 1.000000000000000000, -0.000000000000000000 ) ) ;
#3369 = ORIENTED_EDGE ( 'NONE', *, *, #3620, .F. ) ;
#3370 = EDGE_LOOP ( 'NONE', ( #2925, #412, #2543, #217 ) ) ;
#3371 = PLANE ( 'NONE',  #460 ) ;
#3372 = LINE ( 'NONE', #3755, #4528 ) ;
#3373 = EDGE_CURVE ( 'NONE', #3645, #1852, #659, .T. ) ;
#3374 = CARTESIAN_POINT ( 'NONE',  ( -33.50000000000000000, 10.00049802381102992, 18.98421203201065666 ) ) ;
#3375 = CARTESIAN_POINT ( 'NONE',  ( -27.50000000000000355, 10.49999999999999112, 13.24999999999995204 ) ) ;
#3376 = LINE ( 'NONE', #2467, #2782 ) ;
#3377 = EDGE_CURVE ( 'NONE', #2832, #1195, #1149, .T. ) ;
#3378 = CARTESIAN_POINT ( 'NONE',  ( -33.50000000000000000, 28.49999999999999645, 28.99999999999997158 ) ) ;
#3379 = LINE ( 'NONE', #401, #883 ) ;
#3380 = ORIENTED_EDGE ( 'NONE', *, *, #3449, .F. ) ;
#3381 = DIRECTION ( 'NONE',  ( 0.000000000000000000, 0.000000000000000000, -1.000000000000000000 ) ) ;
#3382 = LINE ( 'NONE', #1175, #4522 ) ;
#3383 = CARTESIAN_POINT ( 'NONE',  ( -14.49833763245320029, 25.00000000000008882, 24.06419186098113272 ) ) ;
#3384 = CARTESIAN_POINT ( 'NONE',  ( 2.396218441934245380, 24.50000000000000355, 10.74504120915252692 ) ) ;
#3385 = VERTEX_POINT ( 'NONE', #782 ) ;
#3386 = CARTESIAN_POINT ( 'NONE',  ( -25.00000000000000711, 0.000000000000000000, 38.24999999999996447 ) ) ;
#3387 = ORIENTED_EDGE ( 'NONE', *, *, #4040, .F. ) ;
#3388 = ORIENTED_EDGE ( 'NONE', *, *, #3937, .F. ) ;
#3389 = DIRECTION ( 'NONE',  ( -1.000000000000000000, 0.000000000000000000, 0.000000000000000000 ) ) ;
#3390 = CARTESIAN_POINT ( 'NONE',  ( -1.579617136008335088, 24.50000000000000000, 11.48414578258326912 ) ) ;
#3391 = FACE_OUTER_BOUND ( 'NONE', #4447, .T. ) ;
#3392 = ORIENTED_EDGE ( 'NONE', *, *, #4634, .T. ) ;
#3393 = B_SPLINE_CURVE_WITH_KNOTS ( 'NONE', 3,
 ( #3283, #1391, #2910, #990, #1737, #2488 ),
 .UNSPECIFIED., .F., .F.,
 ( 4, 2, 4 ),
 ( 0.000000000000000000, 0.001050468926853751232, 0.002100937853707502464 ),
 .UNSPECIFIED. ) ;
#3394 = EDGE_CURVE ( 'NONE', #135, #670, #2295, .T. ) ;
#3395 = DIRECTION ( 'NONE',  ( 0.000000000000000000, -0.000000000000000000, -1.000000000000000000 ) ) ;
#3396 = CARTESIAN_POINT ( 'NONE',  ( 25.00000000000000711, 0.000000000000000000, -38.25000000000002132 ) ) ;
#3397 = DIRECTION ( 'NONE',  ( -0.000000000000000000, -1.000000000000000000, -0.000000000000000000 ) ) ;
#3398 = EDGE_CURVE ( 'NONE', #1195, #2873, #3485, .T. ) ;
#3399 = EDGE_CURVE ( 'NONE', #1623, #237, #3831, .T. ) ;
#3400 = B_SPLINE_CURVE_WITH_KNOTS ( 'NONE', 3,
 ( #4511, #1930, #732, #2243, #4917, #1577, #4167, #422, #1199, #754, #2719, #2265 ),
 .UNSPECIFIED., .F., .F.,
 ( 4, 2, 2, 2, 2, 4 ),
 ( 0.000000000000000000, 0.0008011018375349936421, 0.001201652756302487753, 0.001602203675069982297, 0.002403305512604969867, 0.003204407350139958088 ),
 .UNSPECIFIED. ) ;
#3401 = LINE ( 'NONE', #4942, #4695 ) ;
#3402 = ORIENTED_EDGE ( 'NONE', *, *, #706, .T. ) ;
#3403 = DIRECTION ( 'NONE',  ( 0.000000000000000000, 1.000000000000000000, -0.000000000000000000 ) ) ;
#3404 = AXIS2_PLACEMENT_3D ( 'NONE', #2519, #507, #3263 ) ;
#3405 = ORIENTED_EDGE ( 'NONE', *, *, #1819, .F. ) ;
#3406 = CARTESIAN_POINT ( 'NONE',  ( -10.26147307726612823, 29.49999999999998579, 18.29275258562253015 ) ) ;
#3407 = CARTESIAN_POINT ( 'NONE',  ( -2.988416466389634429, 31.99999999999999289, -0.2680478081731442197 ) ) ;
#3408 = VECTOR ( 'NONE', #4848, 1000.000000000000000 ) ;
#3409 = DIRECTION ( 'NONE',  ( 0.000000000000000000, 1.000000000000000000, 3.491481338843133355E-15 ) ) ;
#3410 = LINE ( 'NONE', #2557, #3799 ) ;
#3411 = VECTOR ( 'NONE', #631, 1000.000000000000000 ) ;
#3412 = VERTEX_POINT ( 'NONE', #4154 ) ;
#3413 = CARTESIAN_POINT ( 'NONE',  ( -1.579617136008335088, 25.00000000000013500, 11.48414578258327090 ) ) ;
#3414 = LINE ( 'NONE', #2760, #235 ) ;
#3415 = VECTOR ( 'NONE', #3389, 1000.000000000000000 ) ;
#3416 = CARTESIAN_POINT ( 'NONE',  ( -27.50000000000000355, 17.50000000000000000, 19.86623553487585170 ) ) ;
#3417 = CARTESIAN_POINT ( 'NONE',  ( -33.50000000000000000, 17.50000000000000000, 24.99999999999995026 ) ) ;
#3418 = VECTOR ( 'NONE', #2856, 1000.000000000000000 ) ;
#3419 = DIRECTION ( 'NONE',  ( 0.000000000000000000, 0.000000000000000000, -1.000000000000000000 ) ) ;
#3420 = CARTESIAN_POINT ( 'NONE',  ( -7.601536384991169903, 23.00000000000000000, 18.11989491965041665 ) ) ;
#3421 = EDGE_CURVE ( 'NONE', #1645, #250, #3432, .T. ) ;
#3422 = VECTOR ( 'NONE', #4417, 1000.000000000000000 ) ;
#3423 = VECTOR ( 'NONE', #2241, 1000.000000000000000 ) ;
#3424 = EDGE_CURVE ( 'NONE', #4801, #4231, #2270, .T. ) ;
#3425 = CYLINDRICAL_SURFACE ( 'NONE', #576, 1.000000000000000888 ) ;
#3426 = ADVANCED_FACE ( 'NONE', ( #3785 ), #3077, .F. ) ;
#3427 = ORIENTED_EDGE ( 'NONE', *, *, #1840, .F. ) ;
#3428 = LINE ( 'NONE', #3828, #4119 ) ;
#3429 = VECTOR ( 'NONE', #3721, 1000.000000000000000 ) ;
#3430 = EDGE_LOOP ( 'NONE', ( #1462, #4174, #2024, #3717 ) ) ;
#3431 = CARTESIAN_POINT ( 'NONE',  ( 1.581279503555507837, 32.00000000000000000, 11.47885425846396146 ) ) ;
#3432 = LINE ( 'NONE', #737, #3679 ) ;
#3433 = AXIS2_PLACEMENT_3D ( 'NONE', #3154, #1714, #2778 ) ;
#3434 = CARTESIAN_POINT ( 'NONE',  ( 0.7970729297474065111, 24.50000000000000000, 12.86519324688181420 ) ) ;
#3435 = VECTOR ( 'NONE', #1975, 1000.000000000000000 ) ;
#3436 = EDGE_LOOP ( 'NONE', ( #2031, #2333, #4690, #4494 ) ) ;
#3437 = LINE ( 'NONE', #3058, #1162 ) ;
#3438 = ORIENTED_EDGE ( 'NONE', *, *, #4512, .T. ) ;
#3439 = CARTESIAN_POINT ( 'NONE',  ( -7.601536384991169903, 23.00000000000000000, 18.11989491965041665 ) ) ;
#3440 = CARTESIAN_POINT ( 'NONE',  ( -33.50000000000000000, 19.50000000000000355, 19.86623553487585170 ) ) ;
#3441 = DIRECTION ( 'NONE',  ( -1.000000000000000000, 0.000000000000000000, -0.000000000000000000 ) ) ;
#3442 = LINE ( 'NONE', #1727, #1347 ) ;
#3443 = CARTESIAN_POINT ( 'NONE',  ( 1.579485389914891513, 24.50000000000000000, 11.43817605482948530 ) ) ;
#3444 = DIRECTION ( 'NONE',  ( 0.000000000000000000, 1.000000000000000000, 0.000000000000000000 ) ) ;
#3445 = ADVANCED_FACE ( 'NONE', ( #3852 ), #1887, .F. ) ;
#3446 = EDGE_LOOP ( 'NONE', ( #2167, #524, #2800, #1532 ) ) ;
#3447 = ORIENTED_EDGE ( 'NONE', *, *, #694, .F. ) ;
#3448 = DIRECTION ( 'NONE',  ( 0.000000000000000000, 0.000000000000000000, -1.000000000000000000 ) ) ;
#3449 = EDGE_CURVE ( 'NONE', #1394, #3936, #173, .T. ) ;
#3450 = ADVANCED_FACE ( 'NONE', ( #1133, #834, #2337 ), #1536, .T. ) ;
#3451 = CARTESIAN_POINT ( 'NONE',  ( -3.019852568336387488, 24.50000000000000000, 3.729505163983328320 ) ) ;
#3452 = VERTEX_POINT ( 'NONE', #453 ) ;
#3453 = FACE_OUTER_BOUND ( 'NONE', #824, .T. ) ;
#3454 = B_SPLINE_CURVE_WITH_KNOTS ( 'NONE', 3,
 ( #2899, #138, #2394, #1670, #895, #570, #1348, #4405, #1377, #3236, #4381, #3189, #3934, #2117, #4746, #3641 ),
 .UNSPECIFIED., .F., .F.,
 ( 4, 2, 2, 2, 2, 2, 2, 4 ),
 ( 0.000000000000000000, 0.0009304979224201534622, 0.001395746883630229977, 0.001860995844840306491, 0.002326244806050382571, 0.002791493767260459519, 0.003256742728470536467, 0.003721991689680612982 ),
 .UNSPECIFIED. ) ;
#3455 = EDGE_LOOP ( 'NONE', ( #2935, #1483 ) ) ;
#3456 = EDGE_CURVE ( 'NONE', #1574, #2648, #2854, .T. ) ;
#3457 = ORIENTED_EDGE ( 'NONE', *, *, #56, .F. ) ;
#3458 = CARTESIAN_POINT ( 'NONE',  ( -10.26147307730576586, 23.00000000000000000, 18.29275258562278950 ) ) ;
#3459 = CARTESIAN_POINT ( 'NONE',  ( -0.4083112497799152862, 24.50000000000000000, 13.01490985343623663 ) ) ;
#3460 = CARTESIAN_POINT ( 'NONE',  ( 1.581279503555507837, 32.00000000000000000, 11.48414578258331531 ) ) ;
#3461 = EDGE_LOOP ( 'NONE', ( #2413, #2019, #1406, #170 ) ) ;
#3462 = DIRECTION ( 'NONE',  ( -1.000000000000000000, 0.000000000000000000, 0.000000000000000000 ) ) ;
#3463 = ORIENTED_EDGE ( 'NONE', *, *, #521, .F. ) ;
#3464 = ORIENTED_EDGE ( 'NONE', *, *, #1831, .T. ) ;
#3465 = EDGE_CURVE ( 'NONE', #2097, #2266, #1279, .T. ) ;
#3466 = B_SPLINE_CURVE_WITH_KNOTS ( 'NONE', 2,
 ( #300, #4500, #1118 ),
 .UNSPECIFIED., .F., .F.,
 ( 3, 3 ),
 ( 7.000000000000000000, 8.000000000000000000 ),
 .UNSPECIFIED. ) ;
#3467 = ORIENTED_EDGE ( 'NONE', *, *, #1858, .T. ) ;
#3468 = FACE_OUTER_BOUND ( 'NONE', #1801, .T. ) ;
#3469 = ADVANCED_FACE ( 'NONE', ( #2107 ), #2777, .F. ) ;
#3470 = DIRECTION ( 'NONE',  ( 0.000000000000000000, -1.000000000000000000, 0.000000000000000000 ) ) ;
#3471 = CIRCLE ( 'NONE', #2579, 9.249999999999998224 ) ;
#3472 = CARTESIAN_POINT ( 'NONE',  ( -3.075391468316590604, 32.00000000000000000, -0.3903447404358278972 ) ) ;
#3473 = CARTESIAN_POINT ( 'NONE',  ( -2.249903526357135863, 25.00000000000018829, -4.500214463258211950 ) ) ;
#3474 = CARTESIAN_POINT ( 'NONE',  ( 11.06394789039919679, 32.00000000000000000, 18.55733591889015699 ) ) ;
#3475 = PLANE ( 'NONE',  #716 ) ;
#3476 = VERTEX_POINT ( 'NONE', #99 ) ;
#3477 = VERTEX_POINT ( 'NONE', #4300 ) ;
#3478 = CARTESIAN_POINT ( 'NONE',  ( 6.346119218776775206, 23.00000000000000000, -6.021333691102119801 ) ) ;
#3479 = FACE_OUTER_BOUND ( 'NONE', #3865, .T. ) ;
#3480 = ORIENTED_EDGE ( 'NONE', *, *, #656, .T. ) ;
#3481 = LINE ( 'NONE', #3074, #1167 ) ;
#3482 = ORIENTED_EDGE ( 'NONE', *, *, #665, .T. ) ;
#3483 = ORIENTED_EDGE ( 'NONE', *, *, #4889, .T. ) ;
#3484 = CARTESIAN_POINT ( 'NONE',  ( -3.601026911978597145, 24.50000000000000000, 1.758059867859497194 ) ) ;
#3485 = LINE ( 'NONE', #4547, #2696 ) ;
#3486 = CARTESIAN_POINT ( 'NONE',  ( -2.249903526357135863, 24.50000000000000000, -4.500214463258199515 ) ) ;
#3487 = EDGE_CURVE ( 'NONE', #3684, #3028, #205, .T. ) ;
#3488 = VERTEX_POINT ( 'NONE', #126 ) ;
#3489 = CARTESIAN_POINT ( 'NONE',  ( -33.50000000000000000, 18.00000000000000355, 14.74999999999995204 ) ) ;
#3490 = ORIENTED_EDGE ( 'NONE', *, *, #2461, .T. ) ;
#3491 = EDGE_CURVE ( 'NONE', #2339, #831, #4005, .T. ) ;
#3492 = CARTESIAN_POINT ( 'NONE',  ( 3.599158056653543714, 24.50000000000000000, 2.139321482150881248 ) ) ;
#3493 = CIRCLE ( 'NONE', #129, 0.5000000000000004441 ) ;
#3494 = CYLINDRICAL_SURFACE ( 'NONE', #3024, 9.249999999999994671 ) ;
#3495 = ADVANCED_FACE ( 'NONE', ( #1306 ), #560, .T. ) ;
#3496 = CARTESIAN_POINT ( 'NONE',  ( -33.50000000000000000, 14.99999999999999645, 10.99999999999995381 ) ) ;
#3497 = CIRCLE ( 'NONE', #4446, 20.49999999999999645 ) ;
#3498 = VERTEX_POINT ( 'NONE', #483 ) ;
#3499 = CARTESIAN_POINT ( 'NONE',  ( -35.00000000000000000, 17.50000000000000000, 24.99999999999995026 ) ) ;
#3500 = CARTESIAN_POINT ( 'NONE',  ( 0.000000000000000000, 32.00000000000000000, -7.499999999999998224 ) ) ;
#3501 = AXIS2_PLACEMENT_3D ( 'NONE', #1422, #293, #4403 ) ;
#3502 = CARTESIAN_POINT ( 'NONE',  ( -19.81171673543281031, 24.50000000000000000, 15.53801126270789190 ) ) ;
#3503 = AXIS2_PLACEMENT_3D ( 'NONE', #4292, #3895, #1680 ) ;
#3504 = AXIS2_PLACEMENT_3D ( 'NONE', #3151, #2410, #1227 ) ;
#3505 = ORIENTED_EDGE ( 'NONE', *, *, #4074, .F. ) ;
#3506 = DIRECTION ( 'NONE',  ( 6.845469849541273055E-15, -0.000000000000000000, -1.000000000000000000 ) ) ;
#3507 = CARTESIAN_POINT ( 'NONE',  ( 1.224646799147354933E-16, 30.00001199999999812, -16.04445395531110563 ) ) ;
#3508 = VECTOR ( 'NONE', #2484, 1000.000000000000000 ) ;
#3509 = CARTESIAN_POINT ( 'NONE',  ( 1.390098812565254471, 32.00000000000000000, 5.983526426027393263 ) ) ;
#3510 = VERTEX_POINT ( 'NONE', #2857 ) ;
#3511 = DIRECTION ( 'NONE',  ( 0.000000000000000000, 0.000000000000000000, -1.000000000000000000 ) ) ;
#3512 = CARTESIAN_POINT ( 'NONE',  ( 2.652452990661186671, 24.50000000000001066, -0.6878340573164112293 ) ) ;
#3513 = CARTESIAN_POINT ( 'NONE',  ( 10.26313544482804119, 32.00000000000000000, 18.29275258570828200 ) ) ;
#3514 = VECTOR ( 'NONE', #2786, 1000.000000000000000 ) ;
#3515 = ORIENTED_EDGE ( 'NONE', *, *, #1840, .T. ) ;
#3516 = CARTESIAN_POINT ( 'NONE',  ( -1.579617136008335088, 32.00000000000000000, 11.48414578258329399 ) ) ;
#3517 = VERTEX_POINT ( 'NONE', #2802 ) ;
#3518 = CARTESIAN_POINT ( 'NONE',  ( -25.50000000000000355, 19.50000000000000355, 19.86623553487585170 ) ) ;
#3519 = AXIS2_PLACEMENT_3D ( 'NONE', #759, #1178, #25 ) ;
#3520 = CARTESIAN_POINT ( 'NONE',  ( -25.50000000000000355, 19.50000000000000355, 19.86623553487585170 ) ) ;
#3521 = CARTESIAN_POINT ( 'NONE',  ( 0.000000000000000000, -2.999999999999999112, 19.93801126270789226 ) ) ;
#3522 = ORIENTED_EDGE ( 'NONE', *, *, #4344, .F. ) ;
#3523 = FACE_OUTER_BOUND ( 'NONE', #3932, .T. ) ;
#3524 = EDGE_CURVE ( 'NONE', #2339, #3013, #3979, .T. ) ;
#3525 = CARTESIAN_POINT ( 'NONE',  ( -27.50000000000000355, 0.000000000000000000, 0.000000000000000000 ) ) ;
#3526 = ORIENTED_EDGE ( 'NONE', *, *, #2171, .F. ) ;
#3527 = ORIENTED_EDGE ( 'NONE', *, *, #2279, .F. ) ;
#3528 = DIRECTION ( 'NONE',  ( -5.810734853358910146E-15, -0.000000000000000000, 1.000000000000000000 ) ) ;
#3529 = ADVANCED_FACE ( 'NONE', ( #2753 ), #3258, .F. ) ;
#3530 = DIRECTION ( 'NONE',  ( -1.000000000000000000, -0.000000000000000000, -0.000000000000000000 ) ) ;
#3531 = DIRECTION ( 'NONE',  ( 0.000000000000000000, -4.613788877420475110E-15, 1.000000000000000000 ) ) ;
#3532 = CARTESIAN_POINT ( 'NONE',  ( -10.26147307730576586, 28.50000000000003197, 18.29275258562281081 ) ) ;
#3533 = CARTESIAN_POINT ( 'NONE',  ( 3.599158056653548154, 24.50000000000000000, 1.758059867859545600 ) ) ;
#3534 = CARTESIAN_POINT ( 'NONE',  ( -14.49833763245317364, 25.00000000000010658, 19.36521081018105406 ) ) ;
#3535 = ORIENTED_EDGE ( 'NONE', *, *, #2949, .F. ) ;
#3536 = CARTESIAN_POINT ( 'NONE',  ( 0.000000000000000000, -13.91959594928933441, 18.33801126270789084 ) ) ;
#3537 = EDGE_LOOP ( 'NONE', ( #3856, #969, #275, #680 ) ) ;
#3538 = ORIENTED_EDGE ( 'NONE', *, *, #2504, .F. ) ;
#3539 = CARTESIAN_POINT ( 'NONE',  ( -7.601536384991225859, 23.00000000000000000, 25.49999999999941735 ) ) ;
#3540 = DIRECTION ( 'NONE',  ( 0.000000000000000000, 1.000000000000000000, 3.491481338843133355E-15 ) ) ;
#3541 = CARTESIAN_POINT ( 'NONE',  ( -2.363171231767911440, 31.99999999999999289, 6.746648345641453659 ) ) ;
#3542 = DIRECTION ( 'NONE',  ( 0.000000000000000000, 0.000000000000000000, -1.000000000000000000 ) ) ;
#3543 = CARTESIAN_POINT ( 'NONE',  ( -1.099844525993681765, 25.00000000000015277, 5.860867144937110140 ) ) ;
#3544 = VECTOR ( 'NONE', #4432, 1000.000000000000000 ) ;
#3545 = EDGE_CURVE ( 'NONE', #3924, #3744, #2315, .T. ) ;
#3546 = ORIENTED_EDGE ( 'NONE', *, *, #294, .F. ) ;
#3547 = ORIENTED_EDGE ( 'NONE', *, *, #2631, .F. ) ;
#3548 = CARTESIAN_POINT ( 'NONE',  ( -2.999999999999996447, 28.49999999999999645, -14.04445395531110741 ) ) ;
#3549 = EDGE_CURVE ( 'NONE', #4093, #4219, #2033, .T. ) ;
#3550 = CARTESIAN_POINT ( 'NONE',  ( 2.269200476419590107, 32.00000000000000000, 6.305370589921522217 ) ) ;
#3551 = EDGE_CURVE ( 'NONE', #2550, #2299, #4241, .T. ) ;
#3552 = FACE_OUTER_BOUND ( 'NONE', #1619, .T. ) ;
#3553 = EDGE_CURVE ( 'NONE', #1757, #4905, #2009, .T. ) ;
#3554 = ORIENTED_EDGE ( 'NONE', *, *, #1658, .T. ) ;
#3555 = DIRECTION ( 'NONE',  ( 0.000000000000000000, 0.000000000000000000, -1.000000000000000000 ) ) ;
#3556 = DIRECTION ( 'NONE',  ( 0.000000000000000000, 0.000000000000000000, -1.000000000000000000 ) ) ;
#3557 = LINE ( 'NONE', #4301, #479 ) ;
#3558 = ORIENTED_EDGE ( 'NONE', *, *, #3734, .F. ) ;
#3559 = CARTESIAN_POINT ( 'NONE',  ( -35.00000000000000000, 14.99999999999999645, 3.999999999999954259 ) ) ;
#3560 = CARTESIAN_POINT ( 'NONE',  ( 25.00000000000000711, 2.000000000000000000, 38.24999999999996447 ) ) ;
#3561 = VERTEX_POINT ( 'NONE', #182 ) ;
#3562 = ORIENTED_EDGE ( 'NONE', *, *, #4492, .T. ) ;
#3563 = CARTESIAN_POINT ( 'NONE',  ( -33.50000000000000000, 30.00000000000000000, 28.99999999999997158 ) ) ;
#3564 = CARTESIAN_POINT ( 'NONE',  ( -0.8740615806291651690, 31.99999999999999289, 13.06458333644166103 ) ) ;
#3565 = DIRECTION ( 'NONE',  ( 0.000000000000000000, 2.081668171172166620E-14, -1.000000000000000000 ) ) ;
#3566 = CARTESIAN_POINT ( 'NONE',  ( -3.601026911978610912, 32.00000000000000000, 3.363194449977773726 ) ) ;
#3567 = LINE ( 'NONE', #224, #3270 ) ;
#3568 = CIRCLE ( 'NONE', #1431, 0.2500000000000002220 ) ;
#3569 = ORIENTED_EDGE ( 'NONE', *, *, #3251, .T. ) ;
#3570 = DIRECTION ( 'NONE',  ( 0.000000000000000000, 0.000000000000000000, -1.000000000000000000 ) ) ;
#3571 = AXIS2_PLACEMENT_3D ( 'NONE', #4598, #3040, #4177 ) ;
#3572 = EDGE_LOOP ( 'NONE', ( #4428, #1029, #220, #2354, #3405, #587, #1590, #849, #4553, #4109, #30, #3064 ) ) ;
#3573 = EDGE_CURVE ( 'NONE', #4631, #4544, #3228, .T. ) ;
#3574 = CARTESIAN_POINT ( 'NONE',  ( 25.00000000000000711, 29.50000000000000000, 28.99999999999997158 ) ) ;
#3575 = AXIS2_PLACEMENT_3D ( 'NONE', #3314, #2920, #3338 ) ;
#3576 = CARTESIAN_POINT ( 'NONE',  ( -27.50000000000000355, 10.49999999999999467, 0.2499999999999533706 ) ) ;
#3577 = ORIENTED_EDGE ( 'NONE', *, *, #896, .T. ) ;
#3578 = CARTESIAN_POINT ( 'NONE',  ( -33.50000000000000000, 30.00000000000000000, -29.00000000000001776 ) ) ;
#3579 = EDGE_CURVE ( 'NONE', #937, #1747, #4473, .T. ) ;
#3580 = CIRCLE ( 'NONE', #1836, 1.000000000000000888 ) ;
#3581 = CARTESIAN_POINT ( 'NONE',  ( 3.362014145209423877, 24.49999999999999289, 0.4428159192691053514 ) ) ;
#3582 = FACE_OUTER_BOUND ( 'NONE', #3854, .T. ) ;
#3583 = VERTEX_POINT ( 'NONE', #4797 ) ;
#3584 = CARTESIAN_POINT ( 'NONE',  ( 1.101485361694153120, 31.99999999999999289, 5.187071063562639139 ) ) ;
#3585 = LINE ( 'NONE', #3560, #3959 ) ;
#3586 = AXIS2_PLACEMENT_3D ( 'NONE', #2876, #4047, #1704 ) ;
#3587 = ORIENTED_EDGE ( 'NONE', *, *, #1729, .F. ) ;
#3588 = VERTEX_POINT ( 'NONE', #1067 ) ;
#3589 = CARTESIAN_POINT ( 'NONE',  ( 2.462848898026266387, 32.00000000000000000, -0.8778439274316721663 ) ) ;
#3590 = CARTESIAN_POINT ( 'NONE',  ( -27.50000000000000355, 16.49999999999999645, 13.24999999999995559 ) ) ;
#3591 = VECTOR ( 'NONE', #3248, 1000.000000000000000 ) ;
#3592 = CARTESIAN_POINT ( 'NONE',  ( 10.26313544481727291, 29.50000000000000000, 18.29275258570017826 ) ) ;
#3593 = EDGE_CURVE ( 'NONE', #1407, #2418, #4084, .T. ) ;
#3594 = FACE_OUTER_BOUND ( 'NONE', #1495, .T. ) ;
#3595 = ORIENTED_EDGE ( 'NONE', *, *, #4118, .T. ) ;
#3596 = CARTESIAN_POINT ( 'NONE',  ( -8.743329047513924479, 28.49999999999999645, -6.021333691102118024 ) ) ;
#3597 = CARTESIAN_POINT ( 'NONE',  ( -1.579617136008335088, 24.50000000000000000, 11.46651120006814040 ) ) ;
#3598 = VECTOR ( 'NONE', #586, 1000.000000000000000 ) ;
#3599 = ORIENTED_EDGE ( 'NONE', *, *, #1389, .F. ) ;
#3600 = CARTESIAN_POINT ( 'NONE',  ( -11.06228552285211464, 23.00000000000000000, 18.55733591888996514 ) ) ;
#3601 = CARTESIAN_POINT ( 'NONE',  ( -35.00000000000000000, 16.49999999999999289, 17.99999999999995737 ) ) ;
#3602 = VECTOR ( 'NONE', #4030, 1000.000000000000000 ) ;
#3603 = EDGE_CURVE ( 'NONE', #101, #2474, #4121, .T. ) ;
#3604 = DIRECTION ( 'NONE',  ( 0.000000000000000000, -1.000000000000000000, -3.491481338843133355E-15 ) ) ;
#3605 = EDGE_LOOP ( 'NONE', ( #4784, #4814, #3702, #2030 ) ) ;
#3606 = CARTESIAN_POINT ( 'NONE',  ( 1.580657398827325810, 32.00000000000000000, 11.45240343668185901 ) ) ;
#3607 = CARTESIAN_POINT ( 'NONE',  ( -1.808723759534170306, 24.50000000000000000, 11.29028261531116684 ) ) ;
#3608 = LINE ( 'NONE', #2034, #3998 ) ;
#3609 = ORIENTED_EDGE ( 'NONE', *, *, #1698, .F. ) ;
#3610 = CARTESIAN_POINT ( 'NONE',  ( 35.00000000000000000, 0.000000000000000000, 28.99999999999997158 ) ) ;
#3611 = ADVANCED_FACE ( 'NONE', ( #2572 ), #2912, .F. ) ;
#3612 = CARTESIAN_POINT ( 'NONE',  ( 0.000000000000000000, 23.00000000000000000, 18.33801126270789084 ) ) ;
#3613 = VECTOR ( 'NONE', #4711, 1000.000000000000000 ) ;
#3614 = ORIENTED_EDGE ( 'NONE', *, *, #1931, .F. ) ;
#3615 = DIRECTION ( 'NONE',  ( 0.000000000000000000, -1.000000000000000000, 0.000000000000000000 ) ) ;
#3616 = CARTESIAN_POINT ( 'NONE',  ( 7.599667529665843801, 25.00000000000008882, 24.06419186098128904 ) ) ;
#3617 = VECTOR ( 'NONE', #4457, 1000.000000000000000 ) ;
#3618 = CARTESIAN_POINT ( 'NONE',  ( -14.49833763245320029, 23.00000000000000000, 24.06419186098114693 ) ) ;
#3619 = VECTOR ( 'NONE', #312, 1000.000000000000000 ) ;
#3620 = EDGE_CURVE ( 'NONE', #1256, #4621, #4229, .T. ) ;
#3621 = LINE ( 'NONE', #194, #932 ) ;
#3622 = EDGE_LOOP ( 'NONE', ( #2100, #3857, #1634, #473, #1543, #1436, #1962, #1321 ) ) ;
#3623 = ADVANCED_FACE ( 'NONE', ( #3761 ), #3736, .F. ) ;
#3624 = ORIENTED_EDGE ( 'NONE', *, *, #4430, .T. ) ;
#3625 = CARTESIAN_POINT ( 'NONE',  ( -2.999999999999996447, 29.09999999999999787, -20.04445395531110918 ) ) ;
#3626 = CARTESIAN_POINT ( 'NONE',  ( -25.00000000000000711, 0.000000000000000000, -39.00000000000002842 ) ) ;
#3627 = LINE ( 'NONE', #3301, #556 ) ;
#3628 = FACE_BOUND ( 'NONE', #4355, .T. ) ;
#3629 = CARTESIAN_POINT ( 'NONE',  ( 0.000000000000000000, 23.00000000000000000, 0.000000000000000000 ) ) ;
#3630 = CARTESIAN_POINT ( 'NONE',  ( -33.50000000000000711, 17.50000000000000000, 24.99999999999995026 ) ) ;
#3631 = CARTESIAN_POINT ( 'NONE',  ( -27.50000000000000355, 10.49999999999999112, 13.24999999999995204 ) ) ;
#3632 = CARTESIAN_POINT ( 'NONE',  ( -27.50000000000000355, 10.49999999999999467, 0.2499999999999533706 ) ) ;
#3633 = LINE ( 'NONE', #935, #1602 ) ;
#3634 = B_SPLINE_SURFACE_WITH_KNOTS ( 'NONE', 3, 1, ( 
 ( #2448, #4015 ),
 ( #1745, #3564 ),
 ( #2421, #191 ),
 ( #1721, #2497 ) ),
 .UNSPECIFIED., .F., .F., .F.,
 ( 4, 4 ),
 ( 2, 2 ),
 ( 2.000000000000000000, 3.000000000000000000 ),
 ( 0.000000000000000000, 1.000000000000000000 ),
 .UNSPECIFIED. ) ;
#3635 = ORIENTED_EDGE ( 'NONE', *, *, #1168, .T. ) ;
#3636 = PLANE ( 'NONE',  #3687 ) ;
#3637 = DIRECTION ( 'NONE',  ( 1.000000000000000000, -0.000000000000000000, 3.802133645976563900E-16 ) ) ;
#3638 = ORIENTED_EDGE ( 'NONE', *, *, #3399, .T. ) ;
#3639 = VERTEX_POINT ( 'NONE', #2933 ) ;
#3640 = CARTESIAN_POINT ( 'NONE',  ( -25.00000000000000711, 30.00000000000000000, -29.00000000000002132 ) ) ;
#3641 = CARTESIAN_POINT ( 'NONE',  ( -1.099844525993681765, 24.50000000000000000, 5.860867144937108364 ) ) ;
#3642 = EDGE_CURVE ( 'NONE', #4894, #611, #4871, .T. ) ;
#3643 = DIRECTION ( 'NONE',  ( 0.000000000000000000, -1.000000000000000000, 0.000000000000000000 ) ) ;
#3644 = FACE_BOUND ( 'NONE', #379, .T. ) ;
#3645 = VERTEX_POINT ( 'NONE', #337 ) ;
#3646 = CARTESIAN_POINT ( 'NONE',  ( -2.549756024654625808, 32.00000000000000000, 4.724933036063121428 ) ) ;
#3647 = VECTOR ( 'NONE', #2278, 1000.000000000000000 ) ;
#3648 = B_SPLINE_CURVE_WITH_KNOTS ( 'NONE', 3,
 ( #4612, #3048, #2331, #3026, #355, #4541, #3780, #3451, #804, #3867, #4244, #1171, #2311, #1128, #1881, #41 ),
 .UNSPECIFIED., .F., .F.,
 ( 4, 2, 2, 2, 2, 2, 2, 4 ),
 ( 0.000000000000000000, 0.001128426147771388307, 0.001692639221657082785, 0.002256852295542777481, 0.002821065369428471959, 0.003385278443314166438, 0.003949491517199861350, 0.004513704591085555828 ),
 .UNSPECIFIED. ) ;
#3649 = CARTESIAN_POINT ( 'NONE',  ( 3.101750864123765883, 24.49999999999999645, 8.757180451233468332 ) ) ;
#3650 = EDGE_CURVE ( 'NONE', #3476, #400, #2004, .T. ) ;
#3651 = ORIENTED_EDGE ( 'NONE', *, *, #665, .F. ) ;
#3652 = CIRCLE ( 'NONE', #1818, 8.499999999999992895 ) ;
#3653 = FACE_OUTER_BOUND ( 'NONE', #3049, .T. ) ;
#3654 = CARTESIAN_POINT ( 'NONE',  ( -14.49833763245320561, 32.00000000000000000, 24.06419186098116825 ) ) ;
#3655 = EDGE_LOOP ( 'NONE', ( #4064, #3402, #1161, #4384 ) ) ;
#3656 = CARTESIAN_POINT ( 'NONE',  ( 5.299549528938837462, 25.00000000000011724, 16.80050947618694934 ) ) ;
#3657 = AXIS2_PLACEMENT_3D ( 'NONE', #4488, #3327, #1502 ) ;
#3658 = CARTESIAN_POINT ( 'NONE',  ( -33.50000000000000711, 10.50000000000000711, 17.99999999999995737 ) ) ;
#3659 = CARTESIAN_POINT ( 'NONE',  ( 3.000000000000003553, 28.49999999999999645, -20.04445395531110918 ) ) ;
#3660 = VECTOR ( 'NONE', #2486, 1000.000000000000000 ) ;
#3661 = VECTOR ( 'NONE', #2043, 1000.000000000000000 ) ;
#3662 = VERTEX_POINT ( 'NONE', #4421 ) ;
#3663 = FACE_OUTER_BOUND ( 'NONE', #2289, .T. ) ;
#3664 = CARTESIAN_POINT ( 'NONE',  ( -25.00000000000000711, 28.49999999999999645, 37.49999999999996447 ) ) ;
#3665 = AXIS2_PLACEMENT_3D ( 'NONE', #1278, #2801, #907 ) ;
#3666 = ORIENTED_EDGE ( 'NONE', *, *, #3280, .T. ) ;
#3667 = ORIENTED_EDGE ( 'NONE', *, *, #2284, .F. ) ;
#3668 = CARTESIAN_POINT ( 'NONE',  ( -10.26147307726754576, 23.00000000000000000, 18.29275258564710782 ) ) ;
#3669 = CARTESIAN_POINT ( 'NONE',  ( 1.577748280683119564, 24.50000000000000000, 11.42771081216552886 ) ) ;
#3670 = CARTESIAN_POINT ( 'NONE',  ( 6.346119218776774318, 28.49999999999999645, 11.64859530943569332 ) ) ;
#3671 = EDGE_CURVE ( 'NONE', #4750, #1640, #1416, .T. ) ;
#3672 = VECTOR ( 'NONE', #4029, 1000.000000000000000 ) ;
#3673 = ORIENTED_EDGE ( 'NONE', *, *, #1065, .T. ) ;
#3674 = LINE ( 'NONE', #4383, #851 ) ;
#3675 = ORIENTED_EDGE ( 'NONE', *, *, #4437, .T. ) ;
#3676 = VERTEX_POINT ( 'NONE', #3331 ) ;
#3677 = EDGE_CURVE ( 'NONE', #3452, #1757, #3284, .T. ) ;
#3678 = VERTEX_POINT ( 'NONE', #1086 ) ;
#3679 = VECTOR ( 'NONE', #384, 1000.000000000000000 ) ;
#3680 = DIRECTION ( 'NONE',  ( 0.000000000000000000, -0.000000000000000000, 1.000000000000000000 ) ) ;
#3681 = VECTOR ( 'NONE', #4178, 1000.000000000000000 ) ;
#3682 = EDGE_CURVE ( 'NONE', #4102, #4692, #3197, .T. ) ;
#3683 = FACE_OUTER_BOUND ( 'NONE', #973, .T. ) ;
#3684 = VERTEX_POINT ( 'NONE', #4769 ) ;
#3685 = EDGE_CURVE ( 'NONE', #2809, #2161, #638, .T. ) ;
#3686 =( LENGTH_UNIT ( ) NAMED_UNIT ( * ) SI_UNIT ( .MILLI., .METRE. ) );
#3687 = AXIS2_PLACEMENT_3D ( 'NONE', #4352, #3181, #2861 ) ;
#3688 = PLANE ( 'NONE',  #2357 ) ;
#3689 = CARTESIAN_POINT ( 'NONE',  ( -14.49833763245317364, 32.00000000000000000, 19.36521081018106827 ) ) ;
#3690 = EDGE_CURVE ( 'NONE', #1700, #2896, #1367, .T. ) ;
#3691 = AXIS2_PLACEMENT_3D ( 'NONE', #18, #4893, #1509 ) ;
#3692 = ORIENTED_EDGE ( 'NONE', *, *, #828, .T. ) ;
#3693 = EDGE_CURVE ( 'NONE', #237, #4035, #2489, .T. ) ;
#3694 = DIRECTION ( 'NONE',  ( -5.782411586589355667E-16, 0.000000000000000000, 1.000000000000000000 ) ) ;
#3695 = ORIENTED_EDGE ( 'NONE', *, *, #742, .F. ) ;
#3696 = CARTESIAN_POINT ( 'NONE',  ( 15.84405090676714600, 24.50000000000000000, 13.67730034089338709 ) ) ;
#3697 = ORIENTED_EDGE ( 'NONE', *, *, #434, .F. ) ;
#3698 = ORIENTED_EDGE ( 'NONE', *, *, #2720, .F. ) ;
#3699 = LINE ( 'NONE', #2986, #465 ) ;
#3700 = CARTESIAN_POINT ( 'NONE',  ( 1.581279503555507837, 24.50000000000000000, 11.46651120006815994 ) ) ;
#3701 = CARTESIAN_POINT ( 'NONE',  ( 7.599667515476641100, 29.50000000000000000, 18.11989492296825688 ) ) ;
#3702 = ORIENTED_EDGE ( 'NONE', *, *, #2535, .T. ) ;
#3703 = PLANE ( 'NONE',  #4271 ) ;
#3704 = ORIENTED_EDGE ( 'NONE', *, *, #995, .F. ) ;
#3705 = ORIENTED_EDGE ( 'NONE', *, *, #1904, .F. ) ;
#3706 = ORIENTED_EDGE ( 'NONE', *, *, #402, .T. ) ;
#3707 = CARTESIAN_POINT ( 'NONE',  ( -19.81171673543281031, 23.00000000000000000, 15.53801126270789190 ) ) ;
#3708 = LINE ( 'NONE', #3791, #319 ) ;
#3709 = LINE ( 'NONE', #4391, #1446 ) ;
#3710 = ORIENTED_EDGE ( 'NONE', *, *, #227, .T. ) ;
#3711 = DIRECTION ( 'NONE',  ( 0.000000000000000000, 0.000000000000000000, 1.000000000000000000 ) ) ;
#3712 = LINE ( 'NONE', #4819, #550 ) ;
#3713 = ADVANCED_FACE ( 'NONE', ( #3479 ), #3425, .F. ) ;
#3714 = ORIENTED_EDGE ( 'NONE', *, *, #297, .T. ) ;
#3715 = CARTESIAN_POINT ( 'NONE',  ( 7.599667529665846466, 32.00000000000000000, 24.06419186098128549 ) ) ;
#3716 = EDGE_CURVE ( 'NONE', #979, #3240, #1108, .T. ) ;
#3717 = ORIENTED_EDGE ( 'NONE', *, *, #3174, .F. ) ;
#3718 = CARTESIAN_POINT ( 'NONE',  ( 5.299549528938837462, 32.00000000000000000, 16.80050947618696355 ) ) ;
#3719 = ORIENTED_EDGE ( 'NONE', *, *, #4733, .T. ) ;
#3720 = CARTESIAN_POINT ( 'NONE',  ( 25.00000000000000711, 2.000000000000000000, 38.24999999999996447 ) ) ;
#3721 = DIRECTION ( 'NONE',  ( 0.000000000000000000, 1.000000000000000000, 3.491481338843133355E-15 ) ) ;
#3722 = CARTESIAN_POINT ( 'NONE',  ( -25.00000000000001066, 32.00000000000000000, -39.00000000000002842 ) ) ;
#3723 = DIRECTION ( 'NONE',  ( 0.000000000000000000, 1.000000000000000000, 3.491481338843133355E-15 ) ) ;
#3724 = ORIENTED_EDGE ( 'NONE', *, *, #3603, .T. ) ;
#3725 = B_SPLINE_SURFACE_WITH_KNOTS ( 'NONE', 3, 1, ( 
 ( #796, #3842 ),
 ( #1571, #3474 ),
 ( #4605, #2793 ),
 ( #2123, #2904 ) ),
 .UNSPECIFIED., .F., .F., .F.,
 ( 4, 4 ),
 ( 2, 2 ),
 ( 6.000000000000000000, 7.000000000000000000 ),
 ( 0.000000000000000000, 1.000000000000000000 ),
 .UNSPECIFIED. ) ;
#3726 = ORIENTED_EDGE ( 'NONE', *, *, #2715, .F. ) ;
#3727 = CARTESIAN_POINT ( 'NONE',  ( -14.49833763245320029, 25.00000000000008882, 24.06419186098113272 ) ) ;
#3728 = CARTESIAN_POINT ( 'NONE',  ( -33.50000000000000000, 10.49999999999999467, 0.2499999999999533706 ) ) ;
#3729 = CARTESIAN_POINT ( 'NONE',  ( -3.100088496576544728, 32.00000000000001421, 8.757180451233447016 ) ) ;
#3730 = VECTOR ( 'NONE', #1833, 1000.000000000000000 ) ;
#3731 = CARTESIAN_POINT ( 'NONE',  ( -3.366286847542020233, 32.00000000000000711, 3.053601368223809676 ) ) ;
#3732 = DIRECTION ( 'NONE',  ( 0.000000000000000000, -1.000000000000000000, -3.491481338843133355E-15 ) ) ;
#3733 = VECTOR ( 'NONE', #1255, 1000.000000000000000 ) ;
#3734 = EDGE_CURVE ( 'NONE', #1793, #4631, #2744, .T. ) ;
#3735 = VECTOR ( 'NONE', #2382, 1000.000000000000000 ) ;
#3736 = PLANE ( 'NONE',  #2966 ) ;
#3737 = VECTOR ( 'NONE', #3793, 1000.000000000000000 ) ;
#3738 = ORIENTED_EDGE ( 'NONE', *, *, #3553, .T. ) ;
#3739 = ORIENTED_EDGE ( 'NONE', *, *, #4344, .T. ) ;
#3740 = ORIENTED_EDGE ( 'NONE', *, *, #1152, .F. ) ;
#3741 = CARTESIAN_POINT ( 'NONE',  ( -1.257509399701032260, 31.99999999999999289, 12.44774492267472077 ) ) ;
#3742 = EDGE_CURVE ( 'NONE', #815, #2359, #3648, .T. ) ;
#3743 = VECTOR ( 'NONE', #2638, 1000.000000000000000 ) ;
#3744 = VERTEX_POINT ( 'NONE', #2618 ) ;
#3745 = DIRECTION ( 'NONE',  ( -1.000000000000000000, 0.000000000000000000, -0.000000000000000000 ) ) ;
#3746 = AXIS2_PLACEMENT_3D ( 'NONE', #3518, #4574, #4932 ) ;
#3747 = PLANE ( 'NONE',  #4783 ) ;
#3748 = EDGE_CURVE ( 'NONE', #1380, #3028, #3401, .T. ) ;
#3749 = CARTESIAN_POINT ( 'NONE',  ( 2.491430667064947535, 31.99999999999999289, 10.88795047701373875 ) ) ;
#3750 = FACE_OUTER_BOUND ( 'NONE', #4859, .T. ) ;
#3751 = ORIENTED_EDGE ( 'NONE', *, *, #3037, .F. ) ;
#3752 = ORIENTED_EDGE ( 'NONE', *, *, #325, .F. ) ;
#3753 = ORIENTED_EDGE ( 'NONE', *, *, #4120, .T. ) ;
#3754 = CARTESIAN_POINT ( 'NONE',  ( -1.579617136008335088, 24.50000000000000000, 11.48414578258326912 ) ) ;
#3755 = CARTESIAN_POINT ( 'NONE',  ( -27.50000000000000355, 10.50000000000000178, 23.86623553487585525 ) ) ;
#3756 = AXIS2_PLACEMENT_3D ( 'NONE', #2634, #4503, #1875 ) ;
#3757 = DIRECTION ( 'NONE',  ( 7.031943204087918083E-15, 0.000000000000000000, -1.000000000000000000 ) ) ;
#3758 = CARTESIAN_POINT ( 'NONE',  ( 2.799999999999999378, -13.91959594928933441, 21.13801126270789155 ) ) ;
#3759 = CARTESIAN_POINT ( 'NONE',  ( -33.50000000000000000, 16.49999999999999645, 13.24999999999995559 ) ) ;
#3760 = CARTESIAN_POINT ( 'NONE',  ( -35.00000000000000000, 11.99999999999999645, 10.99999999999995381 ) ) ;
#3761 = FACE_OUTER_BOUND ( 'NONE', #4070, .T. ) ;
#3762 = VECTOR ( 'NONE', #506, 1000.000000000000000 ) ;
#3763 = ORIENTED_EDGE ( 'NONE', *, *, #720, .F. ) ;
#3764 = CARTESIAN_POINT ( 'NONE',  ( 0.000000000000000000, 29.09999999999999787, 0.000000000000000000 ) ) ;
#3765 = ADVANCED_FACE ( 'NONE', ( #3847 ), #1145, .T. ) ;
#3766 = LINE ( 'NONE', #689, #1351 ) ;
#3767 = CARTESIAN_POINT ( 'NONE',  ( -27.50000000000000355, 10.50000000000000178, 19.86623553487585170 ) ) ;
#3768 = CARTESIAN_POINT ( 'NONE',  ( -4.098455636355274656, 25.00000000000008527, 25.49999999999942801 ) ) ;
#3769 = ADVANCED_FACE ( 'NONE', ( #377 ), #1952, .T. ) ;
#3770 = DIRECTION ( 'NONE',  ( 0.000000000000000000, 1.000000000000000000, 0.000000000000000000 ) ) ;
#3771 = ORIENTED_EDGE ( 'NONE', *, *, #4424, .T. ) ;
#3772 = DIRECTION ( 'NONE',  ( 0.000000000000000000, 1.000000000000000000, 3.491481338843133355E-15 ) ) ;
#3773 = CARTESIAN_POINT ( 'NONE',  ( 4.100096472055509977, 23.00000000000000000, 22.45905727886303183 ) ) ;
#3774 = EDGE_CURVE ( 'NONE', #2490, #2397, #3379, .T. ) ;
#3775 = CARTESIAN_POINT ( 'NONE',  ( -35.00000000000000000, 17.00000000000000000, 24.99999999999995381 ) ) ;
#3776 = EDGE_CURVE ( 'NONE', #3217, #3488, #3358, .T. ) ;
#3777 = LINE ( 'NONE', #2976, #137 ) ;
#3778 = CARTESIAN_POINT ( 'NONE',  ( 3.073522612991555381, 24.50000000000000000, -0.3903447404358124095 ) ) ;
#3779 = LINE ( 'NONE', #4606, #1947 ) ;
#3780 = CARTESIAN_POINT ( 'NONE',  ( -2.795965881549653975, 24.50000000000000355, 4.035519342158877087 ) ) ;
#3781 = VERTEX_POINT ( 'NONE', #3102 ) ;
#3782 = DIRECTION ( 'NONE',  ( 0.000000000000000000, 0.000000000000000000, 1.000000000000000000 ) ) ;
#3783 = ORIENTED_EDGE ( 'NONE', *, *, #4187, .T. ) ;
#3784 = DIRECTION ( 'NONE',  ( 0.000000000000000000, 1.000000000000000000, 3.491481338843133355E-15 ) ) ;
#3785 = FACE_OUTER_BOUND ( 'NONE', #4159, .T. ) ;
#3786 = CARTESIAN_POINT ( 'NONE',  ( 34.00000000000000000, 32.00000000000000000, -29.00000000000002487 ) ) ;
#3787 = CARTESIAN_POINT ( 'NONE',  ( -4.098455636355274656, 23.00000000000000000, 25.49999999999944222 ) ) ;
#3788 = ORIENTED_EDGE ( 'NONE', *, *, #1931, .T. ) ;
#3789 = CARTESIAN_POINT ( 'NONE',  ( 1.959271164369263296, 24.50000000000000711, 4.785209283498411459 ) ) ;
#3790 = EDGE_CURVE ( 'NONE', #1607, #3225, #3400, .T. ) ;
#3791 = CARTESIAN_POINT ( 'NONE',  ( -25.00000000000000711, 32.00000000000000000, -38.00000000000002842 ) ) ;
#3792 = DIRECTION ( 'NONE',  ( -0.000000000000000000, 1.000000000000000000, -0.000000000000000000 ) ) ;
#3793 = DIRECTION ( 'NONE',  ( 0.000000000000000000, 0.000000000000000000, -1.000000000000000000 ) ) ;
#3794 = EDGE_CURVE ( 'NONE', #2348, #3385, #253, .T. ) ;
#3795 = CARTESIAN_POINT ( 'NONE',  ( 3.599158056653554816, 32.00000000000000000, 0.6221257589855736514 ) ) ;
#3796 = DIRECTION ( 'NONE',  ( -1.000000000000000000, 0.000000000000000000, 1.196361017915039486E-16 ) ) ;
#3797 = AXIS2_PLACEMENT_3D ( 'NONE', #2258, #3441, #4504 ) ;
#3798 = ORIENTED_EDGE ( 'NONE', *, *, #4854, .T. ) ;
#3799 = VECTOR ( 'NONE', #387, 1000.000000000000000 ) ;
#3800 = CARTESIAN_POINT ( 'NONE',  ( -25.00000000000000711, 0.000000000000000000, -29.00000000000002132 ) ) ;
#3801 = EDGE_LOOP ( 'NONE', ( #177, #2697 ) ) ;
#3802 = CARTESIAN_POINT ( 'NONE',  ( -19.81171673543281031, 23.00000000000000000, 27.23807268525122538 ) ) ;
#3803 = ORIENTED_EDGE ( 'NONE', *, *, #1545, .T. ) ;
#3804 = CARTESIAN_POINT ( 'NONE',  ( 25.00000000000000711, 2.000000000000000000, 38.24999999999996447 ) ) ;
#3805 = CARTESIAN_POINT ( 'NONE',  ( -2.249903526357163841, 32.00000000000000000, -1.050058994014394509 ) ) ;
#3806 = CARTESIAN_POINT ( 'NONE',  ( 1.045178806595971066, 31.99999999999999289, 12.67500535258102090 ) ) ;
#3807 = ORIENTED_EDGE ( 'NONE', *, *, #429, .F. ) ;
#3808 = DIRECTION ( 'NONE',  ( -0.000000000000000000, -1.000000000000000000, -0.000000000000000000 ) ) ;
#3809 = ORIENTED_EDGE ( 'NONE', *, *, #2308, .T. ) ;
#3810 = VECTOR ( 'NONE', #2929, 1000.000000000000000 ) ;
#3811 = ORIENTED_EDGE ( 'NONE', *, *, #3677, .F. ) ;
#3812 = CARTESIAN_POINT ( 'NONE',  ( -25.00000000000000711, 30.00000000000000000, -39.00000000000002842 ) ) ;
#3813 = EDGE_CURVE ( 'NONE', #3100, #2397, #4320, .T. ) ;
#3814 = DIRECTION ( 'NONE',  ( -0.000000000000000000, -1.000000000000000000, -0.000000000000000000 ) ) ;
#3815 = ADVANCED_FACE ( 'NONE', ( #4369 ), #1768, .T. ) ;
#3816 = CARTESIAN_POINT ( 'NONE',  ( -3.100088496576544728, 24.49999999999998579, 9.896645782979806683 ) ) ;
#3817 = DIRECTION ( 'NONE',  ( 5.782411586589354681E-16, 0.000000000000000000, -1.000000000000000000 ) ) ;
#3818 = CIRCLE ( 'NONE', #1584, 1.600000000000000755 ) ;
#3819 = DIRECTION ( 'NONE',  ( 0.000000000000000000, 1.000000000000000000, 3.491481338843133355E-15 ) ) ;
#3820 = CARTESIAN_POINT ( 'NONE',  ( -33.50000000000000711, 16.49999999999999289, 17.99999999999995737 ) ) ;
#3821 = EDGE_CURVE ( 'NONE', #3684, #2474, #4732, .T. ) ;
#3822 = CIRCLE ( 'NONE', #2073, 0.5000000000000073275 ) ;
#3823 = CARTESIAN_POINT ( 'NONE',  ( -5.301418384264150241, 23.00000000000000000, 21.57711283463899932 ) ) ;
#3824 = ORIENTED_EDGE ( 'NONE', *, *, #4251, .F. ) ;
#3825 = DIRECTION ( 'NONE',  ( 0.000000000000000000, 1.000000000000000000, 3.491481338843133355E-15 ) ) ;
#3826 = EDGE_CURVE ( 'NONE', #3583, #97, #1652, .T. ) ;
#3827 = ORIENTED_EDGE ( 'NONE', *, *, #3276, .F. ) ;
#3828 = CARTESIAN_POINT ( 'NONE',  ( -33.50000000000000000, 17.00000000000011724, 7.843441091614861172E-14 ) ) ;
#3829 = EDGE_CURVE ( 'NONE', #534, #1045, #4266, .T. ) ;
#3830 = FACE_OUTER_BOUND ( 'NONE', #4347, .T. ) ;
#3831 = LINE ( 'NONE', #2645, #3352 ) ;
#3832 = AXIS2_PLACEMENT_3D ( 'NONE', #3287, #2036, #3984 ) ;
#3833 = LINE ( 'NONE', #3079, #1997 ) ;
#3834 = ORIENTED_EDGE ( 'NONE', *, *, #2791, .F. ) ;
#3835 = CARTESIAN_POINT ( 'NONE',  ( -2.249903526357163841, 24.50000000000000000, -1.050058994014420710 ) ) ;
#3836 = VERTEX_POINT ( 'NONE', #519 ) ;
#3837 = CARTESIAN_POINT ( 'NONE',  ( -11.51379719909759203, 23.00000000000000355, 18.91526484160409538 ) ) ;
#3838 = DIRECTION ( 'NONE',  ( -1.000000000000000000, 2.438088387897967896E-29, -6.982962677686266711E-15 ) ) ;
#3839 = CARTESIAN_POINT ( 'NONE',  ( -3.601026911978597145, 32.00000000000000000, 0.6221257589855251346 ) ) ;
#3840 = VERTEX_POINT ( 'NONE', #146 ) ;
#3841 = CARTESIAN_POINT ( 'NONE',  ( -27.50000000000000355, 10.49999999999999467, 1.749999999999952927 ) ) ;
#3842 = CARTESIAN_POINT ( 'NONE',  ( 10.26313544485287643, 32.00000000000000000, 18.29275258562296713 ) ) ;
#3843 = VECTOR ( 'NONE', #4398, 1000.000000000000000 ) ;
#3844 = CARTESIAN_POINT ( 'NONE',  ( 0.000000000000000000, 29.50000000000000000, -17.04445395531110563 ) ) ;
#3845 = CARTESIAN_POINT ( 'NONE',  ( 7.599667529665843801, 23.00000000000000000, 24.06419186098130325 ) ) ;
#3846 = EDGE_CURVE ( 'NONE', #3207, #274, #1707, .T. ) ;
#3847 = FACE_OUTER_BOUND ( 'NONE', #2969, .T. ) ;
#3848 = AXIS2_PLACEMENT_3D ( 'NONE', #2363, #2825, #3556 ) ;
#3849 = CARTESIAN_POINT ( 'NONE',  ( -46.31370849898476649, 10.50000000000000711, 17.99999999999995381 ) ) ;
#3850 = CARTESIAN_POINT ( 'NONE',  ( -13.50043034469988434, 28.49999999999999645, 12.01317212208040530 ) ) ;
#3851 = EDGE_CURVE ( 'NONE', #97, #1088, #3944, .T. ) ;
#3852 = FACE_OUTER_BOUND ( 'NONE', #1869, .T. ) ;
#3853 = DIRECTION ( 'NONE',  ( -1.000000000000000000, 0.000000000000000000, 0.000000000000000000 ) ) ;
#3854 = EDGE_LOOP ( 'NONE', ( #555, #4044, #3876, #1269 ) ) ;
#3855 = DIRECTION ( 'NONE',  ( 1.000000000000000000, 0.000000000000000000, 0.000000000000000000 ) ) ;
#3856 = ORIENTED_EDGE ( 'NONE', *, *, #3982, .T. ) ;
#3857 = ORIENTED_EDGE ( 'NONE', *, *, #2252, .T. ) ;
#3858 = CARTESIAN_POINT ( 'NONE',  ( 1.101485361694153120, 24.50000000000000000, 5.187071063562613382 ) ) ;
#3859 = FACE_OUTER_BOUND ( 'NONE', #2582, .T. ) ;
#3860 = EDGE_CURVE ( 'NONE', #2065, #3217, #2849, .T. ) ;
#3861 = LINE ( 'NONE', #139, #2591 ) ;
#3862 = FACE_OUTER_BOUND ( 'NONE', #3436, .T. ) ;
#3863 = PLANE ( 'NONE',  #4068 ) ;
#3864 = CARTESIAN_POINT ( 'NONE',  ( 25.00000000000000711, 32.00000000000000000, 37.99999999999996447 ) ) ;
#3865 = EDGE_LOOP ( 'NONE', ( #1386, #3577, #4191, #4059 ) ) ;
#3866 = CARTESIAN_POINT ( 'NONE',  ( 4.100096472055509977, 23.00000000000000000, 22.45905727886303183 ) ) ;
#3867 = CARTESIAN_POINT ( 'NONE',  ( -3.292122310765841053, 24.49999999999998934, 3.231456317864767058 ) ) ;
#3868 = EDGE_CURVE ( 'NONE', #2743, #1226, #2952, .T. ) ;
#3869 = CARTESIAN_POINT ( 'NONE',  ( -8.743329047513924479, 24.50000000000000000, 7.256070824894444549 ) ) ;
#3870 = ORIENTED_EDGE ( 'NONE', *, *, #4339, .T. ) ;
#3871 = ORIENTED_EDGE ( 'NONE', *, *, #2308, .F. ) ;
#3872 = CARTESIAN_POINT ( 'NONE',  ( -10.26147307730576586, 28.50000000000003197, 18.29275258562281081 ) ) ;
#3873 = CARTESIAN_POINT ( 'NONE',  ( -25.00000000000000711, 28.49999999999999645, 28.99999999999997158 ) ) ;
#3874 = CARTESIAN_POINT ( 'NONE',  ( 0.0008204178503570802583, 24.50000000000000000, 13.06458333644164149 ) ) ;
#3875 = VECTOR ( 'NONE', #3930, 1000.000000000000000 ) ;
#3876 = ORIENTED_EDGE ( 'NONE', *, *, #118, .F. ) ;
#3877 = EDGE_CURVE ( 'NONE', #784, #778, #3127, .T. ) ;
#3878 = FACE_OUTER_BOUND ( 'NONE', #3221, .T. ) ;
#3879 = ORIENTED_EDGE ( 'NONE', *, *, #4208, .F. ) ;
#3880 = VERTEX_POINT ( 'NONE', #2463 ) ;
#3881 = CARTESIAN_POINT ( 'NONE',  ( -8.871527771933303441, 23.00000000000000000, 17.83061455815530039 ) ) ;
#3882 = VECTOR ( 'NONE', #4027, 1000.000000000000000 ) ;
#3883 = DIRECTION ( 'NONE',  ( -4.908688302946797091E-17, 0.000000000000000000, 1.000000000000000000 ) ) ;
#3884 = EDGE_CURVE ( 'NONE', #2161, #1470, #904, .T. ) ;
#3885 = CARTESIAN_POINT ( 'NONE',  ( -3.601026911978597145, 31.99999999999999289, 1.758059867859523395 ) ) ;
#3886 = AXIS2_PLACEMENT_3D ( 'NONE', #4785, #4701, #982 ) ;
#3887 = ORIENTED_EDGE ( 'NONE', *, *, #4540, .T. ) ;
#3888 = CARTESIAN_POINT ( 'NONE',  ( -35.00000000000000000, 17.25000000000000000, 24.99999999999995381 ) ) ;
#3889 = CARTESIAN_POINT ( 'NONE',  ( 1.580485307102377002, 24.50000000000000000, 11.44872285135580192 ) ) ;
#3890 = VECTOR ( 'NONE', #2103, 1000.000000000000000 ) ;
#3891 = LINE ( 'NONE', #3618, #3274 ) ;
#3892 = CIRCLE ( 'NONE', #952, 1.000000000000000888 ) ;
#3893 = VERTEX_POINT ( 'NONE', #1299 ) ;
#3894 = CARTESIAN_POINT ( 'NONE',  ( -33.50000000000000000, 10.00049802381102992, 24.98421203201064600 ) ) ;
#3895 = DIRECTION ( 'NONE',  ( -1.000000000000000000, 2.438088387897967896E-29, -6.982962677686266711E-15 ) ) ;
#3896 = VECTOR ( 'NONE', #2736, 1000.000000000000000 ) ;
#3897 = CARTESIAN_POINT ( 'NONE',  ( 5.299549528938802823, 23.00000000000000000, 21.57711283463907392 ) ) ;
#3898 = ORIENTED_EDGE ( 'NONE', *, *, #4120, .F. ) ;
#3899 = ORIENTED_EDGE ( 'NONE', *, *, #4552, .F. ) ;
#3900 = DIRECTION ( 'NONE',  ( -0.000000000000000000, -1.000000000000000000, -0.000000000000000000 ) ) ;
#3901 = DIRECTION ( 'NONE',  ( 0.000000000000000000, -1.000000000000000000, 5.782411586589354927E-17 ) ) ;
#3902 = CARTESIAN_POINT ( 'NONE',  ( 25.00000000000000711, 2.000000000000000000, -38.25000000000002132 ) ) ;
#3903 = ORIENTED_EDGE ( 'NONE', *, *, #1679, .F. ) ;
#3904 = CARTESIAN_POINT ( 'NONE',  ( -1.579123913260913170, 32.00000000000000000, 11.45401321221913626 ) ) ;
#3905 = EDGE_LOOP ( 'NONE', ( #3447, #2874, #4330, #4594, #2110, #189, #242, #893, #2274, #2796, #1932, #4236 ) ) ;
#3906 = ORIENTED_EDGE ( 'NONE', *, *, #1960, .F. ) ;
#3907 = VECTOR ( 'NONE', #1124, 1000.000000000000000 ) ;
#3908 = CARTESIAN_POINT ( 'NONE',  ( 3.361402676273733459, 32.00000000000000000, 0.4412515164656084510 ) ) ;
#3909 = VECTOR ( 'NONE', #455, 1000.000000000000000 ) ;
#3910 = CARTESIAN_POINT ( 'NONE',  ( -5.301418384264150241, 32.00000000000000000, 21.57711283463900287 ) ) ;
#3911 = EDGE_CURVE ( 'NONE', #4943, #1784, #1243, .T. ) ;
#3912 = LINE ( 'NONE', #2789, #2425 ) ;
#3913 = ADVANCED_FACE ( 'NONE', ( #4633 ), #4345, .F. ) ;
#3914 = VERTEX_POINT ( 'NONE', #2769 ) ;
#3915 = CARTESIAN_POINT ( 'NONE',  ( 25.00000000000000711, 0.000000000000000000, -39.00000000000002132 ) ) ;
#3916 = DIRECTION ( 'NONE',  ( 7.080019743072041564E-15, 0.000000000000000000, -1.000000000000000000 ) ) ;
#3917 = ADVANCED_FACE ( 'NONE', ( #927 ), #2406, .T. ) ;
#3918 = EDGE_CURVE ( 'NONE', #1959, #2919, #2381, .T. ) ;
#3919 = ORIENTED_EDGE ( 'NONE', *, *, #3716, .F. ) ;
#3920 = LINE ( 'NONE', #3548, #1197 ) ;
#3921 = DIRECTION ( 'NONE',  ( 0.000000000000000000, 1.000000000000000000, 3.491481338843133355E-15 ) ) ;
#3922 = CARTESIAN_POINT ( 'NONE',  ( 1.577748280683119564, 32.00000000000000000, 11.42771081216555373 ) ) ;
#3923 = EDGE_LOOP ( 'NONE', ( #3811, #3976, #2507, #1169 ) ) ;
#3924 = VERTEX_POINT ( 'NONE', #551 ) ;
#3925 = CARTESIAN_POINT ( 'NONE',  ( -12.05359021688597032, 25.00000000000010658, 19.36521081018106827 ) ) ;
#3926 = CARTESIAN_POINT ( 'NONE',  ( -3.100088496576544728, 24.49999999999996447, 8.757180451233420371 ) ) ;
#3927 = DIRECTION ( 'NONE',  ( 0.000000000000000000, 1.000000000000000000, 3.491481338843133355E-15 ) ) ;
#3928 = VERTEX_POINT ( 'NONE', #3601 ) ;
#3929 = CARTESIAN_POINT ( 'NONE',  ( -34.00000000000000000, 32.00000000000000000, 28.99999999999997158 ) ) ;
#3930 = DIRECTION ( 'NONE',  ( -0.000000000000000000, 1.000000000000000000, -0.000000000000000000 ) ) ;
#3931 = ORIENTED_EDGE ( 'NONE', *, *, #1136, .T. ) ;
#3932 = EDGE_LOOP ( 'NONE', ( #3595, #4459, #4564, #386 ) ) ;
#3933 = CARTESIAN_POINT ( 'NONE',  ( 3.130077568303159641, 32.00000000000000711, -0.03953836122249493323 ) ) ;
#3934 = CARTESIAN_POINT ( 'NONE',  ( -1.661739175062546092, 24.49999999999999645, 6.137180302330119019 ) ) ;
#3935 = DIRECTION ( 'NONE',  ( -0.000000000000000000, -1.000000000000000000, -0.000000000000000000 ) ) ;
#3936 = VERTEX_POINT ( 'NONE', #579 ) ;
#3937 = EDGE_CURVE ( 'NONE', #1784, #2716, #4869, .T. ) ;
#3938 = CARTESIAN_POINT ( 'NONE',  ( 1.959434878635766216E-16, -13.91959594928933441, 16.73801126270788941 ) ) ;
#3939 = CARTESIAN_POINT ( 'NONE',  ( -1.579617136008335088, 32.00000000000000000, 11.46651120006816527 ) ) ;
#3940 = ADVANCED_FACE ( 'NONE', ( #3328 ), #310, .T. ) ;
#3941 = ORIENTED_EDGE ( 'NONE', *, *, #3276, .T. ) ;
#3942 = EDGE_CURVE ( 'NONE', #1314, #2982, #4791, .T. ) ;
#3943 = LINE ( 'NONE', #2101, #2605 ) ;
#3944 = LINE ( 'NONE', #1222, #4080 ) ;
#3945 = DIRECTION ( 'NONE',  ( 0.000000000000000000, 0.000000000000000000, -1.000000000000000000 ) ) ;
#3946 = VERTEX_POINT ( 'NONE', #4841 ) ;
#3947 = EDGE_LOOP ( 'NONE', ( #1206, #2096, #2833, #3282, #3457, #2275, #1282, #906 ) ) ;
#3948 = CARTESIAN_POINT ( 'NONE',  ( -33.50000000000000000, 2.000000000000001776, 28.99999999999997158 ) ) ;
#3949 = DIRECTION ( 'NONE',  ( -0.000000000000000000, -1.000000000000000000, -0.000000000000000000 ) ) ;
#3950 = DIRECTION ( 'NONE',  ( 0.000000000000000000, 1.000000000000000000, -0.000000000000000000 ) ) ;
#3951 = EDGE_LOOP ( 'NONE', ( #2573, #2236, #591, #1795 ) ) ;
#3952 = CARTESIAN_POINT ( 'NONE',  ( 3.599158056653534388, 24.49999999999999645, 3.363194449977796374 ) ) ;
#3953 = FACE_OUTER_BOUND ( 'NONE', #4881, .T. ) ;
#3954 = ORIENTED_EDGE ( 'NONE', *, *, #1484, .F. ) ;
#3955 = ORIENTED_EDGE ( 'NONE', *, *, #4729, .T. ) ;
#3956 = ORIENTED_EDGE ( 'NONE', *, *, #3148, .T. ) ;
#3957 = LINE ( 'NONE', #1235, #4367 ) ;
#3958 = CARTESIAN_POINT ( 'NONE',  ( -25.88422689413609490, 14.99999999999999645, 10.99999999999995381 ) ) ;
#3959 = VECTOR ( 'NONE', #133, 1000.000000000000000 ) ;
#3960 = PLANE ( 'NONE',  #215 ) ;
#3961 = ORIENTED_EDGE ( 'NONE', *, *, #4545, .F. ) ;
#3962 = AXIS2_PLACEMENT_3D ( 'NONE', #4635, #1610, #1533 ) ;
#3963 = CARTESIAN_POINT ( 'NONE',  ( 1.959434878635766709E-16, 23.00000000000000000, 16.73801126270788941 ) ) ;
#3964 = DIRECTION ( 'NONE',  ( -1.000000000000000000, 0.000000000000000000, -4.908688302946797707E-17 ) ) ;
#3965 = EDGE_CURVE ( 'NONE', #4631, #980, #681, .T. ) ;
#3966 = MECHANICAL_DESIGN_GEOMETRIC_PRESENTATION_REPRESENTATION (  '', ( #4666 ), #1034 ) ;
#3967 = ORIENTED_EDGE ( 'NONE', *, *, #4733, .F. ) ;
#3968 = AXIS2_PLACEMENT_3D ( 'NONE', #510, #2868, #2039 ) ;
#3969 = ORIENTED_EDGE ( 'NONE', *, *, #521, .T. ) ;
#3970 = DIRECTION ( 'NONE',  ( 0.000000000000000000, -1.000000000000000000, 0.000000000000000000 ) ) ;
#3971 = ADVANCED_FACE ( 'NONE', ( #633 ), #3354, .T. ) ;
#3972 = VECTOR ( 'NONE', #4025, 1000.000000000000000 ) ;
#3973 = AXIS2_PLACEMENT_3D ( 'NONE', #2248, #1582, #2316 ) ;
#3974 = LINE ( 'NONE', #581, #4510 ) ;
#3975 = EDGE_CURVE ( 'NONE', #3639, #3298, #1413, .T. ) ;
#3976 = ORIENTED_EDGE ( 'NONE', *, *, #1474, .F. ) ;
#3977 = LINE ( 'NONE', #2384, #4135 ) ;
#3978 = VECTOR ( 'NONE', #1324, 1000.000000000000000 ) ;
#3979 = LINE ( 'NONE', #2084, #1539 ) ;
#3980 = EDGE_CURVE ( 'NONE', #3676, #1399, #1066, .T. ) ;
#3981 = DIRECTION ( 'NONE',  ( -7.249116767772138804E-15, 0.000000000000000000, 1.000000000000000000 ) ) ;
#3982 = EDGE_CURVE ( 'NONE', #979, #150, #2199, .T. ) ;
#3983 = ORIENTED_EDGE ( 'NONE', *, *, #3650, .T. ) ;
#3984 = DIRECTION ( 'NONE',  ( 0.000000000000000000, 0.000000000000000000, -1.000000000000000000 ) ) ;
#3985 = CARTESIAN_POINT ( 'NONE',  ( 2.251544362057766868, 24.50000000000000000, -4.500214463258164876 ) ) ;
#3986 = VECTOR ( 'NONE', #471, 1000.000000000000000 ) ;
#3987 = VECTOR ( 'NONE', #117, 1000.000000000000000 ) ;
#3988 = EDGE_LOOP ( 'NONE', ( #4318, #3714, #4410, #3956 ) ) ;
#3989 = ORIENTED_EDGE ( 'NONE', *, *, #3685, .T. ) ;
#3990 = DIRECTION ( 'NONE',  ( 0.5923876895079395188, -2.812922564402562005E-15, 0.8056530427668260330 ) ) ;
#3991 = DIRECTION ( 'NONE',  ( 0.000000000000000000, 0.000000000000000000, 1.000000000000000000 ) ) ;
#3992 = CARTESIAN_POINT ( 'NONE',  ( -27.50000000000000355, 10.49999999999999112, 13.24999999999995204 ) ) ;
#3993 = CARTESIAN_POINT ( 'NONE',  ( 25.00000000000000711, 32.00000000000000000, 28.99999999999997158 ) ) ;
#3994 = EDGE_LOOP ( 'NONE', ( #3724, #4216, #115, #4578 ) ) ;
#3995 = ORIENTED_EDGE ( 'NONE', *, *, #279, .T. ) ;
#3996 = DIRECTION ( 'NONE',  ( -0.000000000000000000, -1.000000000000000000, -0.000000000000000000 ) ) ;
#3997 = DIRECTION ( 'NONE',  ( 0.000000000000000000, 0.000000000000000000, -1.000000000000000000 ) ) ;
#3998 = VECTOR ( 'NONE', #1339, 1000.000000000000000 ) ;
#3999 = CARTESIAN_POINT ( 'NONE',  ( -5.301418384264117378, 32.00000000000000000, 16.80050947618687118 ) ) ;
#4000 = DIRECTION ( 'NONE',  ( -0.000000000000000000, 1.000000000000000000, -0.000000000000000000 ) ) ;
#4001 = CARTESIAN_POINT ( 'NONE',  ( -25.50000000000000355, 19.50000000000000355, 23.86623553487585525 ) ) ;
#4002 = DIRECTION ( 'NONE',  ( 0.000000000000000000, -1.000000000000000000, -3.491481338843133355E-15 ) ) ;
#4003 = ADVANCED_FACE ( 'NONE', ( #258 ), #3688, .T. ) ;
#4004 = LINE ( 'NONE', #3631, #637 ) ;
#4005 = LINE ( 'NONE', #1713, #91 ) ;
#4006 = CARTESIAN_POINT ( 'NONE',  ( -34.00000000000000000, 29.50000000000000000, 13.00000000000000000 ) ) ;
#4007 = ADVANCED_FACE ( 'NONE', ( #202 ), #3254, .F. ) ;
#4008 = VERTEX_POINT ( 'NONE', #4099 ) ;
#4009 = DIRECTION ( 'NONE',  ( 0.000000000000000000, 1.000000000000000000, 3.491481338843133355E-15 ) ) ;
#4010 = LINE ( 'NONE', #4353, #2349 ) ;
#4011 = EDGE_CURVE ( 'NONE', #3184, #1697, #1837, .T. ) ;
#4012 = EDGE_LOOP ( 'NONE', ( #920, #22, #877, #3753 ) ) ;
#4013 = ORIENTED_EDGE ( 'NONE', *, *, #3593, .F. ) ;
#4014 = CARTESIAN_POINT ( 'NONE',  ( 2.985014028794628071, 32.00000000000000000, -0.2704479316219531859 ) ) ;
#4015 = CARTESIAN_POINT ( 'NONE',  ( 0.0008204178503570802583, 31.99999999999999289, 13.06458333644166814 ) ) ;
#4016 = AXIS2_PLACEMENT_3D ( 'NONE', #343, #4519, #3009 ) ;
#4017 = CARTESIAN_POINT ( 'NONE',  ( 4.100096472055489549, 25.00000000000008527, 25.49999999999948486 ) ) ;
#4018 = LINE ( 'NONE', #2501, #2596 ) ;
#4019 = ORIENTED_EDGE ( 'NONE', *, *, #4487, .F. ) ;
#4020 = VERTEX_POINT ( 'NONE', #1011 ) ;
#4021 = ORIENTED_EDGE ( 'NONE', *, *, #685, .F. ) ;
#4022 = CYLINDRICAL_SURFACE ( 'NONE', #2609, 8.499999999999996447 ) ;
#4023 = CARTESIAN_POINT ( 'NONE',  ( -34.00000000000000711, 29.50000000000000000, -29.00000000000002132 ) ) ;
#4024 = DIRECTION ( 'NONE',  ( 1.000000000000000000, 0.000000000000000000, -0.000000000000000000 ) ) ;
#4025 = DIRECTION ( 'NONE',  ( 0.000000000000000000, 1.000000000000000000, 3.491481338843133355E-15 ) ) ;
#4026 = ORIENTED_EDGE ( 'NONE', *, *, #1392, .F. ) ;
#4027 = DIRECTION ( 'NONE',  ( 0.000000000000000000, 1.000000000000000000, 3.491481338843133355E-15 ) ) ;
#4028 = EDGE_CURVE ( 'NONE', #4846, #1372, #2176, .T. ) ;
#4029 = DIRECTION ( 'NONE',  ( -7.080019743072022631E-15, 0.000000000000000000, 1.000000000000000000 ) ) ;
#4030 = DIRECTION ( 'NONE',  ( -1.000000000000000000, -0.000000000000000000, -0.000000000000000000 ) ) ;
#4031 = EDGE_CURVE ( 'NONE', #410, #1394, #1084, .T. ) ;
#4032 = ORIENTED_EDGE ( 'NONE', *, *, #2089, .F. ) ;
#4033 = LINE ( 'NONE', #2111, #3762 ) ;
#4034 = CARTESIAN_POINT ( 'NONE',  ( -35.00000000000000000, 10.50049802381102815, 18.98421203201065310 ) ) ;
#4035 = VERTEX_POINT ( 'NONE', #4053 ) ;
#4036 = ORIENTED_EDGE ( 'NONE', *, *, #2909, .F. ) ;
#4037 = LINE ( 'NONE', #2186, #1666 ) ;
#4038 = CARTESIAN_POINT ( 'NONE',  ( 34.00000000000000000, 32.00000000000000000, 28.99999999999997513 ) ) ;
#4039 = PLANE ( 'NONE',  #4298 ) ;
#4040 = EDGE_CURVE ( 'NONE', #4744, #3073, #3712, .T. ) ;
#4041 = CARTESIAN_POINT ( 'NONE',  ( -10.26147307730576586, 25.00000000000011013, 18.29275258562279660 ) ) ;
#4042 = VERTEX_POINT ( 'NONE', #2883 ) ;
#4043 = EDGE_LOOP ( 'NONE', ( #3155, #2897, #240, #38, #3167, #2594, #2983, #2013, #729, #68, #4847, #4834, #1429, #2724, #3931, #1595 ) ) ;
#4044 = ORIENTED_EDGE ( 'NONE', *, *, #808, .T. ) ;
#4045 = LINE ( 'NONE', #722, #3415 ) ;
#4046 = AXIS2_PLACEMENT_3D ( 'NONE', #1140, #2656, #2974 ) ;
#4047 = DIRECTION ( 'NONE',  ( -0.000000000000000000, 0.000000000000000000, 1.000000000000000000 ) ) ;
#4048 = EDGE_CURVE ( 'NONE', #1793, #3914, #2930, .T. ) ;
#4049 = DIRECTION ( 'NONE',  ( 1.000000000000000000, -0.000000000000000000, 0.000000000000000000 ) ) ;
#4050 = VECTOR ( 'NONE', #2493, 1000.000000000000000 ) ;
#4051 = CARTESIAN_POINT ( 'NONE',  ( -10.26147307730576586, 32.00000000000000000, 18.29275258562282147 ) ) ;
#4052 = VECTOR ( 'NONE', #260, 1000.000000000000000 ) ;
#4053 = CARTESIAN_POINT ( 'NONE',  ( -33.50000000000000000, 10.49999999999999467, 0.2499999999999533706 ) ) ;
#4054 = DIRECTION ( 'NONE',  ( -0.000000000000000000, -1.000000000000000000, -0.000000000000000000 ) ) ;
#4055 = VECTOR ( 'NONE', #4505, 1000.000000000000000 ) ;
#4056 = CARTESIAN_POINT ( 'NONE',  ( 3.599158056653554816, 24.49999999999999645, 0.6221257589855474501 ) ) ;
#4057 = CARTESIAN_POINT ( 'NONE',  ( -33.50000000000000711, 16.50000000000000000, 18.99999999999995737 ) ) ;
#4058 = AXIS2_PLACEMENT_3D ( 'NONE', #436, #4161, #2633 ) ;
#4059 = ORIENTED_EDGE ( 'NONE', *, *, #559, .F. ) ;
#4060 = APPLICATION_PROTOCOL_DEFINITION ( 'draft international standard', 'automotive_design', 1998, #4115 ) ;
#4061 = PLANE ( 'NONE',  #2932 ) ;
#4062 = CIRCLE ( 'NONE', #1675, 9.999999999999998224 ) ;
#4063 = ORIENTED_EDGE ( 'NONE', *, *, #3089, .F. ) ;
#4064 = ORIENTED_EDGE ( 'NONE', *, *, #4213, .F. ) ;
#4065 = CARTESIAN_POINT ( 'NONE',  ( -7.601536384979907801, 28.49999999999999645, 18.11989491967041133 ) ) ;
#4066 = PLANE ( 'NONE',  #2231 ) ;
#4067 = DIRECTION ( 'NONE',  ( 1.000000000000000000, 0.000000000000000000, 3.802133645976563900E-16 ) ) ;
#4068 = AXIS2_PLACEMENT_3D ( 'NONE', #3525, #112, #2327 ) ;
#4069 = CARTESIAN_POINT ( 'NONE',  ( -7.601536384991179673, 32.00000000000000000, 18.11989491965043797 ) ) ;
#4070 = EDGE_LOOP ( 'NONE', ( #2341, #1752, #533, #2115 ) ) ;
#4071 = LINE ( 'NONE', #3299, #1832 ) ;
#4072 = EDGE_CURVE ( 'NONE', #2137, #4035, #2907, .T. ) ;
#4073 = DIRECTION ( 'NONE',  ( 0.000000000000000000, -0.000000000000000000, 1.000000000000000000 ) ) ;
#4074 = EDGE_CURVE ( 'NONE', #784, #937, #4770, .T. ) ;
#4075 = CARTESIAN_POINT ( 'NONE',  ( -33.50000000000000000, 16.49999999999999645, 13.24999999999995559 ) ) ;
#4076 = CARTESIAN_POINT ( 'NONE',  ( -2.264856034047436850, 32.00000000000002132, 4.564273763274421469 ) ) ;
#4077 = ADVANCED_FACE ( 'NONE', ( #4891 ), #3475, .F. ) ;
#4078 = B_SPLINE_SURFACE_WITH_KNOTS ( 'NONE', 2, 1, ( 
 ( #3668, #243 ),
 ( #1444, #1021 ),
 ( #2523, #4065 ) ),
 .UNSPECIFIED., .F., .F., .F.,
 ( 3, 3 ),
 ( 2, 2 ),
 ( 0.4996128279758629831, 0.5000489852514867772 ),
 ( 0.000000000000000000, 1.000000000000000000 ),
 .UNSPECIFIED. ) ;
#4079 = VECTOR ( 'NONE', #3981, 1000.000000000000000 ) ;
#4080 = VECTOR ( 'NONE', #3170, 1000.000000000000000 ) ;
#4081 = DIRECTION ( 'NONE',  ( 1.000000000000000000, -2.438088387897967896E-29, 6.982962677686266711E-15 ) ) ;
#4082 = ORIENTED_EDGE ( 'NONE', *, *, #4630, .T. ) ;
#4083 = VERTEX_POINT ( 'NONE', #3760 ) ;
#4084 = LINE ( 'NONE', #3659, #2081 ) ;
#4085 = ORIENTED_EDGE ( 'NONE', *, *, #2752, .F. ) ;
#4086 = DIRECTION ( 'NONE',  ( 0.000000000000000000, 0.000000000000000000, -1.000000000000000000 ) ) ;
#4087 = EDGE_LOOP ( 'NONE', ( #4743, #1018, #1303, #4419 ) ) ;
#4088 = ORIENTED_EDGE ( 'NONE', *, *, #3545, .F. ) ;
#4089 = CARTESIAN_POINT ( 'NONE',  ( 34.25000000000000000, 2.000000000000000000, -29.00000000000002487 ) ) ;
#4090 = CARTESIAN_POINT ( 'NONE',  ( -25.00000000000000711, 30.00000000000000000, 28.99999999999997158 ) ) ;
#4091 = CARTESIAN_POINT ( 'NONE',  ( 3.101750864123765883, 24.49999999999999645, 8.757180451233468332 ) ) ;
#4092 = CARTESIAN_POINT ( 'NONE',  ( -2.999999999999996447, 28.49999999999999645, -20.04445395531110918 ) ) ;
#4093 = VERTEX_POINT ( 'NONE', #336 ) ;
#4094 = CARTESIAN_POINT ( 'NONE',  ( -12.05359021688597032, 23.00000000000000000, 19.36521081018106116 ) ) ;
#4095 = LINE ( 'NONE', #3728, #1589 ) ;
#4096 = EDGE_CURVE ( 'NONE', #1928, #2297, #2262, .T. ) ;
#4097 = CARTESIAN_POINT ( 'NONE',  ( -35.00000000000000000, 14.99999999999999645, 10.99999999999995381 ) ) ;
#4098 = FACE_OUTER_BOUND ( 'NONE', #2035, .T. ) ;
#4099 = CARTESIAN_POINT ( 'NONE',  ( -34.25000000000000000, 0.000000000000000000, 28.99999999999997158 ) ) ;
#4100 = EDGE_CURVE ( 'NONE', #2065, #4123, #2438, .T. ) ;
#4101 = DIRECTION ( 'NONE',  ( 1.000000000000000000, 0.000000000000000000, -2.748605226541390308E-16 ) ) ;
#4102 = VERTEX_POINT ( 'NONE', #3820 ) ;
#4103 = DIRECTION ( 'NONE',  ( 7.249116767772138804E-15, 0.000000000000000000, -1.000000000000000000 ) ) ;
#4104 = ORIENTED_EDGE ( 'NONE', *, *, #4172, .T. ) ;
#4105 = CYLINDRICAL_SURFACE ( 'NONE', #3501, 1.600000000000000755 ) ;
#4106 = DIRECTION ( 'NONE',  ( 0.000000000000000000, 0.000000000000000000, -1.000000000000000000 ) ) ;
#4107 = CARTESIAN_POINT ( 'NONE',  ( 15.84405090676714600, 23.00000000000000000, 13.67730034089338709 ) ) ;
#4108 = CARTESIAN_POINT ( 'NONE',  ( 5.299549528938837462, 23.00000000000000000, 16.80050947618696355 ) ) ;
#4109 = ORIENTED_EDGE ( 'NONE', *, *, #4630, .F. ) ;
#4110 = EDGE_LOOP ( 'NONE', ( #1987, #4817, #2807, #3180 ) ) ;
#4111 = DIRECTION ( 'NONE',  ( -0.000000000000000000, 1.000000000000000000, -0.000000000000000000 ) ) ;
#4112 = DIRECTION ( 'NONE',  ( -0.000000000000000000, -1.000000000000000000, -0.000000000000000000 ) ) ;
#4113 = FACE_OUTER_BOUND ( 'NONE', #2867, .T. ) ;
#4114 = CARTESIAN_POINT ( 'NONE',  ( -34.00000000000000000, 29.50000000000000000, 28.99999999999997158 ) ) ;
#4115 = APPLICATION_CONTEXT ( 'automotive_design' ) ;
#4116 = DIRECTION ( 'NONE',  ( 0.000000000000000000, 0.000000000000000000, -1.000000000000000000 ) ) ;
#4117 = VECTOR ( 'NONE', #4595, 1000.000000000000000 ) ;
#4118 = EDGE_CURVE ( 'NONE', #4513, #320, #354, .T. ) ;
#4119 = VECTOR ( 'NONE', #3531, 1000.000000000000000 ) ;
#4120 = EDGE_CURVE ( 'NONE', #2755, #1564, #4912, .T. ) ;
#4121 = LINE ( 'NONE', #1767, #3359 ) ;
#4122 = VERTEX_POINT ( 'NONE', #3420 ) ;
#4123 = VERTEX_POINT ( 'NONE', #1481 ) ;
#4124 =( NAMED_UNIT ( * ) PLANE_ANGLE_UNIT ( ) SI_UNIT ( $, .RADIAN. ) );
#4125 = CARTESIAN_POINT ( 'NONE',  ( -25.00000000000000711, 32.00000000000000000, -29.00000000000002132 ) ) ;
#4126 = DIRECTION ( 'NONE',  ( 0.000000000000000000, 1.000000000000000000, -0.000000000000000000 ) ) ;
#4127 = ADVANCED_FACE ( 'NONE', ( #1572 ), #772, .F. ) ;
#4128 = VECTOR ( 'NONE', #3772, 1000.000000000000000 ) ;
#4129 = DIRECTION ( 'NONE',  ( -1.000000000000000000, -0.000000000000000000, -0.000000000000000000 ) ) ;
#4130 = LINE ( 'NONE', #3722, #3544 ) ;
#4131 = EDGE_CURVE ( 'NONE', #1353, #3476, #2614, .T. ) ;
#4132 = ORIENTED_EDGE ( 'NONE', *, *, #4283, .F. ) ;
#4133 = DIRECTION ( 'NONE',  ( 0.000000000000000000, -1.000000000000000000, 0.000000000000000000 ) ) ;
#4134 = VECTOR ( 'NONE', #3970, 1000.000000000000000 ) ;
#4135 = VECTOR ( 'NONE', #2032, 1000.000000000000000 ) ;
#4136 = VERTEX_POINT ( 'NONE', #4186 ) ;
#4137 = EDGE_LOOP ( 'NONE', ( #2531, #4032, #4462, #3337, #3666, #1005 ) ) ;
#4138 = LINE ( 'NONE', #3016, #311 ) ;
#4139 = DIRECTION ( 'NONE',  ( -0.000000000000000000, 1.000000000000000000, -0.000000000000000000 ) ) ;
#4140 = AXIS2_PLACEMENT_3D ( 'NONE', #3220, #2457, #3997 ) ;
#4141 = UNCERTAINTY_MEASURE_WITH_UNIT (LENGTH_MEASURE( 1.000000000000000082E-05 ), #3686, 'distance_accuracy_value', 'NONE');
#4142 = CARTESIAN_POINT ( 'NONE',  ( -8.871527771934950124, 29.49999999999983658, 17.83061455812335083 ) ) ;
#4143 = LINE ( 'NONE', #1877, #3810 ) ;
#4144 = CARTESIAN_POINT ( 'NONE',  ( 25.00000000000000711, 30.00000000000000000, -29.00000000000002132 ) ) ;
#4145 = CARTESIAN_POINT ( 'NONE',  ( 25.00000000000000711, 32.00000000000000000, 28.99999999999997158 ) ) ;
#4146 = AXIS2_PLACEMENT_3D ( 'NONE', #385, #1586, #835 ) ;
#4147 = DIRECTION ( 'NONE',  ( -1.000000000000000000, 2.438088387897967896E-29, -6.982962677686266711E-15 ) ) ;
#4148 = EDGE_LOOP ( 'NONE', ( #4255, #1369, #3898, #719 ) ) ;
#4149 = PRODUCT_CONTEXT ( 'NONE', #4115, 'mechanical' ) ;
#4150 = ADVANCED_FACE ( 'NONE', ( #751, #372 ), #1526, .T. ) ;
#4151 = DIRECTION ( 'NONE',  ( -1.000000000000000000, 0.000000000000000000, 0.000000000000000000 ) ) ;
#4152 = ORIENTED_EDGE ( 'NONE', *, *, #4508, .F. ) ;
#4153 = CARTESIAN_POINT ( 'NONE',  ( 1.581279503555507837, 32.00000000000000000, 11.48414578258331531 ) ) ;
#4154 = CARTESIAN_POINT ( 'NONE',  ( -2.999999999999996447, 28.49999999999999645, -14.04445395531110741 ) ) ;
#4155 = CARTESIAN_POINT ( 'NONE',  ( 2.921446106669394638, 24.50000000000000355, 9.810787865717829348 ) ) ;
#4156 = ADVANCED_FACE ( 'NONE', ( #2660, #1924, #3097, #4507 ), #2242, .T. ) ;
#4157 = DIRECTION ( 'NONE',  ( 0.000000000000000000, 0.000000000000000000, -1.000000000000000000 ) ) ;
#4158 = ORIENTED_EDGE ( 'NONE', *, *, #601, .F. ) ;
#4159 = EDGE_LOOP ( 'NONE', ( #3834, #2961, #4361, #1112 ) ) ;
#4160 = ORIENTED_EDGE ( 'NONE', *, *, #4536, .F. ) ;
#4161 = DIRECTION ( 'NONE',  ( 1.000000000000000000, -0.000000000000000000, 0.000000000000000000 ) ) ;
#4162 = CARTESIAN_POINT ( 'NONE',  ( -1.579614398617968929, 24.50000000000000000, 11.47356234004123188 ) ) ;
#4163 = DIRECTION ( 'NONE',  ( 0.8064779581994560020, -0.000000000000000000, 0.5912641566494931666 ) ) ;
#4164 = CARTESIAN_POINT ( 'NONE',  ( 6.346119218776774318, 24.50000000000000000, 11.64859530943569332 ) ) ;
#4165 = CARTESIAN_POINT ( 'NONE',  ( 25.00000000000000711, 32.00000000000000000, -29.00000000000002132 ) ) ;
#4166 = CARTESIAN_POINT ( 'NONE',  ( -35.00000000000000000, 30.00000000000000000, 28.99999999999997158 ) ) ;
#4167 = CARTESIAN_POINT ( 'NONE',  ( -2.759506629612533679, 32.00000000000000000, 10.17982529846127271 ) ) ;
#4168 = ORIENTED_EDGE ( 'NONE', *, *, #3340, .T. ) ;
#4169 = DIRECTION ( 'NONE',  ( 0.8056530427668268102, -0.000000000000000000, -0.5923876895079382976 ) ) ;
#4170 = CARTESIAN_POINT ( 'NONE',  ( 25.00000000000000711, 29.50000000000000000, -29.00000000000002132 ) ) ;
#4171 = CARTESIAN_POINT ( 'NONE',  ( 8.374824250234464529, 23.00000000000000000, 13.67730034089338531 ) ) ;
#4172 = EDGE_CURVE ( 'NONE', #1609, #3477, #3779, .T. ) ;
#4173 = CARTESIAN_POINT ( 'NONE',  ( 0.7014651262461364389, 31.99999999999999289, 12.90502233142389521 ) ) ;
#4174 = ORIENTED_EDGE ( 'NONE', *, *, #1791, .T. ) ;
#4175 = CARTESIAN_POINT ( 'NONE',  ( -10.26147307730576586, 32.00000000000000000, 18.29275258562282147 ) ) ;
#4176 = EDGE_LOOP ( 'NONE', ( #3527, #2416 ) ) ;
#4177 = DIRECTION ( 'NONE',  ( 0.000000000000000000, 0.000000000000000000, -1.000000000000000000 ) ) ;
#4178 = DIRECTION ( 'NONE',  ( 0.000000000000000000, 1.000000000000000000, 3.491481338843133355E-15 ) ) ;
#4179 = EDGE_CURVE ( 'NONE', #4219, #400, #1880, .T. ) ;
#4180 = CARTESIAN_POINT ( 'NONE',  ( -1.576085913135946814, 24.49999999999997868, 11.42771081216550755 ) ) ;
#4181 = ADVANCED_FACE ( 'NONE', ( #3067 ), #419, .F. ) ;
#4182 = DIRECTION ( 'NONE',  ( 0.000000000000000000, 0.000000000000000000, -1.000000000000000000 ) ) ;
#4183 = LINE ( 'NONE', #771, #62 ) ;
#4184 = B_SPLINE_SURFACE_WITH_KNOTS ( 'NONE', 2, 1, ( 
 ( #6, #1915 ),
 ( #2367, #4230 ),
 ( #486, #2298 ) ),
 .UNSPECIFIED., .F., .F., .F.,
 ( 3, 3 ),
 ( 2, 2 ),
 ( 7.000000000000000000, 8.000000000000000000 ),
 ( 0.000000000000000000, 1.000000000000000000 ),
 .UNSPECIFIED. ) ;
#4185 = ADVANCED_FACE ( 'NONE', ( #4559 ), #3023, .F. ) ;
#4186 = CARTESIAN_POINT ( 'NONE',  ( 2.799999999999999378, -2.999999999999999112, 15.53801126270789190 ) ) ;
#4187 = EDGE_CURVE ( 'NONE', #1088, #3676, #4212, .T. ) ;
#4188 = CARTESIAN_POINT ( 'NONE',  ( 0.0008204178503570802583, 32.00000000000000000, 13.06458333644166814 ) ) ;
#4189 = AXIS2_PLACEMENT_3D ( 'NONE', #3612, #1284, #3209 ) ;
#4190 = DIRECTION ( 'NONE',  ( 1.000000000000000000, -0.000000000000000000, 3.802133645976563900E-16 ) ) ;
#4191 = ORIENTED_EDGE ( 'NONE', *, *, #4397, .T. ) ;
#4192 = CARTESIAN_POINT ( 'NONE',  ( 3.101750864123765883, 32.00000000000000000, 8.757180451233494978 ) ) ;
#4193 = AXIS2_PLACEMENT_3D ( 'NONE', #4495, #3361, #1089 ) ;
#4194 = LINE ( 'NONE', #1203, #2776 ) ;
#4195 = CARTESIAN_POINT ( 'NONE',  ( -1.538418631248226198, 24.49999999999999289, 11.90059686877764911 ) ) ;
#4196 = VECTOR ( 'NONE', #4209, 1000.000000000000000 ) ;
#4197 = CARTESIAN_POINT ( 'NONE',  ( 1.191759522828910622, 24.50000000000000711, 12.52847512629694116 ) ) ;
#4198 = ORIENTED_EDGE ( 'NONE', *, *, #3491, .F. ) ;
#4199 = LINE ( 'NONE', #2340, #4117 ) ;
#4200 = ORIENTED_EDGE ( 'NONE', *, *, #499, .T. ) ;
#4201 = VECTOR ( 'NONE', #568, 1000.000000000000000 ) ;
#4202 = VERTEX_POINT ( 'NONE', #1317 ) ;
#4203 = CARTESIAN_POINT ( 'NONE',  ( 3.022400764042547650, 24.50000000000000000, 3.723858733988918424 ) ) ;
#4204 = CARTESIAN_POINT ( 'NONE',  ( -7.601536384991169903, 32.00000000000000000, 16.80050947618687118 ) ) ;
#4205 = AXIS2_PLACEMENT_3D ( 'NONE', #1934, #3032, #4896 ) ;
#4206 = CARTESIAN_POINT ( 'NONE',  ( -7.601536384991211648, 25.00000000000008882, 24.06419186098118246 ) ) ;
#4207 = ORIENTED_EDGE ( 'NONE', *, *, #4313, .T. ) ;
#4208 = EDGE_CURVE ( 'NONE', #1581, #2730, #1218, .T. ) ;
#4209 = DIRECTION ( 'NONE',  ( 1.000000000000000000, 0.000000000000000000, 0.000000000000000000 ) ) ;
#4210 = AXIS2_PLACEMENT_3D ( 'NONE', #4628, #846, #876 ) ;
#4211 = FACE_OUTER_BOUND ( 'NONE', #60, .T. ) ;
#4212 = LINE ( 'NONE', #1127, #1305 ) ;
#4213 = EDGE_CURVE ( 'NONE', #1487, #4450, #596, .T. ) ;
#4214 = VECTOR ( 'NONE', #2842, 1000.000000000000000 ) ;
#4215 = EDGE_CURVE ( 'NONE', #4450, #4699, #1000, .T. ) ;
#4216 = ORIENTED_EDGE ( 'NONE', *, *, #3821, .F. ) ;
#4217 = CARTESIAN_POINT ( 'NONE',  ( 0.000000000000000000, 29.50000000000000000, 13.00000000000000000 ) ) ;
#4218 = CARTESIAN_POINT ( 'NONE',  ( 10.59628567718386805, 23.00000000000000000, 18.40282330123068277 ) ) ;
#4219 = VERTEX_POINT ( 'NONE', #847 ) ;
#4220 = AXIS2_PLACEMENT_3D ( 'NONE', #306, #350, #4935 ) ;
#4221 = LINE ( 'NONE', #2006, #855 ) ;
#4222 = VERTEX_POINT ( 'NONE', #3992 ) ;
#4223 = ORIENTED_EDGE ( 'NONE', *, *, #4028, .F. ) ;
#4224 = CARTESIAN_POINT ( 'NONE',  ( -7.601536384991169903, 23.00000000000000000, 16.80050947618687118 ) ) ;
#4225 = DIRECTION ( 'NONE',  ( -4.832744511848150123E-15, -0.000000000000000000, 1.000000000000000000 ) ) ;
#4226 = VECTOR ( 'NONE', #4712, 1000.000000000000000 ) ;
#4227 = CARTESIAN_POINT ( 'NONE',  ( 1.581279503555506727, 24.50000000000001421, 11.58849619336996639 ) ) ;
#4228 = EDGE_LOOP ( 'NONE', ( #4013, #4152, #1051, #2158 ) ) ;
#4229 = B_SPLINE_CURVE_WITH_KNOTS ( 'NONE', 3,
 ( #4493, #2224, #236, #1041, #684, #261, #666, #287, #1790, #2202, #707, #4844 ),
 .UNSPECIFIED., .F., .F.,
 ( 4, 2, 2, 2, 2, 4 ),
 ( 0.000000000000000000, 0.0008041205928214066210, 0.001608241185642813242, 0.002010301482053518558, 0.002412361778464224091, 0.003216482371285635158 ),
 .UNSPECIFIED. ) ;
#4230 = CARTESIAN_POINT ( 'NONE',  ( 8.869658916609672872, 29.49999999999983658, 17.83061455812347518 ) ) ;
#4231 = VERTEX_POINT ( 'NONE', #3237 ) ;
#4232 = FACE_BOUND ( 'NONE', #4924, .T. ) ;
#4233 = B_SPLINE_CURVE_WITH_KNOTS ( 'NONE', 3,
 ( #1617, #2673, #2389, #4620, #785, #3904, #1985, #3113, #837, #3516 ),
 .UNSPECIFIED., .F., .F.,
 ( 4, 3, 3, 4 ),
 ( 0.000000000000000000, 1.589967664655757276E-05, 3.177322124006630840E-05, 5.660053884828754388E-05 ),
 .UNSPECIFIED. ) ;
#4234 = CARTESIAN_POINT ( 'NONE',  ( -2.999999999999996447, 29.09999999999999787, -20.04445395531110918 ) ) ;
#4235 = CARTESIAN_POINT ( 'NONE',  ( -2.912731921927848244, 32.00000000000000000, 7.683610663297859134 ) ) ;
#4236 = ORIENTED_EDGE ( 'NONE', *, *, #4213, .T. ) ;
#4237 = DIRECTION ( 'NONE',  ( -1.000000000000000000, -0.000000000000000000, -0.000000000000000000 ) ) ;
#4238 = PLANE ( 'NONE',  #4210 ) ;
#4239 = CARTESIAN_POINT ( 'NONE',  ( -27.50000000000000355, 10.49999999999999467, 1.749999999999952927 ) ) ;
#4240 = ADVANCED_FACE ( 'NONE', ( #1778 ), #4039, .F. ) ;
#4241 = CIRCLE ( 'NONE', #3848, 9.249999999999994671 ) ;
#4242 = ORIENTED_EDGE ( 'NONE', *, *, #2942, .T. ) ;
#4243 = DIRECTION ( 'NONE',  ( 0.000000000000000000, 0.000000000000000000, -1.000000000000000000 ) ) ;
#4244 = CARTESIAN_POINT ( 'NONE',  ( -3.364574734137343093, 24.50000000000000711, 3.057878805621069951 ) ) ;
#4245 = EDGE_CURVE ( 'NONE', #4042, #2827, #571, .T. ) ;
#4246 = DIRECTION ( 'NONE',  ( 0.000000000000000000, 0.000000000000000000, -1.000000000000000000 ) ) ;
#4247 = ORIENTED_EDGE ( 'NONE', *, *, #788, .F. ) ;
#4248 = ORIENTED_EDGE ( 'NONE', *, *, #4433, .T. ) ;
#4249 = CARTESIAN_POINT ( 'NONE',  ( 25.00000000000000711, 28.49999999999999645, -37.50000000000002842 ) ) ;
#4250 = CARTESIAN_POINT ( 'NONE',  ( -0.1035570110230923657, 24.50000000000000355, 13.06458333644163794 ) ) ;
#4251 = EDGE_CURVE ( 'NONE', #2445, #2866, #4436, .T. ) ;
#4252 = LINE ( 'NONE', #2364, #1368 ) ;
#4253 = ORIENTED_EDGE ( 'NONE', *, *, #1362, .T. ) ;
#4254 = CARTESIAN_POINT ( 'NONE',  ( 7.599667529665894428, 32.00000000000000000, 16.80050947618696355 ) ) ;
#4255 = ORIENTED_EDGE ( 'NONE', *, *, #4508, .T. ) ;
#4256 = ORIENTED_EDGE ( 'NONE', *, *, #706, .F. ) ;
#4257 = CARTESIAN_POINT ( 'NONE',  ( -35.00000000000000000, 9.500000000000000000, 24.99999999999994671 ) ) ;
#4258 = DIRECTION ( 'NONE',  ( -0.000000000000000000, 1.000000000000000000, -0.000000000000000000 ) ) ;
#4259 = DIRECTION ( 'NONE',  ( -1.000000000000000000, 0.000000000000000000, 0.000000000000000000 ) ) ;
#4260 = ORIENTED_EDGE ( 'NONE', *, *, #130, .F. ) ;
#4261 = LINE ( 'NONE', #795, #3091 ) ;
#4262 = PLANE ( 'NONE',  #2693 ) ;
#4263 = CARTESIAN_POINT ( 'NONE',  ( 2.639657261903911145, 24.50000000000000355, 7.123745429022678266 ) ) ;
#4264 = ORIENTED_EDGE ( 'NONE', *, *, #3980, .T. ) ;
#4265 = DIRECTION ( 'NONE',  ( 0.000000000000000000, 1.000000000000000000, 0.000000000000000000 ) ) ;
#4266 = LINE ( 'NONE', #476, #4471 ) ;
#4267 = CARTESIAN_POINT ( 'NONE',  ( 2.857486190886165733, 31.99999999999998579, 7.541493638879188666 ) ) ;
#4268 = ORIENTED_EDGE ( 'NONE', *, *, #788, .T. ) ;
#4269 = VERTEX_POINT ( 'NONE', #3670 ) ;
#4270 = EDGE_CURVE ( 'NONE', #3305, #1226, #1601, .T. ) ;
#4271 = AXIS2_PLACEMENT_3D ( 'NONE', #1319, #4409, #4336 ) ;
#4272 = CARTESIAN_POINT ( 'NONE',  ( 7.599667529665898869, 23.00000000000000000, 16.80050947618697776 ) ) ;
#4273 = CARTESIAN_POINT ( 'NONE',  ( -1.576085913135946814, 24.50000000000000000, 11.42771081216550755 ) ) ;
#4274 = CARTESIAN_POINT ( 'NONE',  ( 1.258513376581169352, 24.50000000000000355, 12.44719994161919630 ) ) ;
#4275 = VECTOR ( 'NONE', #4277, 1000.000000000000000 ) ;
#4276 = EDGE_LOOP ( 'NONE', ( #2838, #3367, #4596, #1940 ) ) ;
#4277 = DIRECTION ( 'NONE',  ( 0.000000000000000000, 0.000000000000000000, 1.000000000000000000 ) ) ;
#4278 = ORIENTED_EDGE ( 'NONE', *, *, #3774, .F. ) ;
#4279 = ADVANCED_FACE ( 'NONE', ( #1723 ), #3294, .T. ) ;
#4280 = ORIENTED_EDGE ( 'NONE', *, *, #1358, .F. ) ;
#4281 = FACE_OUTER_BOUND ( 'NONE', #4850, .T. ) ;
#4282 = VECTOR ( 'NONE', #2749, 1000.000000000000000 ) ;
#4283 = EDGE_CURVE ( 'NONE', #2510, #3678, #3891, .T. ) ;
#4284 = DIRECTION ( 'NONE',  ( -0.000000000000000000, -1.000000000000000000, -0.000000000000000000 ) ) ;
#4285 = CARTESIAN_POINT ( 'NONE',  ( -3.601026911978597145, 24.50000000000000000, 0.6221257589854988224 ) ) ;
#4286 = ORIENTED_EDGE ( 'NONE', *, *, #3860, .F. ) ;
#4287 = PLANE ( 'NONE',  #4840 ) ;
#4288 = DIRECTION ( 'NONE',  ( 0.000000000000000000, 0.000000000000000000, -1.000000000000000000 ) ) ;
#4289 = CIRCLE ( 'NONE', #1038, 1.600000000000000755 ) ;
#4290 = CIRCLE ( 'NONE', #545, 8.999999999999998224 ) ;
#4291 = DIRECTION ( 'NONE',  ( 0.000000000000000000, -1.000000000000000000, 0.000000000000000000 ) ) ;
#4292 = CARTESIAN_POINT ( 'NONE',  ( -4.098455636355274656, 25.00000000000008527, 25.49999999999942801 ) ) ;
#4293 = VECTOR ( 'NONE', #983, 1000.000000000000000 ) ;
#4294 = CARTESIAN_POINT ( 'NONE',  ( 1.464597157213851419, 32.00000000000000000, 5.070451885943363379 ) ) ;
#4295 = VECTOR ( 'NONE', #230, 1000.000000000000000 ) ;
#4296 = ORIENTED_EDGE ( 'NONE', *, *, #1960, .T. ) ;
#4297 = ORIENTED_EDGE ( 'NONE', *, *, #2492, .T. ) ;
#4298 = AXIS2_PLACEMENT_3D ( 'NONE', #4239, #2714, #2836 ) ;
#4299 = CARTESIAN_POINT ( 'NONE',  ( -7.601536384991211648, 23.00000000000000000, 24.06419186098119312 ) ) ;
#4300 = CARTESIAN_POINT ( 'NONE',  ( 25.00000000000000711, 2.000000000000000000, -38.25000000000002132 ) ) ;
#4301 = CARTESIAN_POINT ( 'NONE',  ( -25.88422689413609490, 11.99999999999999645, 3.999999999999954259 ) ) ;
#4302 = ADVANCED_FACE ( 'NONE', ( #2479 ), #216, .T. ) ;
#4303 = VECTOR ( 'NONE', #165, 1000.000000000000000 ) ;
#4304 = ORIENTED_EDGE ( 'NONE', *, *, #4011, .T. ) ;
#4305 = CARTESIAN_POINT ( 'NONE',  ( 3.599158056653548154, 24.50000000000000355, 1.758059867859545600 ) ) ;
#4306 = DIRECTION ( 'NONE',  ( 0.000000000000000000, 0.000000000000000000, 1.000000000000000000 ) ) ;
#4307 = ORIENTED_EDGE ( 'NONE', *, *, #3790, .F. ) ;
#4308 = ORIENTED_EDGE ( 'NONE', *, *, #4799, .T. ) ;
#4309 = LINE ( 'NONE', #2476, #1579 ) ;
#4310 = CIRCLE ( 'NONE', #3832, 9.250000000000005329 ) ;
#4311 = VECTOR ( 'NONE', #879, 1000.000000000000000 ) ;
#4312 = DIRECTION ( 'NONE',  ( 0.000000000000000000, 0.000000000000000000, -1.000000000000000000 ) ) ;
#4313 = EDGE_CURVE ( 'NONE', #1210, #2743, #3123, .T. ) ;
#4314 = DIRECTION ( 'NONE',  ( -1.000000000000000000, -0.000000000000000000, -0.000000000000000000 ) ) ;
#4315 = ORIENTED_EDGE ( 'NONE', *, *, #1792, .F. ) ;
#4316 = CARTESIAN_POINT ( 'NONE',  ( 25.00000000000000711, 2.000000000000001776, -37.50000000000002842 ) ) ;
#4317 = LINE ( 'NONE', #2147, #3508 ) ;
#4318 = ORIENTED_EDGE ( 'NONE', *, *, #2711, .T. ) ;
#4319 = CARTESIAN_POINT ( 'NONE',  ( -25.00000000000000711, 32.00000000000000000, -29.00000000000002132 ) ) ;
#4320 = LINE ( 'NONE', #2027, #4788 ) ;
#4321 = DIRECTION ( 'NONE',  ( 1.000000000000000000, 0.000000000000000000, 0.000000000000000000 ) ) ;
#4322 = ORIENTED_EDGE ( 'NONE', *, *, #4492, .F. ) ;
#4323 = ORIENTED_EDGE ( 'NONE', *, *, #1130, .T. ) ;
#4324 = DIRECTION ( 'NONE',  ( 0.000000000000000000, 1.000000000000000000, 3.491481338843133355E-15 ) ) ;
#4325 = CARTESIAN_POINT ( 'NONE',  ( -2.759622205317462829, 24.49999999999999645, 10.17963129075055839 ) ) ;
#4326 = CARTESIAN_POINT ( 'NONE',  ( 4.100096472055509977, 32.00000000000000000, 22.45905727886303538 ) ) ;
#4327 = ORIENTED_EDGE ( 'NONE', *, *, #1287, .T. ) ;
#4328 = FACE_OUTER_BOUND ( 'NONE', #4725, .T. ) ;
#4329 = CARTESIAN_POINT ( 'NONE',  ( -12.05359021688597032, 32.00000000000000000, 19.36521081018108603 ) ) ;
#4330 = ORIENTED_EDGE ( 'NONE', *, *, #199, .F. ) ;
#4331 = EDGE_LOOP ( 'NONE', ( #1806, #508, #302, #1999, #541, #3161, #2304, #4655 ) ) ;
#4332 = DIRECTION ( 'NONE',  ( 0.000000000000000000, 0.000000000000000000, 1.000000000000000000 ) ) ;
#4333 = EDGE_CURVE ( 'NONE', #2704, #988, #1972, .T. ) ;
#4334 = CARTESIAN_POINT ( 'NONE',  ( 1.224646799147355672E-16, 29.09999999999999787, -16.04445395531110563 ) ) ;
#4335 = ADVANCED_FACE ( 'NONE', ( #2742 ), #2881, .T. ) ;
#4336 = DIRECTION ( 'NONE',  ( 0.000000000000000000, 0.000000000000000000, -1.000000000000000000 ) ) ;
#4337 = ORIENTED_EDGE ( 'NONE', *, *, #2212, .F. ) ;
#4338 = CARTESIAN_POINT ( 'NONE',  ( -7.601536384991169903, 32.00000000000000000, 16.80050947618687118 ) ) ;
#4339 = EDGE_CURVE ( 'NONE', #4663, #4501, #360, .T. ) ;
#4340 = CARTESIAN_POINT ( 'NONE',  ( 2.799999999999999378, -2.999999999999999112, 15.53801126270789190 ) ) ;
#4341 = VERTEX_POINT ( 'NONE', #2251 ) ;
#4342 = DIRECTION ( 'NONE',  ( 8.044731857174120111E-15, 0.000000000000000000, -1.000000000000000000 ) ) ;
#4343 = EDGE_CURVE ( 'NONE', #582, #2716, #1024, .T. ) ;
#4344 = EDGE_CURVE ( 'NONE', #4042, #3305, #1403, .T. ) ;
#4345 = PLANE ( 'NONE',  #2864 ) ;
#4346 = LINE ( 'NONE', #3576, #1573 ) ;
#4347 = EDGE_LOOP ( 'NONE', ( #52, #942, #2784, #3202 ) ) ;
#4348 = FACE_OUTER_BOUND ( 'NONE', #3266, .T. ) ;
#4349 = CARTESIAN_POINT ( 'NONE',  ( -45.97666018330589566, 9.750498023811029924, 24.99999999999995381 ) ) ;
#4350 = CARTESIAN_POINT ( 'NONE',  ( -25.88422689413609490, 11.99999999999999645, 10.99999999999995381 ) ) ;
#4351 = ORIENTED_EDGE ( 'NONE', *, *, #656, .F. ) ;
#4352 = CARTESIAN_POINT ( 'NONE',  ( 7.599667529665898869, 25.00000000000011724, 16.80050947618696355 ) ) ;
#4353 = CARTESIAN_POINT ( 'NONE',  ( 3.101750864123765883, 25.00000000000014211, 8.757180451233470109 ) ) ;
#4354 = VERTEX_POINT ( 'NONE', #3342 ) ;
#4355 = EDGE_LOOP ( 'NONE', ( #4160, #888, #4838, #553, #1077, #4085, #1074, #2701, #3538, #4551, #3558, #1308 ) ) ;
#4356 = ORIENTED_EDGE ( 'NONE', *, *, #3982, .F. ) ;
#4357 = LINE ( 'NONE', #2392, #3339 ) ;
#4358 = CARTESIAN_POINT ( 'NONE',  ( -25.00000000000000711, 2.000000000000000000, 28.99999999999997158 ) ) ;
#4359 = CARTESIAN_POINT ( 'NONE',  ( 2.461988680960355058, 24.49999999999999645, 6.867856062342037049 ) ) ;
#4360 = DIRECTION ( 'NONE',  ( -0.000000000000000000, -1.000000000000000000, -0.000000000000000000 ) ) ;
#4361 = ORIENTED_EDGE ( 'NONE', *, *, #1253, .T. ) ;
#4362 = CARTESIAN_POINT ( 'NONE',  ( 34.25000000000000000, 2.000000000000000000, -29.00000000000002487 ) ) ;
#4363 = CARTESIAN_POINT ( 'NONE',  ( 17.70476182858164549, 23.00000000000000000, 15.53801126270789190 ) ) ;
#4364 = EDGE_CURVE ( 'NONE', #1004, #830, #2980, .T. ) ;
#4365 = LINE ( 'NONE', #200, #3591 ) ;
#4366 = DIRECTION ( 'NONE',  ( -0.000000000000000000, 1.000000000000000000, 3.491481338843133355E-15 ) ) ;
#4367 = VECTOR ( 'NONE', #2092, 1000.000000000000000 ) ;
#4368 = ADVANCED_FACE ( 'NONE', ( #1888 ), #3366, .T. ) ;
#4369 = FACE_OUTER_BOUND ( 'NONE', #328, .T. ) ;
#4370 = EDGE_CURVE ( 'NONE', #657, #301, #1468, .T. ) ;
#4371 = CARTESIAN_POINT ( 'NONE',  ( 7.599667515476915547, 28.49999999999999645, 18.11989492295201742 ) ) ;
#4372 = CARTESIAN_POINT ( 'NONE',  ( -3.100088496576530517, 32.00000000000000000, 7.434263784897501282 ) ) ;
#4373 = VECTOR ( 'NONE', #3814, 1000.000000000000000 ) ;
#4374 = CARTESIAN_POINT ( 'NONE',  ( -2.560248185573030355, 24.50000000000000000, 10.52812526547739047 ) ) ;
#4375 = CARTESIAN_POINT ( 'NONE',  ( 2.799999999999999378, -13.91959594928933441, 15.53801126270789190 ) ) ;
#4376 = EDGE_LOOP ( 'NONE', ( #411, #4879, #1926, #74 ) ) ;
#4377 = CARTESIAN_POINT ( 'NONE',  ( -27.50000000000000355, 10.49999999999999467, 1.749999999999952927 ) ) ;
#4378 = DIRECTION ( 'NONE',  ( -0.000000000000000000, 1.000000000000000000, -0.000000000000000000 ) ) ;
#4379 = ORIENTED_EDGE ( 'NONE', *, *, #4430, .F. ) ;
#4380 = CARTESIAN_POINT ( 'NONE',  ( 7.599667529665836696, 32.00000000000000000, 25.49999999999952749 ) ) ;
#4381 = CARTESIAN_POINT ( 'NONE',  ( -2.037003587208984001, 24.49999999999998579, 6.417136088784811676 ) ) ;
#4382 = CARTESIAN_POINT ( 'NONE',  ( 3.101750864123767659, 24.50000000000000000, 8.442565384272487705 ) ) ;
#4383 = CARTESIAN_POINT ( 'NONE',  ( -25.00000000000000711, 30.00000000000000000, -37.50000000000002132 ) ) ;
#4384 = ORIENTED_EDGE ( 'NONE', *, *, #4215, .F. ) ;
#4385 = VECTOR ( 'NONE', #4009, 1000.000000000000000 ) ;
#4386 = VERTEX_POINT ( 'NONE', #2988 ) ;
#4387 = DIRECTION ( 'NONE',  ( 1.000000000000000000, -0.000000000000000000, 3.802133645976563900E-16 ) ) ;
#4388 = CARTESIAN_POINT ( 'NONE',  ( 34.00000000000000000, 29.50000000000000000, -29.00000000000002487 ) ) ;
#4389 = VECTOR ( 'NONE', #878, 1000.000000000000000 ) ;
#4390 = VECTOR ( 'NONE', #618, 1000.000000000000000 ) ;
#4391 = CARTESIAN_POINT ( 'NONE',  ( 7.599667515478469859, 32.00000000000000000, 18.11989492295154491 ) ) ;
#4392 = PRODUCT_RELATED_PRODUCT_CATEGORY ( 'part', '', ( #4469 ) ) ;
#4393 = CARTESIAN_POINT ( 'NONE',  ( 4.100096472055509977, 25.00000000000009592, 22.45905727886301761 ) ) ;
#4394 = CARTESIAN_POINT ( 'NONE',  ( 7.599667515476915547, 23.00000000000000000, 18.11989492295201742 ) ) ;
#4395 = ORIENTED_EDGE ( 'NONE', *, *, #223, .F. ) ;
#4396 = DIRECTION ( 'NONE',  ( 0.000000000000000000, 1.000000000000000000, 0.000000000000000000 ) ) ;
#4397 = EDGE_CURVE ( 'NONE', #1001, #2843, #4883, .T. ) ;
#4398 = DIRECTION ( 'NONE',  ( -1.000000000000000000, -0.000000000000000000, -0.000000000000000000 ) ) ;
#4399 = ORIENTED_EDGE ( 'NONE', *, *, #2345, .F. ) ;
#4400 = DIRECTION ( 'NONE',  ( -0.000000000000000000, -1.000000000000000000, -2.891205793294675861E-16 ) ) ;
#4401 = LINE ( 'NONE', #2064, #4050 ) ;
#4402 = EDGE_LOOP ( 'NONE', ( #4297, #3309, #1442, #800 ) ) ;
#4403 = DIRECTION ( 'NONE',  ( 0.000000000000000000, 0.000000000000000000, 1.000000000000000000 ) ) ;
#4404 = EDGE_CURVE ( 'NONE', #2650, #4811, #913, .T. ) ;
#4405 = CARTESIAN_POINT ( 'NONE',  ( -2.464352664495141454, 24.50000000000000355, 6.871664641509036109 ) ) ;
#4406 = CARTESIAN_POINT ( 'NONE',  ( 3.101750864123765883, 24.49999999999999645, 8.757180451233468332 ) ) ;
#4407 = ORIENTED_EDGE ( 'NONE', *, *, #4758, .F. ) ;
#4408 = ORIENTED_EDGE ( 'NONE', *, *, #921, .F. ) ;
#4409 = DIRECTION ( 'NONE',  ( 1.000000000000000000, 0.000000000000000000, 0.000000000000000000 ) ) ;
#4410 = ORIENTED_EDGE ( 'NONE', *, *, #4908, .F. ) ;
#4411 = ORIENTED_EDGE ( 'NONE', *, *, #4582, .F. ) ;
#4412 = CARTESIAN_POINT ( 'NONE',  ( -3.601026911978610912, 24.50000000000000000, 3.363194449977747524 ) ) ;
#4413 = FACE_OUTER_BOUND ( 'NONE', #882, .T. ) ;
#4414 = CARTESIAN_POINT ( 'NONE',  ( -25.00000000000000711, 2.000000000000001776, -37.50000000000002842 ) ) ;
#4415 = AXIS2_PLACEMENT_3D ( 'NONE', #4145, #4939, #4116 ) ;
#4416 = LINE ( 'NONE', #2847, #3411 ) ;
#4417 = DIRECTION ( 'NONE',  ( 0.000000000000000000, 1.000000000000000000, 3.491481338843133355E-15 ) ) ;
#4418 = LINE ( 'NONE', #2511, #2767 ) ;
#4419 = ORIENTED_EDGE ( 'NONE', *, *, #353, .T. ) ;
#4420 = CYLINDRICAL_SURFACE ( 'NONE', #4768, 9.999999999999998224 ) ;
#4421 = CARTESIAN_POINT ( 'NONE',  ( -33.50000000000000000, 10.49999999999999112, 13.24999999999995204 ) ) ;
#4422 = ORIENTED_EDGE ( 'NONE', *, *, #127, .T. ) ;
#4423 = CARTESIAN_POINT ( 'NONE',  ( 0.0008204178503570802583, 24.49999999999999645, 13.06458333644164149 ) ) ;
#4424 = EDGE_CURVE ( 'NONE', #2672, #509, #3471, .T. ) ;
#4425 = CARTESIAN_POINT ( 'NONE',  ( -25.00000000000000711, 2.000000000000001776, -29.00000000000002132 ) ) ;
#4426 = ORIENTED_EDGE ( 'NONE', *, *, #20, .F. ) ;
#4427 = ORIENTED_EDGE ( 'NONE', *, *, #1008, .F. ) ;
#4428 = ORIENTED_EDGE ( 'NONE', *, *, #765, .F. ) ;
#4429 = DIRECTION ( 'NONE',  ( 0.000000000000000000, -1.000000000000000000, 0.000000000000000000 ) ) ;
#4430 = EDGE_CURVE ( 'NONE', #1511, #809, #4130, .T. ) ;
#4431 = DIRECTION ( 'NONE',  ( -0.000000000000000000, -1.000000000000000000, -0.000000000000000000 ) ) ;
#4432 = DIRECTION ( 'NONE',  ( 1.000000000000000000, 0.000000000000000000, 1.387778780781445182E-16 ) ) ;
#4433 = EDGE_CURVE ( 'NONE', #2866, #592, #4445, .T. ) ;
#4434 = DIRECTION ( 'NONE',  ( 0.000000000000000000, 1.000000000000000000, 3.491481338843133355E-15 ) ) ;
#4435 = ORIENTED_EDGE ( 'NONE', *, *, #64, .T. ) ;
#4436 = B_SPLINE_CURVE_WITH_KNOTS ( 'NONE', 3,
 ( #4810, #2352, #4722, #1349, #2900, #621, #4359, #4263, #2870, #1746, #2140, #4748, #4382, #4406 ),
 .UNSPECIFIED., .F., .F.,
 ( 4, 2, 2, 2, 2, 2, 4 ),
 ( 0.000000000000000000, 0.0009303598066717015105, 0.001395539710007551995, 0.001860719613343402587, 0.002325899516679252529, 0.002791079420015103122, 0.003721439226686804307 ),
 .UNSPECIFIED. ) ;
#4437 = EDGE_CURVE ( 'NONE', #1026, #4905, #2554, .T. ) ;
#4438 = ORIENTED_EDGE ( 'NONE', *, *, #1658, .F. ) ;
#4439 = DIRECTION ( 'NONE',  ( -1.000000000000000000, 0.000000000000000000, -0.000000000000000000 ) ) ;
#4440 = VECTOR ( 'NONE', #2095, 1000.000000000000000 ) ;
#4441 = CARTESIAN_POINT ( 'NONE',  ( -1.578995031280153061, 24.50000000000000000, 11.45240343668181104 ) ) ;
#4442 = LINE ( 'NONE', #1705, #475 ) ;
#4443 = CARTESIAN_POINT ( 'NONE',  ( -3.293061665296744156, 32.00000000000000000, 3.229340832516108151 ) ) ;
#4444 = CARTESIAN_POINT ( 'NONE',  ( -33.50000000000000000, 10.49999999999999467, 1.749999999999952927 ) ) ;
#4445 = B_SPLINE_CURVE_WITH_KNOTS ( 'NONE', 3,
 ( #4091, #1798, #2627, #717, #4155, #3317, #2232, #1448, #3384, #2578, #2526, #4898 ),
 .UNSPECIFIED., .F., .F.,
 ( 4, 2, 2, 2, 2, 4 ),
 ( 0.000000000000000000, 0.0008009853158819714479, 0.001201477973822959828, 0.001601970631763948317, 0.002402955947645924427, 0.003203941263527900103 ),
 .UNSPECIFIED. ) ;
#4446 = AXIS2_PLACEMENT_3D ( 'NONE', #2240, #2566, #1835 ) ;
#4447 = EDGE_LOOP ( 'NONE', ( #1677, #600, #4411, #1452 ) ) ;
#4448 = CARTESIAN_POINT ( 'NONE',  ( -19.81171673543281031, 23.00000000000000000, 12.01317212208040708 ) ) ;
#4449 = VECTOR ( 'NONE', #2276, 1000.000000000000000 ) ;
#4450 = VERTEX_POINT ( 'NONE', #2941 ) ;
#4451 = CYLINDRICAL_SURFACE ( 'NONE', #4753, 1.000000000000000888 ) ;
#4452 = ORIENTED_EDGE ( 'NONE', *, *, #1085, .T. ) ;
#4453 = ORIENTED_EDGE ( 'NONE', *, *, #4187, .F. ) ;
#4454 = DIRECTION ( 'NONE',  ( 0.000000000000000000, 0.000000000000000000, -1.000000000000000000 ) ) ;
#4455 = CARTESIAN_POINT ( 'NONE',  ( 0.0008204178503570802583, 24.50000000000000000, 13.06458333644164149 ) ) ;
#4456 = EDGE_CURVE ( 'NONE', #2474, #3240, #2164, .T. ) ;
#4457 = DIRECTION ( 'NONE',  ( -0.000000000000000000, -1.000000000000000000, -0.000000000000000000 ) ) ;
#4458 = VECTOR ( 'NONE', #2889, 1000.000000000000000 ) ;
#4459 = ORIENTED_EDGE ( 'NONE', *, *, #1991, .T. ) ;
#4460 = LINE ( 'NONE', #1493, #4585 ) ;
#4461 = ADVANCED_FACE ( 'NONE', ( #2188 ), #4867, .T. ) ;
#4462 = ORIENTED_EDGE ( 'NONE', *, *, #3092, .F. ) ;
#4463 = ORIENTED_EDGE ( 'NONE', *, *, #1953, .T. ) ;
#4464 = CARTESIAN_POINT ( 'NONE',  ( -25.50000000000000355, 19.50000000000000355, 23.86623553487585525 ) ) ;
#4465 = CARTESIAN_POINT ( 'NONE',  ( -19.81171673543281031, 23.00000000000000000, 27.23807268525122538 ) ) ;
#4466 = EDGE_CURVE ( 'NONE', #3084, #4542, #4252, .T. ) ;
#4467 = FACE_BOUND ( 'NONE', #3905, .T. ) ;
#4468 = LINE ( 'NONE', #679, #3332 ) ;
#4469 = PRODUCT ( 'Power Socket Front Panel v2', 'Power Socket Front Panel v2', '', ( #4149 ) ) ;
#4470 = VECTOR ( 'NONE', #4400, 1000.000000000000000 ) ;
#4471 = VECTOR ( 'NONE', #3921, 1000.000000000000000 ) ;
#4472 = CARTESIAN_POINT ( 'NONE',  ( -25.00000000000000711, 32.00000000000000000, -38.00000000000002842 ) ) ;
#4473 = LINE ( 'NONE', #2156, #166 ) ;
#4474 = EDGE_LOOP ( 'NONE', ( #1711, #3438, #2863, #3031 ) ) ;
#4475 = FACE_OUTER_BOUND ( 'NONE', #530, .T. ) ;
#4476 = DIRECTION ( 'NONE',  ( 0.000000000000000000, 0.000000000000000000, 1.000000000000000000 ) ) ;
#4477 = LINE ( 'NONE', #295, #1275 ) ;
#4478 = CARTESIAN_POINT ( 'NONE',  ( 3.101750864123759222, 24.50000000000000000, 9.893114560107481026 ) ) ;
#4479 = EDGE_CURVE ( 'NONE', #992, #2423, #2670, .T. ) ;
#4480 = CARTESIAN_POINT ( 'NONE',  ( -8.871527771929127226, 32.00000000000000000, 17.83061455813134089 ) ) ;
#4481 = ORIENTED_EDGE ( 'NONE', *, *, #2852, .T. ) ;
#4482 = EDGE_CURVE ( 'NONE', #3477, #2672, #1205, .T. ) ;
#4483 = DIRECTION ( 'NONE',  ( -0.000000000000000000, -1.000000000000000000, -0.000000000000000000 ) ) ;
#4484 = EDGE_CURVE ( 'NONE', #3510, #105, #1769, .T. ) ;
#4485 = CARTESIAN_POINT ( 'NONE',  ( -10.59509337391225436, 32.00000000000000000, 18.40297860747429937 ) ) ;
#4486 = CARTESIAN_POINT ( 'NONE',  ( 25.00000000000000711, 32.00000000000000000, -29.00000000000002132 ) ) ;
#4487 = EDGE_CURVE ( 'NONE', #4914, #2860, #1057, .T. ) ;
#4488 = CARTESIAN_POINT ( 'NONE',  ( 14.50000000000021494, 25.00000000000008882, 24.06419186098133522 ) ) ;
#4489 = EDGE_CURVE ( 'NONE', #1743, #4020, #3833, .T. ) ;
#4490 = DIRECTION ( 'NONE',  ( 0.000000000000000000, -1.000000000000000000, 0.000000000000000000 ) ) ;
#4491 = EDGE_CURVE ( 'NONE', #3588, #3645, #2533, .T. ) ;
#4492 = EDGE_CURVE ( 'NONE', #2832, #2268, #3036, .T. ) ;
#4493 = CARTESIAN_POINT ( 'NONE',  ( 1.577748280683119564, 32.00000000000000000, 11.42771081216555373 ) ) ;
#4494 = ORIENTED_EDGE ( 'NONE', *, *, #1900, .T. ) ;
#4495 = CARTESIAN_POINT ( 'NONE',  ( -25.00000000000000711, 2.000000000000000000, -29.00000000000002132 ) ) ;
#4496 = ORIENTED_EDGE ( 'NONE', *, *, #663, .F. ) ;
#4497 = CARTESIAN_POINT ( 'NONE',  ( 5.299549528938837462, 23.00000000000000000, 16.80050947618696355 ) ) ;
#4498 = DIRECTION ( 'NONE',  ( -0.000000000000000000, -1.000000000000000000, -0.000000000000000000 ) ) ;
#4499 = DIRECTION ( 'NONE',  ( -0.000000000000000000, 1.000000000000000000, -0.000000000000000000 ) ) ;
#4500 = CARTESIAN_POINT ( 'NONE',  ( 8.869658916609672872, 29.49999999999983658, 17.83061455812347518 ) ) ;
#4501 = VERTEX_POINT ( 'NONE', #1937 ) ;
#4502 = PLANE ( 'NONE',  #3260 ) ;
#4503 = DIRECTION ( 'NONE',  ( -0.000000000000000000, -1.000000000000000000, -0.000000000000000000 ) ) ;
#4504 = DIRECTION ( 'NONE',  ( 0.000000000000000000, 0.000000000000000000, -1.000000000000000000 ) ) ;
#4505 = DIRECTION ( 'NONE',  ( -0.000000000000000000, 1.000000000000000000, -0.000000000000000000 ) ) ;
#4506 = CARTESIAN_POINT ( 'NONE',  ( 3.599158056653548154, 24.50000000000000000, 1.758059867859545600 ) ) ;
#4507 = FACE_BOUND ( 'NONE', #3572, .T. ) ;
#4508 = EDGE_CURVE ( 'NONE', #616, #1407, #3134, .T. ) ;
#4509 = VECTOR ( 'NONE', #1075, 1000.000000000000000 ) ;
#4510 = VECTOR ( 'NONE', #1734, 1000.000000000000000 ) ;
#4511 = CARTESIAN_POINT ( 'NONE',  ( -3.100088496576544728, 32.00000000000000000, 8.757180451233447016 ) ) ;
#4512 = EDGE_CURVE ( 'NONE', #4083, #4386, #1134, .T. ) ;
#4513 = VERTEX_POINT ( 'NONE', #3486 ) ;
#4514 = LINE ( 'NONE', #1111, #3330 ) ;
#4515 = CARTESIAN_POINT ( 'NONE',  ( 10.26313544485287643, 23.00000000000000000, 18.29275258562293516 ) ) ;
#4516 = VECTOR ( 'NONE', #1461, 1000.000000000000000 ) ;
#4517 = VECTOR ( 'NONE', #4622, 1000.000000000000000 ) ;
#4518 = LINE ( 'NONE', #2599, #4538 ) ;
#4519 = DIRECTION ( 'NONE',  ( -6.982962677686266711E-15, -3.491481338843133355E-15, 1.000000000000000000 ) ) ;
#4520 = CARTESIAN_POINT ( 'NONE',  ( -3.451493568137552259, 24.49999999999999289, 0.6928869714704536387 ) ) ;
#4521 = EDGE_CURVE ( 'NONE', #4735, #641, #4804, .T. ) ;
#4522 = VECTOR ( 'NONE', #2698, 1000.000000000000000 ) ;
#4523 = EDGE_LOOP ( 'NONE', ( #2482, #2575, #3387, #3346 ) ) ;
#4524 = ORIENTED_EDGE ( 'NONE', *, *, #2369, .T. ) ;
#4525 = VERTEX_POINT ( 'NONE', #3513 ) ;
#4526 = CARTESIAN_POINT ( 'NONE',  ( 3.365130773725335089, 24.50000000000000355, 3.052924684031594005 ) ) ;
#4527 = CARTESIAN_POINT ( 'NONE',  ( -1.579533881469934897, 24.50000000000000000, 11.46827142854182391 ) ) ;
#4528 = VECTOR ( 'NONE', #4139, 1000.000000000000000 ) ;
#4529 = CARTESIAN_POINT ( 'NONE',  ( 17.70476182858164549, 23.00000000000000000, 27.23807268525122538 ) ) ;
#4530 = VECTOR ( 'NONE', #10, 1000.000000000000000 ) ;
#4531 = AXIS2_PLACEMENT_3D ( 'NONE', #4017, #4778, #1378 ) ;
#4532 = CARTESIAN_POINT ( 'NONE',  ( -5.301418384264117378, 32.00000000000000000, 16.80050947618687118 ) ) ;
#4533 = LINE ( 'NONE', #2105, #1267 ) ;
#4534 = DIRECTION ( 'NONE',  ( 0.7071067811865476838, 0.000000000000000000, 0.7071067811865473507 ) ) ;
#4535 = ORIENTED_EDGE ( 'NONE', *, *, #4792, .F. ) ;
#4536 = EDGE_CURVE ( 'NONE', #2490, #4663, #2754, .T. ) ;
#4537 = AXIS2_PLACEMENT_3D ( 'NONE', #4350, #3179, #561 ) ;
#4538 = VECTOR ( 'NONE', #715, 1000.000000000000000 ) ;
#4539 = AXIS2_PLACEMENT_3D ( 'NONE', #2640, #2691, #3825 ) ;
#4540 = EDGE_CURVE ( 'NONE', #2510, #1697, #4569, .T. ) ;
#4541 = CARTESIAN_POINT ( 'NONE',  ( -2.673156032032166785, 24.50000000000001066, 4.178278363461163103 ) ) ;
#4542 = VERTEX_POINT ( 'NONE', #4326 ) ;
#4543 = CARTESIAN_POINT ( 'NONE',  ( -0.7959165628219013744, 32.00000000000000000, 12.86584915335362389 ) ) ;
#4544 = VERTEX_POINT ( 'NONE', #2412 ) ;
#4545 = EDGE_CURVE ( 'NONE', #4943, #2510, #1637, .T. ) ;
#4546 = LINE ( 'NONE', #1886, #2536 ) ;
#4547 = CARTESIAN_POINT ( 'NONE',  ( 17.70476182858164549, 23.00000000000000000, 27.23807268525122538 ) ) ;
#4548 = CARTESIAN_POINT ( 'NONE',  ( 0.2095567943960539858, 24.49999999999999289, 13.06458333644163794 ) ) ;
#4549 = ORIENTED_EDGE ( 'NONE', *, *, #1085, .F. ) ;
#4550 = CARTESIAN_POINT ( 'NONE',  ( -35.00000000000000000, 32.00000000000000000, 28.99999999999997158 ) ) ;
#4551 = ORIENTED_EDGE ( 'NONE', *, *, #3573, .F. ) ;
#4552 = EDGE_CURVE ( 'NONE', #1697, #1784, #3229, .T. ) ;
#4553 = ORIENTED_EDGE ( 'NONE', *, *, #1568, .F. ) ;
#4554 = CARTESIAN_POINT ( 'NONE',  ( -10.91334025148517561, 22.99999999999999289, 18.55278282206214158 ) ) ;
#4555 = DIRECTION ( 'NONE',  ( 0.000000000000000000, 0.000000000000000000, -1.000000000000000000 ) ) ;
#4556 = CARTESIAN_POINT ( 'NONE',  ( -34.00000000000000000, 32.00000000000000000, 28.99999999999997158 ) ) ;
#4557 = CARTESIAN_POINT ( 'NONE',  ( 0.000000000000000000, 32.00000000000000000, 13.00000000000000000 ) ) ;
#4558 = CARTESIAN_POINT ( 'NONE',  ( 2.251544362057745996, 32.00000000000000000, -1.046527771141978480 ) ) ;
#4559 = FACE_OUTER_BOUND ( 'NONE', #1286, .T. ) ;
#4560 = VERTEX_POINT ( 'NONE', #4660 ) ;
#4561 = FACE_BOUND ( 'NONE', #2055, .T. ) ;
#4562 = CARTESIAN_POINT ( 'NONE',  ( 10.91468612899347335, 23.00000000000000355, 18.55293219675728622 ) ) ;
#4563 = VECTOR ( 'NONE', #3397, 1000.000000000000000 ) ;
#4564 = ORIENTED_EDGE ( 'NONE', *, *, #4031, .F. ) ;
#4565 = DIRECTION ( 'NONE',  ( 0.000000000000000000, -1.000000000000000000, 0.000000000000000000 ) ) ;
#4566 = ORIENTED_EDGE ( 'NONE', *, *, #2562, .F. ) ;
#4567 = DIRECTION ( 'NONE',  ( 0.000000000000000000, 1.000000000000000000, 3.491481338843133355E-15 ) ) ;
#4568 = DIRECTION ( 'NONE',  ( 1.000000000000000000, 0.000000000000000000, 2.322494089076271146E-16 ) ) ;
#4569 = LINE ( 'NONE', #407, #4782 ) ;
#4570 = EDGE_CURVE ( 'NONE', #4008, #2348, #4685, .T. ) ;
#4571 = ORIENTED_EDGE ( 'NONE', *, *, #3748, .T. ) ;
#4572 = LINE ( 'NONE', #1232, #4275 ) ;
#4573 = ORIENTED_EDGE ( 'NONE', *, *, #113, .F. ) ;
#4574 = DIRECTION ( 'NONE',  ( -0.000000000000000000, 0.000000000000000000, 1.000000000000000000 ) ) ;
#4575 = LINE ( 'NONE', #1621, #1185 ) ;
#4576 = EDGE_CURVE ( 'NONE', #809, #1700, #3608, .T. ) ;
#4577 = DIRECTION ( 'NONE',  ( 0.000000000000000000, 0.000000000000000000, -1.000000000000000000 ) ) ;
#4578 = ORIENTED_EDGE ( 'NONE', *, *, #2089, .T. ) ;
#4579 = DIRECTION ( 'NONE',  ( -1.000000000000000000, 0.000000000000000000, 0.000000000000000000 ) ) ;
#4580 = CARTESIAN_POINT ( 'NONE',  ( -45.97666018330589566, 16.50000000000002132, 18.98421203201065666 ) ) ;
#4581 = CARTESIAN_POINT ( 'NONE',  ( -25.00000000000000711, 30.00000000000000000, 38.99999999999996447 ) ) ;
#4582 = EDGE_CURVE ( 'NONE', #4846, #3561, #183, .T. ) ;
#4583 = EDGE_LOOP ( 'NONE', ( #1076, #735, #3546, #4256 ) ) ;
#4584 = DIRECTION ( 'NONE',  ( 0.000000000000000000, -0.000000000000000000, 1.000000000000000000 ) ) ;
#4585 = VECTOR ( 'NONE', #3808, 1000.000000000000000 ) ;
#4586 = DIRECTION ( 'NONE',  ( 0.000000000000000000, 1.000000000000000000, 3.491481338843133355E-15 ) ) ;
#4587 = EDGE_LOOP ( 'NONE', ( #898, #169, #4921, #1285 ) ) ;
#4588 = CARTESIAN_POINT ( 'NONE',  ( 3.055460739098543765, 32.00000000000000000, 8.135971476757854148 ) ) ;
#4589 = AXIS2_PLACEMENT_3D ( 'NONE', #756, #1174, #424 ) ;
#4590 = ORIENTED_EDGE ( 'NONE', *, *, #2500, .T. ) ;
#4591 = FACE_OUTER_BOUND ( 'NONE', #2370, .T. ) ;
#4592 = DIRECTION ( 'NONE',  ( 0.000000000000000000, 0.000000000000000000, 1.000000000000000000 ) ) ;
#4593 = CARTESIAN_POINT ( 'NONE',  ( 33.50000000000000000, 2.000000000000001776, 28.99999999999997158 ) ) ;
#4594 = ORIENTED_EDGE ( 'NONE', *, *, #1318, .F. ) ;
#4595 = DIRECTION ( 'NONE',  ( 0.000000000000000000, 0.000000000000000000, 1.000000000000000000 ) ) ;
#4596 = ORIENTED_EDGE ( 'NONE', *, *, #1387, .T. ) ;
#4597 = VECTOR ( 'NONE', #107, 1000.000000000000000 ) ;
#4598 = CARTESIAN_POINT ( 'NONE',  ( 25.00000000000000711, 0.000000000000000000, 28.99999999999997158 ) ) ;
#4599 = EDGE_CURVE ( 'NONE', #2919, #1587, #3557, .T. ) ;
#4600 = DIRECTION ( 'NONE',  ( 0.7071067811865473507, 0.000000000000000000, 0.7071067811865477948 ) ) ;
#4601 = CARTESIAN_POINT ( 'NONE',  ( -35.00000000000000000, 16.50000000000000000, 18.99999999999995737 ) ) ;
#4602 = DIRECTION ( 'NONE',  ( 1.000000000000000000, 0.000000000000000000, 1.982784115446821362E-15 ) ) ;
#4603 = EDGE_CURVE ( 'NONE', #1747, #2366, #4868, .T. ) ;
#4604 = AXIS2_PLACEMENT_3D ( 'NONE', #951, #2506, #3193 ) ;
#4605 = CARTESIAN_POINT ( 'NONE',  ( 11.67777777848358411, 23.00000000000000000, 19.01947394638962763 ) ) ;
#4606 = CARTESIAN_POINT ( 'NONE',  ( -25.00000000000000711, 2.000000000000000000, -38.25000000000002842 ) ) ;
#4607 = VECTOR ( 'NONE', #4629, 1000.000000000000000 ) ;
#4608 = EDGE_LOOP ( 'NONE', ( #3955, #892, #3003, #3138, #1247, #4524 ) ) ;
#4609 = LINE ( 'NONE', #1196, #2079 ) ;
#4610 = ORIENTED_EDGE ( 'NONE', *, *, #2593, .F. ) ;
#4611 = VECTOR ( 'NONE', #2950, 1000.000000000000000 ) ;
#4612 = CARTESIAN_POINT ( 'NONE',  ( -1.099844525993681765, 24.50000000000000000, 5.187071063562599171 ) ) ;
#4613 = DIRECTION ( 'NONE',  ( 0.000000000000000000, -1.000000000000000000, 0.000000000000000000 ) ) ;
#4614 = ORIENTED_EDGE ( 'NONE', *, *, #3092, .T. ) ;
#4615 = ORIENTED_EDGE ( 'NONE', *, *, #4215, .T. ) ;
#4616 = LINE ( 'NONE', #2336, #4930 ) ;
#4617 = CARTESIAN_POINT ( 'NONE',  ( 7.599667529665836696, 23.00000000000000000, 25.49999999999952749 ) ) ;
#4618 = CARTESIAN_POINT ( 'NONE',  ( 0.5101476121173053047, 31.99999999999999289, 12.98432700421049368 ) ) ;
#4619 = ORIENTED_EDGE ( 'NONE', *, *, #2718, .T. ) ;
#4620 = CARTESIAN_POINT ( 'NONE',  ( -1.578323249675340323, 32.00000000000000000, 11.44345228739797093 ) ) ;
#4621 = VERTEX_POINT ( 'NONE', #528 ) ;
#4622 = DIRECTION ( 'NONE',  ( -0.000000000000000000, -1.000000000000000000, -0.000000000000000000 ) ) ;
#4623 = DIRECTION ( 'NONE',  ( 0.000000000000000000, 1.000000000000000000, 3.491481338843133355E-15 ) ) ;
#4624 = FACE_OUTER_BOUND ( 'NONE', #615, .T. ) ;
#4625 = ORIENTED_EDGE ( 'NONE', *, *, #2504, .T. ) ;
#4626 = EDGE_CURVE ( 'NONE', #4136, #2268, #1307, .T. ) ;
#4627 = CARTESIAN_POINT ( 'NONE',  ( -45.97666018330589566, 17.00000000000000000, 24.99999999999995381 ) ) ;
#4628 = CARTESIAN_POINT ( 'NONE',  ( 35.00000000000000000, 30.00000000000000000, 28.99999999999997158 ) ) ;
#4629 = DIRECTION ( 'NONE',  ( 0.000000000000000000, 0.000000000000000000, -1.000000000000000000 ) ) ;
#4630 = EDGE_CURVE ( 'NONE', #4542, #4899, #3633, .T. ) ;
#4631 = VERTEX_POINT ( 'NONE', #1662 ) ;
#4632 = LINE ( 'NONE', #1221, #724 ) ;
#4633 = FACE_OUTER_BOUND ( 'NONE', #2567, .T. ) ;
#4634 = EDGE_CURVE ( 'NONE', #1765, #4726, #887, .T. ) ;
#4635 = CARTESIAN_POINT ( 'NONE',  ( 7.599667529665836696, 25.00000000000008527, 25.49999999999951328 ) ) ;
#4636 = EDGE_CURVE ( 'NONE', #2360, #2408, #2826, .T. ) ;
#4637 = ORIENTED_EDGE ( 'NONE', *, *, #1193, .T. ) ;
#4638 = ORIENTED_EDGE ( 'NONE', *, *, #2972, .F. ) ;
#4639 = CARTESIAN_POINT ( 'NONE',  ( 1.577748280683119564, 32.00000000000000000, 11.42771081216555373 ) ) ;
#4640 = CARTESIAN_POINT ( 'NONE',  ( -2.651422672153604054, 32.00000000000000000, -0.6907892170350632410 ) ) ;
#4641 = CARTESIAN_POINT ( 'NONE',  ( -35.00000000000000000, 14.99999999999999645, 10.99999999999995381 ) ) ;
#4642 = VERTEX_POINT ( 'NONE', #2060 ) ;
#4643 = CARTESIAN_POINT ( 'NONE',  ( -35.00000000000000000, 9.750498023811029924, 24.99999999999995381 ) ) ;
#4644 = ORIENTED_EDGE ( 'NONE', *, *, #3033, .T. ) ;
#4645 = EDGE_LOOP ( 'NONE', ( #1486, #2602, #2090, #141 ) ) ;
#4646 = LINE ( 'NONE', #1720, #1750 ) ;
#4647 = LINE ( 'NONE', #1593, #3896 ) ;
#4648 = CARTESIAN_POINT ( 'NONE',  ( 17.70476182858164549, 23.00000000000000000, 15.53801126270789190 ) ) ;
#4649 = CARTESIAN_POINT ( 'NONE',  ( -33.50000000000000000, 10.00049802381102992, 0.000000000000000000 ) ) ;
#4650 = LINE ( 'NONE', #3500, #2222 ) ;
#4651 = PLANE ( 'NONE',  #1920 ) ;
#4652 = ADVANCED_FACE ( 'NONE', ( #3582 ), #3205, .F. ) ;
#4653 = CARTESIAN_POINT ( 'NONE',  ( -5.301418384264122707, 25.00000000000011724, 16.80050947618687118 ) ) ;
#4654 = CARTESIAN_POINT ( 'NONE',  ( 0.000000000000000000, 30.00001199999999812, -17.04445395531110563 ) ) ;
#4655 = ORIENTED_EDGE ( 'NONE', *, *, #4697, .F. ) ;
#4656 = VECTOR ( 'NONE', #4163, 1000.000000000000114 ) ;
#4657 = LINE ( 'NONE', #2437, #1981 ) ;
#4658 = ADVANCED_FACE ( 'NONE', ( #100 ), #2441, .T. ) ;
#4659 = DIRECTION ( 'NONE',  ( -0.000000000000000000, 1.000000000000000000, -0.000000000000000000 ) ) ;
#4660 = CARTESIAN_POINT ( 'NONE',  ( 10.26313544485287643, 29.50000000000000000, 18.29275258562296003 ) ) ;
#4661 = ORIENTED_EDGE ( 'NONE', *, *, #2405, .F. ) ;
#4662 = CARTESIAN_POINT ( 'NONE',  ( 3.000000000000003553, 29.09999999999999787, -20.04445395531110918 ) ) ;
#4663 = VERTEX_POINT ( 'NONE', #2803 ) ;
#4664 = ORIENTED_EDGE ( 'NONE', *, *, #1545, .F. ) ;
#4665 = DIRECTION ( 'NONE',  ( 1.000000000000000000, -0.000000000000000000, -0.000000000000000000 ) ) ;
#4666 = STYLED_ITEM ( 'NONE', ( #926 ), #1300 ) ;
#4667 = DIRECTION ( 'NONE',  ( -0.000000000000000000, 1.000000000000000000, 0.000000000000000000 ) ) ;
#4668 = LINE ( 'NONE', #1160, #928 ) ;
#4669 = AXIS2_PLACEMENT_3D ( 'NONE', #3473, #13, #61 ) ;
#4670 = ORIENTED_EDGE ( 'NONE', *, *, #4466, .T. ) ;
#4671 = CARTESIAN_POINT ( 'NONE',  ( -14.49833763245317364, 23.00000000000000000, 19.36521081018106827 ) ) ;
#4672 = LINE ( 'NONE', #4340, #3978 ) ;
#4673 = VECTOR ( 'NONE', #4332, 1000.000000000000000 ) ;
#4674 = ORIENTED_EDGE ( 'NONE', *, *, #2530, .T. ) ;
#4675 = CARTESIAN_POINT ( 'NONE',  ( 3.101750864123772988, 24.49999999999999645, 7.434263784897523486 ) ) ;
#4676 = VECTOR ( 'NONE', #2426, 1000.000000000000000 ) ;
#4677 = EDGE_CURVE ( 'NONE', #2860, #1372, #2470, .T. ) ;
#4678 = CARTESIAN_POINT ( 'NONE',  ( 2.672987518482355718, 32.00000000000002132, 4.177303777948393915 ) ) ;
#4679 = EDGE_LOOP ( 'NONE', ( #4168, #916, #1638, #1053 ) ) ;
#4680 = ORIENTED_EDGE ( 'NONE', *, *, #2058, .T. ) ;
#4681 = EDGE_CURVE ( 'NONE', #3412, #616, #3101, .T. ) ;
#4682 = VECTOR ( 'NONE', #192, 1000.000000000000000 ) ;
#4683 = CARTESIAN_POINT ( 'NONE',  ( -7.601536384991169903, 28.49999999999999645, 18.11989491965041665 ) ) ;
#4684 = DIRECTION ( 'NONE',  ( 0.000000000000000000, 0.000000000000000000, -1.000000000000000000 ) ) ;
#4685 = LINE ( 'NONE', #154, #249 ) ;
#4686 = EDGE_LOOP ( 'NONE', ( #1296, #161, #2931, #1548 ) ) ;
#4687 = LINE ( 'NONE', #4377, #4470 ) ;
#4688 = EDGE_CURVE ( 'NONE', #79, #2963, #2286, .T. ) ;
#4689 = CARTESIAN_POINT ( 'NONE',  ( -1.099844525993681765, 24.50000000000000000, 5.187071063562599171 ) ) ;
#4690 = ORIENTED_EDGE ( 'NONE', *, *, #746, .F. ) ;
#4691 = ORIENTED_EDGE ( 'NONE', *, *, #1484, .T. ) ;
#4692 = VERTEX_POINT ( 'NONE', #2690 ) ;
#4693 = CARTESIAN_POINT ( 'NONE',  ( 3.569651276120686223, 32.00000000000000000, 1.220887574729981884 ) ) ;
#4694 = VECTOR ( 'NONE', #2388, 1000.000000000000000 ) ;
#4695 = VECTOR ( 'NONE', #3000, 1000.000000000000000 ) ;
#4696 = DIRECTION ( 'NONE',  ( 0.000000000000000000, -0.000000000000000000, 1.000000000000000000 ) ) ;
#4697 = EDGE_CURVE ( 'NONE', #400, #1004, #3047, .T. ) ;
#4698 = DIRECTION ( 'NONE',  ( -2.891205793294679805E-16, 0.000000000000000000, 1.000000000000000000 ) ) ;
#4699 = VERTEX_POINT ( 'NONE', #3894 ) ;
#4700 = ADVANCED_FACE ( 'NONE', ( #4561, #446, #1144 ), #1576, .T. ) ;
#4701 = DIRECTION ( 'NONE',  ( -0.000000000000000000, -1.000000000000000000, -0.000000000000000000 ) ) ;
#4702 = DIRECTION ( 'NONE',  ( 1.000000000000000000, 0.000000000000000000, 0.000000000000000000 ) ) ;
#4703 = VECTOR ( 'NONE', #1814, 1000.000000000000000 ) ;
#4704 = ORIENTED_EDGE ( 'NONE', *, *, #3690, .T. ) ;
#4705 = LINE ( 'NONE', #985, #2853 ) ;
#4706 = CARTESIAN_POINT ( 'NONE',  ( 25.00000000000000711, 30.00000000000000000, 37.49999999999996447 ) ) ;
#4707 = ORIENTED_EDGE ( 'NONE', *, *, #4908, .T. ) ;
#4708 = CARTESIAN_POINT ( 'NONE',  ( 3.599158056653547710, 32.00000000000000711, 1.948720518691894110 ) ) ;
#4709 = VERTEX_POINT ( 'NONE', #2717 ) ;
#4710 = CARTESIAN_POINT ( 'NONE',  ( -33.50000000000000000, 9.750498023811029924, 24.99999999999995381 ) ) ;
#4711 = DIRECTION ( 'NONE',  ( -1.000000000000000000, 0.000000000000000000, 0.000000000000000000 ) ) ;
#4712 = DIRECTION ( 'NONE',  ( 0.000000000000000000, 0.000000000000000000, -1.000000000000000000 ) ) ;
#4713 = ORIENTED_EDGE ( 'NONE', *, *, #4489, .T. ) ;
#4714 = CARTESIAN_POINT ( 'NONE',  ( 2.551418392201909580, 32.00000000000000000, 4.721401813190775343 ) ) ;
#4715 = CARTESIAN_POINT ( 'NONE',  ( -25.50000000000000355, 17.50000000000000000, 19.86623553487585170 ) ) ;
#4716 = ORIENTED_EDGE ( 'NONE', *, *, #1168, .F. ) ;
#4717 = VERTEX_POINT ( 'NONE', #2661 ) ;
#4718 = ORIENTED_EDGE ( 'NONE', *, *, #4889, .F. ) ;
#4719 = CARTESIAN_POINT ( 'NONE',  ( 34.25000000000000000, 2.000000000000000000, -29.00000000000002487 ) ) ;
#4720 = CARTESIAN_POINT ( 'NONE',  ( -33.50000000000000000, 17.00000000000000000, 24.99999999999995381 ) ) ;
#4721 = EDGE_CURVE ( 'NONE', #12, #3039, #4609, .T. ) ;
#4722 = CARTESIAN_POINT ( 'NONE',  ( 1.665313045421115357, 24.50000000000001421, 6.125826274882580691 ) ) ;
#4723 = VECTOR ( 'NONE', #245, 1000.000000000000000 ) ;
#4724 = LINE ( 'NONE', #947, #4440 ) ;
#4725 = EDGE_LOOP ( 'NONE', ( #3068, #2451, #1464, #1028 ) ) ;
#4726 = VERTEX_POINT ( 'NONE', #2746 ) ;
#4727 = LINE ( 'NONE', #1322, #705 ) ;
#4728 = FACE_OUTER_BOUND ( 'NONE', #89, .T. ) ;
#4729 = EDGE_CURVE ( 'NONE', #2809, #1692, #4632, .T. ) ;
#4730 = LINE ( 'NONE', #678, #3730 ) ;
#4731 = FACE_OUTER_BOUND ( 'NONE', #356, .T. ) ;
#4732 = LINE ( 'NONE', #4001, #1198 ) ;
#4733 = EDGE_CURVE ( 'NONE', #4219, #1353, #3035, .T. ) ;
#4734 = CARTESIAN_POINT ( 'NONE',  ( -27.50000000000000355, 10.50000000000000178, 23.86623553487585525 ) ) ;
#4735 = VERTEX_POINT ( 'NONE', #4188 ) ;
#4736 = DIRECTION ( 'NONE',  ( -0.000000000000000000, -0.000000000000000000, 1.000000000000000000 ) ) ;
#4737 = CARTESIAN_POINT ( 'NONE',  ( 14.50000000000024869, 23.00000000000000000, 19.36521081018127077 ) ) ;
#4738 = DIRECTION ( 'NONE',  ( 0.000000000000000000, 0.000000000000000000, -1.000000000000000000 ) ) ;
#4739 = ORIENTED_EDGE ( 'NONE', *, *, #3918, .F. ) ;
#4740 = CARTESIAN_POINT ( 'NONE',  ( -14.49833763245317364, 25.00000000000010658, 19.36521081018105406 ) ) ;
#4741 = CARTESIAN_POINT ( 'NONE',  ( 35.00000000000000000, 0.000000000000000000, 28.99999999999997158 ) ) ;
#4742 = AXIS2_PLACEMENT_3D ( 'NONE', #4556, #699, #2239 ) ;
#4743 = ORIENTED_EDGE ( 'NONE', *, *, #1447, .T. ) ;
#4744 = VERTEX_POINT ( 'NONE', #3823 ) ;
#4745 = LINE ( 'NONE', #974, #866 ) ;
#4746 = CARTESIAN_POINT ( 'NONE',  ( -1.247026587262101360, 24.50000000000000355, 5.916449535355454259 ) ) ;
#4747 = AXIS2_PLACEMENT_3D ( 'NONE', #3536, #863, #4306 ) ;
#4748 = CARTESIAN_POINT ( 'NONE',  ( 3.053660572321895916, 24.50000000000001066, 8.128370371428170316 ) ) ;
#4749 = DIRECTION ( 'NONE',  ( 1.000000000000000000, 0.000000000000000000, 2.891205793294679805E-16 ) ) ;
#4750 = VERTEX_POINT ( 'NONE', #69 ) ;
#4751 = ORIENTED_EDGE ( 'NONE', *, *, #4886, .F. ) ;
#4752 = ADVANCED_FACE ( 'NONE', ( #398 ), #4651, .F. ) ;
#4753 = AXIS2_PLACEMENT_3D ( 'NONE', #264, #1842, #4086 ) ;
#4754 = LINE ( 'NONE', #4362, #228 ) ;
#4755 = CARTESIAN_POINT ( 'NONE',  ( 0.000000000000000000, -13.91959594928933441, 19.93801126270789226 ) ) ;
#4756 = AXIS2_PLACEMENT_3D ( 'NONE', #845, #441, #3817 ) ;
#4757 = ORIENTED_EDGE ( 'NONE', *, *, #3965, .F. ) ;
#4758 = EDGE_CURVE ( 'NONE', #2982, #3073, #3126, .T. ) ;
#4759 = PLANE ( 'NONE',  #3014 ) ;
#4760 = VECTOR ( 'NONE', #3273, 1000.000000000000000 ) ;
#4761 = DIRECTION ( 'NONE',  ( 0.000000000000000000, 1.000000000000000000, 3.491481338843133355E-15 ) ) ;
#4762 = VECTOR ( 'NONE', #660, 1000.000000000000000 ) ;
#4763 = VECTOR ( 'NONE', #3511, 1000.000000000000000 ) ;
#4764 = CARTESIAN_POINT ( 'NONE',  ( 2.799999999999999378, 23.00000000000000000, 15.53801126270789190 ) ) ;
#4765 = ADVANCED_FACE ( 'NONE', ( #1553 ), #850, .F. ) ;
#4766 = B_SPLINE_CURVE_WITH_KNOTS ( 'NONE', 3,
 ( #317, #1131, #2227, #1512, #1069, #4824, #1488, #3741, #2595, #1794, #4543, #4874, #1044, #339 ),
 .UNSPECIFIED., .F., .F.,
 ( 4, 2, 2, 2, 2, 2, 4 ),
 ( 0.000000000000000000, 0.0003087712755628132383, 0.0006175425511256264766, 0.0009263138266884398233, 0.001235085102251252953, 0.001852627653376880080, 0.002470170204502507207 ),
 .UNSPECIFIED. ) ;
#4767 = DIRECTION ( 'NONE',  ( 0.000000000000000000, -1.000000000000000000, 0.000000000000000000 ) ) ;
#4768 = AXIS2_PLACEMENT_3D ( 'NONE', #4144, #2637, #370 ) ;
#4769 = CARTESIAN_POINT ( 'NONE',  ( -25.50000000000000355, 19.50000000000000355, 23.86623553487585525 ) ) ;
#4770 = CIRCLE ( 'NONE', #1907, 8.499999999999992895 ) ;
#4771 = ORIENTED_EDGE ( 'NONE', *, *, #3098, .T. ) ;
#4772 = CARTESIAN_POINT ( 'NONE',  ( -2.799999999999999378, -13.91959594928933441, 15.53801126270789190 ) ) ;
#4773 = DIRECTION ( 'NONE',  ( -0.000000000000000000, -0.000000000000000000, 1.000000000000000000 ) ) ;
#4774 = EDGE_LOOP ( 'NONE', ( #2689, #4775, #2710, #1820 ) ) ;
#4775 = ORIENTED_EDGE ( 'NONE', *, *, #4404, .T. ) ;
#4776 = DIRECTION ( 'NONE',  ( 0.7071067811865474617, 0.000000000000000000, -0.7071067811865476838 ) ) ;
#4777 = LINE ( 'NONE', #511, #3514 ) ;
#4778 = DIRECTION ( 'NONE',  ( 6.982962677686266711E-15, 3.491481338843133355E-15, -1.000000000000000000 ) ) ;
#4779 = CARTESIAN_POINT ( 'NONE',  ( -1.099844525993681765, 24.50000000000000000, 5.860867144937108364 ) ) ;
#4780 = VECTOR ( 'NONE', #1035, 1000.000000000000000 ) ;
#4781 = ORIENTED_EDGE ( 'NONE', *, *, #1261, .T. ) ;
#4782 = VECTOR ( 'NONE', #3927, 1000.000000000000000 ) ;
#4783 = AXIS2_PLACEMENT_3D ( 'NONE', #4897, #1049, #1402 ) ;
#4784 = ORIENTED_EDGE ( 'NONE', *, *, #1318, .T. ) ;
#4785 = CARTESIAN_POINT ( 'NONE',  ( -25.00000000000000711, 30.00000000000000000, -29.00000000000002132 ) ) ;
#4786 = CARTESIAN_POINT ( 'NONE',  ( 7.599667529665843801, 23.00000000000000000, 24.06419186098130325 ) ) ;
#4787 = APPLICATION_CONTEXT ( 'automotive_design' ) ;
#4788 = VECTOR ( 'NONE', #1330, 1000.000000000000000 ) ;
#4789 = CARTESIAN_POINT ( 'NONE',  ( -8.743329047513924479, 28.49999999999999645, 7.256070824894444549 ) ) ;
#4790 = PLANE ( 'NONE',  #1898 ) ;
#4791 = LINE ( 'NONE', #2127, #3972 ) ;
#4792 = EDGE_CURVE ( 'NONE', #85, #12, #825, .T. ) ;
#4793 = LINE ( 'NONE', #1789, #625 ) ;
#4794 = EDGE_CURVE ( 'NONE', #2161, #4744, #2310, .T. ) ;
#4795 = ORIENTED_EDGE ( 'NONE', *, *, #4626, .F. ) ;
#4796 = DIRECTION ( 'NONE',  ( -1.000000000000000000, -0.000000000000000000, -2.891205793294680298E-16 ) ) ;
#4797 = CARTESIAN_POINT ( 'NONE',  ( 17.70476182858164549, 28.49999999999999645, 15.53801126270789190 ) ) ;
#4798 = EDGE_CURVE ( 'NONE', #667, #2490, #93, .T. ) ;
#4799 = EDGE_CURVE ( 'NONE', #2418, #3412, #3920, .T. ) ;
#4800 = ORIENTED_EDGE ( 'NONE', *, *, #2892, .T. ) ;
#4801 = VERTEX_POINT ( 'NONE', #3845 ) ;
#4802 = CARTESIAN_POINT ( 'NONE',  ( 4.100096472055489549, 32.00000000000000000, 25.49999999999952038 ) ) ;
#4803 = DIRECTION ( 'NONE',  ( 0.7071067811865465735, 0.000000000000000000, 0.7071067811865485719 ) ) ;
#4804 = B_SPLINE_CURVE_WITH_KNOTS ( 'NONE', 3,
 ( #1230, #1516, #4928, #3111, #4618, #4173, #783, #860, #3806, #2728, #1913, #484, #1983, #3460 ),
 .UNSPECIFIED., .F., .F.,
 ( 4, 2, 2, 2, 2, 2, 4 ),
 ( 0.000000000000000000, 0.0003086731120362993771, 0.0006173462240725987541, 0.0009260193361088982396, 0.001234692448145197508, 0.001852038672217796913, 0.002469384896290396317 ),
 .UNSPECIFIED. ) ;
#4805 = VERTEX_POINT ( 'NONE', #3070 ) ;
#4806 = EDGE_LOOP ( 'NONE', ( #3135, #1352, #195, #2682, #1254, #2149, #3505, #1334 ) ) ;
#4807 = ORIENTED_EDGE ( 'NONE', *, *, #3398, .F. ) ;
#4808 = DIRECTION ( 'NONE',  ( -0.000000000000000000, -1.000000000000000000, -0.000000000000000000 ) ) ;
#4809 = LINE ( 'NONE', #3383, #3429 ) ;
#4810 = CARTESIAN_POINT ( 'NONE',  ( 1.101485361694153120, 24.50000000000000000, 5.860867144937121687 ) ) ;
#4811 = VERTEX_POINT ( 'NONE', #1951 ) ;
#4812 = CARTESIAN_POINT ( 'NONE',  ( -5.301418384264122707, 25.00000000000011724, 16.80050947618687118 ) ) ;
#4813 = ORIENTED_EDGE ( 'NONE', *, *, #2788, .T. ) ;
#4814 = ORIENTED_EDGE ( 'NONE', *, *, #559, .T. ) ;
#4815 = FACE_OUTER_BOUND ( 'NONE', #2548, .T. ) ;
#4816 = PLANE ( 'NONE',  #3103 ) ;
#4817 = ORIENTED_EDGE ( 'NONE', *, *, #2365, .T. ) ;
#4818 = CARTESIAN_POINT ( 'NONE',  ( -3.601026911978597145, 32.00000000000000000, 1.758059867859523395 ) ) ;
#4819 = CARTESIAN_POINT ( 'NONE',  ( -5.301418384264150241, 25.00000000000009948, 21.57711283463898511 ) ) ;
#4820 = ORIENTED_EDGE ( 'NONE', *, *, #2430, .F. ) ;
#4821 = EDGE_CURVE ( 'NONE', #250, #819, #1170, .T. ) ;
#4822 = DIRECTION ( 'NONE',  ( -1.000000000000000000, 0.000000000000000000, -0.000000000000000000 ) ) ;
#4823 = ORIENTED_EDGE ( 'NONE', *, *, #2109, .T. ) ;
#4824 = CARTESIAN_POINT ( 'NONE',  ( -1.420632916443173244, 31.99999999999999289, 12.18516938435013408 ) ) ;
#4825 = EDGE_CURVE ( 'NONE', #830, #4709, #1283, .T. ) ;
#4826 = ORIENTED_EDGE ( 'NONE', *, *, #27, .F. ) ;
#4827 = ORIENTED_EDGE ( 'NONE', *, *, #155, .F. ) ;
#4828 = CARTESIAN_POINT ( 'NONE',  ( 2.800000000000000266, 23.00000000000000000, 15.53801126270789190 ) ) ;
#4829 = LINE ( 'NONE', #1424, #2001 ) ;
#4830 = DIRECTION ( 'NONE',  ( 0.000000000000000000, -1.000000000000000000, 0.000000000000000000 ) ) ;
#4831 = CIRCLE ( 'NONE', #3075, 0.5000000000000004441 ) ;
#4832 = ORIENTED_EDGE ( 'NONE', *, *, #3098, .F. ) ;
#4833 = LINE ( 'NONE', #1870, #4509 ) ;
#4834 = ORIENTED_EDGE ( 'NONE', *, *, #294, .T. ) ;
#4835 = CARTESIAN_POINT ( 'NONE',  ( 3.000000000000003553, 29.09999999999999787, -20.04445395531110918 ) ) ;
#4836 = AXIS2_PLACEMENT_3D ( 'NONE', #1779, #4360, #3295 ) ;
#4837 = CARTESIAN_POINT ( 'NONE',  ( -1.577713192576071899, 24.50000000000000000, 11.43583728693407942 ) ) ;
#4838 = ORIENTED_EDGE ( 'NONE', *, *, #2257, .F. ) ;
#4839 = DIRECTION ( 'NONE',  ( -0.000000000000000000, -1.000000000000000000, -0.000000000000000000 ) ) ;
#4840 = AXIS2_PLACEMENT_3D ( 'NONE', #1163, #2350, #4579 ) ;
#4841 = CARTESIAN_POINT ( 'NONE',  ( 1.101485361694153120, 32.00000000000000000, 5.187071063562639139 ) ) ;
#4842 = VECTOR ( 'NONE', #1804, 1000.000000000000000 ) ;
#4843 = EDGE_LOOP ( 'NONE', ( #630, #2539, #4615, #2143 ) ) ;
#4844 = CARTESIAN_POINT ( 'NONE',  ( 3.101750864123765883, 32.00000000000000000, 8.757180451233494978 ) ) ;
#4845 = ADVANCED_FACE ( 'NONE', ( #132 ), #3636, .T. ) ;
#4846 = VERTEX_POINT ( 'NONE', #3929 ) ;
#4847 = ORIENTED_EDGE ( 'NONE', *, *, #1605, .T. ) ;
#4848 = DIRECTION ( 'NONE',  ( 0.000000000000000000, 1.000000000000000000, -5.782891589540700619E-16 ) ) ;
#4849 = AXIS2_PLACEMENT_3D ( 'NONE', #172, #3964, #197 ) ;
#4850 = EDGE_LOOP ( 'NONE', ( #1215, #4670, #1771, #4323 ) ) ;
#4851 = DIRECTION ( 'NONE',  ( -0.000000000000000000, -1.000000000000000000, -0.000000000000000000 ) ) ;
#4852 = CARTESIAN_POINT ( 'NONE',  ( 1.581279503555507837, 24.50000000000000000, 11.44534539468065049 ) ) ;
#4853 = DIRECTION ( 'NONE',  ( 0.000000000000000000, -1.000000000000000000, 0.000000000000000000 ) ) ;
#4854 = EDGE_CURVE ( 'NONE', #940, #3272, #4033, .T. ) ;
#4855 = CARTESIAN_POINT ( 'NONE',  ( -35.00000000000000711, 32.00000000000000000, -29.00000000000001776 ) ) ;
#4856 = ORIENTED_EDGE ( 'NONE', *, *, #130, .T. ) ;
#4857 = ORIENTED_EDGE ( 'NONE', *, *, #2752, .T. ) ;
#4858 = ADVANCED_FACE ( 'NONE', ( #3663 ), #186, .T. ) ;
#4859 = EDGE_LOOP ( 'NONE', ( #2192, #1687, #2586, #1313 ) ) ;
#4860 = DIRECTION ( 'NONE',  ( -0.000000000000000000, 1.000000000000000000, 0.000000000000000000 ) ) ;
#4861 = VECTOR ( 'NONE', #3540, 1000.000000000000000 ) ;
#4862 = CARTESIAN_POINT ( 'NONE',  ( -8.871527771934950124, 29.50000000000000355, 17.83061455812335083 ) ) ;
#4863 = ADVANCED_FACE ( 'NONE', ( #1716 ), #207, .F. ) ;
#4864 = PLANE ( 'NONE',  #4742 ) ;
#4865 = ADVANCED_FACE ( 'NONE', ( #3262 ), #1341, .F. ) ;
#4866 = LINE ( 'NONE', #3375, #454 ) ;
#4867 = B_SPLINE_SURFACE_WITH_KNOTS ( 'NONE', 3, 1, ( 
 ( #1824, #2967 ),
 ( #4478, #1073 ),
 ( #691, #3749 ),
 ( #324, #78 ) ),
 .UNSPECIFIED., .F., .F., .F.,
 ( 4, 4 ),
 ( 2, 2 ),
 ( 5.000000000000000000, 6.000000000000000000 ),
 ( 0.000000000000000000, 1.000000000000000000 ),
 .UNSPECIFIED. ) ;
#4868 = CIRCLE ( 'NONE', #164, 8.499999999999996447 ) ;
#4869 = LINE ( 'NONE', #3304, #4762 ) ;
#4870 = ORIENTED_EDGE ( 'NONE', *, *, #3398, .T. ) ;
#4871 = LINE ( 'NONE', #2515, #1608 ) ;
#4872 = VECTOR ( 'NONE', #3071, 1000.000000000000000 ) ;
#4873 = ORIENTED_EDGE ( 'NONE', *, *, #499, .F. ) ;
#4874 = CARTESIAN_POINT ( 'NONE',  ( -0.4156306683440225136, 32.00000000000000711, 13.02338483168158589 ) ) ;
#4875 = CYLINDRICAL_SURFACE ( 'NONE', #2288, 9.999999999999994671 ) ;
#4876 = CARTESIAN_POINT ( 'NONE',  ( 1.581279503555507837, 32.00000000000000000, 11.46651120006818658 ) ) ;
#4877 = DIRECTION ( 'NONE',  ( 0.000000000000000000, 1.000000000000000000, 0.000000000000000000 ) ) ;
#4878 = CARTESIAN_POINT ( 'NONE',  ( -3.601026911978596701, 24.50000000000000000, 1.487297027349776313 ) ) ;
#4879 = ORIENTED_EDGE ( 'NONE', *, *, #1542, .T. ) ;
#4880 = ORIENTED_EDGE ( 'NONE', *, *, #634, .T. ) ;
#4881 = EDGE_LOOP ( 'NONE', ( #3562, #4795, #4426, #2213, #3195, #4826, #1417, #1611 ) ) ;
#4882 = DIRECTION ( 'NONE',  ( 0.000000000000000000, 0.000000000000000000, 1.000000000000000000 ) ) ;
#4883 = CIRCLE ( 'NONE', #2729, 1.000000000000000888 ) ;
#4884 = EDGE_CURVE ( 'NONE', #3517, #2893, #1604, .T. ) ;
#4885 = CYLINDRICAL_SURFACE ( 'NONE', #147, 20.49999999999999645 ) ;
#4886 = EDGE_CURVE ( 'NONE', #4020, #1609, #4310, .T. ) ;
#4887 = CARTESIAN_POINT ( 'NONE',  ( -27.50000000000000355, 10.49999999999999467, 0.2499999999999533706 ) ) ;
#4888 = CARTESIAN_POINT ( 'NONE',  ( -2.408053297442379836, 32.00000000000000000, 4.442224668567199330 ) ) ;
#4889 = EDGE_CURVE ( 'NONE', #492, #1623, #4687, .T. ) ;
#4890 = DIRECTION ( 'NONE',  ( 1.000000000000000000, 0.000000000000000000, 0.000000000000000000 ) ) ;
#4891 = FACE_OUTER_BOUND ( 'NONE', #2611, .T. ) ;
#4892 = VERTEX_POINT ( 'NONE', #3559 ) ;
#4893 = DIRECTION ( 'NONE',  ( 0.000000000000000000, 1.000000000000000000, -0.000000000000000000 ) ) ;
#4894 = VERTEX_POINT ( 'NONE', #970 ) ;
#4895 = LINE ( 'NONE', #2936, #2132 ) ;
#4896 = DIRECTION ( 'NONE',  ( 0.000000000000000000, 0.000000000000000000, 1.000000000000000000 ) ) ;
#4897 = CARTESIAN_POINT ( 'NONE',  ( -4.098455636355261333, 25.00000000000009592, 22.45905727886296077 ) ) ;
#4898 = CARTESIAN_POINT ( 'NONE',  ( 1.577748280683119564, 24.50000000000000000, 11.42771081216552886 ) ) ;
#4899 = VERTEX_POINT ( 'NONE', #4802 ) ;
#4900 = DIRECTION ( 'NONE',  ( 0.000000000000000000, 0.000000000000000000, -1.000000000000000000 ) ) ;
#4901 = EDGE_LOOP ( 'NONE', ( #1872, #2556, #3105, #3995 ) ) ;
#4902 = ORIENTED_EDGE ( 'NONE', *, *, #3965, .T. ) ;
#4903 = B_SPLINE_SURFACE_WITH_KNOTS ( 'NONE', 3, 1, ( 
 ( #1310, #2828 ),
 ( #938, #2443 ),
 ( #4922, #290 ),
 ( #4423, #2915 ) ),
 .UNSPECIFIED., .F., .F., .F.,
 ( 4, 4 ),
 ( 2, 2 ),
 ( 3.000000000000000000, 4.000000000000000000 ),
 ( 0.000000000000000000, 1.000000000000000000 ),
 .UNSPECIFIED. ) ;
#4904 = EDGE_LOOP ( 'NONE', ( #3158, #2818, #1667, #1575 ) ) ;
#4905 = VERTEX_POINT ( 'NONE', #612 ) ;
#4906 = CARTESIAN_POINT ( 'NONE',  ( -46.31370849898476649, 16.49999999999999289, 17.99999999999995381 ) ) ;
#4907 = FACE_OUTER_BOUND ( 'NONE', #4587, .T. ) ;
#4908 = EDGE_CURVE ( 'NONE', #3744, #1607, #1664, .T. ) ;
#4909 = LINE ( 'NONE', #747, #4656 ) ;
#4910 = PLANE ( 'NONE',  #3657 ) ;
#4911 = CARTESIAN_POINT ( 'NONE',  ( 0.000000000000000000, 23.00000000000000000, 19.93801126270789226 ) ) ;
#4912 = LINE ( 'NONE', #2687, #3743 ) ;
#4913 = VECTOR ( 'NONE', #2415, 1000.000000000000000 ) ;
#4914 = VERTEX_POINT ( 'NONE', #2805 ) ;
#4915 = ADVANCED_FACE ( 'NONE', ( #4328 ), #911, .F. ) ;
#4916 = VECTOR ( 'NONE', #1390, 1000.000000000000000 ) ;
#4917 = CARTESIAN_POINT ( 'NONE',  ( -2.920273333322620068, 32.00000000000000711, 9.811032877130706709 ) ) ;
#4918 = ADVANCED_FACE ( 'NONE', ( #889 ), #2235, .T. ) ;
#4919 = VECTOR ( 'NONE', #3353, 1000.000000000000000 ) ;
#4920 = ORIENTED_EDGE ( 'NONE', *, *, #1358, .T. ) ;
#4921 = ORIENTED_EDGE ( 'NONE', *, *, #901, .F. ) ;
#4922 = CARTESIAN_POINT ( 'NONE',  ( 0.8721927253039357675, 24.49999999999999645, 13.06458333644164149 ) ) ;
#4923 = CARTESIAN_POINT ( 'NONE',  ( -27.50000000000000355, 18.00000000000000000, 14.74999999999995204 ) ) ;
#4924 = EDGE_LOOP ( 'NONE', ( #1233, #2902, #2005, #131 ) ) ;
#4925 = CARTESIAN_POINT ( 'NONE',  ( 7.599667515478469859, 23.00000000000000000, 18.11989492295154491 ) ) ;
#4926 = AXIS2_PLACEMENT_3D ( 'NONE', #1294, #1703, #2840 ) ;
#4927 = CARTESIAN_POINT ( 'NONE',  ( 17.70476182858164549, 23.00000000000000000, 15.53801126270789190 ) ) ;
#4928 = CARTESIAN_POINT ( 'NONE',  ( 0.2078273371052061225, 32.00000000000000000, 13.05453229023432904 ) ) ;
#4929 = FACE_OUTER_BOUND ( 'NONE', #318, .T. ) ;
#4930 = VECTOR ( 'NONE', #1866, 1000.000000000000000 ) ;
#4931 = ORIENTED_EDGE ( 'NONE', *, *, #1087, .T. ) ;
#4932 = DIRECTION ( 'NONE',  ( 1.000000000000000000, 0.000000000000000000, 0.000000000000000000 ) ) ;
#4933 = CARTESIAN_POINT ( 'NONE',  ( -25.50000000000000355, 10.50000000000000178, 23.86623553487585525 ) ) ;
#4934 = VECTOR ( 'NONE', #4258, 1000.000000000000000 ) ;
#4935 = DIRECTION ( 'NONE',  ( 0.000000000000000000, 0.000000000000000000, -1.000000000000000000 ) ) ;
#4936 = AXIS2_PLACEMENT_3D ( 'NONE', #2301, #3838, #414 ) ;
#4937 = CARTESIAN_POINT ( 'NONE',  ( -27.50000000000000355, 10.49999999999999467, 1.749999999999952927 ) ) ;
#4938 = LINE ( 'NONE', #1525, #4458 ) ;
#4939 = DIRECTION ( 'NONE',  ( 0.000000000000000000, -1.000000000000000000, 0.000000000000000000 ) ) ;
#4940 = VECTOR ( 'NONE', #2646, 1000.000000000000000 ) ;
#4941 = ADVANCED_FACE ( 'NONE', ( #157 ), #4903, .T. ) ;
#4942 = CARTESIAN_POINT ( 'NONE',  ( -25.50000000000000355, 10.50000000000000178, 23.86623553487585525 ) ) ;
#4943 = VERTEX_POINT ( 'NONE', #315 ) ;
#4944 = FACE_OUTER_BOUND ( 'NONE', #1220, .T. ) ;
ENDSEC;
END-ISO-10303-21;
