ISO-10303-21;
HEADER;
FILE_DESCRIPTION (( 'STEP AP214' ),
    '1' );
FILE_NAME ('Part 2.STEP',
    '2026-01-03T09:23:12',
    ( '' ),
    ( '' ),
    'SwSTEP 2.0',
    'SolidWorks 2025',
    '' );
FILE_SCHEMA (( 'AUTOMOTIVE_DESIGN' ));
ENDSEC;

DATA;
#1 = ORIENTED_EDGE ( 'NONE', *, *, #1056, .T. ) ;
#2 = LINE ( 'NONE', #629, #9 ) ;
#3 = EDGE_CURVE ( 'NONE', #1081, #787, #75, .T. ) ;
#4 = LINE ( 'NONE', #1538, #44 ) ;
#5 = CARTESIAN_POINT ( 'NONE',  ( -19.81171673543281031, 9.499999999999998224, 27.23807268525122538 ) ) ;
#6 = VERTEX_POINT ( 'NONE', #1737 ) ;
#7 = DIRECTION ( 'NONE',  ( 1.000000000000000000, 0.000000000000000000, 0.000000000000000000 ) ) ;
#8 = VECTOR ( 'NONE', #240, 1000.000000000000000 ) ;
#9 = VECTOR ( 'NONE', #1198, 1000.000000000000000 ) ;
#10 = FACE_OUTER_BOUND ( 'NONE', #665, .T. ) ;
#11 = VECTOR ( 'NONE', #1285, 1000.000000000000000 ) ;
#12 = ORIENTED_EDGE ( 'NONE', *, *, #1779, .F. ) ;
#13 = VECTOR ( 'NONE', #1927, 1000.000000000000000 ) ;
#14 = FACE_OUTER_BOUND ( 'NONE', #1839, .T. ) ;
#15 = ORIENTED_EDGE ( 'NONE', *, *, #205, .T. ) ;
#16 = CARTESIAN_POINT ( 'NONE',  ( -8.743329047513924479, 9.499999999999998224, 7.256070824894444549 ) ) ;
#17 = EDGE_CURVE ( 'NONE', #567, #189, #1744, .T. ) ;
#18 = AXIS2_PLACEMENT_3D ( 'NONE', #1504, #905, #1513 ) ;
#19 = VERTEX_POINT ( 'NONE', #1593 ) ;
#20 = LINE ( 'NONE', #648, #1419 ) ;
#21 = CARTESIAN_POINT ( 'NONE',  ( 14.79276182858165534, 24.99999999999999645, 0.000000000000000000 ) ) ;
#22 = EDGE_CURVE ( 'NONE', #1217, #1698, #225, .T. ) ;
#23 = FILL_AREA_STYLE ('',( #1376 ) ) ;
#24 = ORIENTED_EDGE ( 'NONE', *, *, #1838, .F. ) ;
#25 = ORIENTED_EDGE ( 'NONE', *, *, #3, .T. ) ;
#26 = CARTESIAN_POINT ( 'NONE',  ( 15.84405090676714600, 9.499999999999998224, 13.67730034089338709 ) ) ;
#27 = DIRECTION ( 'NONE',  ( -1.000000000000000000, -0.000000000000000000, -0.000000000000000000 ) ) ;
#28 = DIRECTION ( 'NONE',  ( 0.7071067811865473507, 0.000000000000000000, 0.7071067811865477948 ) ) ;
#29 = EDGE_CURVE ( 'NONE', #721, #379, #1447, .T. ) ;
#30 = LINE ( 'NONE', #194, #1883 ) ;
#31 = VECTOR ( 'NONE', #393, 1000.000000000000000 ) ;
#32 = ORIENTED_EDGE ( 'NONE', *, *, #1327, .F. ) ;
#33 = ORIENTED_EDGE ( 'NONE', *, *, #703, .F. ) ;
#34 = CARTESIAN_POINT ( 'NONE',  ( -19.81171673543281031, 26.50000000000000000, 12.01317212208040708 ) ) ;
#35 = PLANE ( 'NONE',  #1630 ) ;
#36 = DIRECTION ( 'NONE',  ( -0.000000000000000000, -1.000000000000000000, -0.000000000000000000 ) ) ;
#37 = DIRECTION ( 'NONE',  ( -1.000000000000000000, 0.000000000000000000, 0.000000000000000000 ) ) ;
#38 = DIRECTION ( 'NONE',  ( 0.000000000000000000, 1.000000000000000000, 2.940873454663932011E-27 ) ) ;
#39 = EDGE_CURVE ( 'NONE', #961, #993, #1586, .T. ) ;
#40 = EDGE_LOOP ( 'NONE', ( #197, #664, #1722, #1661, #1177, #1255, #267, #839 ) ) ;
#41 = VECTOR ( 'NONE', #1207, 1000.000000000000000 ) ;
#42 = ORIENTED_EDGE ( 'NONE', *, *, #1443, .F. ) ;
#43 = CARTESIAN_POINT ( 'NONE',  ( 13.38518194069521527, 10.50999999999999091, 16.09894341733712508 ) ) ;
#44 = VECTOR ( 'NONE', #1668, 1000.000000000000000 ) ;
#45 = AXIS2_PLACEMENT_3D ( 'NONE', #1330, #859, #308 ) ;
#46 = ORIENTED_EDGE ( 'NONE', *, *, #67, .T. ) ;
#47 = ORIENTED_EDGE ( 'NONE', *, *, #1311, .F. ) ;
#48 = LINE ( 'NONE', #76, #1206 ) ;
#49 = CARTESIAN_POINT ( 'NONE',  ( -14.21914622032904774, 10.50999999999999091, -39.28468037378117117 ) ) ;
#50 = ADVANCED_FACE ( 'NONE', ( #1458 ), #94, .T. ) ;
#51 = EDGE_LOOP ( 'NONE', ( #1101, #1577, #690, #301 ) ) ;
#52 = DIRECTION ( 'NONE',  ( 1.000000000000000000, -4.362186067504582549E-40, 1.475500935504002337E-13 ) ) ;
#53 = DIRECTION ( 'NONE',  ( 9.815291161854818648E-14, -2.940873454663932011E-27, 1.000000000000000000 ) ) ;
#54 = ORIENTED_EDGE ( 'NONE', *, *, #1027, .T. ) ;
#55 = EDGE_LOOP ( 'NONE', ( #207, #873, #558, #827 ) ) ;
#56 = DIRECTION ( 'NONE',  ( -1.000000000000000000, 0.000000000000000000, 0.000000000000000000 ) ) ;
#57 = CARTESIAN_POINT ( 'NONE',  ( 3.888410194208734350, 10.50999999999999091, 16.59988183274022333 ) ) ;
#58 = EDGE_CURVE ( 'NONE', #528, #360, #1902, .T. ) ;
#59 = ORIENTED_EDGE ( 'NONE', *, *, #1958, .F. ) ;
#60 = CARTESIAN_POINT ( 'NONE',  ( 4.219146220329037966, 9.499999999999998224, 23.06569260839445334 ) ) ;
#61 = CARTESIAN_POINT ( 'NONE',  ( -4.246373477178807754, 10.50999999999999091, 6.750748237078701308 ) ) ;
#62 = ORIENTED_EDGE ( 'NONE', *, *, #1623, .F. ) ;
#63 = VERTEX_POINT ( 'NONE', #1484 ) ;
#64 = VERTEX_POINT ( 'NONE', #250 ) ;
#65 = CARTESIAN_POINT ( 'NONE',  ( 14.21914622032904418, 26.50000000000000000, 20.06569260839445690 ) ) ;
#66 = LINE ( 'NONE', #985, #1246 ) ;
#67 = EDGE_CURVE ( 'NONE', #787, #944, #1468, .T. ) ;
#68 = ORIENTED_EDGE ( 'NONE', *, *, #541, .T. ) ;
#69 = ORIENTED_EDGE ( 'NONE', *, *, #712, .F. ) ;
#70 = CARTESIAN_POINT ( 'NONE',  ( 2.562233326286126989, 10.50999999999999091, -2.736966231001714878 ) ) ;
#71 = LINE ( 'NONE', #1160, #1212 ) ;
#72 = EDGE_CURVE ( 'NONE', #166, #415, #391, .T. ) ;
#73 = AXIS2_PLACEMENT_3D ( 'NONE', #517, #1745, #1128 ) ;
#74 = VECTOR ( 'NONE', #994, 1000.000000000000000 ) ;
#75 = LINE ( 'NONE', #1287, #1531 ) ;
#76 = CARTESIAN_POINT ( 'NONE',  ( 6.346119218776774318, 26.50000000000000000, 11.64859530943569332 ) ) ;
#77 = LINE ( 'NONE', #566, #385 ) ;
#78 = VECTOR ( 'NONE', #486, 1000.000000000000000 ) ;
#79 = ORIENTED_EDGE ( 'NONE', *, *, #1056, .F. ) ;
#80 = DIRECTION ( 'NONE',  ( 0.000000000000000000, 1.000000000000000000, 2.940873454663932011E-27 ) ) ;
#81 = ORIENTED_EDGE ( 'NONE', *, *, #1473, .T. ) ;
#82 = DIRECTION ( 'NONE',  ( 0.02639125886120532311, -2.939690163306099417E-27, 0.9996516900679559559 ) ) ;
#83 = DIRECTION ( 'NONE',  ( 0.000000000000000000, 1.000000000000000000, 2.940873454663932011E-27 ) ) ;
#84 = CARTESIAN_POINT ( 'NONE',  ( 14.79276182858165889, 10.50999999999999091, 24.33278622262480440 ) ) ;
#85 = CARTESIAN_POINT ( 'NONE',  ( -14.78197023516265496, 24.99999999999999645, -6.626758990801506193E-10 ) ) ;
#86 = ORIENTED_EDGE ( 'NONE', *, *, #1393, .F. ) ;
#87 = EDGE_LOOP ( 'NONE', ( #1507, #718, #1692, #1325 ) ) ;
#88 = DIRECTION ( 'NONE',  ( -1.000000000000000000, 0.000000000000000000, -4.483001173306440485E-11 ) ) ;
#89 = CARTESIAN_POINT ( 'NONE',  ( -14.78197023625350148, 10.50999999999999091, 24.33278622154344717 ) ) ;
#90 = EDGE_CURVE ( 'NONE', #1111, #768, #104, .T. ) ;
#91 = FACE_BOUND ( 'NONE', #1818, .T. ) ;
#92 = CARTESIAN_POINT ( 'NONE',  ( 3.504143963082937407, 10.50999999999999091, 13.26303376504072951 ) ) ;
#93 = ORIENTED_EDGE ( 'NONE', *, *, #712, .T. ) ;
#94 = PLANE ( 'NONE',  #1505 ) ;
#95 = CARTESIAN_POINT ( 'NONE',  ( 14.21914622032904418, 9.499999999999998224, 23.06569260839445334 ) ) ;
#96 = ORIENTED_EDGE ( 'NONE', *, *, #1801, .F. ) ;
#97 = CARTESIAN_POINT ( 'NONE',  ( -1.340977077731587697, 24.99999999999999645, 25.42219329353986979 ) ) ;
#98 = DIRECTION ( 'NONE',  ( 1.000000000000000000, 0.000000000000000000, 0.000000000000000000 ) ) ;
#99 = EDGE_CURVE ( 'NONE', #1529, #666, #230, .T. ) ;
#100 = FACE_OUTER_BOUND ( 'NONE', #210, .T. ) ;
#101 = PLANE ( 'NONE',  #1347 ) ;
#102 = ORIENTED_EDGE ( 'NONE', *, *, #1723, .F. ) ;
#103 = FACE_OUTER_BOUND ( 'NONE', #87, .T. ) ;
#104 = LINE ( 'NONE', #1277, #74 ) ;
#105 = VECTOR ( 'NONE', #1795, 999.9999999999998863 ) ;
#106 = FACE_OUTER_BOUND ( 'NONE', #657, .T. ) ;
#107 = CARTESIAN_POINT ( 'NONE',  ( -2.553044450121756626, 10.50999999999999091, -4.768333691879734104 ) ) ;
#108 = EDGE_CURVE ( 'NONE', #1004, #318, #1369, .T. ) ;
#109 = PRODUCT_DEFINITION_FORMATION_WITH_SPECIFIED_SOURCE ( 'ANY', '', #1569, .NOT_KNOWN. ) ;
#110 = DIRECTION ( 'NONE',  ( -0.000000000000000000, -1.000000000000000000, -0.000000000000000000 ) ) ;
#111 = VECTOR ( 'NONE', #1831, 1000.000000000000000 ) ;
#112 = CARTESIAN_POINT ( 'NONE',  ( -3.494955088444204439, 26.50000000000000000, 13.26303376472695916 ) ) ;
#113 = LINE ( 'NONE', #1350, #1530 ) ;
#114 = ORIENTED_EDGE ( 'NONE', *, *, #378, .T. ) ;
#115 = EDGE_CURVE ( 'NONE', #1013, #567, #1954, .T. ) ;
#116 = DIRECTION ( 'NONE',  ( 0.000000000000000000, 1.000000000000000000, 2.940873454663932011E-27 ) ) ;
#117 = FACE_OUTER_BOUND ( 'NONE', #1242, .T. ) ;
#118 = LINE ( 'NONE', #897, #1383 ) ;
#119 = CARTESIAN_POINT ( 'NONE',  ( 1.500000000000000222, 26.50000000000000000, -2.201678149889266134 ) ) ;
#120 = LINE ( 'NONE', #430, #1533 ) ;
#121 = DIRECTION ( 'NONE',  ( 0.7071067811865474617, 0.000000000000000000, -0.7071067811865476838 ) ) ;
#122 = VECTOR ( 'NONE', #1145, 1000.000000000000000 ) ;
#123 = ORIENTED_EDGE ( 'NONE', *, *, #1958, .T. ) ;
#124 = FACE_OUTER_BOUND ( 'NONE', #939, .T. ) ;
#125 = ADVANCED_FACE ( 'NONE', ( #1677 ), #1058, .T. ) ;
#126 = DIRECTION ( 'NONE',  ( 0.000000000000000000, 1.000000000000000000, 2.940873454663932011E-27 ) ) ;
#127 = EDGE_CURVE ( 'NONE', #249, #1784, #439, .T. ) ;
#128 = ORIENTED_EDGE ( 'NONE', *, *, #180, .F. ) ;
#129 = CARTESIAN_POINT ( 'NONE',  ( -3.897126922361618284, 26.50000000000000000, 6.750748237094362558 ) ) ;
#130 = ORIENTED_EDGE ( 'NONE', *, *, #1547, .T. ) ;
#131 = CARTESIAN_POINT ( 'NONE',  ( -13.50043034469988434, 26.50000000000000000, 12.01317212208040530 ) ) ;
#132 = VERTEX_POINT ( 'NONE', #459 ) ;
#133 = CARTESIAN_POINT ( 'NONE',  ( -0.8839448284088664565, 24.99999999999999645, 16.75779298737433010 ) ) ;
#134 = EDGE_CURVE ( 'NONE', #868, #1877, #1194, .T. ) ;
#135 = AXIS2_PLACEMENT_3D ( 'NONE', #807, #187, #1409 ) ;
#136 = CARTESIAN_POINT ( 'NONE',  ( -3.026361226837363519E-10, 26.50000000000000000, 6.750748237269072582 ) ) ;
#137 = AXIS2_PLACEMENT_3D ( 'NONE', #1489, #1030, #1521 ) ;
#138 = EDGE_CURVE ( 'NONE', #639, #925, #433, .T. ) ;
#139 = ORIENTED_EDGE ( 'NONE', *, *, #1027, .F. ) ;
#140 = CARTESIAN_POINT ( 'NONE',  ( 17.70476182858164549, 9.499999999999998224, 27.23807268525122538 ) ) ;
#141 = UNCERTAINTY_MEASURE_WITH_UNIT (LENGTH_MEASURE( 1.000000000000000082E-05 ), #1391, 'distance_accuracy_value', 'NONE');
#142 = AXIS2_PLACEMENT_3D ( 'NONE', #1707, #460, #1360 ) ;
#143 = ORIENTED_EDGE ( 'NONE', *, *, #1259, .F. ) ;
#144 = CARTESIAN_POINT ( 'NONE',  ( 4.219146220329037966, 26.50000000000000000, 23.06569260839445334 ) ) ;
#145 = CARTESIAN_POINT ( 'NONE',  ( -13.37439034845122521, 10.50999999999999091, 26.19897291411961859 ) ) ;
#146 = EDGE_CURVE ( 'NONE', #968, #1860, #1267, .T. ) ;
#147 = LINE ( 'NONE', #140, #294 ) ;
#148 = CARTESIAN_POINT ( 'NONE',  ( -4.421514573308335194, 26.50000000000000000, 0.1167299938790075653 ) ) ;
#149 = PLANE ( 'NONE',  #142 ) ;
#150 = EDGE_LOOP ( 'NONE', ( #1657, #711, #727, #1234 ) ) ;
#151 = CARTESIAN_POINT ( 'NONE',  ( -4.219146220329037966, 26.50000000000000000, 23.06569260839445334 ) ) ;
#152 = PLANE ( 'NONE',  #45 ) ;
#153 = ORIENTED_EDGE ( 'NONE', *, *, #1216, .F. ) ;
#154 = EDGE_CURVE ( 'NONE', #1712, #349, #48, .T. ) ;
#155 = DIRECTION ( 'NONE',  ( 1.000000000000000000, 0.000000000000000000, 1.475500935504002337E-13 ) ) ;
#156 = CARTESIAN_POINT ( 'NONE',  ( 4.502511103578837215, 10.50999999999999091, -2.736966230914735565 ) ) ;
#157 = ORIENTED_EDGE ( 'NONE', *, *, #770, .T. ) ;
#158 = CARTESIAN_POINT ( 'NONE',  ( 8.374824250234464529, 26.50000000000000000, 13.67730034089338531 ) ) ;
#159 = EDGE_CURVE ( 'NONE', #1328, #1081, #525, .T. ) ;
#160 = CARTESIAN_POINT ( 'NONE',  ( -13.37439034813270311, 24.99999999999999645, 19.09402330380816437 ) ) ;
#161 = VECTOR ( 'NONE', #351, 1000.000000000000227 ) ;
#162 = DIRECTION ( 'NONE',  ( -1.000000000000000000, 0.000000000000000000, -0.000000000000000000 ) ) ;
#163 = AXIS2_PLACEMENT_3D ( 'NONE', #495, #1573, #53 ) ;
#164 = ORIENTED_EDGE ( 'NONE', *, *, #743, .T. ) ;
#165 = LINE ( 'NONE', #916, #931 ) ;
#166 = VERTEX_POINT ( 'NONE', #500 ) ;
#167 = ORIENTED_EDGE ( 'NONE', *, *, #667, .T. ) ;
#168 = DIRECTION ( 'NONE',  ( 4.483001173306440485E-11, 0.000000000000000000, -1.000000000000000000 ) ) ;
#169 = DIRECTION ( 'NONE',  ( 1.000000000000000000, 0.000000000000000000, 4.483001173306440485E-11 ) ) ;
#170 = ADVANCED_FACE ( 'NONE', ( #1127 ), #35, .T. ) ;
#171 = PLANE ( 'NONE',  #1671 ) ;
#172 = CARTESIAN_POINT ( 'NONE',  ( 3.504143963082937407, 10.50999999999999091, 13.26303376504072951 ) ) ;
#173 = ORIENTED_EDGE ( 'NONE', *, *, #1579, .F. ) ;
#174 = ORIENTED_EDGE ( 'NONE', *, *, #389, .F. ) ;
#175 = CARTESIAN_POINT ( 'NONE',  ( -3.590304883489858030E-12, 24.99999999999999645, 24.33278622262262303 ) ) ;
#176 = DIRECTION ( 'NONE',  ( -1.295630333478997339E-13, -2.940873454663932728E-27, 1.000000000000000000 ) ) ;
#177 = DIRECTION ( 'NONE',  ( 1.000000000000000000, 0.000000000000000000, 2.322494089076271146E-16 ) ) ;
#178 = DIRECTION ( 'NONE',  ( -0.05267505413556723692, -2.936534719685215728E-27, 0.9986117056553137639 ) ) ;
#179 = ORIENTED_EDGE ( 'NONE', *, *, #1080, .T. ) ;
#180 = EDGE_CURVE ( 'NONE', #618, #1892, #342, .T. ) ;
#181 = VERTEX_POINT ( 'NONE', #362 ) ;
#182 = CARTESIAN_POINT ( 'NONE',  ( -4.219146220329037966, 9.499999999999998224, 20.06569260839445690 ) ) ;
#183 = CARTESIAN_POINT ( 'NONE',  ( -3.877618601942272925, 10.50999999999999091, 25.69803449914322613 ) ) ;
#184 = ORIENTED_EDGE ( 'NONE', *, *, #1269, .F. ) ;
#185 = EDGE_LOOP ( 'NONE', ( #1878, #599, #1879, #1747 ) ) ;
#186 = ADVANCED_FACE ( 'NONE', ( #1256 ), #1133, .F. ) ;
#187 = DIRECTION ( 'NONE',  ( 0.000000000000000000, 0.000000000000000000, -1.000000000000000000 ) ) ;
#188 = ORIENTED_EDGE ( 'NONE', *, *, #829, .F. ) ;
#189 = VERTEX_POINT ( 'NONE', #831 ) ;
#190 = DIRECTION ( 'NONE',  ( 0.000000000000000000, 0.000000000000000000, -1.000000000000000000 ) ) ;
#191 = CARTESIAN_POINT ( 'NONE',  ( -4.219146220329037966, 26.50000000000000000, 20.06569260839445690 ) ) ;
#192 = ORIENTED_EDGE ( 'NONE', *, *, #180, .T. ) ;
#193 = FACE_OUTER_BOUND ( 'NONE', #1643, .T. ) ;
#194 = CARTESIAN_POINT ( 'NONE',  ( -14.78197023625350148, 10.50999999999999091, 24.33278622154344717 ) ) ;
#195 = ORIENTED_EDGE ( 'NONE', *, *, #560, .F. ) ;
#196 = AXIS2_PLACEMENT_3D ( 'NONE', #1342, #1352, #1953 ) ;
#197 = ORIENTED_EDGE ( 'NONE', *, *, #616, .F. ) ;
#198 = VERTEX_POINT ( 'NONE', #1566 ) ;
#199 = ADVANCED_FACE ( 'NONE', ( #1558 ), #822, .F. ) ;
#200 = FACE_OUTER_BOUND ( 'NONE', #1219, .T. ) ;
#201 = ORIENTED_EDGE ( 'NONE', *, *, #1717, .T. ) ;
#202 = DIRECTION ( 'NONE',  ( 0.9996516900679560669, 7.761651750276111467E-29, -0.02639125886120532657 ) ) ;
#203 = LINE ( 'NONE', #825, #1318 ) ;
#204 = ORIENTED_EDGE ( 'NONE', *, *, #455, .F. ) ;
#205 = EDGE_CURVE ( 'NONE', #510, #1580, #1715, .T. ) ;
#206 = ORIENTED_EDGE ( 'NONE', *, *, #804, .T. ) ;
#207 = ORIENTED_EDGE ( 'NONE', *, *, #90, .F. ) ;
#208 = LINE ( 'NONE', #810, #161 ) ;
#209 = ORIENTED_EDGE ( 'NONE', *, *, #115, .F. ) ;
#210 = EDGE_LOOP ( 'NONE', ( #218, #353, #1934, #472 ) ) ;
#211 = PLANE ( 'NONE',  #733 ) ;
#212 = CARTESIAN_POINT ( 'NONE',  ( 2.999999999999998224, 9.499999999999998224, 21.53801126270789368 ) ) ;
#213 = AXIS2_PLACEMENT_3D ( 'NONE', #504, #1729, #1874 ) ;
#214 = ADVANCED_FACE ( 'NONE', ( #511 ), #794, .F. ) ;
#215 = CARTESIAN_POINT ( 'NONE',  ( 6.346119218776775206, 9.499999999999998224, -6.021333691102119801 ) ) ;
#216 = CARTESIAN_POINT ( 'NONE',  ( -13.37439034813270311, 10.50999999999999091, 19.09402330380816437 ) ) ;
#217 = VERTEX_POINT ( 'NONE', #1635 ) ;
#218 = ORIENTED_EDGE ( 'NONE', *, *, #1840, .F. ) ;
#219 = PLANE ( 'NONE',  #1140 ) ;
#220 = EDGE_CURVE ( 'NONE', #1081, #961, #1488, .T. ) ;
#221 = VERTEX_POINT ( 'NONE', #1604 ) ;
#222 = CARTESIAN_POINT ( 'NONE',  ( 2.562233326377193254, 26.50000000000000000, -4.768333691650413542 ) ) ;
#223 = VECTOR ( 'NONE', #1165, 1000.000000000000000 ) ;
#224 = ORIENTED_EDGE ( 'NONE', *, *, #1371, .F. ) ;
#225 = LINE ( 'NONE', #370, #610 ) ;
#226 = DIRECTION ( 'NONE',  ( 0.000000000000000000, 0.000000000000000000, -1.000000000000000000 ) ) ;
#227 = CARTESIAN_POINT ( 'NONE',  ( -3.897126922361618284, 10.50999999999999091, 6.750748237094362558 ) ) ;
#228 = AXIS2_PLACEMENT_3D ( 'NONE', #891, #556, #745 ) ;
#229 = ORIENTED_EDGE ( 'NONE', *, *, #1080, .F. ) ;
#230 = LINE ( 'NONE', #773, #933 ) ;
#231 = ORIENTED_EDGE ( 'NONE', *, *, #1779, .T. ) ;
#232 = CARTESIAN_POINT ( 'NONE',  ( -3.026361226837360934E-10, 26.50000000000000000, 6.750748237269066365 ) ) ;
#233 = ADVANCED_FACE ( 'NONE', ( #103 ), #1640, .T. ) ;
#234 = CARTESIAN_POINT ( 'NONE',  ( 14.21914622032904241, 10.50999999999999091, 20.06569260839445690 ) ) ;
#235 = DIRECTION ( 'NONE',  ( -4.483001173306440485E-11, -2.940873454663932011E-27, 1.000000000000000000 ) ) ;
#236 = VECTOR ( 'NONE', #910, 1000.000000000000000 ) ;
#237 = CARTESIAN_POINT ( 'NONE',  ( -1.500000000000000222, 26.50000000000000000, -2.201678149889266134 ) ) ;
#238 = LINE ( 'NONE', #1764, #1726 ) ;
#239 = ORIENTED_EDGE ( 'NONE', *, *, #817, .T. ) ;
#240 = DIRECTION ( 'NONE',  ( 0.000000000000000000, 1.000000000000000000, 2.940873454663932011E-27 ) ) ;
#241 = CARTESIAN_POINT ( 'NONE',  ( -3.494955088444204439, 10.50999999999999091, 13.26303376472695916 ) ) ;
#242 = ORIENTED_EDGE ( 'NONE', *, *, #1062, .T. ) ;
#243 = LINE ( 'NONE', #232, #1214 ) ;
#244 = ADVANCED_FACE ( 'NONE', ( #1775 ), #432, .F. ) ;
#245 = LINE ( 'NONE', #1463, #874 ) ;
#246 = ADVANCED_FACE ( 'NONE', ( #260 ), #1482, .T. ) ;
#247 = FACE_OUTER_BOUND ( 'NONE', #40, .T. ) ;
#248 = CARTESIAN_POINT ( 'NONE',  ( 13.38518194069521527, 24.99999999999999645, 16.09894341733712508 ) ) ;
#249 = VERTEX_POINT ( 'NONE', #156 ) ;
#250 = CARTESIAN_POINT ( 'NONE',  ( -14.78197023625350148, 24.99999999999999645, 24.33278622154344717 ) ) ;
#251 = CARTESIAN_POINT ( 'NONE',  ( -2.999999999999999112, 9.499999999999998224, 15.53801126270789190 ) ) ;
#252 = CARTESIAN_POINT ( 'NONE',  ( 4.219146220329037966, 26.50000000000000000, 20.06569260839445690 ) ) ;
#253 = EDGE_CURVE ( 'NONE', #1554, #914, #955, .T. ) ;
#254 = DIRECTION ( 'NONE',  ( 0.05267505409069802441, 2.936929150137826593E-27, -0.9986117056576806483 ) ) ;
#255 = EDGE_CURVE ( 'NONE', #510, #1013, #917, .T. ) ;
#256 = PLANE ( 'NONE',  #1633 ) ;
#257 = CARTESIAN_POINT ( 'NONE',  ( -8.743329047513924479, 26.50000000000000000, 7.256070824894444549 ) ) ;
#258 = VECTOR ( 'NONE', #621, 1000.000000000000000 ) ;
#259 = ORIENTED_EDGE ( 'NONE', *, *, #1689, .F. ) ;
#260 = FACE_OUTER_BOUND ( 'NONE', #270, .T. ) ;
#261 = VECTOR ( 'NONE', #467, 1000.000000000000000 ) ;
#262 = LINE ( 'NONE', #283, #1567 ) ;
#263 = EDGE_LOOP ( 'NONE', ( #499, #1136, #1022, #1576 ) ) ;
#264 = DIRECTION ( 'NONE',  ( 0.000000000000000000, -1.000000000000000000, -2.940873454663932011E-27 ) ) ;
#265 = AXIS2_PLACEMENT_3D ( 'NONE', #1562, #1700, #1825 ) ;
#266 = VECTOR ( 'NONE', #1622, 1000.000000000000000 ) ;
#267 = ORIENTED_EDGE ( 'NONE', *, *, #1848, .F. ) ;
#268 = LINE ( 'NONE', #436, #266 ) ;
#269 = VECTOR ( 'NONE', #962, 1000.000000000000000 ) ;
#270 = EDGE_LOOP ( 'NONE', ( #24, #1097, #15, #338 ) ) ;
#271 = EDGE_CURVE ( 'NONE', #1217, #1002, #1389, .T. ) ;
#272 = LINE ( 'NONE', #553, #1665 ) ;
#273 = LINE ( 'NONE', #860, #744 ) ;
#274 = ORIENTED_EDGE ( 'NONE', *, *, #1922, .F. ) ;
#275 = DIRECTION ( 'NONE',  ( -0.000000000000000000, -0.000000000000000000, -1.000000000000000000 ) ) ;
#276 = ORIENTED_EDGE ( 'NONE', *, *, #662, .T. ) ;
#277 = LINE ( 'NONE', #1620, #634 ) ;
#278 = VERTEX_POINT ( 'NONE', #1378 ) ;
#279 = DIRECTION ( 'NONE',  ( -0.000000000000000000, 1.000000000000000000, -0.000000000000000000 ) ) ;
#280 = ORIENTED_EDGE ( 'NONE', *, *, #804, .F. ) ;
#281 = CARTESIAN_POINT ( 'NONE',  ( 4.502511103578837215, 10.50999999999999091, -2.736966230914735565 ) ) ;
#282 = ORIENTED_EDGE ( 'NONE', *, *, #1274, .T. ) ;
#283 = CARTESIAN_POINT ( 'NONE',  ( 13.38518194069569134, 10.50999999999999091, 19.09402330482620513 ) ) ;
#284 = VECTOR ( 'NONE', #1493, 1000.000000000000000 ) ;
#285 = ORIENTED_EDGE ( 'NONE', *, *, #1634, .T. ) ;
#286 = CARTESIAN_POINT ( 'NONE',  ( 13.38518194069569134, 10.50999999999999091, 19.09402330482620513 ) ) ;
#287 = AXIS2_PLACEMENT_3D ( 'NONE', #856, #202, #82 ) ;
#288 = FACE_OUTER_BOUND ( 'NONE', #1221, .T. ) ;
#289 = ADVANCED_FACE ( 'NONE', ( #1093 ), #1104, .F. ) ;
#290 = EDGE_LOOP ( 'NONE', ( #1564, #1441, #153, #1852, #444, #229, #624, #753 ) ) ;
#291 = CARTESIAN_POINT ( 'NONE',  ( -2.999999999999998224, 9.499999999999998224, 21.53801126270789368 ) ) ;
#292 = EDGE_LOOP ( 'NONE', ( #462, #440, #808, #130 ) ) ;
#293 = DIRECTION ( 'NONE',  ( 0.000000000000000000, 0.000000000000000000, 1.000000000000000000 ) ) ;
#294 = VECTOR ( 'NONE', #1400, 1000.000000000000000 ) ;
#295 = EDGE_CURVE ( 'NONE', #1580, #298, #1517, .T. ) ;
#296 = DIRECTION ( 'NONE',  ( -1.000000000000000000, 0.000000000000000000, -4.483001173306440485E-11 ) ) ;
#297 = VECTOR ( 'NONE', #321, 1000.000000000000000 ) ;
#298 = VERTEX_POINT ( 'NONE', #606 ) ;
#299 = AXIS2_PLACEMENT_3D ( 'NONE', #1213, #814, #52 ) ;
#300 =( LENGTH_UNIT ( ) NAMED_UNIT ( * ) SI_UNIT ( .MILLI., .METRE. ) );
#301 = ORIENTED_EDGE ( 'NONE', *, *, #134, .T. ) ;
#302 = PLANE ( 'NONE',  #1316 ) ;
#303 = DIRECTION ( 'NONE',  ( 1.000000000000000000, -1.318503921650895496E-37, 4.483001173306441131E-11 ) ) ;
#304 = CARTESIAN_POINT ( 'NONE',  ( 4.219146220329037966, 26.50000000000000000, 23.06569260839445334 ) ) ;
#305 = DIRECTION ( 'NONE',  ( -0.000000000000000000, 1.000000000000000000, -0.000000000000000000 ) ) ;
#306 = EDGE_CURVE ( 'NONE', #687, #1941, #1209, .T. ) ;
#307 = EDGE_CURVE ( 'NONE', #379, #820, #1067, .T. ) ;
#308 = DIRECTION ( 'NONE',  ( 0.000000000000000000, 1.000000000000000000, 2.940873454663932011E-27 ) ) ;
#309 = LINE ( 'NONE', #1243, #612 ) ;
#310 = ORIENTED_EDGE ( 'NONE', *, *, #1399, .F. ) ;
#311 = ADVANCED_FACE ( 'NONE', ( #14 ), #1220, .T. ) ;
#312 = DIRECTION ( 'NONE',  ( 1.000000000000000000, 0.000000000000000000, 0.000000000000000000 ) ) ;
#313 = DIRECTION ( 'NONE',  ( 1.000000000000000000, -1.318393914780417174E-37, 4.483001173306440485E-11 ) ) ;
#314 = LINE ( 'NONE', #333, #236 ) ;
#315 = ORIENTED_EDGE ( 'NONE', *, *, #1286, .T. ) ;
#316 = LINE ( 'NONE', #1560, #1323 ) ;
#317 = LINE ( 'NONE', #1407, #1475 ) ;
#318 = VERTEX_POINT ( 'NONE', #1148 ) ;
#319 = ADVANCED_FACE ( 'NONE', ( #708 ), #152, .T. ) ;
#320 = VECTOR ( 'NONE', #765, 1000.000000000000000 ) ;
#321 = DIRECTION ( 'NONE',  ( -1.000000000000000000, 0.000000000000000000, 0.000000000000000000 ) ) ;
#322 = DIRECTION ( 'NONE',  ( -1.000000000000000000, 1.318503921650895287E-37, -4.483001173306440485E-11 ) ) ;
#323 = ORIENTED_EDGE ( 'NONE', *, *, #1311, .T. ) ;
#324 = DIRECTION ( 'NONE',  ( -0.000000000000000000, 1.000000000000000000, -0.000000000000000000 ) ) ;
#325 = VECTOR ( 'NONE', #417, 1000.000000000000000 ) ;
#326 = CARTESIAN_POINT ( 'NONE',  ( 17.70476182858164549, 9.499999999999998224, 15.53801126270789190 ) ) ;
#327 = AXIS2_PLACEMENT_3D ( 'NONE', #1396, #1386, #963 ) ;
#328 = VERTEX_POINT ( 'NONE', #1297 ) ;
#329 = DIRECTION ( 'NONE',  ( 1.000000000000000000, 0.000000000000000000, -2.748605226541390308E-16 ) ) ;
#330 = EDGE_CURVE ( 'NONE', #1873, #1002, #1637, .T. ) ;
#331 = ORIENTED_EDGE ( 'NONE', *, *, #1733, .F. ) ;
#332 = DIRECTION ( 'NONE',  ( -1.000000000000000000, -0.000000000000000000, -0.000000000000000000 ) ) ;
#333 = CARTESIAN_POINT ( 'NONE',  ( -1.500000000000001332, 10.50999999999999091, -39.28468037378117117 ) ) ;
#334 = ORIENTED_EDGE ( 'NONE', *, *, #682, .F. ) ;
#335 = CARTESIAN_POINT ( 'NONE',  ( 13.38518194069569311, 24.99999999999999645, 19.09402330482620513 ) ) ;
#336 = CARTESIAN_POINT ( 'NONE',  ( -2.999999999999999112, 9.499999999999998224, 15.53801126270789190 ) ) ;
#337 = ORIENTED_EDGE ( 'NONE', *, *, #654, .F. ) ;
#338 = ORIENTED_EDGE ( 'NONE', *, *, #1016, .F. ) ;
#339 = LINE ( 'NONE', #43, #1946 ) ;
#340 = ORIENTED_EDGE ( 'NONE', *, *, #1523, .F. ) ;
#341 = EDGE_LOOP ( 'NONE', ( #481, #675, #1094, #59, #167 ) ) ;
#342 = LINE ( 'NONE', #1594, #775 ) ;
#343 = LINE ( 'NONE', #304, #1007 ) ;
#344 = DIRECTION ( 'NONE',  ( -4.908688302946797707E-17, 0.000000000000000000, 1.000000000000000000 ) ) ;
#345 = CARTESIAN_POINT ( 'NONE',  ( -5.945819592957627999E-10, 26.50000000000000000, 13.26303376488363739 ) ) ;
#346 = EDGE_CURVE ( 'NONE', #1481, #1557, #412, .T. ) ;
#347 = ORIENTED_EDGE ( 'NONE', *, *, #703, .T. ) ;
#348 = VERTEX_POINT ( 'NONE', #1794 ) ;
#349 = VERTEX_POINT ( 'NONE', #1899 ) ;
#350 = DIRECTION ( 'NONE',  ( 0.000000000000000000, 1.000000000000000000, 2.940873454663932011E-27 ) ) ;
#351 = DIRECTION ( 'NONE',  ( -0.02639125895083412748, -0.000000000000000000, 0.9996516900655897375 ) ) ;
#352 = EDGE_LOOP ( 'NONE', ( #1853, #1264, #977, #782 ) ) ;
#353 = ORIENTED_EDGE ( 'NONE', *, *, #628, .T. ) ;
#354 = DIRECTION ( 'NONE',  ( 1.445602896647339163E-16, 0.000000000000000000, 1.000000000000000000 ) ) ;
#355 = ADVANCED_FACE ( 'NONE', ( #100 ), #701, .T. ) ;
#356 = CARTESIAN_POINT ( 'NONE',  ( 8.374824250234464529, 9.499999999999998224, 13.67730034089338531 ) ) ;
#357 = AXIS2_PLACEMENT_3D ( 'NONE', #1107, #1716, #965 ) ;
#358 = ORIENTED_EDGE ( 'NONE', *, *, #906, .T. ) ;
#359 =( GEOMETRIC_REPRESENTATION_CONTEXT ( 3 ) GLOBAL_UNCERTAINTY_ASSIGNED_CONTEXT ( ( #141 ) ) GLOBAL_UNIT_ASSIGNED_CONTEXT ( ( #1391, #1841, #764 ) ) REPRESENTATION_CONTEXT ( 'NONE', 'WORKASPACE' ) );
#360 = VERTEX_POINT ( 'NONE', #534 ) ;
#361 = VECTOR ( 'NONE', #539, 1000.000000000000000 ) ;
#362 = CARTESIAN_POINT ( 'NONE',  ( 2.562233326377193254, 10.50999999999999091, -4.768333691650413542 ) ) ;
#363 = LINE ( 'NONE', #677, #531 ) ;
#364 = ORIENTED_EDGE ( 'NONE', *, *, #1906, .T. ) ;
#365 = VERTEX_POINT ( 'NONE', #112 ) ;
#366 = CARTESIAN_POINT ( 'NONE',  ( -19.81171673543281031, 26.50000000000000000, 15.53801126270789190 ) ) ;
#367 = VECTOR ( 'NONE', #1261, 1000.000000000000000 ) ;
#368 = DIRECTION ( 'NONE',  ( -1.000000000000000000, 0.000000000000000000, 0.000000000000000000 ) ) ;
#369 = EDGE_CURVE ( 'NONE', #1430, #1065, #272, .T. ) ;
#370 = CARTESIAN_POINT ( 'NONE',  ( 17.70476182858164549, 24.99999999999999645, 15.53801126270789190 ) ) ;
#371 = CARTESIAN_POINT ( 'NONE',  ( -4.219146220329037966, 26.50000000000000000, 20.06569260839445690 ) ) ;
#372 = DIRECTION ( 'NONE',  ( -4.483001173306440485E-11, -2.940873454663932011E-27, 1.000000000000000000 ) ) ;
#373 = ADVANCED_FACE ( 'NONE', ( #1162 ), #1152, .F. ) ;
#374 = FACE_OUTER_BOUND ( 'NONE', #1923, .T. ) ;
#375 = VECTOR ( 'NONE', #688, 1000.000000000000000 ) ;
#376 = CARTESIAN_POINT ( 'NONE',  ( 14.21914622032904418, 10.50999999999999091, 23.06569260839445334 ) ) ;
#377 = VECTOR ( 'NONE', #1829, 1000.000000000000000 ) ;
#378 = EDGE_CURVE ( 'NONE', #415, #980, #404, .T. ) ;
#379 = VERTEX_POINT ( 'NONE', #565 ) ;
#380 = LINE ( 'NONE', #49, #416 ) ;
#381 = ORIENTED_EDGE ( 'NONE', *, *, #973, .T. ) ;
#382 = ORIENTED_EDGE ( 'NONE', *, *, #159, .T. ) ;
#383 = LINE ( 'NONE', #70, #635 ) ;
#384 = DIRECTION ( 'NONE',  ( -0.06163844014495913765, 2.934956997874774422E-27, -0.9980985435799895056 ) ) ;
#385 = VECTOR ( 'NONE', #1456, 1000.000000000000000 ) ;
#386 = DIRECTION ( 'NONE',  ( 1.000000000000000000, -1.318503921650895287E-37, 4.483001173306440485E-11 ) ) ;
#387 = CARTESIAN_POINT ( 'NONE',  ( -1.500000000000000222, 10.50999999999999091, -2.201678149889266134 ) ) ;
#388 = AXIS2_PLACEMENT_3D ( 'NONE', #119, #1929, #724 ) ;
#389 = EDGE_CURVE ( 'NONE', #1877, #1873, #1020, .T. ) ;
#390 = ORIENTED_EDGE ( 'NONE', *, *, #723, .T. ) ;
#391 = LINE ( 'NONE', #1609, #8 ) ;
#392 = ORIENTED_EDGE ( 'NONE', *, *, #1832, .F. ) ;
#393 = DIRECTION ( 'NONE',  ( -4.483001173306440485E-11, 0.000000000000000000, 1.000000000000000000 ) ) ;
#394 = DIRECTION ( 'NONE',  ( 4.483001173306440485E-11, 2.940873454663932011E-27, -1.000000000000000000 ) ) ;
#395 = EDGE_CURVE ( 'NONE', #1013, #298, #734, .T. ) ;
#396 = CARTESIAN_POINT ( 'NONE',  ( 0.000000000000000000, 24.99999999999999645, 0.000000000000000000 ) ) ;
#397 = FACE_OUTER_BOUND ( 'NONE', #513, .T. ) ;
#398 = ORIENTED_EDGE ( 'NONE', *, *, #1259, .T. ) ;
#399 = DIRECTION ( 'NONE',  ( -1.000000000000000000, 1.318503921650895287E-37, -4.483001173306440485E-11 ) ) ;
#400 = CARTESIAN_POINT ( 'NONE',  ( 4.219146220329037966, 9.499999999999998224, 23.06569260839445334 ) ) ;
#401 = CARTESIAN_POINT ( 'NONE',  ( -14.78197023601864046, 10.50999999999999091, 19.09402330374506107 ) ) ;
#402 = ORIENTED_EDGE ( 'NONE', *, *, #1752, .F. ) ;
#403 = DIRECTION ( 'NONE',  ( 0.000000000000000000, 1.000000000000000000, 2.940873454663932011E-27 ) ) ;
#404 = LINE ( 'NONE', #713, #545 ) ;
#405 = DIRECTION ( 'NONE',  ( -4.483001173306440485E-11, -0.000000000000000000, 1.000000000000000000 ) ) ;
#406 = VERTEX_POINT ( 'NONE', #1907 ) ;
#407 = DIRECTION ( 'NONE',  ( 0.7071067811865476838, 0.000000000000000000, 0.7071067811865473507 ) ) ;
#408 = CARTESIAN_POINT ( 'NONE',  ( -19.81171673543281031, 9.499999999999998224, 15.53801126270789190 ) ) ;
#409 = FACE_OUTER_BOUND ( 'NONE', #1090, .T. ) ;
#410 = ADVANCED_FACE ( 'NONE', ( #1942, #247 ), #575, .T. ) ;
#411 = ORIENTED_EDGE ( 'NONE', *, *, #574, .T. ) ;
#412 = LINE ( 'NONE', #1464, #999 ) ;
#413 = CARTESIAN_POINT ( 'NONE',  ( 6.346119218776775206, 9.499999999999998224, -6.021333691102119801 ) ) ;
#414 = AXIS2_PLACEMENT_3D ( 'NONE', #371, #190, #1106 ) ;
#415 = VERTEX_POINT ( 'NONE', #1624 ) ;
#416 = VECTOR ( 'NONE', #659, 1000.000000000000000 ) ;
#417 = DIRECTION ( 'NONE',  ( 1.000000000000000000, 0.000000000000000000, 4.483001173306440485E-11 ) ) ;
#418 = ORIENTED_EDGE ( 'NONE', *, *, #1731, .T. ) ;
#419 = DIRECTION ( 'NONE',  ( 1.000000000000000000, 0.000000000000000000, 0.000000000000000000 ) ) ;
#420 = VECTOR ( 'NONE', #835, 1000.000000000000000 ) ;
#421 = DIRECTION ( 'NONE',  ( -0.000000000000000000, -1.000000000000000000, -0.000000000000000000 ) ) ;
#422 = DIRECTION ( 'NONE',  ( 1.000000000000000000, -1.318393914780417174E-37, 4.483001173306440485E-11 ) ) ;
#423 = CARTESIAN_POINT ( 'NONE',  ( 13.38518194069265199, 24.99999999999999645, -2.131356717142191355E-12 ) ) ;
#424 = EDGE_LOOP ( 'NONE', ( #282, #503, #592, #642 ) ) ;
#425 = CARTESIAN_POINT ( 'NONE',  ( 1.500000000000000222, 26.50000000000000000, -2.201678149889266134 ) ) ;
#426 = ORIENTED_EDGE ( 'NONE', *, *, #1928, .T. ) ;
#427 = FACE_BOUND ( 'NONE', #1785, .T. ) ;
#428 = EDGE_CURVE ( 'NONE', #993, #278, #1183, .T. ) ;
#429 = CARTESIAN_POINT ( 'NONE',  ( 13.38518194069886746, 24.99999999999999645, 1.734224774150385734E-12 ) ) ;
#430 = CARTESIAN_POINT ( 'NONE',  ( 2.562233326286126989, 10.50999999999999091, -2.736966231001714878 ) ) ;
#431 = ADVANCED_FACE ( 'NONE', ( #1305 ), #256, .T. ) ;
#432 = PLANE ( 'NONE',  #475 ) ;
#433 = LINE ( 'NONE', #65, #1375 ) ;
#434 = FACE_OUTER_BOUND ( 'NONE', #903, .T. ) ;
#435 = ORIENTED_EDGE ( 'NONE', *, *, #1433, .T. ) ;
#436 = CARTESIAN_POINT ( 'NONE',  ( -19.81171673543281031, 9.499999999999998224, 27.23807268525122538 ) ) ;
#437 = CARTESIAN_POINT ( 'NONE',  ( -4.219146220329037966, 9.499999999999998224, 20.06569260839445690 ) ) ;
#438 = CARTESIAN_POINT ( 'NONE',  ( 0.000000000000000000, 0.000000000000000000, 0.000000000000000000 ) ) ;
#439 = LINE ( 'NONE', #919, #258 ) ;
#440 = ORIENTED_EDGE ( 'NONE', *, *, #146, .F. ) ;
#441 = DIRECTION ( 'NONE',  ( -1.100068704781132848E-41, -1.000000000000000000, -2.940873454663932011E-27 ) ) ;
#442 = ADVANCED_FACE ( 'NONE', ( #1605 ), #1479, .F. ) ;
#443 = VECTOR ( 'NONE', #121, 1000.000000000000000 ) ;
#444 = ORIENTED_EDGE ( 'NONE', *, *, #1062, .F. ) ;
#445 = LINE ( 'NONE', #1790, #1886 ) ;
#446 = VECTOR ( 'NONE', #83, 1000.000000000000000 ) ;
#447 = ADVANCED_FACE ( 'NONE', ( #1763, #1455, #91 ), #543, .F. ) ;
#448 = ORIENTED_EDGE ( 'NONE', *, *, #492, .T. ) ;
#449 = VECTOR ( 'NONE', #1045, 1000.000000000000000 ) ;
#450 = FACE_OUTER_BOUND ( 'NONE', #987, .T. ) ;
#451 = EDGE_LOOP ( 'NONE', ( #1102, #390, #1589, #1260 ) ) ;
#452 = DIRECTION ( 'NONE',  ( -0.9986117056553137639, 1.549372121660643051E-28, -0.05267505413556723692 ) ) ;
#453 = ADVANCED_FACE ( 'NONE', ( #651 ), #663, .T. ) ;
#454 = CARTESIAN_POINT ( 'NONE',  ( 3.000000000000000888, 24.99999999999999645, 15.53801126270789190 ) ) ;
#455 = EDGE_CURVE ( 'NONE', #1941, #1797, #1262, .T. ) ;
#456 = DIRECTION ( 'NONE',  ( 0.000000000000000000, 0.000000000000000000, -1.000000000000000000 ) ) ;
#457 =( NAMED_UNIT ( * ) PLANE_ANGLE_UNIT ( ) SI_UNIT ( $, .RADIAN. ) );
#458 = ORIENTED_EDGE ( 'NONE', *, *, #936, .F. ) ;
#459 = CARTESIAN_POINT ( 'NONE',  ( 2.562233326286126989, 26.50000000000000000, -2.736966231001714878 ) ) ;
#460 = DIRECTION ( 'NONE',  ( 1.000000000000000000, -1.318393914780417174E-37, 4.483001173306440485E-11 ) ) ;
#461 = AXIS2_PLACEMENT_3D ( 'NONE', #1582, #1451, #521 ) ;
#462 = ORIENTED_EDGE ( 'NONE', *, *, #1561, .T. ) ;
#463 = LINE ( 'NONE', #1690, #1064 ) ;
#464 = DIRECTION ( 'NONE',  ( -0.000000000000000000, 1.000000000000000000, -0.000000000000000000 ) ) ;
#465 = ADVANCED_FACE ( 'NONE', ( #816 ), #1373, .F. ) ;
#466 = VERTEX_POINT ( 'NONE', #1833 ) ;
#467 = DIRECTION ( 'NONE',  ( 1.000000000000000000, 0.000000000000000000, 4.483001173306440485E-11 ) ) ;
#468 = ORIENTED_EDGE ( 'NONE', *, *, #1733, .T. ) ;
#469 = ORIENTED_EDGE ( 'NONE', *, *, #1542, .T. ) ;
#470 = DIRECTION ( 'NONE',  ( 0.000000000000000000, 0.000000000000000000, 1.000000000000000000 ) ) ;
#471 = DIRECTION ( 'NONE',  ( 0.000000000000000000, 2.940873454663932011E-27, -1.000000000000000000 ) ) ;
#472 = ORIENTED_EDGE ( 'NONE', *, *, #1452, .F. ) ;
#473 = DIRECTION ( 'NONE',  ( 1.000000000000000000, 0.000000000000000000, 4.336808689942017736E-16 ) ) ;
#474 = FACE_OUTER_BOUND ( 'NONE', #715, .T. ) ;
#475 = AXIS2_PLACEMENT_3D ( 'NONE', #579, #1510, #597 ) ;
#476 = EDGE_CURVE ( 'NONE', #758, #415, #1867, .T. ) ;
#477 = VERTEX_POINT ( 'NONE', #626 ) ;
#478 = ORIENTED_EDGE ( 'NONE', *, *, #1897, .T. ) ;
#479 = CARTESIAN_POINT ( 'NONE',  ( -4.219146220329037966, 26.50000000000000000, 20.06569260839445690 ) ) ;
#480 = ORIENTED_EDGE ( 'NONE', *, *, #295, .T. ) ;
#481 = ORIENTED_EDGE ( 'NONE', *, *, #883, .T. ) ;
#482 = CARTESIAN_POINT ( 'NONE',  ( -19.81171673543281031, 9.499999999999998224, 12.01317212208040708 ) ) ;
#483 = ORIENTED_EDGE ( 'NONE', *, *, #595, .F. ) ;
#484 = VECTOR ( 'NONE', #27, 1000.000000000000000 ) ;
#485 = LINE ( 'NONE', #1417, #720 ) ;
#486 = DIRECTION ( 'NONE',  ( -1.000000000000000000, 0.000000000000000000, -4.483001173306440485E-11 ) ) ;
#487 = ORIENTED_EDGE ( 'NONE', *, *, #1660, .F. ) ;
#488 = DIRECTION ( 'NONE',  ( -0.02639125886120532311, 2.939690163306100134E-27, -0.9996516900679559559 ) ) ;
#489 = ORIENTED_EDGE ( 'NONE', *, *, #541, .F. ) ;
#490 = CARTESIAN_POINT ( 'NONE',  ( 3.902784574711857246, 10.50999999999999091, 6.750748237444033961 ) ) ;
#491 = PLANE ( 'NONE',  #357 ) ;
#492 = EDGE_CURVE ( 'NONE', #1401, #1849, #938, .T. ) ;
#493 = VERTEX_POINT ( 'NONE', #805 ) ;
#494 = PLANE ( 'NONE',  #213 ) ;
#495 = CARTESIAN_POINT ( 'NONE',  ( 3.888410194209629189, 10.50999999999999091, 25.69803449973652931 ) ) ;
#496 = ORIENTED_EDGE ( 'NONE', *, *, #1660, .T. ) ;
#497 = ORIENTED_EDGE ( 'NONE', *, *, #1452, .T. ) ;
#498 = ORIENTED_EDGE ( 'NONE', *, *, #99, .T. ) ;
#499 = ORIENTED_EDGE ( 'NONE', *, *, #330, .T. ) ;
#500 = CARTESIAN_POINT ( 'NONE',  ( 14.79276182858165534, 10.50999999999999091, 19.09402330482641830 ) ) ;
#501 = LINE ( 'NONE', #1001, #1654 ) ;
#502 = EDGE_CURVE ( 'NONE', #602, #1217, #1073, .T. ) ;
#503 = ORIENTED_EDGE ( 'NONE', *, *, #970, .T. ) ;
#504 = CARTESIAN_POINT ( 'NONE',  ( -3.877618601942272925, 10.50999999999999091, 25.69803449914322613 ) ) ;
#505 = APPLICATION_CONTEXT ( 'automotive_design' ) ;
#506 = CARTESIAN_POINT ( 'NONE',  ( 3.902784574711857246, 10.50999999999999091, 6.750748237444033961 ) ) ;
#507 = VECTOR ( 'NONE', #226, 1000.000000000000000 ) ;
#508 = VECTOR ( 'NONE', #1034, 1000.000000000000000 ) ;
#509 = VECTOR ( 'NONE', #1437, 1000.000000000000000 ) ;
#510 = VERTEX_POINT ( 'NONE', #1710 ) ;
#511 = FACE_OUTER_BOUND ( 'NONE', #951, .T. ) ;
#512 = EDGE_CURVE ( 'NONE', #249, #1111, #1720, .T. ) ;
#513 = EDGE_LOOP ( 'NONE', ( #337, #411, #833, #1787 ) ) ;
#514 = DIRECTION ( 'NONE',  ( 0.000000000000000000, 0.000000000000000000, 1.000000000000000000 ) ) ;
#515 = VECTOR ( 'NONE', #1742, 1000.000000000000000 ) ;
#516 = CARTESIAN_POINT ( 'NONE',  ( -8.743329047513924479, 9.499999999999998224, 7.256070824894444549 ) ) ;
#517 = CARTESIAN_POINT ( 'NONE',  ( 15.84405090676714600, 9.499999999999998224, 13.67730034089338709 ) ) ;
#518 = VERTEX_POINT ( 'NONE', #1079 ) ;
#519 = CARTESIAN_POINT ( 'NONE',  ( 14.79276182858165534, 10.50999999999999091, 19.09402330482641830 ) ) ;
#520 = VERTEX_POINT ( 'NONE', #1691 ) ;
#521 = DIRECTION ( 'NONE',  ( 1.445602896647339163E-16, 0.000000000000000000, 1.000000000000000000 ) ) ;
#522 = CARTESIAN_POINT ( 'NONE',  ( 3.504143963082937407, 10.50999999999999091, 13.26303376504072951 ) ) ;
#523 = EDGE_CURVE ( 'NONE', #278, #1619, #1110, .T. ) ;
#524 = CARTESIAN_POINT ( 'NONE',  ( -2.553044450212822891, 10.50999999999999091, -2.736966231231034552 ) ) ;
#525 = LINE ( 'NONE', #516, #507 ) ;
#526 = CARTESIAN_POINT ( 'NONE',  ( -4.297634963052220591, 26.50000000000000000, 0.2654041698977276376 ) ) ;
#527 = ORIENTED_EDGE ( 'NONE', *, *, #1211, .F. ) ;
#528 = VERTEX_POINT ( 'NONE', #172 ) ;
#529 = FACE_OUTER_BOUND ( 'NONE', #1412, .T. ) ;
#530 = LINE ( 'NONE', #841, #446 ) ;
#531 = VECTOR ( 'NONE', #1754, 1000.000000000000000 ) ;
#532 = EDGE_CURVE ( 'NONE', #729, #64, #30, .T. ) ;
#533 = VECTOR ( 'NONE', #877, 1000.000000000000000 ) ;
#534 = CARTESIAN_POINT ( 'NONE',  ( -3.494955088444204439, 10.50999999999999091, 13.26303376472695916 ) ) ;
#535 = LINE ( 'NONE', #978, #122 ) ;
#536 = ORIENTED_EDGE ( 'NONE', *, *, #271, .T. ) ;
#537 = ORIENTED_EDGE ( 'NONE', *, *, #154, .F. ) ;
#538 = DIRECTION ( 'NONE',  ( -0.05267505404603461255, 2.936534719685217163E-27, -0.9986117056600365416 ) ) ;
#539 = DIRECTION ( 'NONE',  ( -0.000000000000000000, 1.000000000000000000, -0.000000000000000000 ) ) ;
#540 = VECTOR ( 'NONE', #303, 1000.000000000000000 ) ;
#541 = EDGE_CURVE ( 'NONE', #921, #477, #317, .T. ) ;
#542 = VECTOR ( 'NONE', #795, 1000.000000000000000 ) ;
#543 = PLANE ( 'NONE',  #1121 ) ;
#544 = CARTESIAN_POINT ( 'NONE',  ( -19.81171673543281031, 9.499999999999998224, 15.53801126270789190 ) ) ;
#545 = VECTOR ( 'NONE', #1319, 1000.000000000000000 ) ;
#546 = EDGE_LOOP ( 'NONE', ( #1168, #704, #1931, #1231 ) ) ;
#547 = CARTESIAN_POINT ( 'NONE',  ( 4.502511103578837215, 10.50999999999999091, -2.736966230914735565 ) ) ;
#548 = CARTESIAN_POINT ( 'NONE',  ( 13.38518194069521527, 10.50999999999999091, 16.09894341733712508 ) ) ;
#549 = ADVANCED_FACE ( 'NONE', ( #474 ), #1089, .F. ) ;
#550 = VECTOR ( 'NONE', #305, 1000.000000000000000 ) ;
#551 = ORIENTED_EDGE ( 'NONE', *, *, #1536, .T. ) ;
#552 = CARTESIAN_POINT ( 'NONE',  ( 17.70476182858164549, 24.99999999999999645, 27.23807268525122538 ) ) ;
#553 = CARTESIAN_POINT ( 'NONE',  ( 50.00539578651591910, 10.50999999999999091, -2.201678149889266134 ) ) ;
#554 = DIRECTION ( 'NONE',  ( -4.483001173306440485E-11, -2.940873454663932011E-27, 1.000000000000000000 ) ) ;
#555 = EDGE_LOOP ( 'NONE', ( #480, #239, #1439, #1265, #893, #1037, #1837, #1780, #276, #1641, #497, #638 ) ) ;
#556 = DIRECTION ( 'NONE',  ( 4.483001173306440485E-11, 2.940873454663932011E-27, -1.000000000000000000 ) ) ;
#557 = DIRECTION ( 'NONE',  ( 0.000000000000000000, -0.000000000000000000, 1.000000000000000000 ) ) ;
#558 = ORIENTED_EDGE ( 'NONE', *, *, #654, .T. ) ;
#559 = DIRECTION ( 'NONE',  ( -1.000000000000000000, 1.318503921650895287E-37, -4.483001173306440485E-11 ) ) ;
#560 = EDGE_CURVE ( 'NONE', #1797, #518, #950, .T. ) ;
#561 = CARTESIAN_POINT ( 'NONE',  ( 3.888410194208734350, 10.50999999999999091, 16.59988183274022333 ) ) ;
#562 = EDGE_CURVE ( 'NONE', #809, #365, #972, .T. ) ;
#563 = ADVANCED_FACE ( 'NONE', ( #1215 ), #1100, .T. ) ;
#564 = VECTOR ( 'NONE', #707, 1000.000000000000227 ) ;
#565 = CARTESIAN_POINT ( 'NONE',  ( 13.38518194069571443, 10.50999999999999091, 24.33278622262459123 ) ) ;
#566 = CARTESIAN_POINT ( 'NONE',  ( -13.37439034799843540, 10.50999999999999091, 16.09894341631909853 ) ) ;
#567 = VERTEX_POINT ( 'NONE', #767 ) ;
#568 = CARTESIAN_POINT ( 'NONE',  ( 0.000000000000000000, 26.50000000000000000, 0.000000000000000000 ) ) ;
#569 = ORIENTED_EDGE ( 'NONE', *, *, #858, .F. ) ;
#570 = PLANE ( 'NONE',  #1230 ) ;
#571 = ADVANCED_FACE ( 'NONE', ( #10 ), #617, .F. ) ;
#572 = LINE ( 'NONE', #1036, #1572 ) ;
#573 = EDGE_LOOP ( 'NONE', ( #1449, #1658, #1228, #1705 ) ) ;
#574 = EDGE_CURVE ( 'NONE', #1679, #528, #1771, .T. ) ;
#575 = PLANE ( 'NONE',  #1694 ) ;
#576 = DIRECTION ( 'NONE',  ( -0.000000000000000000, 1.000000000000000000, -0.000000000000000000 ) ) ;
#577 = EDGE_CURVE ( 'NONE', #1494, #510, #1018, .T. ) ;
#578 = VECTOR ( 'NONE', #275, 1000.000000000000000 ) ;
#579 = CARTESIAN_POINT ( 'NONE',  ( 1.500000000000000222, 26.50000000000000000, -2.201678149889266134 ) ) ;
#580 = VECTOR ( 'NONE', #1960, 1000.000000000000000 ) ;
#581 = VECTOR ( 'NONE', #1039, 999.9999999999998863 ) ;
#582 = LINE ( 'NONE', #705, #578 ) ;
#583 = LINE ( 'NONE', #1914, #1139 ) ;
#584 = AXIS2_PLACEMENT_3D ( 'NONE', #237, #1647, #851 ) ;
#585 = CARTESIAN_POINT ( 'NONE',  ( -2.553044450121756626, 26.50000000000000000, -4.768333691879734104 ) ) ;
#586 = EDGE_CURVE ( 'NONE', #1721, #1529, #1141, .T. ) ;
#587 = ORIENTED_EDGE ( 'NONE', *, *, #1906, .F. ) ;
#588 = DIRECTION ( 'NONE',  ( -0.9981316949064439337, 1.796877230673736401E-28, -0.06109926041442382411 ) ) ;
#589 = CARTESIAN_POINT ( 'NONE',  ( -13.50043034469988434, 9.499999999999998224, 12.01317212208040530 ) ) ;
#590 = DIRECTION ( 'NONE',  ( 0.000000000000000000, -1.000000000000000000, -2.940873454663932011E-27 ) ) ;
#591 = CARTESIAN_POINT ( 'NONE',  ( 17.70476182858164549, 24.99999999999999645, 15.53801126270789190 ) ) ;
#592 = ORIENTED_EDGE ( 'NONE', *, *, #936, .T. ) ;
#593 = CARTESIAN_POINT ( 'NONE',  ( -14.21914622032904418, 26.50000000000000000, 23.06569260839445334 ) ) ;
#594 = EDGE_LOOP ( 'NONE', ( #33, #1398, #587, #173 ) ) ;
#595 = EDGE_CURVE ( 'NONE', #1849, #1925, #982, .T. ) ;
#596 = CARTESIAN_POINT ( 'NONE',  ( 17.70476182858164549, 24.99999999999999645, 27.23807268525122538 ) ) ;
#597 = DIRECTION ( 'NONE',  ( 2.168404344971008868E-17, 0.000000000000000000, -1.000000000000000000 ) ) ;
#598 = LINE ( 'NONE', #26, #580 ) ;
#599 = ORIENTED_EDGE ( 'NONE', *, *, #1547, .F. ) ;
#600 = DIRECTION ( 'NONE',  ( 1.000000000000000000, -0.000000000000000000, -0.000000000000000000 ) ) ;
#601 = EDGE_CURVE ( 'NONE', #1328, #1812, #1131, .T. ) ;
#602 = VERTEX_POINT ( 'NONE', #709 ) ;
#603 = CARTESIAN_POINT ( 'NONE',  ( 13.38518194069547285, 10.50999999999999091, 26.19897291513763093 ) ) ;
#604 = ORIENTED_EDGE ( 'NONE', *, *, #1216, .T. ) ;
#605 = LINE ( 'NONE', #437, #1208 ) ;
#606 = CARTESIAN_POINT ( 'NONE',  ( -4.496853450377911621, 26.50000000000000000, -2.736966231318177289 ) ) ;
#607 = CARTESIAN_POINT ( 'NONE',  ( -2.999999999999999112, 9.499999999999998224, 15.53801126270789190 ) ) ;
#608 = CARTESIAN_POINT ( 'NONE',  ( -2.553044450212822891, 10.50999999999999091, -2.736966231231034552 ) ) ;
#609 = PLANE ( 'NONE',  #1143 ) ;
#610 = VECTOR ( 'NONE', #514, 1000.000000000000000 ) ;
#611 = EDGE_CURVE ( 'NONE', #466, #741, #71, .T. ) ;
#612 = VECTOR ( 'NONE', #1959, 1000.000000000000000 ) ;
#613 = AXIS2_PLACEMENT_3D ( 'NONE', #1528, #162, #693 ) ;
#614 = CARTESIAN_POINT ( 'NONE',  ( -19.81171673543281031, 26.50000000000000000, 15.53801126270789190 ) ) ;
#615 = VECTOR ( 'NONE', #126, 1000.000000000000000 ) ;
#616 = EDGE_CURVE ( 'NONE', #968, #1481, #683, .T. ) ;
#617 = PLANE ( 'NONE',  #613 ) ;
#618 = VERTEX_POINT ( 'NONE', #376 ) ;
#619 = VECTOR ( 'NONE', #922, 1000.000000000000000 ) ;
#620 = VERTEX_POINT ( 'NONE', #1761 ) ;
#621 = DIRECTION ( 'NONE',  ( 0.000000000000000000, 1.000000000000000000, 2.940873454663932011E-27 ) ) ;
#622 = FACE_OUTER_BOUND ( 'NONE', #1646, .T. ) ;
#623 = EDGE_CURVE ( 'NONE', #181, #653, #990, .T. ) ;
#624 = ORIENTED_EDGE ( 'NONE', *, *, #1823, .F. ) ;
#625 = CARTESIAN_POINT ( 'NONE',  ( 8.374824250234464529, 9.499999999999998224, 13.67730034089338531 ) ) ;
#626 = CARTESIAN_POINT ( 'NONE',  ( -4.219146220329037966, 9.499999999999998224, 23.06569260839445334 ) ) ;
#627 = ORIENTED_EDGE ( 'NONE', *, *, #378, .F. ) ;
#628 = EDGE_CURVE ( 'NONE', #360, #1494, #203, .T. ) ;
#629 = CARTESIAN_POINT ( 'NONE',  ( -13.50043034469988434, 9.499999999999998224, 12.01317212208040530 ) ) ;
#630 = ORIENTED_EDGE ( 'NONE', *, *, #3, .F. ) ;
#631 = LINE ( 'NONE', #1235, #1791 ) ;
#632 = DIRECTION ( 'NONE',  ( -0.9986117056576697681, 0.000000000000000000, 0.05267505409090383200 ) ) ;
#633 = CARTESIAN_POINT ( 'NONE',  ( 50.00539578651591910, 10.50999999999999091, -39.28468037378117117 ) ) ;
#634 = VECTOR ( 'NONE', #1629, 1000.000000000000000 ) ;
#635 = VECTOR ( 'NONE', #681, 1000.000000000000000 ) ;
#636 = FACE_OUTER_BOUND ( 'NONE', #1137, .T. ) ;
#637 = DIRECTION ( 'NONE',  ( 0.000000000000000000, -0.000000000000000000, -1.000000000000000000 ) ) ;
#638 = ORIENTED_EDGE ( 'NONE', *, *, #1016, .T. ) ;
#639 = VERTEX_POINT ( 'NONE', #234 ) ;
#640 = PLANE ( 'NONE',  #842 ) ;
#641 = EDGE_LOOP ( 'NONE', ( #179, #1434, #845, #1252 ) ) ;
#642 = ORIENTED_EDGE ( 'NONE', *, *, #739, .F. ) ;
#643 = DIRECTION ( 'NONE',  ( 1.445602896647339163E-16, 0.000000000000000000, 1.000000000000000000 ) ) ;
#644 = DIRECTION ( 'NONE',  ( -0.000000000000000000, -1.000000000000000000, -0.000000000000000000 ) ) ;
#645 = CARTESIAN_POINT ( 'NONE',  ( -19.81171673543281031, 9.499999999999998224, 12.01317212208040708 ) ) ;
#646 = VERTEX_POINT ( 'NONE', #1591 ) ;
#647 = VECTOR ( 'NONE', #679, 1000.000000000000000 ) ;
#648 = CARTESIAN_POINT ( 'NONE',  ( 50.00539578651591910, 10.50999999999999091, 20.06569260839445690 ) ) ;
#649 = VECTOR ( 'NONE', #1900, 1000.000000000000000 ) ;
#650 = VECTOR ( 'NONE', #643, 1000.000000000000000 ) ;
#651 = FACE_OUTER_BOUND ( 'NONE', #792, .T. ) ;
#652 = VECTOR ( 'NONE', #488, 1000.000000000000114 ) ;
#653 = VERTEX_POINT ( 'NONE', #222 ) ;
#654 = EDGE_CURVE ( 'NONE', #1679, #63, #530, .T. ) ;
#655 = DIRECTION ( 'NONE',  ( 1.000000000000000000, 0.000000000000000000, 0.000000000000000000 ) ) ;
#656 = CARTESIAN_POINT ( 'NONE',  ( 4.502511103578837215, 26.50000000000000000, -2.736966230914735565 ) ) ;
#657 = EDGE_LOOP ( 'NONE', ( #964, #1205, #1884, #1041 ) ) ;
#658 = ORIENTED_EDGE ( 'NONE', *, *, #1750, .T. ) ;
#659 = DIRECTION ( 'NONE',  ( 0.000000000000000000, -2.940873454663932011E-27, 1.000000000000000000 ) ) ;
#660 = ORIENTED_EDGE ( 'NONE', *, *, #1204, .T. ) ;
#661 = CARTESIAN_POINT ( 'NONE',  ( -14.78197023601864046, 10.50999999999999091, 19.09402330374506107 ) ) ;
#662 = EDGE_CURVE ( 'NONE', #63, #809, #699, .T. ) ;
#663 = PLANE ( 'NONE',  #1728 ) ;
#664 = ORIENTED_EDGE ( 'NONE', *, *, #1433, .F. ) ;
#665 = EDGE_LOOP ( 'NONE', ( #1755, #1087, #402, #1575 ) ) ;
#666 = VERTEX_POINT ( 'NONE', #1429 ) ;
#667 = EDGE_CURVE ( 'NONE', #1619, #19, #674, .T. ) ;
#668 = ORIENTED_EDGE ( 'NONE', *, *, #271, .F. ) ;
#669 = DIRECTION ( 'NONE',  ( -9.815291161854818648E-14, 2.940873454663932011E-27, -1.000000000000000000 ) ) ;
#670 = PRODUCT_DEFINITION_SHAPE ( 'NONE', 'NONE',  #1672 ) ;
#671 = ORIENTED_EDGE ( 'NONE', *, *, #623, .T. ) ;
#672 = LINE ( 'NONE', #1138, #1522 ) ;
#673 = ADVANCED_FACE ( 'NONE', ( #1314 ), #1603, .T. ) ;
#674 = LINE ( 'NONE', #996, #361 ) ;
#675 = ORIENTED_EDGE ( 'NONE', *, *, #1627, .F. ) ;
#676 = EDGE_LOOP ( 'NONE', ( #604, #340, #830, #381 ) ) ;
#677 = CARTESIAN_POINT ( 'NONE',  ( 6.346119218776775206, 26.50000000000000000, -6.021333691102119801 ) ) ;
#678 = ORIENTED_EDGE ( 'NONE', *, *, #523, .T. ) ;
#679 = DIRECTION ( 'NONE',  ( 1.000000000000000000, 0.000000000000000000, -1.724440263185883619E-16 ) ) ;
#680 = VERTEX_POINT ( 'NONE', #1453 ) ;
#681 = DIRECTION ( 'NONE',  ( 0.000000000000000000, 1.000000000000000000, 2.940873454663932011E-27 ) ) ;
#682 = EDGE_CURVE ( 'NONE', #1111, #1679, #1876, .T. ) ;
#683 = LINE ( 'NONE', #1888, #515 ) ;
#684 = VECTOR ( 'NONE', #1021, 1000.000000000000000 ) ;
#685 = VECTOR ( 'NONE', #350, 1000.000000000000000 ) ;
#686 = VECTOR ( 'NONE', #1435, 1000.000000000000000 ) ;
#687 = VERTEX_POINT ( 'NONE', #212 ) ;
#688 = DIRECTION ( 'NONE',  ( -2.168404344971008868E-17, -2.940873454663932011E-27, 1.000000000000000000 ) ) ;
#689 = EDGE_LOOP ( 'NONE', ( #668, #1284, #660, #1830, #42, #195, #204, #986 ) ) ;
#690 = ORIENTED_EDGE ( 'NONE', *, *, #1503, .F. ) ;
#691 = LINE ( 'NONE', #969, #1588 ) ;
#692 = EDGE_CURVE ( 'NONE', #466, #729, #1613, .T. ) ;
#693 = DIRECTION ( 'NONE',  ( -0.000000000000000000, 0.000000000000000000, 1.000000000000000000 ) ) ;
#694 = VERTEX_POINT ( 'NONE', #1149 ) ;
#695 = DIRECTION ( 'NONE',  ( -1.000000000000000000, 4.362186067504582549E-40, -1.475500935504066960E-13 ) ) ;
#696 = PLANE ( 'NONE',  #73 ) ;
#697 = EDGE_LOOP ( 'NONE', ( #139, #928, #836, #32, #537, #224, #1432, #882, #392, #331 ) ) ;
#698 = CARTESIAN_POINT ( 'NONE',  ( -19.81171673543281031, 26.50000000000000000, 12.01317212208040708 ) ) ;
#699 = LINE ( 'NONE', #1293, #1033 ) ;
#700 = AXIS2_PLACEMENT_3D ( 'NONE', #757, #1044, #559 ) ;
#701 = PLANE ( 'NONE',  #137 ) ;
#702 = FACE_OUTER_BOUND ( 'NONE', #976, .T. ) ;
#703 = EDGE_CURVE ( 'NONE', #694, #925, #245, .T. ) ;
#704 = ORIENTED_EDGE ( 'NONE', *, *, #1273, .T. ) ;
#705 = CARTESIAN_POINT ( 'NONE',  ( -14.21914622032904418, 9.499999999999998224, 20.06569260839445690 ) ) ;
#706 = ORIENTED_EDGE ( 'NONE', *, *, #601, .T. ) ;
#707 = DIRECTION ( 'NONE',  ( 0.9986117056576805373, 0.000000000000000000, 0.05267505409069801747 ) ) ;
#708 = FACE_OUTER_BOUND ( 'NONE', #292, .T. ) ;
#709 = CARTESIAN_POINT ( 'NONE',  ( 17.70476182858164549, 9.499999999999998224, 15.53801126270789190 ) ) ;
#710 = AXIS2_PLACEMENT_3D ( 'NONE', #92, #588, #1331 ) ;
#711 = ORIENTED_EDGE ( 'NONE', *, *, #1274, .F. ) ;
#712 = EDGE_CURVE ( 'NONE', #1698, #1046, #1917, .T. ) ;
#713 = CARTESIAN_POINT ( 'NONE',  ( -2.911452017111002840E-12, 24.99999999999999645, 19.09402330482416232 ) ) ;
#714 = DIRECTION ( 'NONE',  ( 0.000000000000000000, 1.000000000000000000, 2.940873454663932011E-27 ) ) ;
#715 = EDGE_LOOP ( 'NONE', ( #1696, #1280, #1266, #280 ) ) ;
#716 = AXIS2_PLACEMENT_3D ( 'NONE', #849, #394, #1272 ) ;
#717 = CARTESIAN_POINT ( 'NONE',  ( -3.897126922361618284, 10.50999999999999091, 6.750748237094362558 ) ) ;
#718 = ORIENTED_EDGE ( 'NONE', *, *, #58, .T. ) ;
#719 = FACE_BOUND ( 'NONE', #594, .T. ) ;
#720 = VECTOR ( 'NONE', #1238, 1000.000000000000000 ) ;
#721 = VERTEX_POINT ( 'NONE', #1653 ) ;
#722 = LINE ( 'NONE', #751, #13 ) ;
#723 = EDGE_CURVE ( 'NONE', #760, #954, #572, .T. ) ;
#724 = DIRECTION ( 'NONE',  ( -1.000000000000000000, 0.000000000000000000, -0.000000000000000000 ) ) ;
#725 = CARTESIAN_POINT ( 'NONE',  ( 50.00539578651591910, 10.50999999999999091, 20.06569260839445690 ) ) ;
#726 = ADVANCED_FACE ( 'NONE', ( #409 ), #740, .T. ) ;
#727 = ORIENTED_EDGE ( 'NONE', *, *, #1496, .F. ) ;
#728 = DIRECTION ( 'NONE',  ( -0.000000000000000000, 1.000000000000000000, 0.000000000000000000 ) ) ;
#729 = VERTEX_POINT ( 'NONE', #1026 ) ;
#730 = DIRECTION ( 'NONE',  ( -1.000000000000000000, 4.591774807899560578E-40, -1.524797561326645848E-13 ) ) ;
#731 = LINE ( 'NONE', #603, #615 ) ;
#732 = EDGE_CURVE ( 'NONE', #680, #406, #1346, .T. ) ;
#733 = AXIS2_PLACEMENT_3D ( 'NONE', #1436, #824, #1741 ) ;
#734 = LINE ( 'NONE', #1339, #1151 ) ;
#735 = LINE ( 'NONE', #725, #684 ) ;
#736 = LINE ( 'NONE', #425, #508 ) ;
#737 = ORIENTED_EDGE ( 'NONE', *, *, #1536, .F. ) ;
#738 = PLANE ( 'NONE',  #1936 ) ;
#739 = EDGE_CURVE ( 'NONE', #1534, #1155, #1178, .T. ) ;
#740 = PLANE ( 'NONE',  #1636 ) ;
#741 = VERTEX_POINT ( 'NONE', #1963 ) ;
#742 = DIRECTION ( 'NONE',  ( -1.000000000000000000, 0.000000000000000000, -4.483001173306440485E-11 ) ) ;
#743 = EDGE_CURVE ( 'NONE', #820, #1518, #731, .T. ) ;
#744 = VECTOR ( 'NONE', #576, 1000.000000000000000 ) ;
#745 = DIRECTION ( 'NONE',  ( 0.000000000000000000, -1.000000000000000000, -2.940873454663932011E-27 ) ) ;
#746 = ORIENTED_EDGE ( 'NONE', *, *, #1072, .F. ) ;
#747 = VECTOR ( 'NONE', #176, 1000.000000000000000 ) ;
#748 = PLANE ( 'NONE',  #196 ) ;
#749 = ORIENTED_EDGE ( 'NONE', *, *, #1887, .F. ) ;
#750 = LINE ( 'NONE', #904, #1402 ) ;
#751 = CARTESIAN_POINT ( 'NONE',  ( -1.500000000000000222, 9.499999999999998224, -2.201678149889266134 ) ) ;
#752 = EDGE_CURVE ( 'NONE', #646, #620, #445, .T. ) ;
#753 = ORIENTED_EDGE ( 'NONE', *, *, #1454, .F. ) ;
#754 = PLANE ( 'NONE',  #135 ) ;
#755 = EDGE_CURVE ( 'NONE', #620, #1702, #722, .T. ) ;
#756 = ORIENTED_EDGE ( 'NONE', *, *, #1579, .T. ) ;
#757 = CARTESIAN_POINT ( 'NONE',  ( 50.00539578651591910, 10.50999999999999091, -39.28468037378117117 ) ) ;
#758 = VERTEX_POINT ( 'NONE', #864 ) ;
#759 = CARTESIAN_POINT ( 'NONE',  ( -13.50043034469988434, 9.499999999999998224, 12.01317212208040530 ) ) ;
#760 = VERTEX_POINT ( 'NONE', #1807 ) ;
#761 = DIRECTION ( 'NONE',  ( 1.000000000000000000, -0.000000000000000000, -0.000000000000000000 ) ) ;
#762 = ORIENTED_EDGE ( 'NONE', *, *, #1052, .F. ) ;
#763 = DIRECTION ( 'NONE',  ( -0.02639125886120532311, 0.000000000000000000, -0.9996516900679559559 ) ) ;
#764 =( NAMED_UNIT ( * ) SI_UNIT ( $, .STERADIAN. ) SOLID_ANGLE_UNIT ( ) );
#765 = DIRECTION ( 'NONE',  ( -1.000000000000000000, 0.000000000000000000, 0.000000000000000000 ) ) ;
#766 = PLANE ( 'NONE',  #1385 ) ;
#767 = CARTESIAN_POINT ( 'NONE',  ( -2.553044450212822891, 10.50999999999999091, -2.736966231231034552 ) ) ;
#768 = VERTEX_POINT ( 'NONE', #1487 ) ;
#769 = CARTESIAN_POINT ( 'NONE',  ( -3.877618601534404963, 24.99999999999999645, 16.59988183214694857 ) ) ;
#770 = EDGE_CURVE ( 'NONE', #1032, #694, #1363, .T. ) ;
#771 = DIRECTION ( 'NONE',  ( -4.483001173306440485E-11, 0.000000000000000000, 1.000000000000000000 ) ) ;
#772 = APPLICATION_PROTOCOL_DEFINITION ( 'draft international standard', 'automotive_design', 1998, #1663 ) ;
#773 = CARTESIAN_POINT ( 'NONE',  ( 0.8839747706983227538, 24.99999999999999645, 16.75836064642668433 ) ) ;
#774 = LINE ( 'NONE', #1202, #320 ) ;
#775 = VECTOR ( 'NONE', #644, 1000.000000000000000 ) ;
#776 = AXIS2_PLACEMENT_3D ( 'NONE', #568, #728, #557 ) ;
#777 = VECTOR ( 'NONE', #781, 1000.000000000000000 ) ;
#778 = FACE_OUTER_BOUND ( 'NONE', #263, .T. ) ;
#779 = VECTOR ( 'NONE', #1355, 1000.000000000000000 ) ;
#780 = EDGE_CURVE ( 'NONE', #1017, #1046, #268, .T. ) ;
#781 = DIRECTION ( 'NONE',  ( -4.483001173306440485E-11, -2.940873454663932011E-27, 1.000000000000000000 ) ) ;
#782 = ORIENTED_EDGE ( 'NONE', *, *, #295, .F. ) ;
#783 = DIRECTION ( 'NONE',  ( 0.000000000000000000, 0.000000000000000000, -1.000000000000000000 ) ) ;
#784 = ORIENTED_EDGE ( 'NONE', *, *, #895, .F. ) ;
#785 = CARTESIAN_POINT ( 'NONE',  ( 8.374824250234464529, 9.499999999999998224, 13.67730034089338531 ) ) ;
#786 = CARTESIAN_POINT ( 'NONE',  ( -13.37439034836756413, 10.50999999999999091, 24.33278622160655047 ) ) ;
#787 = VERTEX_POINT ( 'NONE', #1645 ) ;
#788 = CARTESIAN_POINT ( 'NONE',  ( 6.346119218776774318, 9.499999999999998224, 11.64859530943569332 ) ) ;
#789 = VECTOR ( 'NONE', #1559, 1000.000000000000000 ) ;
#790 = CARTESIAN_POINT ( 'NONE',  ( 3.888410194208734350, 10.50999999999999091, 16.59988183274022333 ) ) ;
#791 = EDGE_CURVE ( 'NONE', #1941, #1002, #1947, .T. ) ;
#792 = EDGE_LOOP ( 'NONE', ( #498, #310, #496, #1570 ) ) ;
#793 = ORIENTED_EDGE ( 'NONE', *, *, #1286, .F. ) ;
#794 = PLANE ( 'NONE',  #844 ) ;
#795 = DIRECTION ( 'NONE',  ( -0.000000000000000000, -1.000000000000000000, -0.000000000000000000 ) ) ;
#796 = ORIENTED_EDGE ( 'NONE', *, *, #532, .F. ) ;
#797 = DIRECTION ( 'NONE',  ( 1.000000000000000000, 0.000000000000000000, 0.000000000000000000 ) ) ;
#798 = ORIENTED_EDGE ( 'NONE', *, *, #1365, .F. ) ;
#799 = CARTESIAN_POINT ( 'NONE',  ( -3.877618601942272925, 24.99999999999999645, 25.69803449914322613 ) ) ;
#800 = DIRECTION ( 'NONE',  ( 1.000000000000000000, 0.000000000000000000, 2.322494089076271146E-16 ) ) ;
#801 = AXIS2_PLACEMENT_3D ( 'NONE', #401, #1014, #264 ) ;
#802 = VERTEX_POINT ( 'NONE', #561 ) ;
#803 = CARTESIAN_POINT ( 'NONE',  ( 13.38518194069571443, 10.50999999999999091, 24.33278622262459123 ) ) ;
#804 = EDGE_CURVE ( 'NONE', #813, #646, #118, .T. ) ;
#805 = CARTESIAN_POINT ( 'NONE',  ( 3.888410194209629189, 24.99999999999999645, 25.69803449973652931 ) ) ;
#806 = ORIENTED_EDGE ( 'NONE', *, *, #17, .F. ) ;
#807 = CARTESIAN_POINT ( 'NONE',  ( -19.81171673543281031, 9.499999999999998224, 27.23807268525122538 ) ) ;
#808 = ORIENTED_EDGE ( 'NONE', *, *, #616, .T. ) ;
#809 = VERTEX_POINT ( 'NONE', #1472 ) ;
#810 = CARTESIAN_POINT ( 'NONE',  ( 4.427168285706332362, 26.50000000000000000, 0.1168792548525878355 ) ) ;
#811 = ORIENTED_EDGE ( 'NONE', *, *, #154, .T. ) ;
#812 = AXIS2_PLACEMENT_3D ( 'NONE', #1687, #313, #590 ) ;
#813 = VERTEX_POINT ( 'NONE', #886 ) ;
#814 = DIRECTION ( 'NONE',  ( 1.475500935504002337E-13, 2.940873454663932011E-27, -1.000000000000000000 ) ) ;
#815 = MECHANICAL_DESIGN_GEOMETRIC_PRESENTATION_REPRESENTATION (  '', ( #1664 ), #1119 ) ;
#816 = FACE_OUTER_BOUND ( 'NONE', #424, .T. ) ;
#817 = EDGE_CURVE ( 'NONE', #298, #189, #1336, .T. ) ;
#818 = EDGE_LOOP ( 'NONE', ( #1621, #1241, #206, #927 ) ) ;
#819 = ORIENTED_EDGE ( 'NONE', *, *, #1421, .F. ) ;
#820 = VERTEX_POINT ( 'NONE', #1329 ) ;
#821 = AXIS2_PLACEMENT_3D ( 'NONE', #1551, #538, #834 ) ;
#822 = PLANE ( 'NONE',  #414 ) ;
#823 = DIRECTION ( 'NONE',  ( 4.483001173306440485E-11, 2.940873454663932011E-27, -1.000000000000000000 ) ) ;
#824 = DIRECTION ( 'NONE',  ( 0.000000000000000000, -0.000000000000000000, 1.000000000000000000 ) ) ;
#825 = CARTESIAN_POINT ( 'NONE',  ( -3.897126922361618284, 10.50999999999999091, 6.750748237094362558 ) ) ;
#826 = ORIENTED_EDGE ( 'NONE', *, *, #577, .F. ) ;
#827 = ORIENTED_EDGE ( 'NONE', *, *, #838, .F. ) ;
#828 = VERTEX_POINT ( 'NONE', #585 ) ;
#829 = EDGE_CURVE ( 'NONE', #1518, #1675, #1799, .T. ) ;
#830 = ORIENTED_EDGE ( 'NONE', *, *, #1848, .T. ) ;
#831 = CARTESIAN_POINT ( 'NONE',  ( -2.553044450212822891, 26.50000000000000000, -2.736966231231034552 ) ) ;
#832 = DIRECTION ( 'NONE',  ( -0.06163844014495914458, 0.000000000000000000, -0.9980985435799895056 ) ) ;
#833 = ORIENTED_EDGE ( 'NONE', *, *, #1382, .T. ) ;
#834 = DIRECTION ( 'NONE',  ( 0.9986117056600364306, 1.548879083594880142E-28, -0.05267505404603460561 ) ) ;
#835 = DIRECTION ( 'NONE',  ( -1.000000000000000000, 1.318503921650895287E-37, -4.483001173306440485E-11 ) ) ;
#836 = ORIENTED_EDGE ( 'NONE', *, *, #883, .F. ) ;
#837 = CARTESIAN_POINT ( 'NONE',  ( 14.79276182858165534, 10.50999999999999091, 19.09402330482641830 ) ) ;
#838 = EDGE_CURVE ( 'NONE', #768, #63, #1781, .T. ) ;
#839 = ORIENTED_EDGE ( 'NONE', *, *, #346, .F. ) ;
#840 = DIRECTION ( 'NONE',  ( 0.9986117056600364306, 0.000000000000000000, -0.05267505404603460561 ) ) ;
#841 = CARTESIAN_POINT ( 'NONE',  ( 3.902784574711857246, 10.50999999999999091, 6.750748237444033961 ) ) ;
#842 = AXIS2_PLACEMENT_3D ( 'NONE', #1066, #783, #907 ) ;
#843 = ADVANCED_FACE ( 'NONE', ( #288 ), #1051, .T. ) ;
#844 = AXIS2_PLACEMENT_3D ( 'NONE', #1113, #655, #1584 ) ;
#845 = ORIENTED_EDGE ( 'NONE', *, *, #1361, .T. ) ;
#846 = LINE ( 'NONE', #1595, #1893 ) ;
#847 = EDGE_LOOP ( 'NONE', ( #811, #1581, #1011, #1477 ) ) ;
#848 = DIRECTION ( 'NONE',  ( 0.000000000000000000, 0.000000000000000000, -1.000000000000000000 ) ) ;
#849 = CARTESIAN_POINT ( 'NONE',  ( -14.78197023625350148, 10.50999999999999091, 24.33278622154344717 ) ) ;
#850 = AXIS2_PLACEMENT_3D ( 'NONE', #633, #441, #322 ) ;
#851 = DIRECTION ( 'NONE',  ( 2.168404344971008868E-17, 0.000000000000000000, 1.000000000000000000 ) ) ;
#852 = LINE ( 'NONE', #1950, #1028 ) ;
#853 = ORIENTED_EDGE ( 'NONE', *, *, #29, .T. ) ;
#854 = DIRECTION ( 'NONE',  ( 1.000000000000000000, -4.591774807899560578E-40, 1.524797561326645848E-13 ) ) ;
#855 = VERTEX_POINT ( 'NONE', #759 ) ;
#856 = CARTESIAN_POINT ( 'NONE',  ( -4.496853450377910733, 10.50999999999999091, -2.736966231318176845 ) ) ;
#857 = CARTESIAN_POINT ( 'NONE',  ( 13.38518194069521527, 10.50999999999999091, 16.09894341733712508 ) ) ;
#858 = EDGE_CURVE ( 'NONE', #666, #493, #1203, .T. ) ;
#859 = DIRECTION ( 'NONE',  ( -4.483001173306440485E-11, -2.940873454663932011E-27, 1.000000000000000000 ) ) ;
#860 = CARTESIAN_POINT ( 'NONE',  ( 17.70476182858164549, 24.99999999999999645, 15.53801126270789190 ) ) ;
#861 = ORIENTED_EDGE ( 'NONE', *, *, #780, .F. ) ;
#862 = CARTESIAN_POINT ( 'NONE',  ( 2.562233326377193254, 10.50999999999999091, -4.768333691650413542 ) ) ;
#863 = LINE ( 'NONE', #133, #1302 ) ;
#864 = CARTESIAN_POINT ( 'NONE',  ( 14.79276182858165889, 24.99999999999999645, 24.33278622262480440 ) ) ;
#865 = EDGE_CURVE ( 'NONE', #379, #1675, #1249, .T. ) ;
#866 = DIRECTION ( 'NONE',  ( 1.000000000000000000, 0.000000000000000000, -1.724440263185883619E-16 ) ) ;
#867 = VECTOR ( 'NONE', #1648, 1000.000000000000000 ) ;
#868 = VERTEX_POINT ( 'NONE', #1699 ) ;
#869 = VECTOR ( 'NONE', #1008, 1000.000000000000000 ) ;
#870 = CARTESIAN_POINT ( 'NONE',  ( -13.37439034836756413, 10.50999999999999091, 24.33278622160655047 ) ) ;
#871 = VECTOR ( 'NONE', #332, 1000.000000000000000 ) ;
#872 = CARTESIAN_POINT ( 'NONE',  ( 3.888410194208734350, 10.50999999999999091, 16.59988183274022333 ) ) ;
#873 = ORIENTED_EDGE ( 'NONE', *, *, #682, .T. ) ;
#874 = VECTOR ( 'NONE', #98, 1000.000000000000000 ) ;
#875 = DIRECTION ( 'NONE',  ( 0.000000000000000000, 2.940873454663932011E-27, -1.000000000000000000 ) ) ;
#876 = CARTESIAN_POINT ( 'NONE',  ( 2.562233326286126989, 10.50999999999999091, -2.736966231001714878 ) ) ;
#877 = DIRECTION ( 'NONE',  ( -0.000000000000000000, -1.000000000000000000, -0.000000000000000000 ) ) ;
#878 = CARTESIAN_POINT ( 'NONE',  ( 3.000000000000000888, 9.499999999999998224, 15.53801126270789190 ) ) ;
#879 = ADVANCED_BREP_SHAPE_REPRESENTATION ( 'Part 2', ( #1762, #934 ), #359 ) ;
#880 = DIRECTION ( 'NONE',  ( 1.000000000000000000, 0.000000000000000000, 0.000000000000000000 ) ) ;
#881 = CARTESIAN_POINT ( 'NONE',  ( -4.219146220329039743, 10.50999999999999091, -39.28468037378117117 ) ) ;
#882 = ORIENTED_EDGE ( 'NONE', *, *, #1634, .F. ) ;
#883 = EDGE_CURVE ( 'NONE', #19, #221, #1098, .T. ) ;
#884 = FACE_BOUND ( 'NONE', #555, .T. ) ;
#885 = DIRECTION ( 'NONE',  ( 1.000000000000000000, 0.000000000000000000, -0.000000000000000000 ) ) ;
#886 = CARTESIAN_POINT ( 'NONE',  ( 1.500000000000000000, 10.50999999999999091, 7.798321850110734310 ) ) ;
#887 = ORIENTED_EDGE ( 'NONE', *, *, #134, .F. ) ;
#888 = AXIS2_PLACEMENT_3D ( 'NONE', #144, #293, #885 ) ;
#889 = VECTOR ( 'NONE', #1758, 1000.000000000000000 ) ;
#890 = CARTESIAN_POINT ( 'NONE',  ( -14.21914622032904774, 10.50999999999999091, 23.06569260839445334 ) ) ;
#891 = CARTESIAN_POINT ( 'NONE',  ( -3.494955088444204439, 10.50999999999999091, 13.26303376472695916 ) ) ;
#892 = DIRECTION ( 'NONE',  ( 0.000000000000000000, 1.000000000000000000, 2.940873454663932011E-27 ) ) ;
#893 = ORIENTED_EDGE ( 'NONE', *, *, #1565, .T. ) ;
#894 = DIRECTION ( 'NONE',  ( 0.000000000000000000, 1.000000000000000000, 2.940873454663932011E-27 ) ) ;
#895 = EDGE_CURVE ( 'NONE', #1868, #828, #485, .T. ) ;
#896 = VECTOR ( 'NONE', #600, 1000.000000000000000 ) ;
#897 = CARTESIAN_POINT ( 'NONE',  ( 50.00539578651591910, 10.50999999999999091, 7.798321850110736086 ) ) ;
#898 = ORIENTED_EDGE ( 'NONE', *, *, #1682, .F. ) ;
#899 = VECTOR ( 'NONE', #399, 1000.000000000000000 ) ;
#900 = DIRECTION ( 'NONE',  ( -0.000000000000000000, 0.000000000000000000, 1.000000000000000000 ) ) ;
#901 = VECTOR ( 'NONE', #832, 1000.000000000000114 ) ;
#902 = VECTOR ( 'NONE', #771, 1000.000000000000000 ) ;
#903 = EDGE_LOOP ( 'NONE', ( #469, #1608, #231, #658 ) ) ;
#904 = CARTESIAN_POINT ( 'NONE',  ( 17.70476182858164549, 26.50000000000000000, 15.53801126270789190 ) ) ;
#905 = DIRECTION ( 'NONE',  ( -1.000000000000000000, 3.903008586714626491E-40, -1.295630333478932463E-13 ) ) ;
#906 = EDGE_CURVE ( 'NONE', #278, #349, #1844, .T. ) ;
#907 = DIRECTION ( 'NONE',  ( -1.000000000000000000, 0.000000000000000000, -0.000000000000000000 ) ) ;
#908 = DIRECTION ( 'NONE',  ( 0.000000000000000000, 0.000000000000000000, -1.000000000000000000 ) ) ;
#909 = DIRECTION ( 'NONE',  ( -0.000000000000000000, -1.000000000000000000, -0.000000000000000000 ) ) ;
#910 = DIRECTION ( 'NONE',  ( -2.168404344971008868E-17, 2.940873454663932011E-27, -1.000000000000000000 ) ) ;
#911 = CARTESIAN_POINT ( 'NONE',  ( 6.346119218776774318, 9.499999999999998224, 11.64859530943569332 ) ) ;
#912 = DIRECTION ( 'NONE',  ( 0.000000000000000000, 1.000000000000000000, 2.940873454663932011E-27 ) ) ;
#913 = ADVANCED_FACE ( 'NONE', ( #1709 ), #1673, .F. ) ;
#914 = VERTEX_POINT ( 'NONE', #160 ) ;
#915 = VECTOR ( 'NONE', #1727, 1000.000000000000000 ) ;
#916 = CARTESIAN_POINT ( 'NONE',  ( 17.70476182858164549, 9.499999999999998224, 27.23807268525122538 ) ) ;
#917 = LINE ( 'NONE', #1695, #652 ) ;
#918 = CARTESIAN_POINT ( 'NONE',  ( 3.000000000000000888, 9.499999999999998224, 15.53801126270789190 ) ) ;
#919 = CARTESIAN_POINT ( 'NONE',  ( 4.502511103578837215, 10.50999999999999091, -2.736966230914735565 ) ) ;
#920 = CARTESIAN_POINT ( 'NONE',  ( 4.219146220329039743, 10.50999999999999091, -39.28468037378117117 ) ) ;
#921 = VERTEX_POINT ( 'NONE', #182 ) ;
#922 = DIRECTION ( 'NONE',  ( 0.7071067811865465735, 0.000000000000000000, 0.7071067811865485719 ) ) ;
#923 = DIRECTION ( 'NONE',  ( -0.000000000000000000, 1.000000000000000000, -0.000000000000000000 ) ) ;
#924 = VECTOR ( 'NONE', #800, 1000.000000000000000 ) ;
#925 = VERTEX_POINT ( 'NONE', #1384 ) ;
#926 = ADVANCED_FACE ( 'NONE', ( #778 ), #766, .F. ) ;
#927 = ORIENTED_EDGE ( 'NONE', *, *, #1294, .T. ) ;
#928 = ORIENTED_EDGE ( 'NONE', *, *, #1204, .F. ) ;
#929 = PRODUCT_CONTEXT ( 'NONE', #505, 'mechanical' ) ;
#930 = CARTESIAN_POINT ( 'NONE',  ( -2.999999999999998224, 9.499999999999998224, 21.53801126270789368 ) ) ;
#931 = VECTOR ( 'NONE', #1509, 1000.000000000000000 ) ;
#932 = CARTESIAN_POINT ( 'NONE',  ( 2.137644553490037210E-10, 26.50000000000000000, -4.768333691765278104 ) ) ;
#933 = VECTOR ( 'NONE', #632, 1000.000000000000000 ) ;
#934 = AXIS2_PLACEMENT_3D ( 'NONE', #438, #470, #312 ) ;
#935 = VECTOR ( 'NONE', #923, 1000.000000000000000 ) ;
#936 = EDGE_CURVE ( 'NONE', #477, #1155, #316, .T. ) ;
#937 = CARTESIAN_POINT ( 'NONE',  ( -14.21914622032904418, 9.499999999999998224, 20.06569260839445690 ) ) ;
#938 = LINE ( 'NONE', #183, #777 ) ;
#939 = EDGE_LOOP ( 'NONE', ( #1125, #678, #123, #418, #323, #1146, #1545, #1767, #382, #948, #1117 ) ) ;
#940 = ORIENTED_EDGE ( 'NONE', *, *, #369, .F. ) ;
#941 = FACE_OUTER_BOUND ( 'NONE', #51, .T. ) ;
#942 = ORIENTED_EDGE ( 'NONE', *, *, #752, .T. ) ;
#943 = CARTESIAN_POINT ( 'NONE',  ( 13.38518194069571443, 10.50999999999999091, 24.33278622262459123 ) ) ;
#944 = VERTEX_POINT ( 'NONE', #1225 ) ;
#945 = DIRECTION ( 'NONE',  ( -2.322494089076271146E-16, 0.000000000000000000, 1.000000000000000000 ) ) ;
#946 = LINE ( 'NONE', #920, #1233 ) ;
#947 = ADVANCED_FACE ( 'NONE', ( #193 ), #1527, .T. ) ;
#948 = ORIENTED_EDGE ( 'NONE', *, *, #220, .T. ) ;
#949 = PLANE ( 'NONE',  #821 ) ;
#950 = LINE ( 'NONE', #1859, #935 ) ;
#951 = EDGE_LOOP ( 'NONE', ( #285, #630, #1379, #706 ) ) ;
#952 = ORIENTED_EDGE ( 'NONE', *, *, #1674, .T. ) ;
#953 = DIRECTION ( 'NONE',  ( 1.592325548196395326E-13, -2.940873454663932728E-27, 1.000000000000000000 ) ) ;
#954 = VERTEX_POINT ( 'NONE', #937 ) ;
#955 = LINE ( 'NONE', #1556, #902 ) ;
#956 = ORIENTED_EDGE ( 'NONE', *, *, #1135, .F. ) ;
#957 = CARTESIAN_POINT ( 'NONE',  ( -14.21914622032904418, 26.50000000000000000, 20.06569260839445690 ) ) ;
#958 = CARTESIAN_POINT ( 'NONE',  ( 1.500000000000000222, 9.499999999999998224, -2.201678149889266134 ) ) ;
#959 = EDGE_CURVE ( 'NONE', #1895, #639, #20, .T. ) ;
#960 = VECTOR ( 'NONE', #1670, 1000.000000000000000 ) ;
#961 = VERTEX_POINT ( 'NONE', #1520 ) ;
#962 = DIRECTION ( 'NONE',  ( 9.815291161854818648E-14, 0.000000000000000000, 1.000000000000000000 ) ) ;
#963 = DIRECTION ( 'NONE',  ( 1.000000000000000000, 0.000000000000000000, -0.000000000000000000 ) ) ;
#964 = ORIENTED_EDGE ( 'NONE', *, *, #1832, .T. ) ;
#965 = DIRECTION ( 'NONE',  ( 1.000000000000000000, 0.000000000000000000, -1.724440263185883619E-16 ) ) ;
#966 = ORIENTED_EDGE ( 'NONE', *, *, #39, .F. ) ;
#967 = VECTOR ( 'NONE', #1706, 1000.000000000000000 ) ;
#968 = VERTEX_POINT ( 'NONE', #661 ) ;
#969 = CARTESIAN_POINT ( 'NONE',  ( 14.21914622032904241, 10.50999999999999091, -39.28468037378117117 ) ) ;
#970 = EDGE_CURVE ( 'NONE', #520, #477, #1865, .T. ) ;
#971 = VECTOR ( 'NONE', #1184, 1000.000000000000000 ) ;
#972 = LINE ( 'NONE', #345, #78 ) ;
#973 = EDGE_CURVE ( 'NONE', #1401, #1718, #463, .T. ) ;
#974 = VECTOR ( 'NONE', #1732, 1000.000000000000000 ) ;
#975 = ORIENTED_EDGE ( 'NONE', *, *, #858, .T. ) ;
#976 = EDGE_LOOP ( 'NONE', ( #79, #478, #1295, #1321 ) ) ;
#977 = ORIENTED_EDGE ( 'NONE', *, *, #395, .T. ) ;
#978 = CARTESIAN_POINT ( 'NONE',  ( 1.500000000000000000, 26.50000000000000000, 7.798321850110734310 ) ) ;
#979 = ORIENTED_EDGE ( 'NONE', *, *, #1278, .F. ) ;
#980 = VERTEX_POINT ( 'NONE', #335 ) ;
#981 = CARTESIAN_POINT ( 'NONE',  ( -19.81171673543281031, 9.499999999999998224, 27.23807268525122538 ) ) ;
#982 = LINE ( 'NONE', #1751, #869 ) ;
#983 = EDGE_CURVE ( 'NONE', #993, #1712, #1824, .T. ) ;
#984 = ORIENTED_EDGE ( 'NONE', *, *, #1294, .F. ) ;
#985 = CARTESIAN_POINT ( 'NONE',  ( -2.999999999999998224, 9.499999999999998224, 21.53801126270789368 ) ) ;
#986 = ORIENTED_EDGE ( 'NONE', *, *, #791, .T. ) ;
#987 = EDGE_LOOP ( 'NONE', ( #1270, #347, #1903, #1296 ) ) ;
#988 = CARTESIAN_POINT ( 'NONE',  ( -13.37439034727672471, 24.99999999999999645, -5.995740761909989288E-10 ) ) ;
#989 = VECTOR ( 'NONE', #848, 1000.000000000000000 ) ;
#990 = LINE ( 'NONE', #1905, #1061 ) ;
#991 = DIRECTION ( 'NONE',  ( 0.000000000000000000, 1.000000000000000000, 2.940873454663932011E-27 ) ) ;
#992 = CARTESIAN_POINT ( 'NONE',  ( -4.219146220329037966, 10.50999999999999091, 20.06569260839445690 ) ) ;
#993 = VERTEX_POINT ( 'NONE', #911 ) ;
#994 = DIRECTION ( 'NONE',  ( 0.000000000000000000, 1.000000000000000000, 2.940873454663932011E-27 ) ) ;
#995 = CARTESIAN_POINT ( 'NONE',  ( 1.341007019589327998, 24.99999999999999645, 25.42276095177527395 ) ) ;
#996 = CARTESIAN_POINT ( 'NONE',  ( 15.84405090676714600, 9.499999999999998224, 13.67730034089338709 ) ) ;
#997 = COLOUR_RGB ( '',0.7921568627450980005, 0.8196078431372548767, 0.9333333333333333481 ) ;
#998 = VECTOR ( 'NONE', #1157, 1000.000000000000000 ) ;
#999 = VECTOR ( 'NONE', #1782, 1000.000000000000000 ) ;
#1000 = CARTESIAN_POINT ( 'NONE',  ( 6.346119218776774318, 9.499999999999998224, 11.64859530943569332 ) ) ;
#1001 = CARTESIAN_POINT ( 'NONE',  ( 3.504143963082937407, 10.50999999999999091, 13.26303376504072951 ) ) ;
#1002 = VERTEX_POINT ( 'NONE', #454 ) ;
#1003 = PLANE ( 'NONE',  #1817 ) ;
#1004 = VERTEX_POINT ( 'NONE', #614 ) ;
#1005 = LINE ( 'NONE', #988, #31 ) ;
#1006 = ADVANCED_FACE ( 'NONE', ( #1071 ), #171, .F. ) ;
#1007 = VECTOR ( 'NONE', #36, 1000.000000000000000 ) ;
#1008 = DIRECTION ( 'NONE',  ( 0.000000000000000000, 1.000000000000000000, 2.940873454663932011E-27 ) ) ;
#1009 = DIRECTION ( 'NONE',  ( 1.100068704781132848E-41, 1.000000000000000000, 2.940873454663932011E-27 ) ) ;
#1010 = LINE ( 'NONE', #413, #1789 ) ;
#1011 = ORIENTED_EDGE ( 'NONE', *, *, #428, .F. ) ;
#1012 = CARTESIAN_POINT ( 'NONE',  ( -14.78197023601864046, 24.99999999999999645, 19.09402330374506107 ) ) ;
#1013 = VERTEX_POINT ( 'NONE', #1088 ) ;
#1014 = DIRECTION ( 'NONE',  ( 1.000000000000000000, -1.318393914780417174E-37, 4.483001173306440485E-11 ) ) ;
#1015 = ADVANCED_FACE ( 'NONE', ( #636 ), #949, .T. ) ;
#1016 = EDGE_CURVE ( 'NONE', #1525, #1580, #243, .T. ) ;
#1017 = VERTEX_POINT ( 'NONE', #981 ) ;
#1018 = LINE ( 'NONE', #61, #420 ) ;
#1019 = ADVANCED_FACE ( 'NONE', ( #374 ), #494, .T. ) ;
#1020 = LINE ( 'NONE', #1920, #1508 ) ;
#1021 = DIRECTION ( 'NONE',  ( -1.000000000000000000, 0.000000000000000000, 0.000000000000000000 ) ) ;
#1022 = ORIENTED_EDGE ( 'NONE', *, *, #306, .F. ) ;
#1023 = LINE ( 'NONE', #131, #1057 ) ;
#1024 = LINE ( 'NONE', #252, #533 ) ;
#1025 = ORIENTED_EDGE ( 'NONE', *, *, #1816, .T. ) ;
#1026 = CARTESIAN_POINT ( 'NONE',  ( -14.78197023625350148, 10.50999999999999091, 24.33278622154344717 ) ) ;
#1027 = EDGE_CURVE ( 'NONE', #1004, #1043, #1118, .T. ) ;
#1028 = VECTOR ( 'NONE', #1930, 1000.000000000000000 ) ;
#1029 = VECTOR ( 'NONE', #1552, 1000.000000000000000 ) ;
#1030 = DIRECTION ( 'NONE',  ( 0.9980985435799896166, 1.812654448778155965E-28, -0.06163844014495915152 ) ) ;
#1031 = DIRECTION ( 'NONE',  ( -1.592325548196395074E-13, 0.000000000000000000, -1.000000000000000000 ) ) ;
#1032 = VERTEX_POINT ( 'NONE', #60 ) ;
#1033 = VECTOR ( 'NONE', #1898, 1000.000000000000114 ) ;
#1034 = DIRECTION ( 'NONE',  ( -0.000000000000000000, -1.000000000000000000, -0.000000000000000000 ) ) ;
#1035 = DIRECTION ( 'NONE',  ( -1.524797561326645848E-13, -2.940873454663932011E-27, 1.000000000000000000 ) ) ;
#1036 = CARTESIAN_POINT ( 'NONE',  ( -14.21914622032904418, 26.50000000000000000, 20.06569260839445690 ) ) ;
#1037 = ORIENTED_EDGE ( 'NONE', *, *, #1743, .T. ) ;
#1038 = ADVANCED_FACE ( 'NONE', ( #529 ), #1310, .F. ) ;
#1039 = DIRECTION ( 'NONE',  ( 0.7071067811865473507, 0.000000000000000000, 0.7071067811865477948 ) ) ;
#1040 = PLANE ( 'NONE',  #710 ) ;
#1041 = ORIENTED_EDGE ( 'NONE', *, *, #1760, .T. ) ;
#1042 = FACE_OUTER_BOUND ( 'NONE', #573, .T. ) ;
#1043 = VERTEX_POINT ( 'NONE', #698 ) ;
#1044 = DIRECTION ( 'NONE',  ( -1.100068704781132848E-41, -1.000000000000000000, -2.940873454663932011E-27 ) ) ;
#1045 = DIRECTION ( 'NONE',  ( 1.000000000000000000, 0.000000000000000000, 4.483001173306440485E-11 ) ) ;
#1046 = VERTEX_POINT ( 'NONE', #1109 ) ;
#1047 = DIRECTION ( 'NONE',  ( 0.000000000000000000, 1.000000000000000000, 2.940873454663932011E-27 ) ) ;
#1048 = ORIENTED_EDGE ( 'NONE', *, *, #1875, .F. ) ;
#1049 = PLANE ( 'NONE',  #1655 ) ;
#1050 = ORIENTED_EDGE ( 'NONE', *, *, #743, .F. ) ;
#1051 = PLANE ( 'NONE',  #18 ) ;
#1052 = EDGE_CURVE ( 'NONE', #639, #618, #691, .T. ) ;
#1053 = ADVANCED_FACE ( 'NONE', ( #1600 ), #211, .T. ) ;
#1054 = ORIENTED_EDGE ( 'NONE', *, *, #723, .F. ) ;
#1055 = SURFACE_SIDE_STYLE ('',( #1810 ) ) ;
#1056 = EDGE_CURVE ( 'NONE', #1307, #132, #383, .T. ) ;
#1057 = VECTOR ( 'NONE', #1485, 1000.000000000000000 ) ;
#1058 = PLANE ( 'NONE',  #812 ) ;
#1059 = ORIENTED_EDGE ( 'NONE', *, *, #1542, .F. ) ;
#1060 = LINE ( 'NONE', #1381, #377 ) ;
#1061 = VECTOR ( 'NONE', #403, 1000.000000000000000 ) ;
#1062 = EDGE_CURVE ( 'NONE', #406, #1925, #1301, .T. ) ;
#1063 = DIRECTION ( 'NONE',  ( 0.000000000000000000, 1.000000000000000000, 2.940873454663932011E-27 ) ) ;
#1064 = VECTOR ( 'NONE', #1063, 1000.000000000000000 ) ;
#1065 = VERTEX_POINT ( 'NONE', #1904 ) ;
#1066 = CARTESIAN_POINT ( 'NONE',  ( 4.219146220329037966, 26.50000000000000000, 20.06569260839445690 ) ) ;
#1067 = LINE ( 'NONE', #943, #747 ) ;
#1068 = LINE ( 'NONE', #607, #650 ) ;
#1069 = CARTESIAN_POINT ( 'NONE',  ( 1.500000000000000000, 9.499999999999998224, 7.798321850110734310 ) ) ;
#1070 = EDGE_LOOP ( 'NONE', ( #1201, #1423, #1800, #1592 ) ) ;
#1071 = FACE_OUTER_BOUND ( 'NONE', #847, .T. ) ;
#1072 = EDGE_CURVE ( 'NONE', #1430, #1702, #1147, .T. ) ;
#1073 = LINE ( 'NONE', #326, #1444 ) ;
#1074 = CARTESIAN_POINT ( 'NONE',  ( 1.500000000000000000, 9.499999999999998224, 7.798321850110734310 ) ) ;
#1075 = DIRECTION ( 'NONE',  ( 4.483001173306440485E-11, 2.940873454663932011E-27, -1.000000000000000000 ) ) ;
#1076 = DIRECTION ( 'NONE',  ( 2.748605226541390801E-16, 0.000000000000000000, 1.000000000000000000 ) ) ;
#1077 = ORIENTED_EDGE ( 'NONE', *, *, #1916, .T. ) ;
#1078 = CARTESIAN_POINT ( 'NONE',  ( 6.346119218776775206, 9.499999999999998224, -6.021333691102119801 ) ) ;
#1079 = CARTESIAN_POINT ( 'NONE',  ( -2.999999999999999112, 24.99999999999999645, 15.53801126270789190 ) ) ;
#1080 = EDGE_CURVE ( 'NONE', #741, #406, #1005, .T. ) ;
#1081 = VERTEX_POINT ( 'NONE', #1885 ) ;
#1082 = ORIENTED_EDGE ( 'NONE', *, *, #739, .T. ) ;
#1083 = APPLICATION_PROTOCOL_DEFINITION ( 'draft international standard', 'automotive_design', 1998, #505 ) ;
#1084 = VECTOR ( 'NONE', #1776, 1000.000000000000000 ) ;
#1085 = PLANE ( 'NONE',  #1356 ) ;
#1086 = VECTOR ( 'NONE', #866, 1000.000000000000000 ) ;
#1087 = ORIENTED_EDGE ( 'NONE', *, *, #22, .T. ) ;
#1088 = CARTESIAN_POINT ( 'NONE',  ( -4.496853450377910733, 10.50999999999999091, -2.736966231318176845 ) ) ;
#1089 = PLANE ( 'NONE',  #265 ) ;
#1090 = EDGE_LOOP ( 'NONE', ( #1300, #1050, #1515, #1856 ) ) ;
#1091 = ORIENTED_EDGE ( 'NONE', *, *, #1142, .F. ) ;
#1092 = ADVANCED_FACE ( 'NONE', ( #1590 ), #219, .F. ) ;
#1093 = FACE_OUTER_BOUND ( 'NONE', #1871, .T. ) ;
#1094 = ORIENTED_EDGE ( 'NONE', *, *, #502, .F. ) ;
#1095 = CARTESIAN_POINT ( 'NONE',  ( -14.78197023601864046, 10.50999999999999091, 19.09402330374506107 ) ) ;
#1096 = LINE ( 'NONE', #932, #1607 ) ;
#1097 = ORIENTED_EDGE ( 'NONE', *, *, #577, .T. ) ;
#1098 = LINE ( 'NONE', #1857, #619 ) ;
#1099 = ADVANCED_FACE ( 'NONE', ( #1130 ), #1428, .T. ) ;
#1100 = PLANE ( 'NONE',  #163 ) ;
#1101 = ORIENTED_EDGE ( 'NONE', *, *, #389, .T. ) ;
#1102 = ORIENTED_EDGE ( 'NONE', *, *, #1574, .T. ) ;
#1103 = ORIENTED_EDGE ( 'NONE', *, *, #1496, .T. ) ;
#1104 = PLANE ( 'NONE',  #1602 ) ;
#1105 = EDGE_LOOP ( 'NONE', ( #46, #1258, #1901, #25 ) ) ;
#1106 = DIRECTION ( 'NONE',  ( -1.000000000000000000, 0.000000000000000000, -0.000000000000000000 ) ) ;
#1107 = CARTESIAN_POINT ( 'NONE',  ( -8.743329047513924479, 9.499999999999998224, -6.021333691102118024 ) ) ;
#1108 = ORIENTED_EDGE ( 'NONE', *, *, #307, .T. ) ;
#1109 = CARTESIAN_POINT ( 'NONE',  ( -19.81171673543281031, 24.99999999999999645, 27.23807268525122538 ) ) ;
#1110 = LINE ( 'NONE', #356, #1283 ) ;
#1111 = VERTEX_POINT ( 'NONE', #1292 ) ;
#1112 = ORIENTED_EDGE ( 'NONE', *, *, #58, .F. ) ;
#1113 = CARTESIAN_POINT ( 'NONE',  ( -8.743329047513924479, 9.499999999999998224, 7.256070824894444549 ) ) ;
#1114 = ORIENTED_EDGE ( 'NONE', *, *, #973, .F. ) ;
#1115 = DIRECTION ( 'NONE',  ( -4.483001173306440485E-11, 0.000000000000000000, 1.000000000000000000 ) ) ;
#1116 = VECTOR ( 'NONE', #909, 1000.000000000000000 ) ;
#1117 = ORIENTED_EDGE ( 'NONE', *, *, #39, .T. ) ;
#1118 = LINE ( 'NONE', #366, #989 ) ;
#1119 =( GEOMETRIC_REPRESENTATION_CONTEXT ( 3 ) GLOBAL_UNCERTAINTY_ASSIGNED_CONTEXT ( ( #1911 ) ) GLOBAL_UNIT_ASSIGNED_CONTEXT ( ( #300, #457, #1532 ) ) REPRESENTATION_CONTEXT ( 'NONE', 'WORKASPACE' ) );
#1120 = EDGE_CURVE ( 'NONE', #687, #1873, #1896, .T. ) ;
#1121 = AXIS2_PLACEMENT_3D ( 'NONE', #396, #1227, #637 ) ;
#1122 = DIRECTION ( 'NONE',  ( -1.000000000000000000, 1.318503921650895496E-37, -4.483001173306441131E-11 ) ) ;
#1123 = VECTOR ( 'NONE', #1662, 1000.000000000000000 ) ;
#1124 = EDGE_LOOP ( 'NONE', ( #114, #1244, #1501, #1181 ) ) ;
#1125 = ORIENTED_EDGE ( 'NONE', *, *, #428, .T. ) ;
#1126 = AXIS2_PLACEMENT_3D ( 'NONE', #1078, #1680, #344 ) ;
#1127 = FACE_OUTER_BOUND ( 'NONE', #55, .T. ) ;
#1128 = DIRECTION ( 'NONE',  ( 0.7071067811865465735, 0.000000000000000000, 0.7071067811865485719 ) ) ;
#1129 = ORIENTED_EDGE ( 'NONE', *, *, #1273, .F. ) ;
#1130 = FACE_OUTER_BOUND ( 'NONE', #352, .T. ) ;
#1131 = LINE ( 'NONE', #1583, #11 ) ;
#1132 = ORIENTED_EDGE ( 'NONE', *, *, #970, .F. ) ;
#1133 = PLANE ( 'NONE',  #1279 ) ;
#1134 = LINE ( 'NONE', #85, #1282 ) ;
#1135 = EDGE_CURVE ( 'NONE', #518, #1877, #672, .T. ) ;
#1136 = ORIENTED_EDGE ( 'NONE', *, *, #791, .F. ) ;
#1137 = EDGE_LOOP ( 'NONE', ( #242, #483, #1077, #1457 ) ) ;
#1138 = CARTESIAN_POINT ( 'NONE',  ( -2.999999999999999112, 24.99999999999999645, 15.53801126270789190 ) ) ;
#1139 = VECTOR ( 'NONE', #894, 1000.000000000000000 ) ;
#1140 = AXIS2_PLACEMENT_3D ( 'NONE', #1442, #1611, #1719 ) ;
#1141 = LINE ( 'NONE', #857, #509 ) ;
#1142 = EDGE_CURVE ( 'NONE', #493, #1518, #1749, .T. ) ;
#1143 = AXIS2_PLACEMENT_3D ( 'NONE', #645, #1076, #1405 ) ;
#1144 = DIRECTION ( 'NONE',  ( 1.000000000000000000, 0.000000000000000000, 0.000000000000000000 ) ) ;
#1145 = DIRECTION ( 'NONE',  ( -0.000000000000000000, -1.000000000000000000, -0.000000000000000000 ) ) ;
#1146 = ORIENTED_EDGE ( 'NONE', *, *, #1623, .T. ) ;
#1147 = LINE ( 'NONE', #1281, #889 ) ;
#1148 = CARTESIAN_POINT ( 'NONE',  ( -19.81171673543281031, 24.99999999999999645, 15.53801126270789190 ) ) ;
#1149 = CARTESIAN_POINT ( 'NONE',  ( 4.219146220329037966, 9.499999999999998224, 20.06569260839445690 ) ) ;
#1150 = VECTOR ( 'NONE', #1031, 1000.000000000000000 ) ;
#1151 = VECTOR ( 'NONE', #912, 1000.000000000000000 ) ;
#1152 = PLANE ( 'NONE',  #388 ) ;
#1153 = LINE ( 'NONE', #257, #971 ) ;
#1154 = ADVANCED_FACE ( 'NONE', ( #427, #1652, #719, #1512, #124 ), #738, .F. ) ;
#1155 = VERTEX_POINT ( 'NONE', #1334 ) ;
#1156 = CARTESIAN_POINT ( 'NONE',  ( -3.494955088444204439, 10.50999999999999091, 13.26303376472695916 ) ) ;
#1157 = DIRECTION ( 'NONE',  ( 1.000000000000000000, -1.318503921650895287E-37, 4.483001173306440485E-11 ) ) ;
#1158 = ORIENTED_EDGE ( 'NONE', *, *, #523, .F. ) ;
#1159 = PLANE ( 'NONE',  #801 ) ;
#1160 = CARTESIAN_POINT ( 'NONE',  ( -13.37439034836756413, 10.50999999999999091, 24.33278622160655047 ) ) ;
#1161 = ADVANCED_FACE ( 'NONE', ( #1926, #117 ), #1176, .F. ) ;
#1162 = FACE_OUTER_BOUND ( 'NONE', #1492, .T. ) ;
#1163 = DIRECTION ( 'NONE',  ( -4.483001173306440485E-11, -2.940873454663932011E-27, 1.000000000000000000 ) ) ;
#1164 = ORIENTED_EDGE ( 'NONE', *, *, #1371, .T. ) ;
#1165 = DIRECTION ( 'NONE',  ( 0.9986117056553137639, -1.549372121660643499E-28, 0.05267505413556722998 ) ) ;
#1166 = LINE ( 'NONE', #1678, #960 ) ;
#1167 = ADVANCED_FACE ( 'NONE', ( #1938 ), #1788, .F. ) ;
#1168 = ORIENTED_EDGE ( 'NONE', *, *, #1337, .T. ) ;
#1169 = DIRECTION ( 'NONE',  ( -1.000000000000000000, 0.000000000000000000, 0.000000000000000000 ) ) ;
#1170 = VECTOR ( 'NONE', #1461, 1000.000000000000000 ) ;
#1171 = ADVANCED_FACE ( 'NONE', ( #1486 ), #570, .T. ) ;
#1172 = DIRECTION ( 'NONE',  ( 4.336808689942017736E-16, -0.000000000000000000, -1.000000000000000000 ) ) ;
#1173 = DIRECTION ( 'NONE',  ( 0.000000000000000000, 0.000000000000000000, -1.000000000000000000 ) ) ;
#1174 = EDGE_LOOP ( 'NONE', ( #458, #489, #259, #1048 ) ) ;
#1175 = LINE ( 'NONE', #1324, #223 ) ;
#1176 = PLANE ( 'NONE',  #700 ) ;
#1177 = ORIENTED_EDGE ( 'NONE', *, *, #1916, .F. ) ;
#1178 = LINE ( 'NONE', #593, #1476 ) ;
#1179 = EDGE_CURVE ( 'NONE', #189, #828, #277, .T. ) ;
#1180 = AXIS2_PLACEMENT_3D ( 'NONE', #1739, #372, #1587 ) ;
#1181 = ORIENTED_EDGE ( 'NONE', *, *, #72, .T. ) ;
#1182 = VECTOR ( 'NONE', #456, 1000.000000000000000 ) ;
#1183 = LINE ( 'NONE', #1000, #581 ) ;
#1184 = DIRECTION ( 'NONE',  ( 0.000000000000000000, 0.000000000000000000, -1.000000000000000000 ) ) ;
#1185 = ADVANCED_FACE ( 'NONE', ( #1945 ), #1659, .F. ) ;
#1186 = LINE ( 'NONE', #1796, #325 ) ;
#1187 = ORIENTED_EDGE ( 'NONE', *, *, #99, .F. ) ;
#1188 = DIRECTION ( 'NONE',  ( -1.000000000000000000, 0.000000000000000000, 0.000000000000000000 ) ) ;
#1189 = DIRECTION ( 'NONE',  ( 0.9986117056576805373, -1.549125602627761484E-28, 0.05267505409069801747 ) ) ;
#1190 = EDGE_CURVE ( 'NONE', #328, #493, #583, .T. ) ;
#1191 = ORIENTED_EDGE ( 'NONE', *, *, #983, .F. ) ;
#1192 = CARTESIAN_POINT ( 'NONE',  ( -13.37439034799843540, 24.99999999999999645, 16.09894341631909853 ) ) ;
#1193 = CARTESIAN_POINT ( 'NONE',  ( 2.999999999999998224, 24.99999999999999645, 21.53801126270789368 ) ) ;
#1194 = LINE ( 'NONE', #930, #1312 ) ;
#1195 = ORIENTED_EDGE ( 'NONE', *, *, #255, .F. ) ;
#1196 = DIRECTION ( 'NONE',  ( -1.592325548196395074E-13, 2.940873454663932011E-27, -1.000000000000000000 ) ) ;
#1197 = DIRECTION ( 'NONE',  ( 1.295630333478932463E-13, 0.000000000000000000, -1.000000000000000000 ) ) ;
#1198 = DIRECTION ( 'NONE',  ( -0.000000000000000000, 1.000000000000000000, -0.000000000000000000 ) ) ;
#1199 = EDGE_CURVE ( 'NONE', #721, #758, #1502, .T. ) ;
#1200 = ORIENTED_EDGE ( 'NONE', *, *, #780, .T. ) ;
#1201 = ORIENTED_EDGE ( 'NONE', *, *, #1823, .T. ) ;
#1202 = CARTESIAN_POINT ( 'NONE',  ( 50.00539578651591910, 10.50999999999999091, 23.06569260839445334 ) ) ;
#1203 = LINE ( 'NONE', #1814, #269 ) ;
#1204 = EDGE_CURVE ( 'NONE', #221, #1004, #750, .T. ) ;
#1205 = ORIENTED_EDGE ( 'NONE', *, *, #601, .F. ) ;
#1206 = VECTOR ( 'NONE', #1404, 999.9999999999998863 ) ;
#1207 = DIRECTION ( 'NONE',  ( -1.000000000000000000, 0.000000000000000000, 0.000000000000000000 ) ) ;
#1208 = VECTOR ( 'NONE', #761, 1000.000000000000000 ) ;
#1209 = LINE ( 'NONE', #1821, #1415 ) ;
#1210 = LINE ( 'NONE', #5, #484 ) ;
#1211 = EDGE_CURVE ( 'NONE', #1895, #694, #1024, .T. ) ;
#1212 = VECTOR ( 'NONE', #1446, 1000.000000000000000 ) ;
#1213 = CARTESIAN_POINT ( 'NONE',  ( 14.79276182858165889, 10.50999999999999091, 24.33278622262480440 ) ) ;
#1214 = VECTOR ( 'NONE', #88, 1000.000000000000000 ) ;
#1215 = FACE_OUTER_BOUND ( 'NONE', #1470, .T. ) ;
#1216 = EDGE_CURVE ( 'NONE', #1718, #1554, #863, .T. ) ;
#1217 = VERTEX_POINT ( 'NONE', #591 ) ;
#1218 = SURFACE_STYLE_USAGE ( .BOTH. , #1055 ) ;
#1219 = EDGE_LOOP ( 'NONE', ( #784, #1025, #671, #1704 ) ) ;
#1220 = PLANE ( 'NONE',  #1759 ) ;
#1221 = EDGE_LOOP ( 'NONE', ( #1550, #1362, #1108, #164 ) ) ;
#1222 = LINE ( 'NONE', #1403, #1601 ) ;
#1223 = LINE ( 'NONE', #158, #924 ) ;
#1224 = ORIENTED_EDGE ( 'NONE', *, *, #560, .T. ) ;
#1225 = CARTESIAN_POINT ( 'NONE',  ( 6.346119218776775206, 26.50000000000000000, -6.021333691102119801 ) ) ;
#1226 = ADVANCED_FACE ( 'NONE', ( #434 ), #1049, .T. ) ;
#1227 = DIRECTION ( 'NONE',  ( 0.000000000000000000, -1.000000000000000000, 0.000000000000000000 ) ) ;
#1228 = ORIENTED_EDGE ( 'NONE', *, *, #90, .T. ) ;
#1229 = CARTESIAN_POINT ( 'NONE',  ( 6.346119218776774318, 26.50000000000000000, 11.64859530943569332 ) ) ;
#1230 = AXIS2_PLACEMENT_3D ( 'NONE', #286, #1035, #730 ) ;
#1231 = ORIENTED_EDGE ( 'NONE', *, *, #1052, .T. ) ;
#1232 = DIRECTION ( 'NONE',  ( 4.336808689942017736E-16, -0.000000000000000000, -1.000000000000000000 ) ) ;
#1233 = VECTOR ( 'NONE', #471, 1000.000000000000000 ) ;
#1234 = ORIENTED_EDGE ( 'NONE', *, *, #1574, .F. ) ;
#1235 = CARTESIAN_POINT ( 'NONE',  ( -13.37439034845122521, 10.50999999999999091, 26.19897291411961859 ) ) ;
#1236 = CARTESIAN_POINT ( 'NONE',  ( 2.562233326286126989, 10.50999999999999091, -2.736966231001714878 ) ) ;
#1237 = ORIENTED_EDGE ( 'NONE', *, *, #1473, .F. ) ;
#1238 = DIRECTION ( 'NONE',  ( 0.000000000000000000, 1.000000000000000000, 2.940873454663932011E-27 ) ) ;
#1239 = DIRECTION ( 'NONE',  ( -0.9986117056576697681, -1.549125602627761933E-28, 0.05267505409090383200 ) ) ;
#1240 = ADVANCED_FACE ( 'NONE', ( #1806 ), #1159, .T. ) ;
#1241 = ORIENTED_EDGE ( 'NONE', *, *, #1421, .T. ) ;
#1242 = EDGE_LOOP ( 'NONE', ( #209, #1195, #826, #1431, #1112, #1846, #334, #1626, #1667, #737, #1724, #143 ) ) ;
#1243 = CARTESIAN_POINT ( 'NONE',  ( -19.81171673543281031, 9.499999999999998224, 12.01317212208040708 ) ) ;
#1244 = ORIENTED_EDGE ( 'NONE', *, *, #1750, .F. ) ;
#1245 = ORIENTED_EDGE ( 'NONE', *, *, #455, .T. ) ;
#1246 = VECTOR ( 'NONE', #1568, 1000.000000000000000 ) ;
#1247 = FACE_BOUND ( 'NONE', #546, .T. ) ;
#1248 = VECTOR ( 'NONE', #763, 1000.000000000000114 ) ;
#1249 = LINE ( 'NONE', #803, #367 ) ;
#1250 = DIRECTION ( 'NONE',  ( 0.05267505409090383200, -2.936929150137827310E-27, 0.9986117056576697681 ) ) ;
#1251 = EDGE_LOOP ( 'NONE', ( #1341, #157, #527, #1129 ) ) ;
#1252 = ORIENTED_EDGE ( 'NONE', *, *, #611, .T. ) ;
#1253 = FACE_OUTER_BOUND ( 'NONE', #697, .T. ) ;
#1254 = ORIENTED_EDGE ( 'NONE', *, *, #72, .F. ) ;
#1255 = ORIENTED_EDGE ( 'NONE', *, *, #492, .F. ) ;
#1256 = FACE_OUTER_BOUND ( 'NONE', #1869, .T. ) ;
#1257 = FACE_OUTER_BOUND ( 'NONE', #1105, .T. ) ;
#1258 = ORIENTED_EDGE ( 'NONE', *, *, #1649, .F. ) ;
#1259 = EDGE_CURVE ( 'NONE', #567, #1868, #1471, .T. ) ;
#1260 = ORIENTED_EDGE ( 'NONE', *, *, #1717, .F. ) ;
#1261 = DIRECTION ( 'NONE',  ( 0.000000000000000000, 1.000000000000000000, 2.940873454663932011E-27 ) ) ;
#1262 = LINE ( 'NONE', #336, #1029 ) ;
#1263 = ORIENTED_EDGE ( 'NONE', *, *, #1760, .F. ) ;
#1264 = ORIENTED_EDGE ( 'NONE', *, *, #255, .T. ) ;
#1265 = ORIENTED_EDGE ( 'NONE', *, *, #1313, .T. ) ;
#1266 = ORIENTED_EDGE ( 'NONE', *, *, #752, .F. ) ;
#1267 = LINE ( 'NONE', #1095, #967 ) ;
#1268 = LINE ( 'NONE', #1578, #1535 ) ;
#1269 = EDGE_CURVE ( 'NONE', #217, #1345, #1166, .T. ) ;
#1270 = ORIENTED_EDGE ( 'NONE', *, *, #1211, .T. ) ;
#1271 = CARTESIAN_POINT ( 'NONE',  ( 2.999999999999998224, 9.499999999999998224, 21.53801126270789368 ) ) ;
#1272 = DIRECTION ( 'NONE',  ( 0.000000000000000000, -1.000000000000000000, -2.940873454663932011E-27 ) ) ;
#1273 = EDGE_CURVE ( 'NONE', #1951, #1895, #946, .T. ) ;
#1274 = EDGE_CURVE ( 'NONE', #1534, #520, #1060, .T. ) ;
#1275 = ORIENTED_EDGE ( 'NONE', *, *, #1335, .F. ) ;
#1276 = LINE ( 'NONE', #1606, #375 ) ;
#1277 = CARTESIAN_POINT ( 'NONE',  ( 4.252031129529060927, 10.50999999999999091, 6.750748237459688106 ) ) ;
#1278 = EDGE_CURVE ( 'NONE', #1951, #1032, #343, .T. ) ;
#1279 = AXIS2_PLACEMENT_3D ( 'NONE', #957, #56, #1863 ) ;
#1280 = ORIENTED_EDGE ( 'NONE', *, *, #1682, .T. ) ;
#1281 = CARTESIAN_POINT ( 'NONE',  ( -1.500000000000000222, 26.50000000000000000, -2.201678149889266134 ) ) ;
#1282 = VECTOR ( 'NONE', #1115, 1000.000000000000000 ) ;
#1283 = VECTOR ( 'NONE', #1543, 1000.000000000000000 ) ;
#1284 = ORIENTED_EDGE ( 'NONE', *, *, #1627, .T. ) ;
#1285 = DIRECTION ( 'NONE',  ( -0.000000000000000000, 1.000000000000000000, -0.000000000000000000 ) ) ;
#1286 = EDGE_CURVE ( 'NONE', #198, #1043, #1855, .T. ) ;
#1287 = CARTESIAN_POINT ( 'NONE',  ( -8.743329047513924479, 9.499999999999998224, -6.021333691102118024 ) ) ;
#1288 = CARTESIAN_POINT ( 'NONE',  ( -4.246373477178807754, 10.50999999999999091, 6.750748237078701308 ) ) ;
#1289 = CARTESIAN_POINT ( 'NONE',  ( -3.877618601534404963, 10.50999999999999091, 16.59988183214694857 ) ) ;
#1290 = EDGE_LOOP ( 'NONE', ( #942, #1374, #746, #984 ) ) ;
#1291 = ORIENTED_EDGE ( 'NONE', *, *, #1190, .F. ) ;
#1292 = CARTESIAN_POINT ( 'NONE',  ( 4.252031129529060927, 10.50999999999999091, 6.750748237459688106 ) ) ;
#1293 = CARTESIAN_POINT ( 'NONE',  ( 4.299910125768626301, 26.50000000000000000, 0.2632130908913581924 ) ) ;
#1294 = EDGE_CURVE ( 'NONE', #646, #1430, #314, .T. ) ;
#1295 = ORIENTED_EDGE ( 'NONE', *, *, #127, .T. ) ;
#1296 = ORIENTED_EDGE ( 'NONE', *, *, #959, .F. ) ;
#1297 = CARTESIAN_POINT ( 'NONE',  ( 3.888410194209629189, 10.50999999999999091, 25.69803449973652931 ) ) ;
#1298 = DIRECTION ( 'NONE',  ( 0.000000000000000000, 1.000000000000000000, 2.940873454663932011E-27 ) ) ;
#1299 = EDGE_LOOP ( 'NONE', ( #749, #12, #487, #798, #274, #1937, #1774, #1237 ) ) ;
#1300 = ORIENTED_EDGE ( 'NONE', *, *, #1142, .T. ) ;
#1301 = LINE ( 'NONE', #995, #1746 ) ;
#1302 = VECTOR ( 'NONE', #1798, 1000.000000000000114 ) ;
#1303 = DIRECTION ( 'NONE',  ( -0.06109926041442381023, -2.935351428327385287E-27, 0.9981316949064438226 ) ) ;
#1304 = ADVANCED_FACE ( 'NONE', ( #1962 ), #1085, .F. ) ;
#1305 = FACE_OUTER_BOUND ( 'NONE', #641, .T. ) ;
#1306 = CARTESIAN_POINT ( 'NONE',  ( 15.84405090676714600, 9.499999999999998224, 13.67730034089338709 ) ) ;
#1307 = VERTEX_POINT ( 'NONE', #1236 ) ;
#1308 = CARTESIAN_POINT ( 'NONE',  ( 4.219146220329037966, 10.50999999999999091, 20.06569260839445690 ) ) ;
#1309 = EDGE_LOOP ( 'NONE', ( #1757, #1254, #81, #1563 ) ) ;
#1310 = PLANE ( 'NONE',  #461 ) ;
#1311 = EDGE_CURVE ( 'NONE', #348, #1017, #1210, .T. ) ;
#1312 = VECTOR ( 'NONE', #1804, 1000.000000000000000 ) ;
#1313 = EDGE_CURVE ( 'NONE', #828, #653, #1096, .T. ) ;
#1314 = FACE_OUTER_BOUND ( 'NONE', #1070, .T. ) ;
#1315 = PRESENTATION_LAYER_ASSIGNMENT (  '', '', ( #1664 ) ) ;
#1316 = AXIS2_PLACEMENT_3D ( 'NONE', #785, #945, #177 ) ;
#1317 = ADVANCED_FACE ( 'NONE', ( #1822 ), #1370, .T. ) ;
#1318 = VECTOR ( 'NONE', #384, 1000.000000000000227 ) ;
#1319 = DIRECTION ( 'NONE',  ( -1.000000000000000000, 0.000000000000000000, -1.524797561326645848E-13 ) ) ;
#1320 = CARTESIAN_POINT ( 'NONE',  ( -13.37439034799843540, 10.50999999999999091, 16.09894341631909853 ) ) ;
#1321 = ORIENTED_EDGE ( 'NONE', *, *, #1743, .F. ) ;
#1322 = ADVANCED_FACE ( 'NONE', ( #1549 ), #149, .T. ) ;
#1323 = VECTOR ( 'NONE', #37, 1000.000000000000000 ) ;
#1324 = CARTESIAN_POINT ( 'NONE',  ( -3.877618601534404963, 10.50999999999999091, 16.59988183214694857 ) ) ;
#1325 = ORIENTED_EDGE ( 'NONE', *, *, #562, .F. ) ;
#1326 = DIRECTION ( 'NONE',  ( 4.483001173306440485E-11, 2.940873454663932011E-27, -1.000000000000000000 ) ) ;
#1327 = EDGE_CURVE ( 'NONE', #349, #19, #1223, .T. ) ;
#1328 = VERTEX_POINT ( 'NONE', #16 ) ;
#1329 = CARTESIAN_POINT ( 'NONE',  ( 13.38518194069547285, 10.50999999999999091, 26.19897291513763093 ) ) ;
#1330 = CARTESIAN_POINT ( 'NONE',  ( -13.37439034813270311, 10.50999999999999091, 19.09402330380816437 ) ) ;
#1331 = DIRECTION ( 'NONE',  ( 0.06109926041442381717, 2.935351428327384569E-27, -0.9981316949064438226 ) ) ;
#1332 = ORIENTED_EDGE ( 'NONE', *, *, #1327, .T. ) ;
#1333 = CARTESIAN_POINT ( 'NONE',  ( -3.877618601942272925, 10.50999999999999091, 25.69803449914322613 ) ) ;
#1334 = CARTESIAN_POINT ( 'NONE',  ( -14.21914622032904418, 9.499999999999998224, 23.06569260839445334 ) ) ;
#1335 = EDGE_CURVE ( 'NONE', #1702, #217, #1697, .T. ) ;
#1336 = LINE ( 'NONE', #1956, #449 ) ;
#1337 = EDGE_CURVE ( 'NONE', #618, #1951, #774, .T. ) ;
#1338 = ORIENTED_EDGE ( 'NONE', *, *, #623, .F. ) ;
#1339 = CARTESIAN_POINT ( 'NONE',  ( -4.496853450377910733, 10.50999999999999091, -2.736966231318176845 ) ) ;
#1340 = CARTESIAN_POINT ( 'NONE',  ( -19.81171673543281031, 24.99999999999999645, 27.23807268525122538 ) ) ;
#1341 = ORIENTED_EDGE ( 'NONE', *, *, #1278, .T. ) ;
#1342 = CARTESIAN_POINT ( 'NONE',  ( 4.252031129529060927, 10.50999999999999091, 6.750748237459688106 ) ) ;
#1343 = ORIENTED_EDGE ( 'NONE', *, *, #1711, .F. ) ;
#1344 = DIRECTION ( 'NONE',  ( 0.000000000000000000, 0.000000000000000000, -1.000000000000000000 ) ) ;
#1345 = VERTEX_POINT ( 'NONE', #1069 ) ;
#1346 = LINE ( 'NONE', #145, #779 ) ;
#1347 = AXIS2_PLACEMENT_3D ( 'NONE', #281, #1163, #714 ) ;
#1348 = ORIENTED_EDGE ( 'NONE', *, *, #1711, .T. ) ;
#1349 = AXIS2_PLACEMENT_3D ( 'NONE', #1933, #1075, #1714 ) ;
#1350 = CARTESIAN_POINT ( 'NONE',  ( -8.559852887680040883E-10, 24.99999999999999645, 19.09402330440773810 ) ) ;
#1351 = ADVANCED_FACE ( 'NONE', ( #622 ), #609, .F. ) ;
#1352 = DIRECTION ( 'NONE',  ( -0.9996516900655898485, 7.760419155111705878E-29, -0.02639125895083413095 ) ) ;
#1353 = ORIENTED_EDGE ( 'NONE', *, *, #817, .F. ) ;
#1354 = DIRECTION ( 'NONE',  ( -1.000000000000000000, -4.591774807899560578E-40, 1.592325548196395074E-13 ) ) ;
#1355 = DIRECTION ( 'NONE',  ( 0.000000000000000000, 1.000000000000000000, 2.940873454663932011E-27 ) ) ;
#1356 = AXIS2_PLACEMENT_3D ( 'NONE', #191, #1392, #1526 ) ;
#1357 = ADVANCED_FACE ( 'NONE', ( #1247, #1688 ), #1813, .F. ) ;
#1358 = CARTESIAN_POINT ( 'NONE',  ( 13.38518194069521527, 10.50999999999999091, 16.09894341733712508 ) ) ;
#1359 = ORIENTED_EDGE ( 'NONE', *, *, #1179, .F. ) ;
#1360 = DIRECTION ( 'NONE',  ( 0.000000000000000000, -1.000000000000000000, -2.940873454663932011E-27 ) ) ;
#1361 = EDGE_CURVE ( 'NONE', #680, #466, #1540, .T. ) ;
#1362 = ORIENTED_EDGE ( 'NONE', *, *, #865, .F. ) ;
#1363 = LINE ( 'NONE', #1631, #1123 ) ;
#1364 = EDGE_LOOP ( 'NONE', ( #1651, #796, #435, #1805 ) ) ;
#1365 = EDGE_CURVE ( 'NONE', #328, #802, #846, .T. ) ;
#1366 = LINE ( 'NONE', #479, #542 ) ;
#1367 = CARTESIAN_POINT ( 'NONE',  ( 14.21914622032904418, 26.50000000000000000, 20.06569260839445690 ) ) ;
#1368 = CARTESIAN_POINT ( 'NONE',  ( 4.219146220329037966, 10.50999999999999091, 23.06569260839445334 ) ) ;
#1369 = LINE ( 'NONE', #1539, #1116 ) ;
#1370 = PLANE ( 'NONE',  #1858 ) ;
#1371 = EDGE_CURVE ( 'NONE', #944, #1712, #363, .T. ) ;
#1372 = CARTESIAN_POINT ( 'NONE',  ( 3.000000000000000888, 9.499999999999998224, 15.53801126270789190 ) ) ;
#1373 = PLANE ( 'NONE',  #327 ) ;
#1374 = ORIENTED_EDGE ( 'NONE', *, *, #755, .T. ) ;
#1375 = VECTOR ( 'NONE', #1880, 1000.000000000000000 ) ;
#1376 = FILL_AREA_STYLE_COLOUR ( '', #997 ) ;
#1377 = VECTOR ( 'NONE', #1303, 1000.000000000000114 ) ;
#1378 = CARTESIAN_POINT ( 'NONE',  ( 8.374824250234464529, 9.499999999999998224, 13.67730034089338531 ) ) ;
#1379 = ORIENTED_EDGE ( 'NONE', *, *, #159, .F. ) ;
#1380 = SHAPE_DEFINITION_REPRESENTATION ( #670, #879 ) ;
#1381 = CARTESIAN_POINT ( 'NONE',  ( 50.00539578651591910, 10.50999999999999091, 23.06569260839445334 ) ) ;
#1382 = EDGE_CURVE ( 'NONE', #528, #809, #501, .T. ) ;
#1383 = VECTOR ( 'NONE', #1169, 1000.000000000000000 ) ;
#1384 = CARTESIAN_POINT ( 'NONE',  ( 14.21914622032904418, 9.499999999999998224, 20.06569260839445690 ) ) ;
#1385 = AXIS2_PLACEMENT_3D ( 'NONE', #1372, #473, #1406 ) ;
#1386 = DIRECTION ( 'NONE',  ( 0.000000000000000000, -0.000000000000000000, 1.000000000000000000 ) ) ;
#1387 = LINE ( 'NONE', #1516, #261 ) ;
#1388 = ORIENTED_EDGE ( 'NONE', *, *, #865, .T. ) ;
#1389 = LINE ( 'NONE', #1685, #297 ) ;
#1390 = ORIENTED_EDGE ( 'NONE', *, *, #306, .T. ) ;
#1391 =( LENGTH_UNIT ( ) NAMED_UNIT ( * ) SI_UNIT ( .MILLI., .METRE. ) );
#1392 = DIRECTION ( 'NONE',  ( 1.000000000000000000, 0.000000000000000000, 0.000000000000000000 ) ) ;
#1393 = EDGE_CURVE ( 'NONE', #813, #1345, #535, .T. ) ;
#1394 = EDGE_LOOP ( 'NONE', ( #1338, #551, #1, #1420 ) ) ;
#1395 = DIRECTION ( 'NONE',  ( -0.7071067811865477948, 0.000000000000000000, 0.7071067811865473507 ) ) ;
#1396 = CARTESIAN_POINT ( 'NONE',  ( -4.219146220329037966, 26.50000000000000000, 23.06569260839445334 ) ) ;
#1397 = VERTEX_POINT ( 'NONE', #992 ) ;
#1398 = ORIENTED_EDGE ( 'NONE', *, *, #770, .F. ) ;
#1399 = EDGE_CURVE ( 'NONE', #802, #666, #1448, .T. ) ;
#1400 = DIRECTION ( 'NONE',  ( -0.000000000000000000, 1.000000000000000000, -0.000000000000000000 ) ) ;
#1401 = VERTEX_POINT ( 'NONE', #1289 ) ;
#1402 = VECTOR ( 'NONE', #1188, 1000.000000000000000 ) ;
#1403 = CARTESIAN_POINT ( 'NONE',  ( -3.877618600790230019, 24.99999999999999645, -1.738336873697747799E-10 ) ) ;
#1404 = DIRECTION ( 'NONE',  ( 0.7071067811865473507, 0.000000000000000000, 0.7071067811865477948 ) ) ;
#1405 = DIRECTION ( 'NONE',  ( 1.000000000000000000, 0.000000000000000000, -2.748605226541390801E-16 ) ) ;
#1406 = DIRECTION ( 'NONE',  ( 4.336808689942017736E-16, 0.000000000000000000, -1.000000000000000000 ) ) ;
#1407 = CARTESIAN_POINT ( 'NONE',  ( -4.219146220329037966, 9.499999999999998224, 20.06569260839445690 ) ) ;
#1408 = EDGE_LOOP ( 'NONE', ( #952, #201, #68, #1132 ) ) ;
#1409 = DIRECTION ( 'NONE',  ( -1.000000000000000000, 0.000000000000000000, -0.000000000000000000 ) ) ;
#1410 = ORIENTED_EDGE ( 'NONE', *, *, #138, .T. ) ;
#1411 = VECTOR ( 'NONE', #991, 1000.000000000000000 ) ;
#1412 = EDGE_LOOP ( 'NONE', ( #1870, #887, #1835, #1224 ) ) ;
#1413 = VECTOR ( 'NONE', #155, 1000.000000000000000 ) ;
#1414 = FACE_OUTER_BOUND ( 'NONE', #341, .T. ) ;
#1415 = VECTOR ( 'NONE', #1232, 1000.000000000000000 ) ;
#1416 = EDGE_LOOP ( 'NONE', ( #174, #956, #1424, #1843, #69, #1498, #536, #1427 ) ) ;
#1417 = CARTESIAN_POINT ( 'NONE',  ( -2.553044450121756626, 10.50999999999999091, -4.768333691879734104 ) ) ;
#1418 = DIRECTION ( 'NONE',  ( -0.02639125895083412748, -2.939690163306100493E-27, 0.9996516900655897375 ) ) ;
#1419 = VECTOR ( 'NONE', #7, 1000.000000000000000 ) ;
#1420 = ORIENTED_EDGE ( 'NONE', *, *, #1565, .F. ) ;
#1421 = EDGE_CURVE ( 'NONE', #1065, #813, #1276, .T. ) ;
#1422 = EDGE_LOOP ( 'NONE', ( #1164, #1191, #966, #1450 ) ) ;
#1423 = ORIENTED_EDGE ( 'NONE', *, *, #611, .F. ) ;
#1424 = ORIENTED_EDGE ( 'NONE', *, *, #1443, .T. ) ;
#1425 = DIRECTION ( 'NONE',  ( 0.000000000000000000, -1.000000000000000000, -2.940873454663932011E-27 ) ) ;
#1426 = PLANE ( 'NONE',  #1180 ) ;
#1427 = ORIENTED_EDGE ( 'NONE', *, *, #330, .F. ) ;
#1428 = PLANE ( 'NONE',  #287 ) ;
#1429 = CARTESIAN_POINT ( 'NONE',  ( 3.888410194208734350, 24.99999999999999645, 16.59988183274022333 ) ) ;
#1430 = VERTEX_POINT ( 'NONE', #387 ) ;
#1431 = ORIENTED_EDGE ( 'NONE', *, *, #628, .F. ) ;
#1432 = ORIENTED_EDGE ( 'NONE', *, *, #67, .F. ) ;
#1433 = EDGE_CURVE ( 'NONE', #729, #968, #1268, .T. ) ;
#1434 = ORIENTED_EDGE ( 'NONE', *, *, #732, .F. ) ;
#1435 = DIRECTION ( 'NONE',  ( -6.462348535570528710E-27, -2.940873454663932011E-27, 1.000000000000000000 ) ) ;
#1436 = CARTESIAN_POINT ( 'NONE',  ( 17.70476182858164549, 26.50000000000000000, 15.53801126270789190 ) ) ;
#1437 = DIRECTION ( 'NONE',  ( 0.000000000000000000, 1.000000000000000000, 2.940873454663932011E-27 ) ) ;
#1438 = CARTESIAN_POINT ( 'NONE',  ( 13.38518194069547285, 24.99999999999999645, 26.19897291513763093 ) ) ;
#1439 = ORIENTED_EDGE ( 'NONE', *, *, #1179, .T. ) ;
#1440 = VECTOR ( 'NONE', #116, 1000.000000000000000 ) ;
#1441 = ORIENTED_EDGE ( 'NONE', *, *, #253, .F. ) ;
#1442 = CARTESIAN_POINT ( 'NONE',  ( 4.219146220329037966, 26.50000000000000000, 20.06569260839445690 ) ) ;
#1443 = EDGE_CURVE ( 'NONE', #518, #318, #1882, .T. ) ;
#1444 = VECTOR ( 'NONE', #464, 1000.000000000000000 ) ;
#1445 = ORIENTED_EDGE ( 'NONE', *, *, #1337, .F. ) ;
#1446 = DIRECTION ( 'NONE',  ( 0.000000000000000000, 1.000000000000000000, 2.940873454663932011E-27 ) ) ;
#1447 = LINE ( 'NONE', #84, #1725 ) ;
#1448 = LINE ( 'NONE', #57, #915 ) ;
#1449 = ORIENTED_EDGE ( 'NONE', *, *, #127, .F. ) ;
#1450 = ORIENTED_EDGE ( 'NONE', *, *, #1649, .T. ) ;
#1451 = DIRECTION ( 'NONE',  ( -1.000000000000000000, 0.000000000000000000, 1.445602896647339163E-16 ) ) ;
#1452 = EDGE_CURVE ( 'NONE', #365, #1525, #1891, .T. ) ;
#1453 = CARTESIAN_POINT ( 'NONE',  ( -13.37439034845122521, 10.50999999999999091, 26.19897291411961859 ) ) ;
#1454 = EDGE_CURVE ( 'NONE', #1860, #64, #1134, .T. ) ;
#1455 = FACE_OUTER_BOUND ( 'NONE', #1416, .T. ) ;
#1456 = DIRECTION ( 'NONE',  ( 0.000000000000000000, 1.000000000000000000, 2.940873454663932011E-27 ) ) ;
#1457 = ORIENTED_EDGE ( 'NONE', *, *, #732, .T. ) ;
#1458 = FACE_OUTER_BOUND ( 'NONE', #1309, .T. ) ;
#1459 = DIRECTION ( 'NONE',  ( -1.000000000000000000, 1.318393914780417174E-37, -4.483001173306440485E-11 ) ) ;
#1460 = ORIENTED_EDGE ( 'NONE', *, *, #1752, .T. ) ;
#1461 = DIRECTION ( 'NONE',  ( -0.000000000000000000, 1.000000000000000000, -0.000000000000000000 ) ) ;
#1462 = ORIENTED_EDGE ( 'NONE', *, *, #1939, .T. ) ;
#1463 = CARTESIAN_POINT ( 'NONE',  ( 4.219146220329037966, 9.499999999999998224, 20.06569260839445690 ) ) ;
#1464 = CARTESIAN_POINT ( 'NONE',  ( -13.37439034799843540, 10.50999999999999091, 16.09894341631909853 ) ) ;
#1465 = LINE ( 'NONE', #872, #105 ) ;
#1466 = EDGE_CURVE ( 'NONE', #1784, #768, #208, .T. ) ;
#1467 = ORIENTED_EDGE ( 'NONE', *, *, #1072, .T. ) ;
#1468 = LINE ( 'NONE', #1894, #647 ) ;
#1469 = LINE ( 'NONE', #717, #1440 ) ;
#1470 = EDGE_LOOP ( 'NONE', ( #975, #1291, #1919, #1713 ) ) ;
#1471 = LINE ( 'NONE', #107, #1808 ) ;
#1472 = CARTESIAN_POINT ( 'NONE',  ( 3.504143963082937407, 26.50000000000000000, 13.26303376504072951 ) ) ;
#1473 = EDGE_CURVE ( 'NONE', #166, #721, #1864, .T. ) ;
#1474 = AXIS2_PLACEMENT_3D ( 'NONE', #291, #900, #1820 ) ;
#1475 = VECTOR ( 'NONE', #1845, 1000.000000000000000 ) ;
#1476 = VECTOR ( 'NONE', #421, 1000.000000000000000 ) ;
#1477 = ORIENTED_EDGE ( 'NONE', *, *, #983, .T. ) ;
#1478 = ADVANCED_FACE ( 'NONE', ( #1414 ), #696, .F. ) ;
#1479 = PLANE ( 'NONE',  #584 ) ;
#1480 = CARTESIAN_POINT ( 'NONE',  ( 3.902784574711857246, 10.50999999999999091, 6.750748237444033961 ) ) ;
#1481 = VERTEX_POINT ( 'NONE', #216 ) ;
#1482 = PLANE ( 'NONE',  #1349 ) ;
#1483 = VECTOR ( 'NONE', #324, 1000.000000000000000 ) ;
#1484 = CARTESIAN_POINT ( 'NONE',  ( 3.902784574711857246, 26.50000000000000000, 6.750748237444033961 ) ) ;
#1485 = DIRECTION ( 'NONE',  ( 0.7071067811865474617, 0.000000000000000000, -0.7071067811865476838 ) ) ;
#1486 = FACE_OUTER_BOUND ( 'NONE', #1124, .T. ) ;
#1487 = CARTESIAN_POINT ( 'NONE',  ( 4.252031129529060927, 26.50000000000000000, 6.750748237459688106 ) ) ;
#1488 = LINE ( 'NONE', #1614, #1086 ) ;
#1489 = CARTESIAN_POINT ( 'NONE',  ( -3.897126922361618284, 10.50999999999999091, 6.750748237094362558 ) ) ;
#1490 = LINE ( 'NONE', #1074, #41 ) ;
#1491 = CARTESIAN_POINT ( 'NONE',  ( -2.553044450121756626, 10.50999999999999091, -4.768333691879734104 ) ) ;
#1492 = EDGE_LOOP ( 'NONE', ( #1467, #1555, #96, #940 ) ) ;
#1493 = DIRECTION ( 'NONE',  ( 0.000000000000000000, 1.000000000000000000, 2.940873454663932011E-27 ) ) ;
#1494 = VERTEX_POINT ( 'NONE', #227 ) ;
#1495 = CARTESIAN_POINT ( 'NONE',  ( 13.38518194069547285, 10.50999999999999091, 26.19897291513763093 ) ) ;
#1496 = EDGE_CURVE ( 'NONE', #760, #1534, #380, .T. ) ;
#1497 = ADVANCED_FACE ( 'NONE', ( #1257 ), #491, .F. ) ;
#1498 = ORIENTED_EDGE ( 'NONE', *, *, #22, .F. ) ;
#1499 = CARTESIAN_POINT ( 'NONE',  ( -13.37439034813270311, 10.50999999999999091, 19.09402330380816437 ) ) ;
#1500 = LINE ( 'NONE', #862, #1084 ) ;
#1501 = ORIENTED_EDGE ( 'NONE', *, *, #1887, .T. ) ;
#1502 = LINE ( 'NONE', #1644, #284 ) ;
#1503 = EDGE_CURVE ( 'NONE', #868, #687, #66, .T. ) ;
#1504 = CARTESIAN_POINT ( 'NONE',  ( 13.38518194069571443, 10.50999999999999091, 24.33278622262459123 ) ) ;
#1505 = AXIS2_PLACEMENT_3D ( 'NONE', #519, #1748, #875 ) ;
#1506 = VECTOR ( 'NONE', #1524, 1000.000000000000000 ) ;
#1507 = ORIENTED_EDGE ( 'NONE', *, *, #1382, .F. ) ;
#1508 = VECTOR ( 'NONE', #880, 1000.000000000000000 ) ;
#1509 = DIRECTION ( 'NONE',  ( -0.000000000000000000, -0.000000000000000000, 1.000000000000000000 ) ) ;
#1510 = DIRECTION ( 'NONE',  ( 1.000000000000000000, -0.000000000000000000, 2.168404344971008868E-17 ) ) ;
#1511 = ORIENTED_EDGE ( 'NONE', *, *, #1875, .T. ) ;
#1512 = FACE_BOUND ( 'NONE', #1174, .T. ) ;
#1513 = DIRECTION ( 'NONE',  ( 1.295630333478932463E-13, 2.940873454663932011E-27, -1.000000000000000000 ) ) ;
#1514 = ADVANCED_FACE ( 'NONE', ( #200 ), #1426, .T. ) ;
#1515 = ORIENTED_EDGE ( 'NONE', *, *, #1922, .T. ) ;
#1516 = CARTESIAN_POINT ( 'NONE',  ( 1.226982282539574874E-10, 26.50000000000000000, -2.736966231116583437 ) ) ;
#1517 = LINE ( 'NONE', #148, #1248 ) ;
#1518 = VERTEX_POINT ( 'NONE', #1438 ) ;
#1519 = DIRECTION ( 'NONE',  ( -0.000000000000000000, 1.000000000000000000, -0.000000000000000000 ) ) ;
#1520 = CARTESIAN_POINT ( 'NONE',  ( 6.346119218776775206, 9.499999999999998224, -6.021333691102119801 ) ) ;
#1521 = DIRECTION ( 'NONE',  ( 0.06163844014495914458, -2.934956997874774063E-27, 0.9980985435799895056 ) ) ;
#1522 = VECTOR ( 'NONE', #354, 1000.000000000000000 ) ;
#1523 = EDGE_CURVE ( 'NONE', #1557, #1554, #77, .T. ) ;
#1524 = DIRECTION ( 'NONE',  ( 0.000000000000000000, 1.000000000000000000, 2.940873454663932011E-27 ) ) ;
#1525 = VERTEX_POINT ( 'NONE', #129 ) ;
#1526 = DIRECTION ( 'NONE',  ( 0.000000000000000000, 0.000000000000000000, -1.000000000000000000 ) ) ;
#1527 = PLANE ( 'NONE',  #299 ) ;
#1528 = CARTESIAN_POINT ( 'NONE',  ( 17.70476182858164549, 9.499999999999998224, 27.23807268525122538 ) ) ;
#1529 = VERTEX_POINT ( 'NONE', #248 ) ;
#1530 = VECTOR ( 'NONE', #742, 1000.000000000000000 ) ;
#1531 = VECTOR ( 'NONE', #1889, 1000.000000000000000 ) ;
#1532 =( NAMED_UNIT ( * ) SI_UNIT ( $, .STERADIAN. ) SOLID_ANGLE_UNIT ( ) );
#1533 = VECTOR ( 'NONE', #554, 1000.000000000000000 ) ;
#1534 = VERTEX_POINT ( 'NONE', #890 ) ;
#1535 = VECTOR ( 'NONE', #823, 1000.000000000000000 ) ;
#1536 = EDGE_CURVE ( 'NONE', #181, #1307, #120, .T. ) ;
#1537 = ORIENTED_EDGE ( 'NONE', *, *, #115, .T. ) ;
#1538 = CARTESIAN_POINT ( 'NONE',  ( 13.38518194069547285, 10.50999999999999091, 26.19897291513763093 ) ) ;
#1539 = CARTESIAN_POINT ( 'NONE',  ( -19.81171673543281031, 26.50000000000000000, 15.53801126270789190 ) ) ;
#1540 = LINE ( 'NONE', #786, #789 ) ;
#1541 = CARTESIAN_POINT ( 'NONE',  ( 6.346119218776774318, 9.499999999999998224, 11.64859530943569332 ) ) ;
#1542 = EDGE_CURVE ( 'NONE', #980, #1529, #1773, .T. ) ;
#1543 = DIRECTION ( 'NONE',  ( 1.000000000000000000, 0.000000000000000000, 2.322494089076271146E-16 ) ) ;
#1544 = ORIENTED_EDGE ( 'NONE', *, *, #755, .F. ) ;
#1545 = ORIENTED_EDGE ( 'NONE', *, *, #1723, .T. ) ;
#1546 = CARTESIAN_POINT ( 'NONE',  ( 13.38518194069569134, 10.50999999999999091, 19.09402330482620513 ) ) ;
#1547 = EDGE_CURVE ( 'NONE', #1481, #914, #1802, .T. ) ;
#1548 = FACE_OUTER_BOUND ( 'NONE', #1949, .T. ) ;
#1549 = FACE_OUTER_BOUND ( 'NONE', #185, .T. ) ;
#1550 = ORIENTED_EDGE ( 'NONE', *, *, #829, .T. ) ;
#1551 = CARTESIAN_POINT ( 'NONE',  ( -13.37439034845122521, 10.50999999999999091, 26.19897291411961859 ) ) ;
#1552 = DIRECTION ( 'NONE',  ( -1.000000000000000000, -0.000000000000000000, -0.000000000000000000 ) ) ;
#1553 = ORIENTED_EDGE ( 'NONE', *, *, #476, .F. ) ;
#1554 = VERTEX_POINT ( 'NONE', #1192 ) ;
#1555 = ORIENTED_EDGE ( 'NONE', *, *, #1335, .T. ) ;
#1556 = CARTESIAN_POINT ( 'NONE',  ( -13.37439034727671938, 24.99999999999999645, -5.995740761909987220E-10 ) ) ;
#1557 = VERTEX_POINT ( 'NONE', #1320 ) ;
#1558 = FACE_OUTER_BOUND ( 'NONE', #451, .T. ) ;
#1559 = DIRECTION ( 'NONE',  ( 4.483001173306440485E-11, 2.940873454663932011E-27, -1.000000000000000000 ) ) ;
#1560 = CARTESIAN_POINT ( 'NONE',  ( -4.219146220329037966, 9.499999999999998224, 23.06569260839445334 ) ) ;
#1561 = EDGE_CURVE ( 'NONE', #914, #1860, #113, .T. ) ;
#1562 = CARTESIAN_POINT ( 'NONE',  ( 1.500000000000000000, 26.50000000000000000, 7.798321850110734310 ) ) ;
#1563 = ORIENTED_EDGE ( 'NONE', *, *, #1199, .T. ) ;
#1564 = ORIENTED_EDGE ( 'NONE', *, *, #1561, .F. ) ;
#1565 = EDGE_CURVE ( 'NONE', #653, #132, #238, .T. ) ;
#1566 = CARTESIAN_POINT ( 'NONE',  ( -19.81171673543281031, 9.499999999999998224, 12.01317212208040708 ) ) ;
#1567 = VECTOR ( 'NONE', #854, 1000.000000000000000 ) ;
#1568 = DIRECTION ( 'NONE',  ( 1.000000000000000000, 0.000000000000000000, 0.000000000000000000 ) ) ;
#1569 = PRODUCT ( 'Part 2', 'Part 2', '', ( #929 ) ) ;
#1570 = ORIENTED_EDGE ( 'NONE', *, *, #586, .T. ) ;
#1571 = DIRECTION ( 'NONE',  ( 0.000000000000000000, -2.940873454663932011E-27, 1.000000000000000000 ) ) ;
#1572 = VECTOR ( 'NONE', #1940, 1000.000000000000000 ) ;
#1573 = DIRECTION ( 'NONE',  ( 1.000000000000000000, 2.984653625134714376E-40, -9.815291161854818648E-14 ) ) ;
#1574 = EDGE_CURVE ( 'NONE', #1397, #760, #735, .T. ) ;
#1575 = ORIENTED_EDGE ( 'NONE', *, *, #1731, .F. ) ;
#1576 = ORIENTED_EDGE ( 'NONE', *, *, #1120, .T. ) ;
#1577 = ORIENTED_EDGE ( 'NONE', *, *, #1120, .F. ) ;
#1578 = CARTESIAN_POINT ( 'NONE',  ( -14.78197023601864046, 10.50999999999999091, 19.09402330374506107 ) ) ;
#1579 = EDGE_CURVE ( 'NONE', #925, #1892, #852, .T. ) ;
#1580 = VERTEX_POINT ( 'NONE', #1625 ) ;
#1581 = ORIENTED_EDGE ( 'NONE', *, *, #906, .F. ) ;
#1582 = CARTESIAN_POINT ( 'NONE',  ( -2.999999999999999112, 9.499999999999998224, 15.53801126270789190 ) ) ;
#1583 = CARTESIAN_POINT ( 'NONE',  ( -8.743329047513924479, 9.499999999999998224, 7.256070824894444549 ) ) ;
#1584 = DIRECTION ( 'NONE',  ( 0.000000000000000000, 0.000000000000000000, -1.000000000000000000 ) ) ;
#1585 = EDGE_CURVE ( 'NONE', #1046, #318, #1943, .T. ) ;
#1586 = LINE ( 'NONE', #215, #1815 ) ;
#1587 = DIRECTION ( 'NONE',  ( 0.000000000000000000, 1.000000000000000000, 2.940873454663932011E-27 ) ) ;
#1588 = VECTOR ( 'NONE', #1571, 1000.000000000000000 ) ;
#1589 = ORIENTED_EDGE ( 'NONE', *, *, #1689, .T. ) ;
#1590 = FACE_OUTER_BOUND ( 'NONE', #1251, .T. ) ;
#1591 = CARTESIAN_POINT ( 'NONE',  ( -1.500000000000001332, 10.50999999999999091, 7.798321850110736086 ) ) ;
#1592 = ORIENTED_EDGE ( 'NONE', *, *, #532, .T. ) ;
#1593 = CARTESIAN_POINT ( 'NONE',  ( 15.84405090676714600, 26.50000000000000000, 13.67730034089338709 ) ) ;
#1594 = CARTESIAN_POINT ( 'NONE',  ( 14.21914622032904418, 26.50000000000000000, 23.06569260839445334 ) ) ;
#1595 = CARTESIAN_POINT ( 'NONE',  ( 3.888410194209629189, 10.50999999999999091, 25.69803449973652931 ) ) ;
#1596 = ADVANCED_FACE ( 'NONE', ( #702 ), #101, .T. ) ;
#1597 = ORIENTED_EDGE ( 'NONE', *, *, #667, .F. ) ;
#1598 = DIRECTION ( 'NONE',  ( -4.908688302946797091E-17, 0.000000000000000000, 1.000000000000000000 ) ) ;
#1599 = ORIENTED_EDGE ( 'NONE', *, *, #895, .T. ) ;
#1600 = FACE_OUTER_BOUND ( 'NONE', #689, .T. ) ;
#1601 = VECTOR ( 'NONE', #168, 1000.000000000000000 ) ;
#1602 = AXIS2_PLACEMENT_3D ( 'NONE', #1367, #797, #908 ) ;
#1603 = PLANE ( 'NONE',  #716 ) ;
#1604 = CARTESIAN_POINT ( 'NONE',  ( 17.70476182858164549, 26.50000000000000000, 15.53801126270789190 ) ) ;
#1605 = FACE_OUTER_BOUND ( 'NONE', #1290, .T. ) ;
#1606 = CARTESIAN_POINT ( 'NONE',  ( 1.500000000000001332, 10.50999999999999091, -39.28468037378117117 ) ) ;
#1607 = VECTOR ( 'NONE', #169, 1000.000000000000000 ) ;
#1608 = ORIENTED_EDGE ( 'NONE', *, *, #586, .F. ) ;
#1609 = CARTESIAN_POINT ( 'NONE',  ( 14.79276182858165534, 10.50999999999999091, 19.09402330482641830 ) ) ;
#1610 = PLANE ( 'NONE',  #776 ) ;
#1611 = DIRECTION ( 'NONE',  ( -1.000000000000000000, 0.000000000000000000, 0.000000000000000000 ) ) ;
#1612 = ADVANCED_FACE ( 'NONE', ( #397 ), #1040, .T. ) ;
#1613 = LINE ( 'NONE', #89, #974 ) ;
#1614 = CARTESIAN_POINT ( 'NONE',  ( -8.743329047513924479, 9.499999999999998224, -6.021333691102118024 ) ) ;
#1615 = DIRECTION ( 'NONE',  ( 0.000000000000000000, -1.000000000000000000, -2.940873454663932011E-27 ) ) ;
#1616 = DIRECTION ( 'NONE',  ( -0.000000000000000000, 1.000000000000000000, -0.000000000000000000 ) ) ;
#1617 = EDGE_LOOP ( 'NONE', ( #806, #398, #1599, #1359 ) ) ;
#1618 = CARTESIAN_POINT ( 'NONE',  ( -8.743329047513924479, 26.50000000000000000, 7.256070824894444549 ) ) ;
#1619 = VERTEX_POINT ( 'NONE', #1306 ) ;
#1620 = CARTESIAN_POINT ( 'NONE',  ( -2.553044450335521187, 26.50000000000000000, -1.144530126635763558E-10 ) ) ;
#1621 = ORIENTED_EDGE ( 'NONE', *, *, #369, .T. ) ;
#1622 = DIRECTION ( 'NONE',  ( -0.000000000000000000, 1.000000000000000000, -0.000000000000000000 ) ) ;
#1623 = EDGE_CURVE ( 'NONE', #1017, #198, #1908, .T. ) ;
#1624 = CARTESIAN_POINT ( 'NONE',  ( 14.79276182858165534, 24.99999999999999645, 19.09402330482641830 ) ) ;
#1625 = CARTESIAN_POINT ( 'NONE',  ( -4.246373477178807754, 26.50000000000000000, 6.750748237078701308 ) ) ;
#1626 = ORIENTED_EDGE ( 'NONE', *, *, #512, .F. ) ;
#1627 = EDGE_CURVE ( 'NONE', #1217, #221, #273, .T. ) ;
#1628 = CARTESIAN_POINT ( 'NONE',  ( -13.50043034469988434, 9.499999999999998224, 12.01317212208040530 ) ) ;
#1629 = DIRECTION ( 'NONE',  ( 4.483001173306440485E-11, 0.000000000000000000, -1.000000000000000000 ) ) ;
#1630 = AXIS2_PLACEMENT_3D ( 'NONE', #490, #1738, #1425 ) ;
#1631 = CARTESIAN_POINT ( 'NONE',  ( 4.219146220329037966, 9.499999999999998224, 20.06569260839445690 ) ) ;
#1632 = VECTOR ( 'NONE', #1047, 1000.000000000000000 ) ;
#1633 = AXIS2_PLACEMENT_3D ( 'NONE', #870, #422, #1615 ) ;
#1634 = EDGE_CURVE ( 'NONE', #1812, #787, #1153, .T. ) ;
#1635 = CARTESIAN_POINT ( 'NONE',  ( 1.500000000000000222, 9.499999999999998224, -2.201678149889266134 ) ) ;
#1636 = AXIS2_PLACEMENT_3D ( 'NONE', #1495, #254, #1189 ) ;
#1637 = LINE ( 'NONE', #1772, #1851 ) ;
#1638 = LINE ( 'NONE', #881, #867 ) ;
#1639 = ORIENTED_EDGE ( 'NONE', *, *, #1585, .T. ) ;
#1640 = PLANE ( 'NONE',  #228 ) ;
#1641 = ORIENTED_EDGE ( 'NONE', *, *, #562, .T. ) ;
#1642 = LINE ( 'NONE', #1628, #443 ) ;
#1643 = EDGE_LOOP ( 'NONE', ( #1348, #1686, #853, #1388 ) ) ;
#1644 = CARTESIAN_POINT ( 'NONE',  ( 14.79276182858165889, 10.50999999999999091, 24.33278622262480440 ) ) ;
#1645 = CARTESIAN_POINT ( 'NONE',  ( -8.743329047513924479, 26.50000000000000000, -6.021333691102118024 ) ) ;
#1646 = EDGE_LOOP ( 'NONE', ( #468, #1263, #102, #315 ) ) ;
#1647 = DIRECTION ( 'NONE',  ( -1.000000000000000000, 0.000000000000000000, 2.168404344971008868E-17 ) ) ;
#1648 = DIRECTION ( 'NONE',  ( 0.000000000000000000, 2.940873454663932011E-27, -1.000000000000000000 ) ) ;
#1649 = EDGE_CURVE ( 'NONE', #961, #944, #1010, .T. ) ;
#1650 = CARTESIAN_POINT ( 'NONE',  ( -2.999999999999998224, 24.99999999999999645, 21.53801126270789368 ) ) ;
#1651 = ORIENTED_EDGE ( 'NONE', *, *, #1454, .T. ) ;
#1652 = FACE_BOUND ( 'NONE', #1910, .T. ) ;
#1653 = CARTESIAN_POINT ( 'NONE',  ( 14.79276182858165889, 10.50999999999999091, 24.33278622262480440 ) ) ;
#1654 = VECTOR ( 'NONE', #1298, 1000.000000000000000 ) ;
#1655 = AXIS2_PLACEMENT_3D ( 'NONE', #548, #1354, #1196 ) ;
#1656 = LINE ( 'NONE', #34, #1912 ) ;
#1657 = ORIENTED_EDGE ( 'NONE', *, *, #1674, .F. ) ;
#1658 = ORIENTED_EDGE ( 'NONE', *, *, #512, .T. ) ;
#1659 = PLANE ( 'NONE',  #888 ) ;
#1660 = EDGE_CURVE ( 'NONE', #802, #1721, #1465, .T. ) ;
#1661 = ORIENTED_EDGE ( 'NONE', *, *, #1361, .F. ) ;
#1662 = DIRECTION ( 'NONE',  ( -0.000000000000000000, -0.000000000000000000, -1.000000000000000000 ) ) ;
#1663 = APPLICATION_CONTEXT ( 'automotive_design' ) ;
#1664 = STYLED_ITEM ( 'NONE', ( #1666 ), #1762 ) ;
#1665 = VECTOR ( 'NONE', #1144, 1000.000000000000000 ) ;
#1666 = PRESENTATION_STYLE_ASSIGNMENT (( #1218 ) ) ;
#1667 = ORIENTED_EDGE ( 'NONE', *, *, #1897, .F. ) ;
#1668 = DIRECTION ( 'NONE',  ( -0.9986117056576805373, 1.549125602627761484E-28, -0.05267505409069801053 ) ) ;
#1669 = ORIENTED_EDGE ( 'NONE', *, *, #595, .T. ) ;
#1670 = DIRECTION ( 'NONE',  ( -2.168404344971008868E-17, 0.000000000000000000, 1.000000000000000000 ) ) ;
#1671 = AXIS2_PLACEMENT_3D ( 'NONE', #788, #1395, #28 ) ;
#1672 = PRODUCT_DEFINITION ( 'UNKNOWN', '', #109, #1932 ) ;
#1673 = PLANE ( 'NONE',  #1126 ) ;
#1674 = EDGE_CURVE ( 'NONE', #520, #1397, #1638, .T. ) ;
#1675 = VERTEX_POINT ( 'NONE', #1921 ) ;
#1676 = LINE ( 'NONE', #175, #1413 ) ;
#1677 = FACE_OUTER_BOUND ( 'NONE', #1617, .T. ) ;
#1678 = CARTESIAN_POINT ( 'NONE',  ( 1.500000000000000222, 9.499999999999998224, -2.201678149889266134 ) ) ;
#1679 = VERTEX_POINT ( 'NONE', #1480 ) ;
#1680 = DIRECTION ( 'NONE',  ( -1.000000000000000000, 0.000000000000000000, -4.908688302946797707E-17 ) ) ;
#1681 = CARTESIAN_POINT ( 'NONE',  ( 4.252031129529060927, 10.50999999999999091, 6.750748237459688106 ) ) ;
#1682 = EDGE_CURVE ( 'NONE', #1345, #620, #1490, .T. ) ;
#1683 = ORIENTED_EDGE ( 'NONE', *, *, #1269, .T. ) ;
#1684 = LINE ( 'NONE', #1546, #1506 ) ;
#1685 = CARTESIAN_POINT ( 'NONE',  ( 17.70476182858164549, 24.99999999999999645, 15.53801126270789190 ) ) ;
#1686 = ORIENTED_EDGE ( 'NONE', *, *, #1199, .F. ) ;
#1687 = CARTESIAN_POINT ( 'NONE',  ( -2.553044450121756626, 10.50999999999999091, -4.768333691879734104 ) ) ;
#1688 = FACE_OUTER_BOUND ( 'NONE', #1299, .T. ) ;
#1689 = EDGE_CURVE ( 'NONE', #954, #921, #605, .T. ) ;
#1690 = CARTESIAN_POINT ( 'NONE',  ( -3.877618601534404963, 10.50999999999999091, 16.59988183214694857 ) ) ;
#1691 = CARTESIAN_POINT ( 'NONE',  ( -4.219146220329037966, 10.50999999999999091, 23.06569260839445334 ) ) ;
#1692 = ORIENTED_EDGE ( 'NONE', *, *, #1840, .T. ) ;
#1693 = VECTOR ( 'NONE', #1783, 1000.000000000000000 ) ;
#1694 = AXIS2_PLACEMENT_3D ( 'NONE', #1753, #1009, #386 ) ;
#1695 = CARTESIAN_POINT ( 'NONE',  ( -4.496853450377910733, 10.50999999999999091, -2.736966231318176845 ) ) ;
#1696 = ORIENTED_EDGE ( 'NONE', *, *, #1393, .T. ) ;
#1697 = LINE ( 'NONE', #958, #896 ) ;
#1698 = VERTEX_POINT ( 'NONE', #596 ) ;
#1699 = CARTESIAN_POINT ( 'NONE',  ( -2.999999999999998224, 9.499999999999998224, 21.53801126270789368 ) ) ;
#1700 = DIRECTION ( 'NONE',  ( 0.000000000000000000, -0.000000000000000000, 1.000000000000000000 ) ) ;
#1701 = ORIENTED_EDGE ( 'NONE', *, *, #17, .T. ) ;
#1702 = VERTEX_POINT ( 'NONE', #1850 ) ;
#1703 = FACE_OUTER_BOUND ( 'NONE', #1735, .T. ) ;
#1704 = ORIENTED_EDGE ( 'NONE', *, *, #1313, .F. ) ;
#1705 = ORIENTED_EDGE ( 'NONE', *, *, #1466, .F. ) ;
#1706 = DIRECTION ( 'NONE',  ( 0.000000000000000000, 1.000000000000000000, 2.940873454663932011E-27 ) ) ;
#1707 = CARTESIAN_POINT ( 'NONE',  ( -13.37439034799843540, 10.50999999999999091, 16.09894341631909853 ) ) ;
#1708 = ADVANCED_FACE ( 'NONE', ( #450 ), #640, .F. ) ;
#1709 = FACE_OUTER_BOUND ( 'NONE', #1422, .T. ) ;
#1710 = CARTESIAN_POINT ( 'NONE',  ( -4.246373477178807754, 10.50999999999999091, 6.750748237078701308 ) ) ;
#1711 = EDGE_CURVE ( 'NONE', #1675, #758, #1676, .T. ) ;
#1712 = VERTEX_POINT ( 'NONE', #1229 ) ;
#1713 = ORIENTED_EDGE ( 'NONE', *, *, #1399, .T. ) ;
#1714 = DIRECTION ( 'NONE',  ( 0.000000000000000000, -1.000000000000000000, -2.940873454663932011E-27 ) ) ;
#1715 = LINE ( 'NONE', #1288, #685 ) ;
#1716 = DIRECTION ( 'NONE',  ( 1.724440263185883619E-16, 0.000000000000000000, 1.000000000000000000 ) ) ;
#1717 = EDGE_CURVE ( 'NONE', #1397, #921, #1366, .T. ) ;
#1718 = VERTEX_POINT ( 'NONE', #769 ) ;
#1719 = DIRECTION ( 'NONE',  ( 0.000000000000000000, 0.000000000000000000, 1.000000000000000000 ) ) ;
#1720 = LINE ( 'NONE', #1681, #1792 ) ;
#1721 = VERTEX_POINT ( 'NONE', #1358 ) ;
#1722 = ORIENTED_EDGE ( 'NONE', *, *, #692, .F. ) ;
#1723 = EDGE_CURVE ( 'NONE', #198, #855, #309, .T. ) ;
#1724 = ORIENTED_EDGE ( 'NONE', *, *, #1816, .F. ) ;
#1725 = VECTOR ( 'NONE', #695, 1000.000000000000000 ) ;
#1726 = VECTOR ( 'NONE', #405, 1000.000000000000000 ) ;
#1727 = DIRECTION ( 'NONE',  ( 0.000000000000000000, 1.000000000000000000, 2.940873454663932011E-27 ) ) ;
#1728 = AXIS2_PLACEMENT_3D ( 'NONE', #790, #1250, #1239 ) ;
#1729 = DIRECTION ( 'NONE',  ( -1.000000000000000000, 1.318393914780417174E-37, -4.483001173306440485E-11 ) ) ;
#1730 = VECTOR ( 'NONE', #368, 1000.000000000000000 ) ;
#1731 = EDGE_CURVE ( 'NONE', #602, #348, #165, .T. ) ;
#1732 = DIRECTION ( 'NONE',  ( -1.000000000000000000, 1.318503921650895496E-37, -4.483001173306441131E-11 ) ) ;
#1733 = EDGE_CURVE ( 'NONE', #1043, #1765, #1656, .T. ) ;
#1734 = VECTOR ( 'NONE', #1197, 1000.000000000000000 ) ;
#1735 = EDGE_LOOP ( 'NONE', ( #1460, #93, #861, #47 ) ) ;
#1736 = ADVANCED_FACE ( 'NONE', ( #941 ), #1836, .F. ) ;
#1737 = CARTESIAN_POINT ( 'NONE',  ( 13.38518194069569134, 10.50999999999999091, 19.09402330482620513 ) ) ;
#1738 = DIRECTION ( 'NONE',  ( 4.483001173306440485E-11, 2.940873454663932011E-27, -1.000000000000000000 ) ) ;
#1739 = CARTESIAN_POINT ( 'NONE',  ( 2.562233326377193254, 10.50999999999999091, -4.768333691650413542 ) ) ;
#1740 = ORIENTED_EDGE ( 'NONE', *, *, #1503, .T. ) ;
#1741 = DIRECTION ( 'NONE',  ( 1.000000000000000000, 0.000000000000000000, -0.000000000000000000 ) ) ;
#1742 = DIRECTION ( 'NONE',  ( 1.000000000000000000, -1.318503921650895496E-37, 4.483001173306441131E-11 ) ) ;
#1743 = EDGE_CURVE ( 'NONE', #132, #1784, #1387, .T. ) ;
#1744 = LINE ( 'NONE', #524, #1411 ) ;
#1745 = DIRECTION ( 'NONE',  ( -0.7071067811865485719, 0.000000000000000000, 0.7071067811865465735 ) ) ;
#1746 = VECTOR ( 'NONE', #840, 1000.000000000000114 ) ;
#1747 = ORIENTED_EDGE ( 'NONE', *, *, #1523, .T. ) ;
#1748 = DIRECTION ( 'NONE',  ( -1.000000000000000000, 0.000000000000000000, 0.000000000000000000 ) ) ;
#1749 = LINE ( 'NONE', #97, #564 ) ;
#1750 = EDGE_CURVE ( 'NONE', #6, #980, #1684, .T. ) ;
#1751 = CARTESIAN_POINT ( 'NONE',  ( -3.877618601942272925, 10.50999999999999091, 25.69803449914322613 ) ) ;
#1752 = EDGE_CURVE ( 'NONE', #348, #1698, #147, .T. ) ;
#1753 = CARTESIAN_POINT ( 'NONE',  ( 50.00539578651591910, 10.50999999999999091, -39.28468037378117117 ) ) ;
#1754 = DIRECTION ( 'NONE',  ( -4.908688302946797091E-17, 0.000000000000000000, 1.000000000000000000 ) ) ;
#1755 = ORIENTED_EDGE ( 'NONE', *, *, #502, .T. ) ;
#1756 = VECTOR ( 'NONE', #1173, 1000.000000000000000 ) ;
#1757 = ORIENTED_EDGE ( 'NONE', *, *, #476, .T. ) ;
#1758 = DIRECTION ( 'NONE',  ( -0.000000000000000000, -1.000000000000000000, -0.000000000000000000 ) ) ;
#1759 = AXIS2_PLACEMENT_3D ( 'NONE', #1827, #235, #80 ) ;
#1760 = EDGE_CURVE ( 'NONE', #855, #1765, #2, .T. ) ;
#1761 = CARTESIAN_POINT ( 'NONE',  ( -1.500000000000000000, 9.499999999999998224, 7.798321850110734310 ) ) ;
#1762 = MANIFOLD_SOLID_BREP ( 'Cut-Extrude13', #1909 ) ;
#1763 = FACE_BOUND ( 'NONE', #290, .T. ) ;
#1764 = CARTESIAN_POINT ( 'NONE',  ( 2.562233326163428693, 26.50000000000000000, 1.148649500747551481E-10 ) ) ;
#1765 = VERTEX_POINT ( 'NONE', #1861 ) ;
#1766 = LINE ( 'NONE', #400, #871 ) ;
#1767 = ORIENTED_EDGE ( 'NONE', *, *, #1866, .T. ) ;
#1768 = CARTESIAN_POINT ( 'NONE',  ( 0.000000000000000000, 9.499999999999998224, 0.000000000000000000 ) ) ;
#1769 = ADVANCED_FACE ( 'NONE', ( #1703 ), #754, .F. ) ;
#1770 = EDGE_LOOP ( 'NONE', ( #1200, #1639, #1826, #54, #793, #62 ) ) ;
#1771 = LINE ( 'NONE', #522, #1377 ) ;
#1772 = CARTESIAN_POINT ( 'NONE',  ( 3.000000000000000888, 24.99999999999999645, 15.53801126270789190 ) ) ;
#1773 = LINE ( 'NONE', #423, #1150 ) ;
#1774 = ORIENTED_EDGE ( 'NONE', *, *, #29, .F. ) ;
#1775 = FACE_OUTER_BOUND ( 'NONE', #1961, .T. ) ;
#1776 = DIRECTION ( 'NONE',  ( 1.000000000000000000, -1.318503921650895287E-37, 4.483001173306440485E-11 ) ) ;
#1777 = EDGE_LOOP ( 'NONE', ( #192, #364, #979, #1445 ) ) ;
#1778 = DIRECTION ( 'NONE',  ( -0.000000000000000000, 1.000000000000000000, 0.000000000000000000 ) ) ;
#1779 = EDGE_CURVE ( 'NONE', #1721, #6, #339, .T. ) ;
#1780 = ORIENTED_EDGE ( 'NONE', *, *, #838, .T. ) ;
#1781 = LINE ( 'NONE', #136, #1918 ) ;
#1782 = DIRECTION ( 'NONE',  ( 4.483001173306440485E-11, 2.940873454663932011E-27, -1.000000000000000000 ) ) ;
#1783 = DIRECTION ( 'NONE',  ( -0.000000000000000000, -0.000000000000000000, -1.000000000000000000 ) ) ;
#1784 = VERTEX_POINT ( 'NONE', #656 ) ;
#1785 = EDGE_LOOP ( 'NONE', ( #1245, #1462, #1740, #1390 ) ) ;
#1786 = PLANE ( 'NONE',  #1847 ) ;
#1787 = ORIENTED_EDGE ( 'NONE', *, *, #662, .F. ) ;
#1788 = PLANE ( 'NONE',  #1834 ) ;
#1789 = VECTOR ( 'NONE', #1616, 1000.000000000000000 ) ;
#1790 = CARTESIAN_POINT ( 'NONE',  ( -1.500000000000000000, 26.50000000000000000, 7.798321850110734310 ) ) ;
#1791 = VECTOR ( 'NONE', #1828, 1000.000000000000114 ) ;
#1792 = VECTOR ( 'NONE', #1418, 1000.000000000000227 ) ;
#1793 = ADVANCED_FACE ( 'NONE', ( #1253, #884 ), #1610, .T. ) ;
#1794 = CARTESIAN_POINT ( 'NONE',  ( 17.70476182858164549, 9.499999999999998224, 27.23807268525122538 ) ) ;
#1795 = DIRECTION ( 'NONE',  ( 0.9986117056576697681, 1.549125602627762157E-28, -0.05267505409090383894 ) ) ;
#1796 = CARTESIAN_POINT ( 'NONE',  ( -1.090839091839648450E-09, 24.99999999999999645, 24.33278622220612419 ) ) ;
#1797 = VERTEX_POINT ( 'NONE', #251 ) ;
#1798 = DIRECTION ( 'NONE',  ( -0.9986117056553137639, 0.000000000000000000, -0.05267505413556723692 ) ) ;
#1799 = LINE ( 'NONE', #429, #1734 ) ;
#1800 = ORIENTED_EDGE ( 'NONE', *, *, #692, .T. ) ;
#1801 = EDGE_CURVE ( 'NONE', #1065, #217, #736, .T. ) ;
#1802 = LINE ( 'NONE', #1499, #1632 ) ;
#1803 = FACE_OUTER_BOUND ( 'NONE', #1394, .T. ) ;
#1804 = DIRECTION ( 'NONE',  ( -0.000000000000000000, 1.000000000000000000, -0.000000000000000000 ) ) ;
#1805 = ORIENTED_EDGE ( 'NONE', *, *, #146, .T. ) ;
#1806 = FACE_OUTER_BOUND ( 'NONE', #1364, .T. ) ;
#1807 = CARTESIAN_POINT ( 'NONE',  ( -14.21914622032904418, 10.50999999999999091, 20.06569260839445690 ) ) ;
#1808 = VECTOR ( 'NONE', #1326, 1000.000000000000000 ) ;
#1809 = ORIENTED_EDGE ( 'NONE', *, *, #1801, .T. ) ;
#1810 = SURFACE_STYLE_FILL_AREA ( #23 ) ;
#1811 = PRODUCT_RELATED_PRODUCT_CATEGORY ( 'part', '', ( #1569 ) ) ;
#1812 = VERTEX_POINT ( 'NONE', #1618 ) ;
#1813 = PLANE ( 'NONE',  #850 ) ;
#1814 = CARTESIAN_POINT ( 'NONE',  ( 3.888410194207107207, 24.99999999999999645, -3.816587821286719642E-13 ) ) ;
#1815 = VECTOR ( 'NONE', #1598, 1000.000000000000000 ) ;
#1816 = EDGE_CURVE ( 'NONE', #1868, #181, #1500, .T. ) ;
#1817 = AXIS2_PLACEMENT_3D ( 'NONE', #876, #1459, #1935 ) ;
#1818 = EDGE_LOOP ( 'NONE', ( #627, #1553, #1343, #188, #1091, #569, #1187, #1059 ) ) ;
#1819 = VECTOR ( 'NONE', #1122, 1000.000000000000000 ) ;
#1820 = DIRECTION ( 'NONE',  ( 1.000000000000000000, 0.000000000000000000, 0.000000000000000000 ) ) ;
#1821 = CARTESIAN_POINT ( 'NONE',  ( 3.000000000000000888, 9.499999999999998224, 15.53801126270789190 ) ) ;
#1822 = FACE_OUTER_BOUND ( 'NONE', #676, .T. ) ;
#1823 = EDGE_CURVE ( 'NONE', #64, #741, #1186, .T. ) ;
#1824 = LINE ( 'NONE', #1541, #550 ) ;
#1825 = DIRECTION ( 'NONE',  ( 1.000000000000000000, 0.000000000000000000, -0.000000000000000000 ) ) ;
#1826 = ORIENTED_EDGE ( 'NONE', *, *, #108, .F. ) ;
#1827 = CARTESIAN_POINT ( 'NONE',  ( -2.553044450212822891, 10.50999999999999091, -2.736966231231034552 ) ) ;
#1828 = DIRECTION ( 'NONE',  ( -0.9986117056600364306, -1.548879083594880591E-28, 0.05267505404603460561 ) ) ;
#1829 = DIRECTION ( 'NONE',  ( 1.000000000000000000, 0.000000000000000000, -0.000000000000000000 ) ) ;
#1830 = ORIENTED_EDGE ( 'NONE', *, *, #108, .T. ) ;
#1831 = DIRECTION ( 'NONE',  ( -0.000000000000000000, -1.000000000000000000, -0.000000000000000000 ) ) ;
#1832 = EDGE_CURVE ( 'NONE', #1765, #1812, #1023, .T. ) ;
#1833 = CARTESIAN_POINT ( 'NONE',  ( -13.37439034836756413, 10.50999999999999091, 24.33278622160655047 ) ) ;
#1834 = AXIS2_PLACEMENT_3D ( 'NONE', #408, #419, #1344 ) ;
#1835 = ORIENTED_EDGE ( 'NONE', *, *, #1939, .F. ) ;
#1836 = PLANE ( 'NONE',  #1474 ) ;
#1837 = ORIENTED_EDGE ( 'NONE', *, *, #1466, .T. ) ;
#1838 = EDGE_CURVE ( 'NONE', #1494, #1525, #1469, .T. ) ;
#1839 = EDGE_LOOP ( 'NONE', ( #1957, #1537, #1701, #1353 ) ) ;
#1840 = EDGE_CURVE ( 'NONE', #360, #365, #1924, .T. ) ;
#1841 =( NAMED_UNIT ( * ) PLANE_ANGLE_UNIT ( ) SI_UNIT ( $, .RADIAN. ) );
#1842 = CARTESIAN_POINT ( 'NONE',  ( -3.877618601534404963, 10.50999999999999091, 16.59988183214694857 ) ) ;
#1843 = ORIENTED_EDGE ( 'NONE', *, *, #1585, .F. ) ;
#1844 = LINE ( 'NONE', #625, #1483 ) ;
#1845 = DIRECTION ( 'NONE',  ( 0.000000000000000000, 0.000000000000000000, 1.000000000000000000 ) ) ;
#1846 = ORIENTED_EDGE ( 'NONE', *, *, #574, .F. ) ;
#1847 = AXIS2_PLACEMENT_3D ( 'NONE', #589, #407, #1944 ) ;
#1848 = EDGE_CURVE ( 'NONE', #1557, #1401, #1175, .T. ) ;
#1849 = VERTEX_POINT ( 'NONE', #1333 ) ;
#1850 = CARTESIAN_POINT ( 'NONE',  ( -1.500000000000000222, 9.499999999999998224, -2.201678149889266134 ) ) ;
#1851 = VECTOR ( 'NONE', #1172, 1000.000000000000000 ) ;
#1852 = ORIENTED_EDGE ( 'NONE', *, *, #1928, .F. ) ;
#1853 = ORIENTED_EDGE ( 'NONE', *, *, #205, .F. ) ;
#1854 = ADVANCED_FACE ( 'NONE', ( #1042 ), #748, .T. ) ;
#1855 = LINE ( 'NONE', #482, #1952 ) ;
#1856 = ORIENTED_EDGE ( 'NONE', *, *, #1190, .T. ) ;
#1857 = CARTESIAN_POINT ( 'NONE',  ( 15.84405090676714600, 26.50000000000000000, 13.67730034089338709 ) ) ;
#1858 = AXIS2_PLACEMENT_3D ( 'NONE', #1842, #178, #452 ) ;
#1859 = CARTESIAN_POINT ( 'NONE',  ( -2.999999999999999112, 9.499999999999998224, 15.53801126270789190 ) ) ;
#1860 = VERTEX_POINT ( 'NONE', #1012 ) ;
#1861 = CARTESIAN_POINT ( 'NONE',  ( -13.50043034469988434, 26.50000000000000000, 12.01317212208040530 ) ) ;
#1862 = ADVANCED_FACE ( 'NONE', ( #106 ), #1786, .F. ) ;
#1863 = DIRECTION ( 'NONE',  ( 0.000000000000000000, 0.000000000000000000, 1.000000000000000000 ) ) ;
#1864 = LINE ( 'NONE', #837, #686 ) ;
#1865 = LINE ( 'NONE', #151, #111 ) ;
#1866 = EDGE_CURVE ( 'NONE', #855, #1328, #1642, .T. ) ;
#1867 = LINE ( 'NONE', #21, #1182 ) ;
#1868 = VERTEX_POINT ( 'NONE', #1491 ) ;
#1869 = EDGE_LOOP ( 'NONE', ( #1103, #1082, #1511, #1054 ) ) ;
#1870 = ORIENTED_EDGE ( 'NONE', *, *, #1135, .T. ) ;
#1871 = EDGE_LOOP ( 'NONE', ( #1410, #756, #128, #762 ) ) ;
#1872 = CARTESIAN_POINT ( 'NONE',  ( 17.70476182858164549, 24.99999999999999645, 15.53801126270789190 ) ) ;
#1873 = VERTEX_POINT ( 'NONE', #1193 ) ;
#1874 = DIRECTION ( 'NONE',  ( 0.000000000000000000, 1.000000000000000000, 2.940873454663932011E-27 ) ) ;
#1875 = EDGE_CURVE ( 'NONE', #1155, #954, #582, .T. ) ;
#1876 = LINE ( 'NONE', #506, #1819 ) ;
#1877 = VERTEX_POINT ( 'NONE', #1650 ) ;
#1878 = ORIENTED_EDGE ( 'NONE', *, *, #253, .T. ) ;
#1879 = ORIENTED_EDGE ( 'NONE', *, *, #346, .T. ) ;
#1880 = DIRECTION ( 'NONE',  ( -0.000000000000000000, -1.000000000000000000, -0.000000000000000000 ) ) ;
#1881 = VECTOR ( 'NONE', #892, 1000.000000000000000 ) ;
#1882 = LINE ( 'NONE', #1872, #649 ) ;
#1883 = VECTOR ( 'NONE', #38, 1000.000000000000000 ) ;
#1884 = ORIENTED_EDGE ( 'NONE', *, *, #1866, .F. ) ;
#1885 = CARTESIAN_POINT ( 'NONE',  ( -8.743329047513924479, 9.499999999999998224, -6.021333691102118024 ) ) ;
#1886 = VECTOR ( 'NONE', #110, 1000.000000000000000 ) ;
#1887 = EDGE_CURVE ( 'NONE', #6, #166, #262, .T. ) ;
#1888 = CARTESIAN_POINT ( 'NONE',  ( -13.37439034813270311, 10.50999999999999091, 19.09402330380816437 ) ) ;
#1889 = DIRECTION ( 'NONE',  ( -0.000000000000000000, 1.000000000000000000, -0.000000000000000000 ) ) ;
#1890 = ADVANCED_FACE ( 'NONE', ( #1803 ), #1003, .T. ) ;
#1891 = LINE ( 'NONE', #526, #901 ) ;
#1892 = VERTEX_POINT ( 'NONE', #95 ) ;
#1893 = VECTOR ( 'NONE', #669, 1000.000000000000000 ) ;
#1894 = CARTESIAN_POINT ( 'NONE',  ( -8.743329047513924479, 26.50000000000000000, -6.021333691102118024 ) ) ;
#1895 = VERTEX_POINT ( 'NONE', #1308 ) ;
#1896 = LINE ( 'NONE', #1271, #1170 ) ;
#1897 = EDGE_CURVE ( 'NONE', #1307, #249, #1913, .T. ) ;
#1898 = DIRECTION ( 'NONE',  ( -0.06109926041442381717, -0.000000000000000000, 0.9981316949064438226 ) ) ;
#1899 = CARTESIAN_POINT ( 'NONE',  ( 8.374824250234464529, 26.50000000000000000, 13.67730034089338531 ) ) ;
#1900 = DIRECTION ( 'NONE',  ( -1.000000000000000000, 0.000000000000000000, 0.000000000000000000 ) ) ;
#1901 = ORIENTED_EDGE ( 'NONE', *, *, #220, .F. ) ;
#1902 = LINE ( 'NONE', #1156, #899 ) ;
#1903 = ORIENTED_EDGE ( 'NONE', *, *, #138, .F. ) ;
#1904 = CARTESIAN_POINT ( 'NONE',  ( 1.500000000000000222, 10.50999999999999091, -2.201678149889266134 ) ) ;
#1905 = CARTESIAN_POINT ( 'NONE',  ( 2.562233326377193254, 10.50999999999999091, -4.768333691650413542 ) ) ;
#1906 = EDGE_CURVE ( 'NONE', #1892, #1032, #1766, .T. ) ;
#1907 = CARTESIAN_POINT ( 'NONE',  ( -13.37439034845122521, 24.99999999999999645, 26.19897291411961859 ) ) ;
#1908 = LINE ( 'NONE', #544, #1693 ) ;
#1909 = CLOSED_SHELL ( 'NONE', ( #1793, #447, #1006, #1948, #1478, #571, #1769, #1167, #1351, #1862, #214, #1497, #913, #1154, #1053, #319, #1322, #1317, #1019, #1015, #431, #673, #1240, #410, #1171, #50, #947, #843, #726, #563, #453, #1226, #1357, #311, #125, #1514, #1890, #1596, #1854, #170, #1612, #233, #355, #246, #1099, #1161, #244, #373, #442, #549, #1092, #1185, #289, #1708, #1304, #199, #186, #465, #1038, #926, #1736 ) ) ;
#1910 = EDGE_LOOP ( 'NONE', ( #898, #184, #1275, #1544 ) ) ;
#1911 = UNCERTAINTY_MEASURE_WITH_UNIT (LENGTH_MEASURE( 1.000000000000000082E-05 ), #300, 'distance_accuracy_value', 'NONE');
#1912 = VECTOR ( 'NONE', #329, 1000.000000000000000 ) ;
#1913 = LINE ( 'NONE', #547, #998 ) ;
#1914 = CARTESIAN_POINT ( 'NONE',  ( 3.888410194209629189, 10.50999999999999091, 25.69803449973652931 ) ) ;
#1915 = VECTOR ( 'NONE', #279, 1000.000000000000000 ) ;
#1916 = EDGE_CURVE ( 'NONE', #1849, #680, #631, .T. ) ;
#1917 = LINE ( 'NONE', #552, #1730 ) ;
#1918 = VECTOR ( 'NONE', #296, 1000.000000000000000 ) ;
#1919 = ORIENTED_EDGE ( 'NONE', *, *, #1365, .T. ) ;
#1920 = CARTESIAN_POINT ( 'NONE',  ( -2.999999999999998224, 24.99999999999999645, 21.53801126270789368 ) ) ;
#1921 = CARTESIAN_POINT ( 'NONE',  ( 13.38518194069571443, 24.99999999999999645, 24.33278622262459123 ) ) ;
#1922 = EDGE_CURVE ( 'NONE', #820, #328, #4, .T. ) ;
#1923 = EDGE_LOOP ( 'NONE', ( #426, #1114, #448, #1669 ) ) ;
#1924 = LINE ( 'NONE', #241, #1881 ) ;
#1925 = VERTEX_POINT ( 'NONE', #799 ) ;
#1926 = FACE_BOUND ( 'NONE', #818, .T. ) ;
#1927 = DIRECTION ( 'NONE',  ( -2.168404344971008868E-17, -0.000000000000000000, -1.000000000000000000 ) ) ;
#1928 = EDGE_CURVE ( 'NONE', #1925, #1718, #1222, .T. ) ;
#1929 = DIRECTION ( 'NONE',  ( 0.000000000000000000, 0.000000000000000000, -1.000000000000000000 ) ) ;
#1930 = DIRECTION ( 'NONE',  ( 0.000000000000000000, 0.000000000000000000, 1.000000000000000000 ) ) ;
#1931 = ORIENTED_EDGE ( 'NONE', *, *, #959, .T. ) ;
#1932 = PRODUCT_DEFINITION_CONTEXT ( 'detailed design', #1663, 'design' ) ;
#1933 = CARTESIAN_POINT ( 'NONE',  ( -4.246373477178807754, 10.50999999999999091, 6.750748237078701308 ) ) ;
#1934 = ORIENTED_EDGE ( 'NONE', *, *, #1838, .T. ) ;
#1935 = DIRECTION ( 'NONE',  ( 0.000000000000000000, 1.000000000000000000, 2.940873454663932011E-27 ) ) ;
#1936 = AXIS2_PLACEMENT_3D ( 'NONE', #1768, #1778, #1955 ) ;
#1937 = ORIENTED_EDGE ( 'NONE', *, *, #307, .F. ) ;
#1938 = FACE_OUTER_BOUND ( 'NONE', #1770, .T. ) ;
#1939 = EDGE_CURVE ( 'NONE', #1797, #868, #1068, .T. ) ;
#1940 = DIRECTION ( 'NONE',  ( -0.000000000000000000, -1.000000000000000000, -0.000000000000000000 ) ) ;
#1941 = VERTEX_POINT ( 'NONE', #918 ) ;
#1942 = FACE_BOUND ( 'NONE', #150, .T. ) ;
#1943 = LINE ( 'NONE', #1340, #1756 ) ;
#1944 = DIRECTION ( 'NONE',  ( 0.7071067811865473507, 0.000000000000000000, -0.7071067811865476838 ) ) ;
#1945 = FACE_OUTER_BOUND ( 'NONE', #1777, .T. ) ;
#1946 = VECTOR ( 'NONE', #953, 1000.000000000000000 ) ;
#1947 = LINE ( 'NONE', #878, #1915 ) ;
#1948 = ADVANCED_FACE ( 'NONE', ( #1548 ), #302, .F. ) ;
#1949 = EDGE_LOOP ( 'NONE', ( #1332, #1597, #1158, #358 ) ) ;
#1950 = CARTESIAN_POINT ( 'NONE',  ( 14.21914622032904418, 9.499999999999998224, 20.06569260839445690 ) ) ;
#1951 = VERTEX_POINT ( 'NONE', #1368 ) ;
#1952 = VECTOR ( 'NONE', #1519, 1000.000000000000000 ) ;
#1953 = DIRECTION ( 'NONE',  ( 0.02639125895083412748, 2.939690163306099775E-27, -0.9996516900655897375 ) ) ;
#1954 = LINE ( 'NONE', #608, #540 ) ;
#1955 = DIRECTION ( 'NONE',  ( 0.000000000000000000, -0.000000000000000000, 1.000000000000000000 ) ) ;
#1956 = CARTESIAN_POINT ( 'NONE',  ( 1.226982282539574099E-10, 26.50000000000000000, -2.736966231116581660 ) ) ;
#1957 = ORIENTED_EDGE ( 'NONE', *, *, #395, .F. ) ;
#1958 = EDGE_CURVE ( 'NONE', #1619, #602, #598, .T. ) ;
#1959 = DIRECTION ( 'NONE',  ( 1.000000000000000000, 0.000000000000000000, -2.748605226541390308E-16 ) ) ;
#1960 = DIRECTION ( 'NONE',  ( 0.7071067811865465735, 0.000000000000000000, 0.7071067811865485719 ) ) ;
#1961 = EDGE_LOOP ( 'NONE', ( #1809, #1683, #86, #819 ) ) ;
#1962 = FACE_OUTER_BOUND ( 'NONE', #1408, .T. ) ;
#1963 = CARTESIAN_POINT ( 'NONE',  ( -13.37439034836756413, 24.99999999999999645, 24.33278622160655047 ) ) ;
ENDSEC;
END-ISO-10303-21;
